MCL_Timestamp,MCL_X,MCL_Y,Odom_Timestamp,Odom_X,Odom_Y
507.574,0.006686114657787343,0.009548038109903581,507.825,0.000441085105333964,1.1022918269613991e-08
507.674,0.006696731135949309,0.009548178736211672,507.925,0.00045029734338070305,1.1454629060029668e-08
507.674,0.006696731135949309,0.009548178736211672,508.025,0.00045950958163226636,1.1894568366586601e-08
507.874,0.0067137513097949965,0.009548039199641093,508.125,0.000468721820084872,1.2342736086190453e-08
507.974,0.006724367788181311,0.009548179860328071,508.225,0.0004779340587338496,1.2799132115689719e-08
507.974,0.006724367788181311,0.009548179860328071,508.325,0.0004871462975740624,1.3263756351896066e-08
508.174,0.00674151285684281,0.00954812654134825,508.425,0.0004963585366002187,1.3736608691601483e-08
508.274,0.00675200443444738,0.009548181058504707,508.525,0.000505570775806782,1.4217689031571675e-08
508.274,0.00675200443444738,0.009548181058504707,508.625,0.0005147830151884157,1.4706997268570318e-08
508.474,0.006768971256584382,0.00954799967955203,508.725,0.000523995254739739,1.5204533299346267e-08
508.574,0.006779701380997182,0.009548229718639762,508.825,0.0005332074944556612,1.5710297020651198e-08
508.574,0.006779701380997182,0.009548229718639762,508.925,0.0005424197343311547,1.6224288329229616e-08
508.774,0.006796732806636923,0.009548087167362032,509.025,0.0005516319743614838,1.6746507121831173e-08
508.874,0.0068073380325081164,0.00954823106512969,509.125,0.0005608442145421105,1.7276953295205317e-08
508.874,0.0068073380325081164,0.00954823106512969,509.225,0.0005700564548687656,1.781562674610774e-08
509.074,0.006824369463356038,0.009548088552528915,509.325,0.0005792686953373331,1.8362527371295786e-08
509.274,0.006838241136052389,0.009548131195695113,509.425,0.00058848093594392,1.8917655067530824e-08
509.274,0.006838241136052389,0.009548131195695113,509.525,0.0005976931766848991,1.9481009731582016e-08
509.374,0.006853399128299901,0.009548233473796044,509.625,0.000606905417556778,2.0052591260219446e-08
509.574,0.00687043055477326,0.00954809102569875,509.725,0.0006161176585563292,2.0632399550221774e-08
509.574,0.00687043055477326,0.00954809102569875,509.825,0.0006253298996803917,2.1220434498365632e-08
509.674,0.006881035782080781,0.00954823501771586,509.925,0.0006345421409260942,2.1816696001441457e-08
509.874,0.00689806720979862,0.009548092608326763,510.025,0.0006437543822906764,2.242118395624106e-08
509.874,0.00689806720979862,0.009548092608326763,510.125,0.0006529666237714665,2.3033898259556978e-08
509.974,0.006908688489556721,0.009548247367262607,510.225,0.0006621788653660584,2.365483880819352e-08
510.174,0.006925719921474932,0.009548104998715579,510.325,0.0006713911070720472,2.4284005498951335e-08
510.174,0.006925719921474932,0.009548104998715579,510.425,0.0006806033488872714,2.4921398228643408e-08
510.274,0.00693989233758395,0.009549417928994391,510.525,0.0006898155908095923,2.5567016894079965e-08
510.274,0.00693989233758395,0.009549417928994391,510.625,0.0006990278328370258,2.622086139207769e-08
510.474,0.0069557797879203995,0.009548972460608394,510.725,0.0007082400749677006,2.688293161945888e-08
510.574,0.006967653885064884,0.009549505865738278,510.825,0.0007174523171997874,2.755322747304613e-08
510.574,0.006967653885064884,0.009549505865738278,510.925,0.000726664559531614,2.8231748849670707e-08
510.774,0.006983416438044747,0.00954897426451888,511.025,0.0007358768019615532,2.8918495646163974e-08
510.874,0.006995290531685009,0.009549507703056197,511.125,0.0007450890444880413,2.9613467759359537e-08
510.874,0.006995290531685009,0.009549507703056197,511.225,0.0007543012871096508,3.031666508609992e-08
511.074,0.007012198058435254,0.009549279504151856,511.325,0.0007635135298249542,3.1028087523225966e-08
511.174,0.007022927182853418,0.009549509614414958,511.425,0.000772725772632677,3.174773496758635e-08
511.174,0.007022927182853418,0.009549509614414958,511.525,0.0007819380155314582,3.247560731602131e-08
511.374,0.007039834709647644,0.009549281454799307,511.625,0.0007911502585201578,3.3211704465385827e-08
511.474,0.007050563832605999,0.009549511599788911,511.725,0.0008003625015975907,3.3956026312530784e-08
511.474,0.007050563832605999,0.009549511599788911,511.825,0.0008095747447626857,3.470857275431497e-08
511.674,0.007067471353923454,0.009549283479515756,511.925,0.0008187869880143465,3.5469343687591884e-08
511.774,0.007078200480184588,0.009549513659189497,512.025,0.0008279992313516553,3.6238339009230524e-08
511.774,0.007078200480184588,0.009549513659189497,512.125,0.000837211474773561,3.701555861608822e-08
511.974,0.007095108014607412,0.009549285578237312,512.225,0.0008464237182791686,3.780100240503345e-08
512.074,0.007105833886388964,0.009549534708666372,512.325,0.0008556359618676045,3.859467027293541e-08
512.074,0.007105833886388964,0.009549534708666372,512.425,0.0008648482055380177,3.9396562116667113e-08
512.274,0.007122744668139672,0.009549287750966716,512.525,0.0008740604492895787,4.020667783310192e-08
512.474,0.007141165854204793,0.009549308160327938,512.625,0.0008832726931215714,4.102501731912102e-08
512.474,0.007141165854204793,0.009549308160327938,512.725,0.0008924849370331872,4.18515804715977e-08
512.574,0.0071698489619294705,0.009520626666889225,512.825,0.0009016971810237531,4.268636718741559e-08
512.574,0.0071698489619294705,0.009520626666889225,512.925,0.0009109094250925738,4.352937736345699e-08
512.774,0.007168802518799746,0.009549310456563168,513.025,0.0009201216692389978,4.438061089660801e-08
512.874,0.0071974856171537855,0.009520628704834489,513.125,0.0009293339134623523,4.524006768375137e-08
512.874,0.0071974856171537855,0.009520628704834489,513.225,0.0009385461577620737,4.610774762178123e-08
513.074,0.00721440617321375,0.009520394227329183,513.325,0.0009477584021375777,4.698365060758921e-08
513.174,0.00722723517163301,0.009521231973905801,513.425,0.0009569706465882575,4.78677765380635e-08
513.174,0.00722723517163301,0.009521231973905801,513.525,0.0009661828911135952,4.876012531010166e-08
513.374,0.007243163460619135,0.009520291490700597,513.625,0.000975395135713073,4.966069682060056e-08
513.474,0.007253495593827377,0.009520960073008265,513.725,0.000984607380386194,5.0569490966460277e-08
513.474,0.007253495593827377,0.009520960073008265,513.825,0.0009938196251324427,5.148650764457783e-08
513.674,0.007270800119444176,0.00952029371886409,513.925,0.0010030318699514099,5.2411746751862454e-08
513.774,0.007284784421686611,0.009520193485276057,514.025,0.0010122441148425795,5.334520818521247e-08
513.774,0.007284784421686611,0.009520193485276057,514.125,0.001021456359805543,5.428689184153719e-08
513.974,0.007299429806167307,0.009521002152613275,514.225,0.0010306686048398906,5.523679761774505e-08
513.974,0.007299429806167307,0.009521002152613275,514.325,0.0010398808499452422,5.619492541074888e-08
514.074,0.007312421079531158,0.009520195791481873,514.425,0.001049093095121144,5.7161275117453244e-08
514.274,0.007330845518345477,0.009520197370034155,514.525,0.0010583053403673012,5.813584663477922e-08
514.274,0.007330845518345477,0.009520197370034155,514.625,0.0010675175856832834,5.911863985963576e-08
514.474,0.007344556987170511,0.009521290180315303,514.725,0.0010767298310687945,6.010965468894637e-08
514.574,0.007358383931459468,0.00952048498269168,514.825,0.0010859420765234073,6.11088910196213e-08
514.574,0.007358383931459468,0.00952048498269168,514.925,0.0010951543220468676,6.211634874858926e-08
514.774,0.007372269268697323,0.009521344731296812,515.025,0.0011043665676388143,6.313202777276882e-08
514.874,0.007386020593762274,0.009520487482787353,515.125,0.0011135788132989738,6.415592798908712e-08
514.874,0.007386020593762274,0.009520487482787353,515.225,0.0011227910590270492,6.51880492944697e-08
515.074,0.007403115676792147,0.009520020053571098,515.325,0.0011320033048227464,6.62283915858424e-08
515.174,0.0074136572599071545,0.009520490056856455,515.425,0.0011412155506857452,6.727695476013054e-08
515.174,0.0074136572599071545,0.009520490056856455,515.525,0.0011504277966158157,6.833373871426912e-08
515.374,0.0074306541136783645,0.009520307899279767,515.625,0.0011596400426126857,6.93987433451886e-08
515.374,0.0074306541136783645,0.009520307899279767,515.725,0.001168852288676081,7.047196854982014e-08
515.474,0.0074415405087722205,0.009519706898150076,515.825,0.001178064534805795,7.155341422510258e-08
515.674,0.0074630686255146555,0.009519470242828676,515.925,0.0011872767810015528,7.264308026796919e-08
515.674,0.0074630686255146555,0.009519470242828676,516.025,0.0011964890272631262,7.374096657535893e-08
515.874,0.007476715222482677,0.009520312417281965,516.125,0.0012057012735903077,7.484707304421399e-08
515.974,0.0074907809267176564,0.009519525056418043,516.225,0.0012149135199828903,7.5961399571477e-08
515.974,0.0074907809267176564,0.009519525056418043,516.325,0.0012241257664405984,7.708394605408422e-08
516.174,0.007507005909754957,0.009519681470882538,516.425,0.0012333380129632941,7.821471238898668e-08
516.274,0.007518941252400804,0.009519728143622551,516.525,0.0012425502595507468,7.935369847312676e-08
516.274,0.007518941252400804,0.009519728143622551,516.625,0.0012517625062027267,8.050090420344744e-08
516.474,0.007536010735804699,0.009519931072851597,516.725,0.0012609747529191153,8.165632947690648e-08
516.574,0.00755548715622997,0.009520091087518468,516.825,0.0012701869996996403,8.28199741904441e-08
516.574,0.00755548715622997,0.009520091087518468,516.925,0.0012793992465441838,8.399183824102024e-08
516.774,0.0075665067712547334,0.009519624811174644,517.025,0.001288611493452559,8.517192152558739e-08
516.874,0.007579893528215609,0.009520197239885288,517.125,0.0012978237404245568,8.636022394109504e-08
516.874,0.007579893528215609,0.009520197239885288,517.225,0.0013070359874601063,8.755674538451112e-08
517.074,0.007598620556973293,0.009519722245636741,517.325,0.0013162482345589568,8.876148575278225e-08
517.174,0.007610760493783114,0.00952009708737012,517.425,0.0013254604817210095,8.997444494287652e-08
517.174,0.007610760493783114,0.00952009708737012,517.525,0.0013346727289460813,9.119562285174977e-08
517.374,0.007626322388026132,0.009519680161385328,517.625,0.0013438849762340084,9.242501937636072e-08
517.474,0.007638397164109248,0.009520100198284089,517.725,0.0013530972235846735,9.366263441367783e-08
517.474,0.007638397164109248,0.009520100198284089,517.825,0.0013623094709979357,9.49084678606674e-08
517.674,0.007653959067039763,0.009519683299733047,517.925,0.0013715217184736544,9.616251961429561e-08
517.874,0.007668282079309129,0.009519870013582824,518.025,0.0013807339660116657,9.742478957152634e-08
517.874,0.007668282079309129,0.009519870013582824,518.125,0.0013899462136118517,9.86952776293304e-08
517.974,0.007686201848559272,0.009519687054476244,518.225,0.001399158461274118,9.99739836846821e-08
517.974,0.007686201848559272,0.009519687054476244,518.325,0.001408370708998301,1.0126090763454784e-07
518.174,0.007700020180946733,0.009519688694613426,518.425,0.0014175829567843032,1.0255604937590426e-07
518.274,0.0077138385204338295,0.009519690353045252,518.525,0.0014267952046319848,1.0385940880572233e-07
518.274,0.0077138385204338295,0.009519690353045252,518.625,0.001436007452541251,1.0517098582098141e-07
518.474,0.007727656855285354,0.00951969203016925,518.725,0.0014452197005119605,1.0649078031865699e-07
518.574,0.0077414751931578485,0.009519693725586927,518.825,0.0014544319485440388,1.0781879219573253e-07
518.574,0.0077414751931578485,0.009519693725586927,518.925,0.001463644196637367,1.091550213491864e-07
518.774,0.007755294889465974,0.009519691895805387,519.025,0.0014728564447918273,1.1049946767600065e-07
518.874,0.007766006170862809,0.00951992938784988,519.125,0.0014820686930073687,1.1185213107316677e-07
518.874,0.007766006170862809,0.00951992938784988,519.225,0.0014912809412838055,1.1321301143765675e-07
519.074,0.007782931567743905,0.009519695379272284,519.325,0.0015004931896211084,1.1458210866646661e-07
519.174,0.007796749907037353,0.00951969714866915,519.425,0.0015097054380191375,1.1595942265657696e-07
519.174,0.007796749907037353,0.00951969714866915,519.525,0.0015189176864778182,1.1734495330497941e-07
519.374,0.007810568239997847,0.009519698936709689,519.625,0.001528129934997054,1.1873870050866423e-07
519.474,0.007824386582118639,0.00951970074307726,519.725,0.0015373421835767282,1.201406641646184e-07
519.474,0.007824386582118639,0.00951970074307726,519.825,0.0015465544322168332,1.2155084416984606e-07
519.674,0.007838204911747006,0.009519702568131625,519.925,0.0015557666809172044,1.2296924042132906e-07
519.674,0.007838204911747006,0.009519702568131625,520.025,0.0015649789296777901,1.243958528160692e-07
519.874,0.007856629352245808,0.009519705030102238,520.125,0.0015741911784984948,1.258306812510618e-07
519.974,0.007867340631411207,0.009519942649477569,520.225,0.0015834034273792,1.2727372562329837e-07
519.974,0.007867340631411207,0.009519942649477569,520.325,0.0015926156763199234,1.287249858297939e-07
520.174,0.007884266032155106,0.009519708784738722,520.425,0.0016018279253204996,1.301844617675362e-07
520.274,0.007903412312886576,0.009518387502470698,520.525,0.0016110401743808984,1.316521533335356e-07
520.274,0.007903412312886576,0.009518387502470698,520.625,0.001620252423501048,1.3312806042479648e-07
520.474,0.007911902709035466,0.009519712613304365,520.725,0.0016294646726808274,1.3461218293831593e-07
520.574,0.007927941901058893,0.009518627267920372,520.825,0.0016386769219201868,1.3610452077110417e-07
520.574,0.007927941901058893,0.009518627267920372,520.925,0.0016478891712190741,1.3760507382017154e-07
520.774,0.007939539394679847,0.009519716515822887,521.025,0.001657101420577416,1.3911384198252613e-07
520.874,0.007958685675317548,0.009518395247019138,521.125,0.0016663136699951377,1.4063082515517923e-07
520.874,0.007958685675317548,0.009518395247019138,521.225,0.0016755259194721646,1.4215602323514127e-07
521.074,0.007972504008523475,0.009518397229449827,521.325,0.0016847381690084692,1.436894361194305e-07
521.174,0.007986322342522018,0.009518399230190861,521.425,0.0016939504186039536,1.452310637050558e-07
521.174,0.007986322342522018,0.009518399230190861,521.525,0.0017031626682585677,1.4678090588903384e-07
521.374,0.008004746799762034,0.009518401926694805,521.625,0.0017123749179722358,1.483389625683811e-07
521.574,0.008021538332745534,0.009516631932291948,521.725,0.0017215871677449066,1.4990523364011698e-07
521.574,0.008021538332745534,0.009516631932291948,521.825,0.0017307994175765305,1.5147971900126244e-07
521.674,0.008032383478819752,0.009518406033117661,521.925,0.0017400116674670095,1.5306241854883297e-07
521.874,0.008046201814944047,0.009518408114139737,522.025,0.0017492239174163801,1.546533321798675e-07
521.874,0.008046201814944047,0.009518408114139737,522.125,0.001758436167424459,1.562524597913668e-07
521.974,0.008060020155044546,0.009518410213458794,522.225,0.0017676484174913045,1.5785980128037617e-07
521.974,0.008060020155044546,0.009518410213458794,522.325,0.0017768606676167981,1.5947535654391166e-07
522.174,0.008077119750567345,0.00951683244949321,522.425,0.0017860729178008873,1.6109912547900238e-07
522.274,0.00808765683643448,0.009518414467707811,522.525,0.001795285168043523,1.6273110798267738e-07
522.274,0.00808765683643448,0.009518414467707811,522.625,0.0018044974183446746,1.6437130395197175e-07
522.474,0.008104756435323178,0.009516836738707563,522.725,0.0018137096687042894,1.6601971328391678e-07
522.574,0.00811529352140026,0.009518418795863952,522.825,0.0018229219191223168,1.6767633587554481e-07
522.574,0.00811529352140026,0.009518418795863952,522.925,0.0018321341695986821,1.6934117162388537e-07
522.774,0.008132393120636515,0.009516841101837143,523.025,0.001841346420133379,1.7101422042598253e-07
522.874,0.008142930207758262,0.009518423197948276,523.125,0.0018505586707263538,1.72695482178872e-07
522.874,0.008142930207758262,0.009518423197948276,523.225,0.0018597709213775348,1.743849567795867e-07
523.074,0.008160029801763702,0.009516845538867431,523.325,0.0018689831720868904,1.760826441251691e-07
523.174,0.00817390340593337,0.009516874725477617,523.425,0.0018781954228543711,1.7778854411266009e-07
523.174,0.00817390340593337,0.009516874725477617,523.525,0.0018874076736799463,1.7950265663910397e-07
523.374,0.008188291918038567,0.009517016906333397,523.625,0.0018966199245635436,1.8122498160153934e-07
523.474,0.008201540083105018,0.009516879266988004,523.725,0.0019058321755051528,1.829555188970186e-07
523.474,0.008201540083105018,0.009516879266988004,523.825,0.001915044426504701,1.8469426842258094e-07
523.674,0.008215928597104663,0.009517021491094015,523.925,0.0019242566775621148,1.8644123007526664e-07
523.774,0.008228868720518796,0.009516691756968582,524.025,0.0019334689286774535,1.8819640375214446e-07
523.774,0.008228868720518796,0.009516691756968582,524.125,0.0019426811798505755,1.8995978935024547e-07
523.974,0.008243565281747762,0.009517026149752453,524.225,0.0019518934310814979,1.9173138676663105e-07
524.074,0.008260579627276958,0.009516625431054408,524.325,0.001961105682370191,1.9351119589835667e-07
524.074,0.008260579627276958,0.009516625431054408,524.425,0.0019703179337165985,1.9529921664247568e-07
524.274,0.00827496847774619,0.009516767778157543,524.525,0.0019795301851206525,1.97095448896038e-07
524.474,0.008293392944167512,0.009516770986711241,524.625,0.001988742436582343,1.9889989255610595e-07
524.474,0.008293392944167512,0.009516770986711241,524.725,0.001997954688101665,2.0071254751974368e-07
524.574,0.00830741091914198,0.009516842881025275,524.825,0.002007166939678518,2.0253341368399792e-07
524.574,0.00830741091914198,0.009516842881025275,524.925,0.0020163791913129186,2.0436249094594116e-07
524.774,0.008322459738049915,0.009517481022333593,525.025,0.0020255914430047954,2.0619977920262738e-07
524.874,0.008335707468994303,0.009517343467291203,525.125,0.002034803694754117,2.0804527835112074e-07
524.874,0.008335707468994303,0.009517343467291203,525.225,0.002044015946560898,2.0989898828849611e-07
525.074,0.008350096417719964,0.009517485970994489,525.325,0.0020532281984250206,2.1176090891180277e-07
525.174,0.008363914758038674,0.009517488472928382,525.425,0.002062440450346498,2.1363104011811771e-07
525.174,0.008363914758038674,0.009517488472928382,525.525,0.0020716527023253006,2.1550938180450846e-07
525.374,0.008377733101331334,0.009517490993532494,525.625,0.0020808649543614033,2.1739593386804735e-07
525.474,0.008390350596851386,0.009518000310042813,525.725,0.002090077206454729,2.192906962057968e-07
525.474,0.008390350596851386,0.009518000310042813,525.825,0.002099289458605317,2.2119366871484237e-07
525.674,0.008405369783628495,0.00951749608996557,525.925,0.0021085017108130903,2.231048512922492e-07
525.774,0.008418506563373075,0.009518283661365989,526.025,0.0021177139630779982,2.2502424383508806e-07
525.774,0.008418506563373075,0.009518283661365989,526.125,0.0021269262154000788,2.2695184624044984e-07
525.974,0.008432940643043561,0.00951847710478311,526.225,0.0021361384677792117,2.2888765840539276e-07
526.074,0.00844599689640903,0.00951875332477454,526.325,0.0021453507202154583,2.308316802270152e-07
526.074,0.00844599689640903,0.00951875332477454,526.425,0.0021545629727087005,2.3278391160237965e-07
526.274,0.008460333055040353,0.009518483128963381,526.525,0.0021637752252589948,2.347443524285871e-07
526.274,0.008460333055040353,0.009518483128963381,526.625,0.002172987477866224,2.3671300260270107e-07
526.474,0.00847946475186653,0.00951949439040882,526.725,0.0021821997305304275,2.386898620218185e-07
526.574,0.008492058035101897,0.009518762143956819,526.825,0.002191411983251553,2.4067493058301965e-07
526.574,0.008492058035101897,0.009518762143956819,526.925,0.002200624236029592,2.426682081833965e-07
526.774,0.008508268146452159,0.009519085127669788,527.025,0.0022098364888644712,2.446696947200263e-07
526.874,0.008521621023332105,0.009518348727345152,527.125,0.0022190487417562063,2.4667939009000794e-07
526.874,0.008521621023332105,0.009518348727345152,527.225,0.0022282609947047653,2.486972941904306e-07
527.074,0.008535904834052137,0.009519090558035102,527.325,0.0022374732477101187,2.5072340691838603e-07
527.174,0.008549257709056634,0.009518354185579838,527.425,0.0022466855007722223,2.5275772817096054e-07
527.174,0.008549257709056634,0.009518354185579838,527.525,0.002255897753891059,2.5480025784525186e-07
527.374,0.008563541519375809,0.00951909606225733,527.625,0.002265110007066603,2.5685099583835423e-07
527.474,0.008577465177462756,0.009518499859953481,527.725,0.002274322260298845,2.589099420473694e-07
527.474,0.008577465177462756,0.009518499859953481,527.825,0.0022835345135877373,2.6097709636939e-07
527.674,0.00859208730233619,0.00951856511361588,527.925,0.002292746766933246,2.630524587015163e-07
527.874,0.008610511769381395,0.009518568866879466,528.025,0.00230195902033539,2.6513602894085995e-07
527.874,0.008610511769381395,0.009518568866879466,528.125,0.0023111712737941157,2.6722780698451537e-07
527.974,0.008623793881328431,0.00951834694018985,528.225,0.002320383527309396,2.6932779272958413e-07
527.974,0.008623793881328431,0.00951834694018985,528.325,0.0023295957808812176,2.714359860731759e-07
528.174,0.008638148453114863,0.00951857455836142,528.425,0.0023388080345095592,2.735523869123958e-07
528.274,0.008651430565040464,0.009518352675954151,528.525,0.002348020288194364,2.7567699514434405e-07
528.274,0.008651430565040464,0.009518352675954151,528.625,0.0023572325419356464,2.778098106661387e-07
528.474,0.008665785144429481,0.009518580323740575,528.725,0.002366444795733358,2.7995083337488235e-07
528.474,0.008665785144429481,0.009518580323740575,528.825,0.002375657049587489,2.821000631676894e-07
528.674,0.008684232834335294,0.009518422668766924,528.925,0.002384869303498011,2.842574999416706e-07
528.774,0.008698051178683072,0.009518425603608242,529.025,0.0023940815574649372,2.8642314359394846e-07
528.774,0.008698051178683072,0.009518425603608242,529.125,0.002403293811488196,2.8859699402162716e-07
528.974,0.008711869524044687,0.009518428557100255,529.225,0.002412506065567802,2.907790511218308e-07
529.074,0.00872568786939101,0.00951843152884131,529.325,0.0024217183197037034,2.929693147916711e-07
529.074,0.00872568786939101,0.00951843152884131,529.425,0.00243093057389589,2.9516778492827095e-07
529.274,0.008739506210463622,0.009518434519241089,529.525,0.002440142828144336,2.973744614287482e-07
529.374,0.008754086891248208,0.00951856269853215,529.625,0.0024493550824490557,2.99589344190233e-07
529.374,0.008754086891248208,0.00951856269853215,529.725,0.0024585673368099715,3.018124331098358e-07
529.574,0.00876818596145077,0.009518895029489976,529.825,0.002467779591227103,3.040437280846879e-07
529.674,0.008782004312231693,0.009518898074082047,529.925,0.00247699184570042,3.062832290119118e-07
529.674,0.008782004312231693,0.009518898074082047,530.025,0.0024862041002298896,3.0853093578863233e-07
529.874,0.008795822661125332,0.00951890113730695,530.125,0.002495416354815487,3.10786848311976e-07
529.974,0.008809230787167627,0.00951878862555913,530.225,0.002504628609457223,3.130509664790804e-07
529.974,0.008809230787167627,0.00951878862555913,530.325,0.002513840864155048,3.153232901870686e-07
530.174,0.0088242264152297,0.009518796457549659,530.425,0.002523053118908978,3.176038193330804e-07
530.374,0.008838044760424138,0.00951879957683375,530.525,0.002532265373718958,3.198925538142407e-07
530.374,0.008838044760424138,0.00951879957683375,530.625,0.002541477628584961,3.2218949352767984e-07
530.474,0.008855610044018303,0.009519172457631819,530.725,0.0025506898835069795,3.2449463837053753e-07
530.674,0.008870287569507545,0.009518806926668257,530.825,0.0025599021384850283,3.2680798823995936e-07
530.674,0.008870287569507545,0.009518806926668257,530.925,0.002569114393519056,3.291295430330749e-07
530.774,0.008883246736319229,0.009519178794622442,531.025,0.0025783266486090546,3.3145930264702574e-07
530.774,0.008883246736319229,0.009519178794622442,531.125,0.002587538903754994,3.337972669789524e-07
530.974,0.008897832152354615,0.009519071140971032,531.225,0.002596751158956892,3.3614343592600533e-07
531.074,0.00891090498901614,0.00951925472930707,531.325,0.002605963414214691,3.3849780938531975e-07
531.074,0.00891090498901614,0.00951925472930707,531.425,0.0026151756695283446,3.4086038725403135e-07
531.274,0.008925468847227613,0.009519077590046438,531.525,0.0026243879248979115,3.432311694293055e-07
531.374,0.008939308762421641,0.009519150367642703,531.625,0.0026336001803232948,3.456101558082695e-07
531.374,0.008939308762421641,0.009519150367642703,531.725,0.0026428124358045574,3.47997346288092e-07
531.574,0.00895310554612283,0.00951908411300076,531.825,0.0026520246913416196,3.503927407659088e-07
531.674,0.008967582643607393,0.009517779381650852,531.925,0.002661236946934498,3.527963391388796e-07
531.674,0.008967582643607393,0.009517779381650852,532.025,0.0026704492025831405,3.552081413041474e-07
531.874,0.008980763795431888,0.009519160234104604,532.125,0.0026796614582875414,3.576281471588701e-07
531.974,0.008995219340514192,0.009517786005183613,532.225,0.002688873714047715,3.6005635660021096e-07
531.974,0.008995219340514192,0.009517786005183613,532.325,0.00269808596986361,3.624927695253155e-07
532.174,0.00900840049513572,0.009519166903981777,532.425,0.002707298225735198,3.649373858313398e-07
532.274,0.00902285603906245,0.009517792702551623,532.525,0.0027165104816625324,3.6739020541546274e-07
532.274,0.00902285603906245,0.009517792702551623,532.625,0.002725722737645522,3.6985122817482294e-07
532.474,0.009036037193792337,0.009519173647700807,532.725,0.0027349349936841606,3.723204540065844e-07
532.674,0.00905509884452533,0.009517800609527807,532.825,0.0027441472497784832,3.7479788280792257e-07
532.674,0.00905509884452533,0.009517800609527807,532.925,0.00275335950592844,3.772835144759928e-07
532.774,0.009068917200269776,0.009517804028863033,533.025,0.002762571762134002,3.797773489079566e-07
532.774,0.009068917200269776,0.009517804028863033,533.125,0.002771784018395161,3.8227938600098383e-07
532.974,0.009082735540727246,0.009517807466865811,533.225,0.002780996274711905,3.847896256522444e-07
533.074,0.009096553893159857,0.00951781092311095,533.325,0.00279020853108421,3.873080677589037e-07
533.074,0.009096553893159857,0.00951781092311095,533.425,0.002799420787512045,3.898347122181277e-07
533.274,0.009110678783667857,0.009517936287074286,533.525,0.002808633043995447,3.9236955892710053e-07
533.374,0.009124749342398646,0.009518039791260055,533.625,0.0028178453005343646,3.949126077829849e-07
533.374,0.009124749342398646,0.009518039791260055,533.725,0.002827057557128769,3.974638586829507e-07
533.574,0.009138315479840323,0.00951794329271441,533.825,0.002836269813778652,4.000233115241754e-07
533.674,0.009151405110413898,0.009518759765968107,533.925,0.002845482070484006,4.025909662038397e-07
533.674,0.009151405110413898,0.009518759765968107,534.025,0.0028546943272448238,4.0516682261912437e-07
533.874,0.009165952177812723,0.009517950372146386,534.125,0.002863906584061075,4.0775088066720483e-07
533.974,0.009179041804102435,0.009518766876781725,534.225,0.002873118840932755,4.103431402452629e-07
533.974,0.009179041804102435,0.009518766876781725,534.325,0.002882331097859854,4.1294360125048207e-07
534.174,0.009192860157441588,0.009518770460002969,534.425,0.0028915433548423685,4.155522635800478e-07
534.274,0.009206678509926975,0.009518774061442295,534.525,0.0029007556118802427,4.181691271311344e-07
534.274,0.009206678509926975,0.009518774061442295,534.625,0.002909967868973469,4.207941918009297e-07
534.474,0.009220496851588076,0.009518777681560142,534.725,0.0029191801261220884,4.2342745748663495e-07
534.674,0.009238921315304639,0.009518782536916976,534.825,0.0029283923833260043,4.2606892408541477e-07
534.674,0.009238921315304639,0.009518782536916976,534.925,0.002937604640585273,4.287185914944811e-07
534.774,0.009252739668653984,0.009518786199870672,535.025,0.002946816897899844,4.3137645961101395e-07
534.774,0.009252739668653984,0.009518786199870672,535.125,0.0029560291552696875,4.3404252833219976e-07
534.974,0.009266863842672198,0.009518946936886466,535.225,0.002965241412694797,4.367167975552334e-07
535.074,0.009280682199593694,0.009518950636791213,535.325,0.0029744536701751885,4.39399267177318e-07
535.074,0.009280682199593694,0.009518950636791213,535.425,0.00298366592771083,4.4208993709564494e-07
535.274,0.00929450054684636,0.009518954355341678,535.525,0.0029928781853017406,4.447888072074193e-07
535.374,0.009307015393165738,0.009520730972474025,535.625,0.0030020904429478206,4.474958774098162e-07
535.374,0.009307015393165738,0.009520730972474025,535.725,0.003011302700649129,4.5021114760005866e-07
535.574,0.009323353773269651,0.009519958664684552,535.825,0.0030205149584056363,4.529346176753429e-07
535.674,0.009334652089863383,0.009520738500559713,535.925,0.0030297272162173377,4.5566628753287264e-07
535.674,0.009334652089863383,0.009520738500559713,536.025,0.0030389394740841353,4.584061570698264e-07
535.874,0.00934847044468886,0.009520742292380075,536.125,0.003048151732006133,4.611542261834442e-07
535.974,0.00936228879704953,0.009520746102448933,536.225,0.0030573639899832803,4.6391049477092176e-07
535.974,0.00936228879704953,0.009520746102448933,536.325,0.0030665762480155045,4.6667496272944745e-07
536.174,0.009377323698990109,0.009521746970514505,536.425,0.0030757885061028617,4.694476299562524e-07
536.274,0.0093899255038965,0.00952075377813387,536.525,0.0030850007642452995,4.722284963485359e-07
536.274,0.0093899255038965,0.00952075377813387,536.625,0.0030942130224428164,4.75017561803511e-07
536.474,0.009403743851125884,0.009520757643732957,536.725,0.003103425280695441,4.77814826218404e-07
536.674,0.0094187787515625,0.009521758567976879,536.825,0.003112637539003064,4.806202894903961e-07
536.674,0.0094187787515625,0.009521758567976879,536.925,0.00312184979736576,4.834339515167312e-07
536.774,0.00943602572003591,0.009520782280845826,537.025,0.0031310620557835,4.862558121946208e-07
536.774,0.00943602572003591,0.009520782280845826,537.125,0.0031402743142562384,4.890858714212687e-07
536.974,0.009451021569387649,0.009521767702854178,537.225,0.00314948657278394,4.919241290938897e-07
537.074,0.009463662424078837,0.00952079015317164,537.325,0.003158698831366689,4.947705851097342e-07
537.074,0.009463662424078837,0.00952079015317164,537.425,0.0031679110900043883,4.976252393659966e-07
537.274,0.009478658276125002,0.009521775612758802,537.525,0.0031771233486970534,5.004880917599068e-07
537.374,0.009491228930471182,0.009520973031169173,537.625,0.003186335607444655,5.033591421886848e-07
537.374,0.009491228930471182,0.009520973031169173,537.725,0.003195547866247187,5.062383905495581e-07
537.574,0.00950627196013168,0.009521826543564075,537.825,0.003204760125104639,5.091258367397565e-07
537.674,0.009520059173682425,0.009522021067646852,537.925,0.003213972384017004,5.120214806565088e-07
537.674,0.009520059173682425,0.009522021067646852,538.025,0.0032231846429842566,5.14925322197038e-07
537.874,0.00953502481046749,0.009522732902244887,538.125,0.0032323969020063843,5.178373612585774e-07
537.874,0.00953502481046749,0.009522732902244887,538.225,0.0032416091610834286,5.207575977383731e-07
537.974,0.009547696028374216,0.009522029281328502,538.325,0.0032508214202152906,5.236860315336328e-07
538.174,0.009567197459258391,0.009522917374080543,538.425,0.0032600336794020067,5.266226625416045e-07
538.174,0.009567197459258391,0.009522917374080543,538.525,0.0032692459386435484,5.29567490659519e-07
538.374,0.00958101581120087,0.009522921473509494,538.625,0.0032784581979399523,5.325205157846299e-07
538.474,0.009594834169161624,0.00952292559164156,538.725,0.0032876704572911268,5.354817378141463e-07
538.474,0.009594834169161624,0.00952292559164156,538.825,0.003296882716697105,5.384511566453246e-07
538.674,0.009608652517949793,0.009522929727544462,538.925,0.0033060949761578805,5.414287721754078e-07
538.774,0.0096224708709176,0.009522933882555944,539.025,0.003315307235673401,5.444145843016248e-07
538.774,0.0096224708709176,0.009522933882555944,539.125,0.0033245194952437043,5.474085929212324e-07
538.974,0.009636289223534248,0.009522938055759,539.225,0.0033337317548687404,5.504107979314623e-07
539.074,0.00965010572779543,0.009522937469482263,539.325,0.00334294401454852,5.534211992295707e-07
539.074,0.00965010572779543,0.009522937469482263,539.425,0.0033521562742830162,5.56439796712799e-07
539.274,0.009663925930698909,0.009522946457315183,539.525,0.0033613685340722456,5.594665902784054e-07
539.374,0.009677742440036306,0.009522945907935778,539.625,0.003370580793916131,5.625015798236175e-07
539.374,0.009677742440036306,0.009522945907935778,539.725,0.003379793053814734,5.655447652457117e-07
539.574,0.009691562644398266,0.00952295493263649,539.825,0.003389005313768005,5.68596146441926e-07
539.674,0.0097053791528304,0.009522954420164965,539.925,0.003398217573775932,5.716557233095122e-07
539.674,0.0097053791528304,0.009522954420164965,540.025,0.003407429833838488,5.747234957457213e-07
539.874,0.00971925687591366,0.009523059576792498,540.125,0.003416642093955709,5.777994636478248e-07
539.874,0.00971925687591366,0.009523059576792498,540.225,0.0034258543541275206,5.808836269130609e-07
540.074,0.009737619757420359,0.009523028565274474,540.325,0.003435066614353985,5.839759854387103e-07
540.174,0.009751152571300825,0.009522904345986703,540.425,0.003444278874635026,5.870765391220117e-07
540.174,0.009751152571300825,0.009522904345986703,540.525,0.003453491134970682,5.901852878602412e-07
540.374,0.009765319010830522,0.009523156928861853,540.625,0.0034627033953609013,5.933022315506475e-07
540.474,0.009778789286101708,0.009522913054159044,540.725,0.0034719156558056536,5.964273700904876e-07
540.474,0.009778789286101708,0.009522913054159044,540.825,0.003481127916304976,5.995607033770442e-07
540.674,0.009792955723141053,0.009523165675372616,540.925,0.003490340176858838,6.027022313075757e-07
540.874,0.00981138018613746,0.009523171547378048,541.025,0.0034995524374672356,6.058519537793505e-07
540.874,0.00981138018613746,0.009523171547378048,541.125,0.003508764698130158,6.090098706896395e-07
540.974,0.00982485045837076,0.009522927731670221,541.225,0.003517976958847579,6.121759819357047e-07
540.974,0.00982485045837076,0.009522927731670221,541.325,0.00352718921961949,6.153502874148177e-07
541.174,0.009838728177860861,0.009523033049283912,541.425,0.0035364014804458842,6.185327870242521e-07
541.274,0.009852546533394724,0.009523037511132933,541.525,0.0035456137413267283,6.217234806612762e-07
541.274,0.009852546533394724,0.009523037511132933,541.625,0.0035548260022620673,6.249223682231844e-07
541.474,0.009868028840374205,0.00952378957189391,541.725,0.0035640382632518433,6.2812944960724e-07
541.574,0.009881847198134971,0.009523794070538088,541.825,0.0035732505242960714,6.313447247107299e-07
541.574,0.009881847198134971,0.009523794070538088,541.925,0.0035824627853947473,6.345681934309335e-07
541.774,0.009895665559155125,0.009523798587821694,542.025,0.0035916750465477955,6.377998556651071e-07
541.874,0.00990948391988576,0.009523803123336253,542.125,0.003600887307755252,6.410397113105477e-07
541.874,0.00990948391988576,0.009523803123336253,542.225,0.0036100995690171124,6.442877602645416e-07
542.074,0.009923542560475285,0.009523961811041206,542.325,0.0036193118303333672,6.475440024243737e-07
542.174,0.009914163038465859,0.00949834280230449,542.425,0.003628524091703986,6.508084376873204e-07
542.174,0.009914163038465859,0.00949834280230449,542.525,0.003637736353128941,6.540810659506626e-07
542.374,0.009951179269968989,0.009523970974541374,542.625,0.0036469486146082715,6.573618871117053e-07
542.474,0.009941799748424913,0.00949835180971931,542.725,0.003656160876141927,6.606509010677215e-07
542.474,0.009941799748424913,0.00949835180971931,542.825,0.0036653731377299186,6.639481077160114e-07
542.674,0.009961349730517296,0.00949600072925512,542.925,0.0036745853993722134,6.672535069538592e-07
542.674,0.009961349730517296,0.00949600072925512,543.025,0.0036837976610688316,6.705670986785687e-07
542.874,0.009974277692957828,0.009498514623788317,543.125,0.00369300992281972,6.738888827874183e-07
542.974,0.009987218646368047,0.009495341498275498,543.225,0.003702222184624917,6.772188591777215e-07
542.974,0.009987218646368047,0.009495341498275498,543.325,0.0037114344464843673,6.805570277467617e-07
543.174,0.01000191440223285,0.009498523791069115,543.425,0.003720646708398048,6.839033883918284e-07
543.274,0.010014855359382343,0.009495350695041429,543.525,0.003729858970366013,6.872579410102448e-07
543.274,0.010014855359382343,0.009495350695041429,543.625,0.00373907123238819,6.906206854992899e-07
543.474,0.010030311674015592,0.009498623018729462,543.725,0.0037482834944645954,6.939916217562747e-07
543.574,0.010043238635533339,0.009495535731275475,543.825,0.0037574957565951962,6.973707496784928e-07
543.574,0.010043238635533339,0.009495535731275475,543.925,0.003766708018780031,7.00758069163266e-07
543.774,0.010062325590804581,0.00949626528918358,544.025,0.0037759202810190287,7.041535801078776e-07
543.874,0.010070746972067416,0.009495809054712846,544.125,0.003785132543312223,7.075572824096523e-07
543.874,0.010070746972067416,0.009495809054712846,544.225,0.003794344805659608,7.109691759658968e-07
544.074,0.01008819349904351,0.009495605964366218,544.325,0.0038035570680611326,7.143892606739067e-07
544.174,0.010098315878600906,0.009494739743690991,544.425,0.0038127693305168133,7.178175364310018e-07
544.174,0.010098315878600906,0.009494739743690991,544.525,0.00382198159302664,7.212540031344951e-07
544.374,0.010115830214005573,0.009495615382565685,544.625,0.003831193855590607,7.246986606817021e-07
544.574,0.010134126316097182,0.009495885786308831,544.725,0.0038404061182086635,7.281515089699218e-07
544.574,0.010134126316097182,0.009495885786308831,544.825,0.0038496183808808195,7.316125478964791e-07
544.674,0.010147937695785814,0.009494853882509117,544.925,0.0038588306436070693,7.350817773586914e-07
544.674,0.010147937695785814,0.009494853882509117,545.025,0.0038680429063874524,7.385591972538948e-07
544.874,0.010161695300437553,0.00949481876719874,545.125,0.00387725516922185,7.420448074793678e-07
544.974,0.010172074841460932,0.009494807708784444,545.225,0.003886467432110347,7.45538607932466e-07
544.974,0.010172074841460932,0.009494807708784444,545.325,0.0038956796950528646,7.490405985104904e-07
545.174,0.010189392763562389,0.009494868271652359,545.425,0.0039048919580494438,7.525507791107801e-07
545.274,0.01020321112635406,0.009494873104739636,545.525,0.003914104221100027,7.560691496306445e-07
545.274,0.01020321112635406,0.009494873104739636,545.625,0.00392331648420466,7.595957099674266e-07
545.474,0.010217029479124201,0.009494877956481212,545.725,0.0039325287473633095,7.63130460018447e-07
545.574,0.01023125439779006,0.00949515824765814,545.825,0.003941741010575919,7.666733996810172e-07
545.574,0.01023125439779006,0.00949515824765814,545.925,0.003950953273842553,7.702245288524942e-07
545.774,0.010245072755982925,0.009495163136429275,546.025,0.003960165537163154,7.737838474301949e-07
545.874,0.010259471999454777,0.009495505660082556,546.125,0.003969377800537749,7.773513553114608e-07
545.874,0.010259471999454777,0.009495505660082556,546.225,0.003978590063966298,7.809270523936164e-07
546.074,0.010277896474592528,0.009495512224548093,546.325,0.003987802327448776,7.845109385739897e-07
546.074,0.010277896474592528,0.009495512224548093,546.425,0.003997014590985214,7.881030137499357e-07
546.274,0.010291366672483924,0.009495375446430494,546.525,0.0040062268545755855,7.917032778187836e-07
546.374,0.010307840162657882,0.009496175025421816,546.625,0.0040154391182198445,7.95311730677856e-07
546.374,0.010307840162657882,0.009496175025421816,546.725,0.004024651381918,7.98928372224502e-07
546.574,0.010319366766184135,0.009495562355027942,546.825,0.004033863645670094,8.025532023560793e-07
546.674,0.010335492093752372,0.009496220249130754,546.925,0.004043075909476075,8.061862209699165e-07
546.674,0.010335492093752372,0.009496220249130754,547.025,0.004052288173335908,8.098274279633488e-07
546.874,0.010347713356948838,0.009495870232651487,547.125,0.004061500437249591,8.134768232337223e-07
546.974,0.010363514053749422,0.009496354120011046,547.225,0.004070712701217136,8.171344066783932e-07
546.974,0.010363514053749422,0.009496354120011046,547.325,0.004079924965238512,8.208001781947e-07
547.174,0.010377511685501589,0.009496649404309315,547.425,0.004089137229313737,8.244741376800001e-07
547.274,0.010391106427586536,0.009495713173584292,547.525,0.0040983494934428025,8.281562850316459e-07
547.274,0.010391106427586536,0.009495713173584292,547.625,0.004107561757625636,8.318466201469648e-07
547.474,0.010405897720368141,0.009496886958300785,547.725,0.004116774021862318,8.355451429233464e-07
547.674,0.010423393621648333,0.009496376159426513,547.825,0.004125986286152797,8.392518532581277e-07
547.674,0.010423393621648333,0.009496376159426513,547.925,0.00413519855049704,8.42966751048656e-07
547.774,0.010437167635979122,0.009495730185904378,548.025,0.004144410814895074,8.466898361922967e-07
547.774,0.010437167635979122,0.009495730185904378,548.125,0.004153623079346854,8.504211085863991e-07
547.974,0.010451422138770502,0.009496069529389074,548.225,0.004162835343852404,8.541605681283311e-07
548.074,0.010465240500838907,0.009496074691344166,548.325,0.0041720476084116664,8.579082147154361e-07
548.074,0.010465240500838907,0.009496074691344166,548.425,0.004181259873024666,8.616640482450852e-07
548.274,0.01048104969561918,0.009497071628112596,548.525,0.0041904721376914075,8.654280686146534e-07
548.274,0.01048104969561918,0.009497071628112596,548.625,0.004199684402411823,8.69200275721475e-07
548.474,0.010499474169900878,0.009497078565472081,548.725,0.004208896667185943,8.729806694629367e-07
548.574,0.010513481676895375,0.009496797065395053,548.825,0.004218108932013773,8.76769249736405e-07
548.574,0.010513481676895375,0.009496797065395053,548.925,0.004227321196895274,8.805660164392403e-07
548.774,0.010530921320867484,0.009495917722006265,549.025,0.004236533461830465,8.843709694688212e-07
548.874,0.010541118396114407,0.009496807566493428,549.125,0.00424574572681929,8.881841087225015e-07
548.874,0.010541118396114407,0.009496807566493428,549.225,0.004254957991861789,8.920054340976736e-07
549.074,0.0105585580429115,0.009495928256115484,549.325,0.0042641702569579335,8.958349454917011e-07
549.174,0.010568755120360153,0.009496818141270028,549.425,0.004273382522107665,8.996726428019423e-07
549.174,0.010568755120360153,0.009496818141270028,549.525,0.004282594787311051,9.035185259258011e-07
549.374,0.010586988077341168,0.00949599566055272,549.625,0.004291807052568054,9.073725947606453e-07
549.474,0.010596391848829805,0.009496828789744928,549.725,0.004301019317878655,9.11234849203844e-07
549.474,0.010596391848829805,0.009496828789744928,549.825,0.00431023158324284,9.151052891527775e-07
549.674,0.010619230936100076,0.009496008127518987,549.925,0.004319443848660625,9.189839145048359e-07
549.874,0.010633049293327848,0.009496013501378986,550.025,0.004328656114131963,9.228707251573833e-07
549.874,0.010633049293327848,0.009496013501378986,550.125,0.004337868379656862,9.267657210078136e-07
549.974,0.010646867657303489,0.009496018893377726,550.225,0.0043470806452353215,9.306689019535119e-07
549.974,0.010646867657303489,0.009496018893377726,550.325,0.004356292910867305,9.345802678918553e-07
550.174,0.010660686024512894,0.009496024304062229,550.425,0.00436550517655281,9.384998187202306e-07
550.274,0.010674504391208602,0.009496029732931292,550.525,0.004374717442291872,9.424275543360453e-07
550.274,0.010674504391208602,0.009496029732931292,550.625,0.00438392970808442,9.463634746366621e-07
550.474,0.010688322758697922,0.00949603518043532,550.725,0.004393141973930483,9.5030757951949e-07
550.574,0.010702141120163482,0.009496040646132858,550.825,0.004402354239830065,9.542598688819227e-07
550.574,0.010702141120163482,0.009496040646132858,550.925,0.004411566505783078,9.58220342621326e-07
550.774,0.010720565604072517,0.009496047962520196,551.025,0.004420778771789593,9.621890006351252e-07
550.974,0.010734383961388694,0.009496053471414188,551.125,0.004429991037849579,9.661658428207069e-07
550.974,0.010734383961388694,0.009496053471414188,551.225,0.004439203303963005,9.70150869075458e-07
551.074,0.010748741515235161,0.00949708437572572,551.325,0.004448415570129866,9.741440792967777e-07
551.074,0.010748741515235161,0.00949708437572572,551.425,0.0044576278363501745,9.78145473382077e-07
551.274,0.01076202069058111,0.009496064544175129,551.525,0.004466840102623879,9.821550512287404e-07
551.374,0.010776378242168205,0.009497095484437383,551.625,0.0044760523689510185,9.861728127341896e-07
551.374,0.010776378242168205,0.009497095484437383,551.725,0.00448526463533154,9.901987577958094e-07
551.574,0.01078965742049454,0.009496075690618402,551.825,0.004494476901765454,9.942328863110136e-07
551.674,0.010804014969882203,0.009497106666817814,551.925,0.004503689168252781,9.9827519817722e-07
551.674,0.010804014969882203,0.009497106666817814,552.025,0.004512901434793472,1.002325693291816e-06
551.874,0.010817833332656835,0.009497112285767302,552.125,0.0045221137013875135,1.0063843715522106e-06
551.974,0.010831651699399151,0.009497117922829956,552.225,0.00453132596803492,1.0104512328558254e-06
551.974,0.010831651699399151,0.009497117922829956,552.325,0.0045405382347356435,1.0145262771000523e-06
552.174,0.010845470062969318,0.009497123578581302,552.425,0.004549750501489718,1.018609504182324e-06
552.174,0.010845470062969318,0.009497123578581302,552.525,0.004558962768297141,1.0227009140000581e-06
552.374,0.010864852700232693,0.009497480928475749,552.625,0.0045681750351578565,1.0268005064506465e-06
552.474,0.010878671066489728,0.00949748662740725,552.725,0.004577387302071882,1.0309082814315174e-06
552.474,0.010878671066489728,0.00949748662740725,552.825,0.004586599569039189,1.0350242388400804e-06
552.674,0.010892489433904601,0.009497492345018453,552.925,0.004595811836059788,1.039148378573765e-06
552.774,0.010906484988325147,0.009497424163988603,553.025,0.004605024103133678,1.0432807005299905e-06
552.774,0.010906484988325147,0.009497424163988603,553.125,0.004614236370260809,1.04742120460616e-06
552.974,0.010920126165354174,0.009497503835206486,553.225,0.004623448637441233,1.0515698906997283e-06
553.074,0.010936700268226664,0.009497904257544073,553.325,0.004632660904674874,1.0557267587080895e-06
553.074,0.010936700268226664,0.009497904257544073,553.425,0.00464187317196173,1.0598918085286677e-06
553.274,0.010950412064825723,0.009497954384654174,553.525,0.004651085439301863,1.0640650400589204e-06
553.374,0.01096498577273835,0.009498259141700325,553.625,0.004660297706695193,1.0682464531962461e-06
553.374,0.01096498577273835,0.009498259141700325,553.725,0.004669509974141741,1.0724360478380854e-06
553.574,0.010978670991822039,0.009498059715408524,553.825,0.004678722241641493,1.0766338238818665e-06
553.674,0.01099262250631915,0.009498270809418377,553.925,0.00468793450919445,1.0808397812250235e-06
553.674,0.01099262250631915,0.009498270809418377,554.025,0.004697146776800555,1.0850539197649695e-06
553.874,0.011011046991602273,0.009498278628813955,554.125,0.004706359044459845,1.0892762393991566e-06
554.074,0.011024865354706481,0.009498284514973082,554.225,0.004715571312172293,1.0935067400250123e-06
554.074,0.011024865354706481,0.009498284514973082,554.325,0.004724783579937916,1.0977454215399841e-06
554.174,0.011038683725104146,0.009498290419260876,554.425,0.004733995847756675,1.1019922838415015e-06
554.174,0.011038683725104146,0.009498290419260876,554.525,0.004743208115628587,1.1062473268270142e-06
554.374,0.011052502092909318,0.00949829634221836,554.625,0.004752420383553588,1.1105105503939325e-06
554.474,0.01106709104394681,0.009498337844513255,554.725,0.00476163265153173,1.11478195443973e-06
554.474,0.01106709104394681,0.009498337844513255,554.825,0.004770844919562941,1.119061538861818e-06
554.674,0.011080138825861566,0.009498308243093358,554.925,0.00478005718764728,1.1233493035576735e-06
554.774,0.011096801311216964,0.009498111883558986,555.025,0.004789269455784697,1.1276452484247195e-06
554.774,0.011096801311216964,0.009498111883558986,555.125,0.004798481723975168,1.131949373360397e-06
554.974,0.011109848837739762,0.009498082345935107,555.225,0.004807693992218744,1.1362616782621846e-06
555.074,0.011124438052561964,0.009498123897323475,555.325,0.004816906260515351,1.1405821630275012e-06
555.074,0.011124438052561964,0.009498123897323475,555.425,0.0048261185288650255,1.1449108275538183e-06
555.274,0.011138256418678475,0.009498129931891098,555.525,0.0048353307972677255,1.149247671738567e-06
555.374,0.011152074786106473,0.009498135984669942,555.625,0.004844543065723435,1.1535926954792027e-06
555.374,0.011152074786106473,0.009498135984669942,555.725,0.0048537553342321935,1.1579458986732004e-06
555.574,0.011170499283314057,0.009498144083809163,555.825,0.004862967602793967,1.1623072812180059e-06
555.574,0.011170499283314057,0.009498144083809163,555.925,0.004872179871408712,1.1666768430110552e-06
555.774,0.011186212383249367,0.009499639825145127,556.025,0.004881392140076431,1.1710545839498185e-06
555.874,0.011198229322921919,0.009498962782478235,556.125,0.0048906044087971565,1.1754405039317651e-06
555.874,0.011198229322921919,0.009498962782478235,556.225,0.00489981667757085,1.179834602854347e-06
556.074,0.011213849119601802,0.00949965207566748,556.325,0.004909028946397519,1.184236880615035e-06
556.174,0.011227986496889811,0.009498939055253838,556.425,0.00491824121527715,1.1886473371112858e-06
556.174,0.011227986496889811,0.009498939055253838,556.525,0.004927453484209679,1.193065972240541e-06
556.374,0.011243606390260232,0.009499628445004701,556.625,0.004936665753195189,1.1974927859003094e-06
556.474,0.01125562323096044,0.009498951409727263,556.725,0.004945878022233586,1.2019277779880164e-06
556.474,0.01125562323096044,0.009498951409727263,556.825,0.004955090291324909,1.206370948401153e-06
556.674,0.011271336915062548,0.0095004476262723,556.925,0.004964302560469126,1.2108222970371805e-06
556.774,0.01128515528643449,0.00950045385120704,557.025,0.004973514829666233,1.2152818237935683e-06
556.774,0.01128515528643449,0.00950045385120704,557.125,0.0049827270989162235,1.219749528567789e-06
556.974,0.011298973651882588,0.009500460094797178,557.225,0.004991939368219109,1.224225411257329e-06
556.974,0.011298973651882588,0.009500460094797178,557.325,0.005001151637574837,1.2287094717596405e-06
557.174,0.011319060470013829,0.00950059818652043,557.425,0.005010363906983449,1.2332017099722207e-06
557.274,0.011331216520298577,0.00950047473431852,557.525,0.005019576176444912,1.2377021257925363e-06
557.274,0.011331216520298577,0.00950047473431852,557.625,0.005028788445959196,1.242210719118058e-06
557.474,0.011346697210758209,0.009500610776039684,557.725,0.005038000715526342,1.2467274898462852e-06
557.574,0.011358853258271854,0.009500487362326122,557.825,0.0050472129851463115,1.2512524378746891e-06
557.574,0.011358853258271854,0.009500487362326122,557.925,0.005056425254819113,1.2557855631007513e-06
557.774,0.01137433394732165,0.009500623439172143,558.025,0.005065637524544684,1.260326865421934e-06
557.874,0.01138649000192941,0.009500500063893405,558.125,0.005074849794323064,1.264876344735746e-06
557.874,0.01138649000192941,0.009500500063893405,558.225,0.005084062064154248,1.2694340009396735e-06
558.074,0.011404914503170464,0.009500508572531714,558.325,0.005093274334038179,1.2739998339311833e-06
558.074,0.011404914503170464,0.009500508572531714,558.425,0.005102486603974899,1.278573843607786e-06
558.274,0.011420395194064376,0.009500644707928767,558.525,0.005111698873964349,1.2831560298669517e-06
558.374,0.011431669212932094,0.00950001547535651,558.625,0.00512091114400653,1.2877463926061706e-06
558.374,0.011431669212932094,0.00950001547535651,558.725,0.0051301234141014765,1.2923449317229589e-06
558.574,0.011449029479295719,0.0095005276297257,558.825,0.005139335684249118,1.2969516471147766e-06
558.674,0.011457643452778579,0.009499898645762062,558.925,0.0051485479544495045,1.3015665386791533e-06
558.674,0.011457643452778579,0.009499898645762062,559.025,0.005157760224702572,1.3061896063135518e-06
558.874,0.011476987418111905,0.009500758819180997,559.125,0.005166972495008354,1.3108208499154933e-06
558.974,0.011487259212102375,0.009500222713600648,559.225,0.005176184765366824,1.3154602693824668e-06
558.974,0.011487259212102375,0.009500222713600648,559.325,0.00518539703577799,1.3201078646119832e-06
559.174,0.011504624161534754,0.009500771823408685,559.425,0.00519460930624183,1.3247636355015355e-06
559.274,0.011514895955939495,0.009500235729571906,559.525,0.00520382157675831,1.3294275819486127e-06
559.274,0.011514895955939495,0.009500235729571906,559.625,0.005213033847327467,1.3340997038507427e-06
559.474,0.011528719022708746,0.009500279136817148,559.725,0.005222246117949253,1.3387800011054094e-06
559.574,0.011542525037769051,0.009500311650414338,559.825,0.005231458388623679,1.343468473610132e-06
559.574,0.011542525037769051,0.009500311650414338,559.925,0.005240670659350719,1.348165121262404e-06
559.774,0.011557341130791973,0.009500188222314482,560.025,0.005249882930130407,1.3528699439597602e-06
559.774,0.011557341130791973,0.009500188222314482,560.125,0.005259095200962681,1.3575829415996769e-06
559.974,0.011575765625074763,0.009500197012573656,560.225,0.005268307471847538,1.362304114079678e-06
560.074,0.011589478011169708,0.009500427828647096,560.325,0.005277519742785004,1.3670334612972875e-06
560.074,0.011589478011169708,0.009500427828647096,560.425,0.005286732013775042,1.371770983150006e-06
560.274,0.011604896011320472,0.009500138192581567,560.525,0.005295944284817651,1.3765166795353508e-06
560.374,0.011618608342720032,0.009500369057433407,560.625,0.005305156555912823,1.3812705503508397e-06
560.374,0.011618608342720032,0.009500369057433407,560.725,0.005314368827060506,1.386032595493967e-06
560.574,0.011633424601367081,0.009500245717598508,560.825,0.005323581098260778,1.3908028148623e-06
560.674,0.011646245090498402,0.009500382418255675,560.925,0.0053327933695135445,1.395581208353312e-06
560.674,0.011646245090498402,0.009500382418255675,561.025,0.005342005640818892,1.4003677758645719e-06
560.874,0.011660148342834431,0.009500425210105594,561.125,0.005351217912176745,1.4051625172935683e-06
560.874,0.011660148342834431,0.009500425210105594,561.225,0.00536043018358707,1.4099654325378168e-06
561.074,0.01167948584307763,0.00950026808432686,561.325,0.005369642455049931,1.4147765214948757e-06
561.174,0.011692305813901181,0.009500405867817778,561.425,0.005378854726565272,1.4195957840622498e-06
561.174,0.011692305813901181,0.009500405867817778,561.525,0.005388066998133086,1.4244232201374656e-06
561.374,0.011706209588835455,0.009500447702269273,561.625,0.005397279269753389,1.429258829618068e-06
561.474,0.01171994256080456,0.00950041942478386,561.725,0.005406491541426158,1.434102612401572e-06
561.474,0.01171994256080456,0.00950041942478386,561.825,0.005415703813151357,1.4389545683855021e-06
561.674,0.011735495937114496,0.009500299742349796,561.925,0.005424916084929002,1.4438146974674e-06
561.774,0.011747579307939572,0.00950043305529283,562.025,0.005434128356759067,1.4486829995447913e-06
561.774,0.011747579307939572,0.00950043305529283,562.125,0.005443340628641589,1.4535594745152342e-06
561.974,0.011763132682360511,0.00950031340627198,562.225,0.0054525529005765095,1.4584441222762442e-06
562.074,0.011775216051891099,0.009500446759389543,562.325,0.005461765172563843,1.4633369427253696e-06
562.074,0.011775216051891099,0.009500446759389543,562.425,0.005470977444603567,1.4682379357601393e-06
562.274,0.011790769422577316,0.009500327143758801,562.525,0.00548018971669567,1.4731471012780955e-06
562.374,0.01180285278877297,0.009500460537006455,562.625,0.005489401988840173,1.4780644391767937e-06
562.374,0.01180285278877297,0.009500460537006455,562.725,0.005498614261037042,1.482989949353766e-06
562.574,0.011817669045457163,0.009500337428670945,562.825,0.005507826533286269,1.487923631706557e-06
562.774,0.011832735866239162,0.009500601290414568,562.925,0.005517038805587826,1.4928654861326997e-06
562.774,0.011832735866239162,0.009500601290414568,563.025,0.005526251077941728,1.4978155125297567e-06
562.874,0.011848998904951153,0.009500519744316883,563.125,0.005535463350347992,1.5027737107952868e-06
562.874,0.011848998904951153,0.009500519744316883,563.225,0.005544675622806544,1.5077400808268072e-06
563.074,0.011864467403412097,0.009500364136625854,563.325,0.005553887895317441,1.5127146225219009e-06
563.174,0.011876635661136793,0.009500533717698911,563.425,0.005563100167880609,1.5176973357780847e-06
563.174,0.011876635661136793,0.009500533717698911,563.525,0.005572312440496107,1.5226882204929485e-06
563.374,0.011892104157911096,0.009500378143794301,563.625,0.005581524713163864,1.5276872765640107e-06
563.474,0.011905009454922186,0.009500551294015457,563.725,0.0055907369858838925,1.532694503888838e-06
563.474,0.011905009454922186,0.009500551294015457,563.825,0.005599949258656186,1.5377099023649889e-06
563.674,0.011919740907714419,0.009500392224507928,563.925,0.00560916153148074,1.5427334718900227e-06
563.774,0.011931212410634395,0.009500400716505228,564.025,0.005618373804357543,1.5477652123614995e-06
563.774,0.011931212410634395,0.009500400716505228,564.125,0.005627586077286586,1.5528051236769805e-06
563.974,0.011950458785011614,0.009500449770135389,564.225,0.005636798350267867,1.5578532057340302e-06
563.974,0.011950458785011614,0.009500449770135389,564.325,0.005646010623301379,1.5629094584302132e-06
564.174,0.011966313473912455,0.009500669263449463,564.425,0.005655222896387136,1.5679738816631074e-06
564.274,0.011978010652856638,0.009500427930075663,564.525,0.005664435169525059,1.5730464753302424e-06
564.274,0.011978010652856638,0.009500427930075663,564.625,0.005673647442715169,1.5781272393291953e-06
564.474,0.011993338253224576,0.009500558431824112,564.725,0.005682859715957504,1.5832161735575618e-06
564.574,0.012005647399924267,0.009500442243911892,564.825,0.005692071989251992,1.5883132779128752e-06
564.574,0.012005647399924267,0.009500442243911892,564.925,0.00570128426259868,1.5934185522927437e-06
564.774,0.012021943091035988,0.009500274070389553,565.025,0.005710496535997506,1.5985319965947027e-06
564.874,0.01203484826271126,0.009500447427126088,565.125,0.005719708809448483,1.6036536107163375e-06
564.874,0.01203484826271126,0.009500447427126088,565.225,0.005728921082951599,1.6087833945552253e-06
565.074,0.012049579844103233,0.009500288501860792,565.325,0.005738133356506852,1.613921348008943e-06
565.174,0.012062485016461354,0.009500461897084702,565.425,0.005747345630114231,1.6190674709750663e-06
565.174,0.012062485016461354,0.009500461897084702,565.525,0.005756557903773712,1.6242217633511618e-06
565.374,0.012080909517697372,0.009500471584579956,565.625,0.005765770177485305,1.6293842250348233e-06
565.374,0.012080909517697372,0.009500471584579956,565.725,0.005774982451249027,1.634554855923645e-06
565.574,0.01209564109326371,0.009500312717806408,565.825,0.005784194725064828,1.6397336559151854e-06
565.674,0.01210854627306857,0.009500486177104583,565.925,0.005793406998932676,1.6449206249070164e-06
565.674,0.01210854627306857,0.009500486177104583,566.025,0.005802619272852606,1.6501157627967496e-06
565.874,0.012123277846139513,0.00950032734539632,566.125,0.0058118315468245925,1.655319069481961e-06
565.974,0.012135814280461265,0.009500739661460214,566.225,0.005821043820848649,1.660530544860248e-06
565.974,0.012135814280461265,0.009500739661460214,566.325,0.005830256094924724,1.6657501888291776e-06
566.174,0.012150914596831491,0.009500342046525374,566.425,0.005839468369052856,1.6709780012863629e-06
566.274,0.012163451027248522,0.009500754400024356,566.525,0.005848680643232991,1.6762139821293737e-06
566.274,0.012163451027248522,0.009500754400024356,566.625,0.00585789291746513,1.6814581312557999e-06
566.474,0.012178551341207069,0.009500356821137743,566.725,0.005867105191749297,1.6867104485632615e-06
566.574,0.012192000968494767,0.009500603060248063,566.825,0.0058763174660854236,1.6919709339493162e-06
566.574,0.012192000968494767,0.009500603060248063,566.925,0.005885529740473572,1.6972395873116011e-06
566.774,0.01221141017050829,0.009499917221039987,567.025,0.005894742014913669,1.7025164085476742e-06
566.774,0.01221141017050829,0.009499917221039987,567.125,0.005903954289405726,1.707801397555149e-06
566.974,0.012224244355630848,0.009500622145984764,567.225,0.00591316656394978,1.7130945542316511e-06
567.074,0.012239046922460164,0.009499932151586347,567.325,0.005922378838545781,1.7183958784747552e-06
567.074,0.012239046922460164,0.009499932151586347,567.425,0.005931591113193704,1.7237053701820514e-06
567.274,0.012251880590146577,0.009500635401757503,567.525,0.005940803387893578,1.7290230292511723e-06
567.374,0.012268830370153036,0.00950307934560625,567.625,0.005950015662645374,1.7343488555797095e-06
567.374,0.012268830370153036,0.00950307934560625,567.725,0.005959227937449083,1.7396828490652706e-06
567.574,0.01228050205392763,0.009499954685340322,567.825,0.005968440212304713,1.7450250096054655e-06
567.674,0.012296371846734785,0.009503900697594358,567.925,0.0059776524872122245,1.7503753370978886e-06
567.674,0.012296371846734785,0.009503900697594358,568.025,0.005986864762171654,1.7557338314401757e-06
567.874,0.01230813933008264,0.009499971513418115,568.125,0.005996077037182932,1.7611004925299028e-06
568.074,0.01232097300539715,0.009500674861542241,568.225,0.006005289312246113,1.76647532026472e-06
568.074,0.01232097300539715,0.009500674861542241,568.325,0.006014501587361125,1.7718583145422041e-06
568.174,0.012342433101144759,0.009503925974230915,568.425,0.006023713862528026,1.7772494752600096e-06
568.174,0.012342433101144759,0.009503925974230915,568.525,0.00603292613774674,1.7826488023157143e-06
568.374,0.012357165578014348,0.009503769248588013,568.625,0.006042138413017295,1.7880562956069506e-06
568.474,0.012370069861128671,0.009503941238229516,568.725,0.006051350688339693,1.7934719550313517e-06
568.474,0.012370069861128671,0.009503941238229516,568.825,0.006060562963713887,1.7988957804865128e-06
568.674,0.012384802335326382,0.009503784547660064,568.925,0.006069775239139889,1.8043277718700666e-06
568.774,0.01239770661871129,0.009503956575737887,569.025,0.006078987514617715,1.8097679290796514e-06
568.774,0.01239770661871129,0.009503956575737887,569.125,0.006088199790147336,1.815216252012878e-06
568.974,0.012412439090140016,0.00950379992021154,569.225,0.006097412065728727,1.8206727405673594e-06
569.074,0.012425343367866295,0.009503971986719185,569.325,0.006106624341361899,1.8261373946407354e-06
569.074,0.012425343367866295,0.009503971986719185,569.425,0.006115836617046849,1.8316102141306364e-06
569.274,0.012441227932305019,0.00950447658217346,569.525,0.0061250488927835365,1.8370911989346793e-06
569.374,0.012455046316200117,0.009504484333026763,569.625,0.006134261168571984,1.842580348950507e-06
569.374,0.012455046316200117,0.009504484333026763,569.725,0.00614347344441214,1.848077664075727e-06
569.574,0.012471917649005326,0.009504117322780652,569.825,0.006152685720304066,1.853583144208014e-06
569.674,0.012484822016992777,0.009504291224648832,569.925,0.006161897996247684,1.8590967892449607e-06
569.674,0.012484822016992777,0.009504291224648832,570.025,0.00617111027224301,1.8646185990842164e-06
569.874,0.012499554403660403,0.009504132937571094,570.125,0.006180322548290035,1.8701485736234188e-06
569.974,0.012514050481919585,0.00950425272119322,570.225,0.006189534824388784,1.8756867127602194e-06
569.974,0.012514050481919585,0.00950425272119322,570.325,0.006198747100539176,1.88123301639222e-06
570.174,0.012527868863201758,0.009504260575302294,570.425,0.006207959376741265,1.8867874844171002e-06
570.374,0.012547404140266357,0.00950448827546316,570.525,0.006217171652995008,1.8923501167324779e-06
570.374,0.012547404140266357,0.00950448827546316,570.625,0.006226383929300419,1.8979209132360094e-06
570.474,0.012561222523648483,0.00950449617266399,570.725,0.006235596205657463,1.9034998738253251e-06
570.474,0.012561222523648483,0.00950449617266399,570.825,0.0062448084820661345,1.9090869983980726e-06
570.674,0.012575040901140318,0.009504504088458739,570.925,0.0062540207585264525,1.9146822868519114e-06
570.774,0.012588859283935822,0.009504512022394329,571.025,0.006263233035038409,1.9202857390844938e-06
570.774,0.012588859283935822,0.009504512022394329,571.125,0.006272445311601947,1.9258973549934383e-06
570.974,0.012603337750258096,0.009504702192894322,571.225,0.006281657588217087,1.931517134476414e-06
571.074,0.012617156358664125,0.009504710332149025,571.325,0.00629086986488382,1.937145077431068e-06
571.074,0.012617156358664125,0.009504710332149025,571.425,0.006300082141602143,1.942781183755059e-06
571.274,0.012630974508131984,0.00950471815387521,571.525,0.006309294418372048,1.9484254533460377e-06
571.374,0.012644793111088409,0.009504726329859069,571.625,0.006318506695193526,1.9540778861016657e-06
571.374,0.012644793111088409,0.009504726329859069,571.725,0.0063277189720666,1.959738481919625e-06
571.574,0.012658947956947768,0.00950463293238305,571.825,0.006336931248991209,1.9654072406975188e-06
571.674,0.012671719240630638,0.009508602905647392,571.925,0.006346143525967339,1.971084162333022e-06
571.674,0.012671719240630638,0.009508602905647392,572.025,0.0063553558029950255,1.9767692467238217e-06
571.874,0.012689277098766093,0.009503837474880752,572.125,0.006364568080074205,1.982462493767545e-06
571.974,0.012699355997781324,0.009508619046857718,572.225,0.0063737803572048906,1.9881639033618647e-06
571.974,0.012699355997781324,0.009508619046857718,572.325,0.006382992634387096,1.9938734754044605e-06
572.174,0.012717780510000581,0.009508629848490819,572.425,0.006392204911620798,1.9995912097929864e-06
572.174,0.012717780510000581,0.009508629848490819,572.525,0.0064014171889059815,2.005317106425112e-06
572.374,0.01273159889188113,0.009508637971269046,572.625,0.006410629466242622,2.011051165198492e-06
572.474,0.012745417278443544,0.00950864611217994,572.725,0.006419841743630753,2.016793386010825e-06
572.474,0.012745417278443544,0.00950864611217994,572.825,0.0064290540210703495,2.022543768759766e-06
572.674,0.0127622650478516,0.009507742012737094,572.925,0.006438266298561426,2.028302313343005e-06
572.774,0.012773054050020211,0.00950866244931629,573.025,0.006447478576103904,2.034069019658171e-06
572.774,0.012773054050020211,0.00950866244931629,573.125,0.006456690853697828,2.03984388760297e-06
572.974,0.012789901818839955,0.00950775840239282,573.225,0.006465903131343187,2.0456269170750794e-06
573.074,0.01279987823536072,0.009510189880701733,573.325,0.006475115409039973,2.0514181079721762e-06
573.074,0.01279987823536072,0.009510189880701733,573.425,0.006484327686788135,2.0572174601919103e-06
573.274,0.012818144927957248,0.00950993208844401,573.525,0.006493539964587735,2.0630249736320033e-06
573.374,0.012831151149608736,0.009511452025726952,573.625,0.006502752242438698,2.0688406481900975e-06
573.374,0.012831151149608736,0.009511452025726952,573.725,0.0065119645203410344,2.0746644837638914e-06
573.574,0.012845781688989213,0.009509948628621274,573.825,0.006521176798294762,2.0804964802510764e-06
573.574,0.012845781688989213,0.009509948628621274,573.925,0.006530389076299806,2.0863366375493035e-06
573.774,0.012866425516156906,0.009510559367873383,574.025,0.006539601354356234,2.0921849555562967e-06
573.874,0.012877212421719655,0.009511479674529491,574.125,0.006548813632464007,2.098041434169728e-06
573.874,0.012877212421719655,0.009511479674529491,574.225,0.006558025910623123,2.103906073287292e-06
574.074,0.012894062282227798,0.00951057603414075,574.325,0.0065672381888335725,2.109778872806676e-06
574.174,0.012904849184146838,0.009511496361697038,574.425,0.0065764504670953235,2.1156598326255642e-06
574.174,0.012904849184146838,0.009511496361697038,574.525,0.0065856627454083955,2.1215489526416593e-06
574.374,0.012921699051395799,0.00951059277385091,574.625,0.00659487502377276,2.12744623275264e-06
574.474,0.012932485959230286,0.00951151312236337,574.725,0.00660408730218843,2.133351672856218e-06
574.474,0.012932485959230286,0.00951151312236337,574.825,0.006613299580655376,2.139265272850077e-06
574.674,0.012949335817907106,0.009510609587026046,574.925,0.0066225118591735875,2.1451870326319147e-06
574.774,0.01296012271842083,0.009511529956444005,575.025,0.006631724137743082,2.151116952099441e-06
574.774,0.01296012271842083,0.009511529956444005,575.125,0.006640936416363829,2.1570550311503468e-06
574.974,0.012976972584021697,0.009510626473656775,575.225,0.006650148695035824,2.1630012696823313e-06
574.974,0.012976972584021697,0.009510626473656775,575.325,0.006659360973759041,2.168955667593084e-06
575.174,0.012995397095791408,0.009510637772182364,575.425,0.0066685732525334895,2.174918224780326e-06
575.274,0.013006184005277354,0.009511558176477869,575.525,0.006677785531359188,2.180888941141772e-06
575.274,0.013006184005277354,0.009511558176477869,575.625,0.0066869978102361005,2.186867816575118e-06
575.474,0.01302486101788561,0.009511153734961916,575.725,0.006696210089164181,2.1928548509780445e-06
575.574,0.013035647327370286,0.00951207409539709,575.825,0.006705422368143491,2.198850044248303e-06
575.574,0.013035647327370286,0.00951207409539709,575.925,0.006714634647173976,2.2048533962835745e-06
575.774,0.013052497779732553,0.009511170819945973,576.025,0.006723846926255648,2.210864906981589e-06
575.874,0.01306328408567768,0.009512091201329738,576.125,0.006733059205388457,2.216884576240027e-06
575.874,0.01306328408567768,0.009512091201329738,576.225,0.006742271484572445,2.222912403956636e-06
576.074,0.013080134541996009,0.009511187978407849,576.325,0.006751483763807621,2.2289483900291468e-06
576.074,0.013080134541996009,0.009511187978407849,576.425,0.006760696043093917,2.2349925343552325e-06
576.274,0.013098559044515786,0.009511199458141524,576.525,0.006769908322431349,2.2410448368326264e-06
576.374,0.013109466239467826,0.009512310821340558,576.625,0.006779120601819902,2.247105297359047e-06
576.374,0.013109466239467826,0.009512310821340558,576.725,0.006788332881259551,2.2531739158322004e-06
576.574,0.0131261958181265,0.00951121673896914,576.825,0.006797545160750327,2.2592506921498384e-06
576.674,0.013137103005071643,0.009512328122997397,576.925,0.006806757440292211,2.2653356262096695e-06
576.674,0.013137103005071643,0.009512328122997397,577.025,0.0068159697198851696,2.271428717909404e-06
576.874,0.013153953521516827,0.009511425075594054,577.125,0.00682518199952924,2.2775299671467965e-06
576.974,0.013167891011407059,0.00951153565839268,577.225,0.006834394279224348,2.2836393738195294e-06
576.974,0.013167891011407059,0.00951153565839268,577.325,0.006843606558970526,2.2897569378253617e-06
577.174,0.01318159029198623,0.009511442503173284,577.425,0.006852818838767775,2.295882659062022e-06
577.274,0.013195527774384588,0.009511553122184437,577.525,0.006862031118616041,2.3020165374272124e-06
577.274,0.013195527774384588,0.009511553122184437,577.625,0.006871243398515361,2.3081585728186953e-06
577.474,0.013210920107783436,0.00951247648033103,577.725,0.0068804556784657234,2.314308765134206e-06
577.474,0.013210920107783436,0.00951247648033103,577.825,0.006889667958467104,2.3204671142714677e-06
577.674,0.013227673511983397,0.009511571240749968,577.925,0.006898880238519472,2.3266336201281983e-06
577.774,0.013241589055791881,0.009511582391628717,578.025,0.0069080925186228445,2.3328082826021516e-06
577.774,0.013241589055791881,0.009511582391628717,578.125,0.006917304798777186,2.338991101591048e-06
577.974,0.013255407441547065,0.009511591212343278,578.225,0.006926517078982542,2.3451820769926614e-06
578.074,0.013266193639689113,0.009512511694413752,578.325,0.006935729359238875,2.351381208704716e-06
578.074,0.013266193639689113,0.009512511694413752,578.425,0.006944941639546162,2.357588496624941e-06
578.274,0.013284618157216606,0.009512523497678626,578.525,0.006954153919904418,2.363803940651093e-06
578.274,0.013284618157216606,0.009512523497678626,578.625,0.006963366200313631,2.370027540680915e-06
578.474,0.013301490673740314,0.009511720274142411,578.725,0.006972578480773775,2.3762592966121403e-06
578.574,0.013315309060254939,0.009511729173614107,578.825,0.006981790761284841,2.3824992083425144e-06
578.574,0.013315309060254939,0.009511729173614107,578.925,0.006991003041846823,2.3887472757697867e-06
578.774,0.013329127451170384,0.009511738091706091,579.025,0.0070002153224597375,2.395003498791721e-06
578.874,0.013342945837739616,0.00951174702794441,579.125,0.007009427603123576,2.401267877306071e-06
578.874,0.013342945837739616,0.00951174702794441,579.225,0.007018639883838263,2.4075404112105453e-06
579.074,0.013356764222053653,0.009511755982713473,579.325,0.007027852164603857,2.4138211004029416e-06
579.174,0.013370582607397893,0.009511764955631597,579.425,0.00703706444542035,2.420109944781014e-06
579.174,0.013370582607397893,0.009511764955631597,579.525,0.0070462767262877,2.4264069442424907e-06
579.374,0.013385767896651845,0.009510531647510307,579.625,0.007055489007205916,2.432712098685146e-06
579.374,0.013385767896651845,0.009510531647510307,579.725,0.00706470128817499,2.439025408006736e-06
579.574,0.01340419240805351,0.00951054365858357,579.825,0.007073913569194874,2.4453468721049943e-06
579.674,0.013417097679198655,0.009512019965738482,579.925,0.007083125850265621,2.4516764908777254e-06
579.674,0.013417097679198655,0.009512019965738482,580.025,0.0070923381313871625,2.458014264222649e-06
579.874,0.01343275321991529,0.009510948326923709,580.125,0.007101550412559533,2.4643601920375537e-06
579.974,0.013446571602883097,0.009510957393805171,580.225,0.0071107626937827306,2.4707142742202093e-06
579.974,0.013446571602883097,0.009510957393805171,580.325,0.007119974975056698,2.4770765106683497e-06
580.174,0.013460389989911795,0.009510966479269925,580.425,0.007129187256381452,2.4834469012797606e-06
580.274,0.013472358759702917,0.00951271975893056,580.525,0.00713839953775703,2.4898254459522376e-06
580.274,0.013472358759702917,0.00951271975893056,580.625,0.007147611819183332,2.4962121445834942e-06
580.474,0.01349078327162014,0.00951273192787963,580.725,0.007156824100660423,2.502606997071344e-06
580.474,0.01349078327162014,0.00951273192787963,580.825,0.007166036382188275,2.509010003313545e-06
580.674,0.013506451280328203,0.009510996896270356,580.925,0.007175248663766858,2.5154211632078597e-06
580.774,0.01351882341022688,0.009510937155353213,581.025,0.007184460945396221,2.521840476652106e-06
580.774,0.01351882341022688,0.009510937155353213,581.125,0.007193673227076281,2.528267943544004e-06
580.974,0.013534088055920207,0.009511015244365872,581.225,0.007202885508807066,2.5347035637813578e-06
581.074,0.013546304091183936,0.009510836056885788,581.325,0.007212097790588577,2.5411473372619473e-06
581.074,0.013546304091183936,0.009510836056885788,581.425,0.00722131007242078,2.5475992638835383e-06
581.274,0.013561242274381923,0.009511535497783396,581.525,0.007230522354303689,2.5540593435439284e-06
581.474,0.013575664242546474,0.009511131388772005,581.625,0.007239734636237256,2.560527576140868e-06
581.474,0.013575664242546474,0.009511131388772005,581.725,0.007248946918221515,2.5670039615721695e-06
581.574,0.013592365377792567,0.009510866834400424,581.825,0.007258159200256442,2.5734884997356074e-06
581.574,0.013592365377792567,0.009510866834400424,581.925,0.00726737148234202,2.579981190528967e-06
581.774,0.013606339858016025,0.009510995579234129,582.025,0.007276583764478252,2.5864820338500366e-06
581.874,0.01362000215412197,0.009510885398725478,582.125,0.007285796046665127,2.592991029596605e-06
581.874,0.01362000215412197,0.009510885398725478,582.225,0.007295008328902614,2.5995081776664495e-06
582.074,0.013640227141849872,0.00951188254447357,582.325,0.007304220611190751,2.6060334779573894e-06
582.074,0.013640227141849872,0.00951188254447357,582.425,0.007313432893529512,2.612566930367204e-06
582.274,0.013654322681727657,0.009512099865114797,582.525,0.007322645175918863,2.6191085347936727e-06
582.374,0.013667984945515625,0.009511989724287274,582.625,0.0073318574583588,2.625658291134585e-06
582.374,0.013667984945515625,0.009511989724287274,582.725,0.007341069740849359,2.6322161992877773e-06
582.574,0.013681959457280138,0.009512118591795902,582.825,0.007350282023390487,2.6387822591510126e-06
582.674,0.013695621713304561,0.009512008486207155,582.925,0.007359494305982201,2.6453564706221084e-06
582.674,0.013695621713304561,0.009512008486207155,583.025,0.007368706588624475,2.6519388335988452e-06
582.874,0.013709596231360024,0.00951213739186346,583.125,0.007377918871317294,2.658529347979027e-06
582.974,0.013723137464492635,0.00951193882929129,583.225,0.007387131154060659,2.665128013660461e-06
582.974,0.013723137464492635,0.00951193882929129,583.325,0.007396343436854553,2.671734830540946e-06
583.174,0.013737233008737124,0.009512156265269345,583.425,0.00740555571969898,2.6783497985182904e-06
583.274,0.013754343725094036,0.009514602850337324,583.525,0.0074147680025939,2.6849729174902826e-06
583.274,0.013754343725094036,0.009514602850337324,583.625,0.007423980285539355,2.6916041873547643e-06
583.474,0.013769279838290524,0.009515517926264372,583.725,0.007433192568535273,2.6982436080094987e-06
583.674,0.013786742839984248,0.009514744577658215,583.825,0.007442404851581741,2.704891179352358e-06
583.674,0.013786742839984248,0.009514744577658215,583.925,0.0074516171346786534,2.711546901281094e-06
583.774,0.013800405028895332,0.009514634548772119,584.025,0.007460829417826053,2.7182107736935477e-06
583.774,0.013800405028895332,0.009514634548772119,584.125,0.007470041701023904,2.7248827964875194e-06
583.974,0.013815184915625433,0.009515430112722439,584.225,0.007479253984272233,2.7315629695608417e-06
584.074,0.013828041806241505,0.009514653665647837,584.325,0.007488466267571022,2.738251292811333e-06
584.074,0.013828041806241505,0.009514653665647837,584.425,0.007497678550920286,2.744947766136825e-06
584.274,0.013842821693566968,0.009515449266692972,584.525,0.007506890834319933,2.751652389435074e-06
584.374,0.013855678593845613,0.009514672855884788,584.625,0.007516103117770048,2.758365162603967e-06
584.374,0.013855678593845613,0.009514672855884788,584.725,0.007525315401270551,2.765086085541276e-06
584.574,0.013870458482009993,0.009515468494022466,584.825,0.007534527684821453,2.7718151581448426e-06
584.674,0.013884276877052933,0.009515478135075363,584.925,0.007543739968422759,2.7785523803124895e-06
584.674,0.013884276877052933,0.009515478135075363,585.025,0.0075529522520744585,2.785297751942043e-06
584.874,0.013898095264696165,0.009515487794687059,585.125,0.007562164535776562,2.79205127293135e-06
584.874,0.013898095264696165,0.009515487794687059,585.225,0.0075713768195290005,2.7988129431781868e-06
585.074,0.01391651978169639,0.009515500702556868,585.325,0.007580589103331807,2.8055827625804173e-06
585.174,0.01393033817229178,0.009515510404734069,585.425,0.007589801387184995,2.812360731035886e-06
585.174,0.01393033817229178,0.009515510404734069,585.525,0.007599013671088517,2.819146848442396e-06
585.374,0.01394415656280295,0.009515520125458626,585.625,0.0076082259550423696,2.825941114697776e-06
585.474,0.013958053203430932,0.009514967542833432,585.725,0.0076174382390465445,2.8327435296998633e-06
585.474,0.013958053203430932,0.009514967542833432,585.825,0.007626650523101076,2.8395540933465293e-06
585.674,0.013971793344841447,0.009515539621716695,585.925,0.007635862807205865,2.8463728055355424e-06
585.774,0.013985689990268294,0.00951498707099435,586.025,0.007645075091361017,2.8531996661648253e-06
585.774,0.013985689990268294,0.00951498707099435,586.125,0.007654287375566394,2.8600346751321204e-06
585.974,0.013999430134848024,0.00951555919131983,586.225,0.007663499659822076,2.866877832335331e-06
586.074,0.014013326773841225,0.009515006672423719,586.325,0.00767271194412806,2.8737291376723017e-06
586.074,0.014013326773841225,0.009515006672423719,586.425,0.007681924228484291,2.8805885910408437e-06
586.274,0.014028029170863614,0.009515802059668711,586.525,0.007691136512890782,2.8874561923388147e-06
586.374,0.014042155706278824,0.009515266123445498,586.625,0.007700348797347484,2.894331941464028e-06
586.374,0.014042155706278824,0.009515266123445498,586.725,0.007709561081854481,2.9012158383144025e-06
586.574,0.014055665953308358,0.009515821776962302,586.825,0.007718773366411673,2.9081078827877175e-06
586.774,0.014074168670097007,0.009515272596663873,586.925,0.007727985651019118,2.9150080747818774e-06
586.774,0.014074168670097007,0.009515272596663873,587.025,0.007737197935676744,2.921916414194678e-06
586.874,0.014086795496416704,0.009516200667569063,587.125,0.00774641022038457,2.92883290092399e-06
586.874,0.014086795496416704,0.009516200667569063,587.225,0.00775562250514261,2.9357575348676813e-06
587.074,0.014102035407624655,0.009515309004299081,587.325,0.007764834789950853,2.94269031592361e-06
587.174,0.014114544340107862,0.009516129248454764,587.425,0.007774047074809251,2.9496312439895984e-06
587.174,0.014114544340107862,0.009516129248454764,587.525,0.007783259359717811,2.956580318963521e-06
587.374,0.014128583383221415,0.009516261551020689,587.625,0.007792471644676563,2.963537540743255e-06
587.474,0.014142181130138522,0.00951614916054224,587.725,0.007801683929685444,2.970502909226627e-06
587.474,0.014142181130138522,0.00951614916054224,587.825,0.0078108962147444725,2.9774764243115153e-06
587.674,0.014155887458207608,0.009516250407680515,587.925,0.007820108499853644,2.984458085895783e-06
587.774,0.014169817909330135,0.009516169145964799,588.025,0.007829320785012925,2.9914478938772752e-06
587.774,0.014169817909330135,0.009516169145964799,588.125,0.007838533070222309,2.9984458481538574e-06
587.974,0.014183524239995563,0.00951627043199561,588.225,0.007847745355481828,3.005451948623428e-06
588.074,0.014199200464120695,0.009516672019466198,588.325,0.007856957640791458,3.0124661951838416e-06
588.074,0.014199200464120695,0.009516672019466198,588.425,0.007866169926151198,3.0194885877329637e-06
588.274,0.01421301885303436,0.009516682076890543,588.525,0.007875382211560996,3.026519126168633e-06
588.374,0.01422683724975952,0.009516692152451841,588.625,0.0078845944970209,3.0335578103887726e-06
588.374,0.01422683724975952,0.009516692152451841,588.725,0.007893806782530847,3.0406046402912028e-06
588.574,0.014245261772004535,0.009516705615143754,588.825,0.007903019068090872,3.047659615773829e-06
588.574,0.014245261772004535,0.009516705615143754,588.925,0.007912231353700947,3.0547227367345106e-06
588.774,0.014261656777161546,0.009515729390436866,589.025,0.007921443639361056,3.0617940030711262e-06
588.874,0.014272898561098327,0.009516725870340102,589.125,0.007930655925071197,3.068873414681551e-06
588.874,0.014272898561098327,0.009516725870340102,589.225,0.00793986821083136,3.0759609714636653e-06
589.074,0.014286716953587688,0.009516736025517619,589.325,0.00794908049664152,3.083056673315332e-06
589.174,0.01430097248209869,0.009517104334798828,589.425,0.007958292782501718,3.0901605201344703e-06
589.174,0.01430097248209869,0.009517104334798828,589.525,0.007967505068411896,3.097272511818924e-06
589.374,0.014316930352441986,0.009515770056788104,589.625,0.007976717354372071,3.1043926482665976e-06
589.474,0.014328609271815665,0.00951712472583462,589.725,0.007985929640382217,3.111520929375359e-06
589.474,0.014328609271815665,0.00951712472583462,589.825,0.007995141926442342,3.1186573550431105e-06
589.674,0.01434442578326388,0.009515729960503741,589.925,0.00800435421255244,3.125801925167739e-06
589.774,0.014356246057980747,0.009517145190134435,590.025,0.00801356649871248,3.132954639647119e-06
589.774,0.014356246057980747,0.009517145190134435,590.125,0.008022778784922437,3.1401154983791247e-06
589.974,0.014374670589026639,0.009517158873737405,590.225,0.008031991071182378,3.1472845012616954e-06
589.974,0.014374670589026639,0.009517158873737405,590.325,0.008041203357492217,3.154461648192673e-06
590.174,0.014391296254547842,0.009516414995541053,590.425,0.008050415643851977,3.1616469390699705e-06
590.274,0.01440230737408991,0.009517179460228791,590.525,0.008059627930261647,3.1688403737914814e-06
590.274,0.01440230737408991,0.009517179460228791,590.625,0.008068840216721202,3.176041952255088e-06
590.474,0.01441893304479683,0.009516435624842485,590.725,0.008078052503230675,3.1832516743587205e-06
590.574,0.014429944166622816,0.00951720012000376,590.825,0.008087264789790017,3.1904695400002433e-06
590.574,0.014429944166622816,0.00951720012000376,590.925,0.008096477076399253,3.197695549077595e-06
590.774,0.014446387408569893,0.00951627744173677,591.025,0.008105689363058376,3.204929701488657e-06
590.874,0.01445758096211294,0.009517220853057826,591.125,0.008114901649767338,3.212171997131315e-06
590.874,0.01445758096211294,0.009517220853057826,591.225,0.008124113936526137,3.2194224359034727e-06
591.074,0.014474303066739812,0.009516420065673624,591.325,0.008133326223334765,3.2266810177030403e-06
591.174,0.014488121468168419,0.009516430480398826,591.425,0.008142538510193269,3.233947742427957e-06
591.174,0.014488121468168419,0.009516430480398826,591.525,0.008151750797101585,3.2412226099760968e-06
591.374,0.014501987852757293,0.009516494202818615,591.625,0.008160963084059681,3.24850562024535e-06
591.374,0.014501987852757293,0.009516494202818615,591.725,0.00817017537106761,3.255796773133661e-06
591.474,0.014515229808820536,0.009517392526737953,591.825,0.008179387658125332,3.2630960685389292e-06
591.674,0.01453623188171805,0.009516420074609866,591.925,0.008188599945232829,3.270403506359051e-06
591.674,0.01453623188171805,0.009516420074609866,592.025,0.008197812232390125,3.2777190864919736e-06
591.874,0.014550105285564873,0.009516504246143673,592.125,0.008207024519597173,3.285042808835574e-06
591.974,0.01456459260316353,0.009516484478180381,592.225,0.008216236806854018,3.2923746732878065e-06
591.974,0.01456459260316353,0.009516484478180381,592.325,0.008225449094160618,3.2997146797465726e-06
592.174,0.014577742077597284,0.00951652529528489,592.425,0.00823466138151696,3.3070628281097737e-06
592.374,0.014596166606776944,0.009516539368798744,592.525,0.008243873668923058,3.314419118275368e-06
592.374,0.014596166606776944,0.009516539368798744,592.625,0.008253085956378848,3.321783550141219e-06
592.474,0.014610653917362416,0.009516519657199981,592.725,0.008262298243884397,3.329156123605309e-06
592.474,0.014610653917362416,0.009516519657199981,592.825,0.008271510531439652,3.336536838565521e-06
592.674,0.014624479312196362,0.009516550629648098,592.925,0.008280722819044642,3.3439256949198224e-06
592.774,0.014638242701398524,0.009516487566264291,593.025,0.008289935106699278,3.3513226925660676e-06
592.774,0.014638242701398524,0.009516487566264291,593.125,0.008299147394403617,3.358727831402238e-06
592.974,0.014652116108327054,0.00951657187115923,593.225,0.008308359682157629,3.366141111326243e-06
593.074,0.014667614787210065,0.009517887585877995,593.325,0.0083175719699613,3.3735625322360188e-06
593.074,0.014667614787210065,0.009517887585877995,593.425,0.008326784257814607,3.3809920940294757e-06
593.274,0.01468245156646282,0.009517870009242355,593.525,0.008335996545717593,3.3884297966045826e-06
593.374,0.014695251566966236,0.009517908940735325,593.625,0.00834520883367021,3.3958756398592398e-06
593.374,0.014695251566966236,0.009517908940735325,593.725,0.00835442112167241,3.4033296236913636e-06
593.574,0.014709076970004014,0.009517940027302862,593.825,0.008363633409724295,3.410791747998962e-06
593.674,0.014722895366311708,0.00951795075034029,593.925,0.008372845697825754,3.4182620126799e-06
593.674,0.014722895366311708,0.00951795075034029,594.025,0.008382057985976852,3.4257404176321738e-06
593.874,0.014741319894942869,0.00951796507633206,594.125,0.008391270274177506,3.4332269627536715e-06
593.874,0.014741319894942869,0.00951796507633206,594.225,0.008400482562427772,3.4407216479423705e-06
594.074,0.014756149675994366,0.009517927190665227,594.325,0.00840969485072765,3.4482244730962132e-06
594.174,0.0147689074846395,0.00951858522406847,594.425,0.008418907139077085,3.4557354381131274e-06
594.174,0.0147689074846395,0.00951858522406847,594.525,0.0084281194274761,3.463254542891079e-06
594.374,0.014783786475344524,0.009517948768031704,594.625,0.00843733171592466,3.470781787327997e-06
594.474,0.014796559946817786,0.00951719918431552,594.725,0.008446544004422752,3.4783171713218115e-06
594.474,0.014796559946817786,0.00951719918431552,594.825,0.008455756292970407,3.485860694770506e-06
594.674,0.014811423268000296,0.009517970418639584,594.925,0.008464968581567566,3.4934123575719998e-06
594.674,0.014811423268000296,0.009517970418639584,595.025,0.008474180870214273,3.50097215962428e-06
594.774,0.01482320489319271,0.009517331493611345,595.125,0.008483393158910457,3.5085401008252457e-06
594.974,0.014841821433800535,0.009517087814227053,595.225,0.008492605447656128,3.5161161810728866e-06
594.974,0.014841821433800535,0.009517087814227053,595.325,0.008501817736451313,3.5237004002651607e-06
595.174,0.01485741598583838,0.009518543371965085,595.425,0.008511030025295989,3.531292758300027e-06
595.174,0.01485741598583838,0.009518543371965085,595.525,0.008520242314190157,3.5388932550754413e-06
595.374,0.014874864193299968,0.009517260798894308,595.625,0.008529454603133793,3.546501890489345e-06
595.474,0.014887882763326076,0.009517124188579185,595.725,0.008538666892126904,3.5541186644397214e-06
595.474,0.014887882763326076,0.009517124188579185,595.825,0.008547879181169416,3.5617435768244703e-06
595.674,0.014902500990389362,0.009517282685565082,595.925,0.008557091470261425,3.5693766275416544e-06
595.774,0.014915175929612973,0.009517034319357444,596.025,0.008566303759402856,3.577017816489181e-06
595.774,0.014915175929612973,0.009517034319357444,596.125,0.008575516048593723,3.584667143565014e-06
595.974,0.014929337963091094,0.00951715709955681,596.225,0.008584728337834002,3.592324608667126e-06
595.974,0.014929337963091094,0.00951715709955681,596.325,0.008593940627123693,3.599990211693482e-06
596.174,0.014947762488455718,0.009517171779483179,596.425,0.008603152916462804,3.6076639525420675e-06
596.274,0.014961237260619143,0.009517071016760836,596.525,0.008612365205851293,3.6153458311108227e-06
596.274,0.014961237260619143,0.009517071016760836,596.625,0.008621577495289173,3.6230358472977363e-06
596.474,0.014975399288730585,0.00951719386045548,596.725,0.008630789784776412,3.6307340010007596e-06
596.574,0.014988890937648231,0.009517110822595182,596.825,0.008640002074313003,3.638440292117891e-06
596.574,0.014988890937648231,0.009517110822595182,596.925,0.008649214363898977,3.6461547205471053e-06
596.774,0.01500270932807449,0.009517121908280543,597.025,0.008658426653534284,3.653877286186363e-06
596.974,0.015021233880121639,0.009517207022004136,597.125,0.008667638943218928,3.66160798893364e-06
596.974,0.015021233880121639,0.009517207022004136,597.225,0.008676851232952896,3.669346828686917e-06
597.074,0.015035640279000936,0.00951752230355422,597.325,0.008686063522736197,3.6770938053441925e-06
597.074,0.015035640279000936,0.00951752230355422,597.425,0.008695275812568785,3.684848918803416e-06
597.274,0.015048870678813515,0.009517229296985629,597.525,0.008704488102450695,3.692612168962608e-06
597.374,0.015063277077266487,0.009517544614775515,597.625,0.008713700392381906,3.7003835557197365e-06
597.374,0.015063277077266487,0.009517544614775515,597.725,0.008722912682362399,3.7081630789727848e-06
597.574,0.01507709547716531,0.009517555797930054,597.825,0.008732124972392204,3.7159507386197595e-06
597.674,0.015090913884213868,0.009517566999176491,597.925,0.008741337262471236,3.7237465345585967e-06
597.674,0.015090913884213868,0.009517566999176491,598.025,0.008750549552599577,3.7315504666873546e-06
597.874,0.015104732286671124,0.009517578218968812,598.125,0.008759761842777155,3.739362534903974e-06
597.874,0.015104732286671124,0.009517578218968812,598.225,0.008768974133003968,3.747182739106445e-06
598.074,0.015123156810489946,0.009517593207003388,598.325,0.008778186423280002,3.755011079192765e-06
598.174,0.015136975212033174,0.00951760446925946,598.425,0.008787398713605293,3.7628475550609678e-06
598.174,0.015136975212033174,0.00951760446925946,598.525,0.008796611003979759,3.770692166608989e-06
598.374,0.01515079360833933,0.009517615750047071,598.625,0.008805823294403485,3.7785449137348838e-06
598.474,0.015165964845358586,0.009517697552849851,598.725,0.008815035584876384,3.786405796336593e-06
598.474,0.015165964845358586,0.009517697552849851,598.825,0.008824247875398488,3.7942748143121576e-06
598.674,0.015178430407825438,0.009517638366328065,598.925,0.008833460165969774,3.8021519675595615e-06
598.774,0.015193601649206329,0.009517720201597805,599.025,0.008842672456590235,3.810037255976803e-06
598.774,0.015193601649206329,0.009517720201597805,599.125,0.008851884747259875,3.817930679461912e-06
598.974,0.015206067209561578,0.009517661055860516,599.225,0.008861097037978662,3.82583223791285e-06
598.974,0.015206067209561578,0.009517661055860516,599.325,0.008870309328746571,3.833741931227626e-06
599.174,0.015226072997316799,0.009517839171168614,599.425,0.008879521619563676,3.841659759304304e-06
599.274,0.015239662987908936,0.009517758112182272,599.525,0.008888733910429894,3.849585722040839e-06
599.274,0.015239662987908936,0.009517758112182272,599.625,0.008897946201345243,3.8575198193352615e-06
599.474,0.015253709801949804,0.009517861975416231,599.725,0.008907158492309759,3.86546205108562e-06
599.574,0.01526752820253246,0.00951787340489269,599.825,0.008916370783323344,3.873412417189849e-06
599.574,0.01526752820253246,0.00951787340489269,599.925,0.00892558307438601,3.881370917545986e-06
599.774,0.01528134659658041,0.009517884852883088,600.025,0.008934795365497782,3.889337552052054e-06
599.874,0.015294884487766036,0.009517978223685658,600.125,0.008944007656658632,3.8973123206060594e-06
599.874,0.015294884487766036,0.009517978223685658,600.225,0.00895321994786855,3.905295223106017e-06
600.074,0.015308983394904618,0.0095179078035407,600.325,0.008962432239127542,3.91328625944997e-06
600.274,0.015327407939711869,0.009517923144668814,600.425,0.008971644530435573,3.921285429535898e-06
600.274,0.015327407939711869,0.009517923144668814,600.525,0.008980856821792685,3.929292733261881e-06
600.374,0.0153403684639398,0.009517874020695791,600.625,0.008990069113198825,3.937308170525883e-06
600.374,0.0153403684639398,0.009517874020695791,600.725,0.008999281404653987,3.945331741225941e-06
600.574,0.015354764247944786,0.009518028116878763,600.825,0.009008493696158167,3.953363445260092e-06
600.674,0.01536951053361648,0.009519099491263155,600.925,0.009017705987711337,3.9614032825263375e-06
600.674,0.01536951053361648,0.009519099491263155,601.025,0.009026918279313543,3.969451252922747e-06
600.874,0.015387524459666544,0.00952133874886995,601.125,0.00903613057096476,3.977507356347333e-06
600.874,0.015387524459666544,0.00952133874886995,601.225,0.009045342862664922,3.985571592698087e-06
601.074,0.015402330965024762,0.009519269174445098,601.325,0.009054555154414069,3.993643961873074e-06
601.174,0.015415700158143142,0.009521668490343313,601.425,0.009063767446212203,4.001724463770333e-06
601.174,0.015415700158143142,0.009521668490343313,601.525,0.009072979738059254,4.009813098287856e-06
601.374,0.01542992909515081,0.009519456215974019,601.625,0.009082192029955284,4.017909865323716e-06
601.474,0.01544333695893807,0.009521691789219742,601.725,0.009091404321900247,4.026014764775931e-06
601.474,0.01544333695893807,0.009521691789219742,601.825,0.009100616613894165,4.034127796542565e-06
601.674,0.015457155359651144,0.009521703466207173,601.925,0.009109828905937003,4.042248960521635e-06
601.774,0.015470973767573821,0.009521715161319081,602.025,0.009119041198028753,4.0503782566111725e-06
601.774,0.015470973767573821,0.009521715161319081,602.125,0.009128253490169417,4.058515684709231e-06
601.974,0.01548479217228575,0.009521726874898735,602.225,0.009137465782358986,4.066661244713851e-06
602.174,0.01550321671431612,0.009521742521348735,602.325,0.009146678074597445,4.074814936523074e-06
602.174,0.01550321671431612,0.009521742521348735,602.425,0.00915589036688482,4.082976760034969e-06
602.274,0.015517035122024726,0.009521754277411587,602.525,0.009165102659221045,4.091146715147543e-06
602.274,0.015517035122024726,0.009521754277411587,602.625,0.00917431495160615,4.099324801758859e-06
602.474,0.015530853527768507,0.009521766051984562,602.725,0.009183527244040089,4.107511019766956e-06
602.574,0.015546215371392886,0.009522200232122835,602.825,0.00919273953652289,4.115705369069894e-06
602.574,0.015546215371392886,0.009522200232122835,602.925,0.009201951829054547,4.1239078495657354e-06
602.774,0.015560033777098954,0.009522212049617906,603.025,0.009211164121635003,4.132118461152489e-06
602.874,0.015573852188669754,0.009522223885210866,603.125,0.009220376414264304,4.140337203728253e-06
602.874,0.015573852188669754,0.009522223885210866,603.225,0.009229588706942427,4.148564077191077e-06
603.074,0.015587670590344063,0.009522235739269686,603.325,0.009238800999669356,4.156799081438998e-06
603.174,0.015601765752630746,0.009522307327215162,603.425,0.009248013292445078,4.165042216370082e-06
603.174,0.015601765752630746,0.009522307327215162,603.525,0.009257225585269563,4.173293481882362e-06
603.374,0.015615584160873743,0.009522319218379845,603.625,0.009266437878142854,4.181552877873948e-06
603.374,0.015615584160873743,0.009522319218379845,603.725,0.009275650171064936,4.189820404242886e-06
603.574,0.01563400869201958,0.009522335101573156,603.825,0.009284862464035747,4.198096060887187e-06
603.674,0.01564782709291395,0.009522347035222957,603.925,0.009294074757055343,4.206379847704979e-06
603.674,0.01564782709291395,0.009522347035222957,604.025,0.00930328705012367,4.214671764594281e-06
603.874,0.0156616454912153,0.009522358987331302,604.125,0.009312499343240774,4.222971811453222e-06
603.974,0.01567546389624288,0.009522370957555946,604.225,0.00932171163640655,4.2312799881797746e-06
603.974,0.01567546389624288,0.009522370957555946,604.325,0.009330923929621095,4.2395962946720905e-06
604.174,0.015689282304658655,0.009522382946284018,604.425,0.009340136222884331,4.247920730828192e-06
604.274,0.015703100711093747,0.009522394953112998,604.525,0.009349348516196277,4.256253296546182e-06
604.274,0.015703100711093747,0.009522394953112998,604.625,0.009358560809556892,4.264593991724083e-06
604.474,0.015721525253882294,0.009522410990774634,604.725,0.009367773102966208,4.272942816260019e-06
604.474,0.015721525253882294,0.009522410990774634,604.825,0.0093769853964242,4.281299770052044e-06
604.674,0.01573534365311155,0.009522423040457433,604.925,0.009386197689930886,4.289664852998252e-06
604.774,0.015749162055526754,0.00952243510825015,605.025,0.0093954099834862,4.298038064996689e-06
604.774,0.015749162055526754,0.00952243510825015,605.125,0.009404622277090172,4.306419405945439e-06
604.974,0.015762980467336162,0.009522447194523226,605.225,0.009413834570742808,4.31480887574262e-06
605.074,0.015777355935385,0.009522665449081187,605.325,0.009423046864444038,4.323206474286246e-06
605.074,0.015777355935385,0.009522665449081187,605.425,0.00943225915819392,4.3316122014744594e-06
605.274,0.015790617279286115,0.009522471421736544,605.525,0.009441471451992428,4.340026057205331e-06
605.374,0.015811957174198882,0.00952235571846715,605.625,0.009450683745839522,4.348448041376922e-06
605.374,0.015811957174198882,0.00952235571846715,605.725,0.009459896039735231,4.356878153887338e-06
605.574,0.015818254087785328,0.009522495722111024,605.825,0.009469108333679548,4.36531639463468e-06
605.674,0.015839593984356973,0.009522379962421758,605.925,0.009478320627672414,4.373762763516984e-06
605.674,0.015839593984356973,0.009522379962421758,606.025,0.009487532921713872,4.382217260432387e-06
605.874,0.01585663727716983,0.009522018965964123,606.125,0.0094967452158039,4.390679885278981e-06
605.874,0.01585663727716983,0.009522018965964123,606.225,0.009505957509942481,4.399150637954836e-06
606.074,0.015871836931356836,0.009522408339599093,606.325,0.009515169804129631,4.407629518358074e-06
606.174,0.015884274087231864,0.009522043325080831,606.425,0.009524382098365328,4.416116526386764e-06
606.174,0.015884274087231864,0.009522043325080831,606.525,0.009533594392649539,4.424611661938991e-06
606.374,0.01590087276138633,0.009522712208177072,606.625,0.009542806686982298,4.4331149249129095e-06
606.474,0.015914674425348663,0.009523100284119653,606.725,0.009552018981363533,4.441626315206538e-06
606.474,0.015914674425348663,0.009523100284119653,606.825,0.009561231275793298,4.450145832718041e-06
606.674,0.01593076746627917,0.009523482473957436,606.925,0.009570443570271526,4.458673477345458e-06
606.774,0.015942078159121683,0.009524740020552973,607.025,0.009579655864798245,4.4672092489869305e-06
606.774,0.015942078159121683,0.009524740020552973,607.125,0.009588868159373482,4.475753147540588e-06
606.974,0.01595845543115903,0.009523448673230895,607.225,0.009598080453997172,4.484305172904497e-06
607.074,0.015969714976030926,0.009524764620109306,607.325,0.009607292748669305,4.492865324976764e-06
607.074,0.015969714976030926,0.009524764620109306,607.425,0.009616505043389893,4.501433603655518e-06
607.274,0.015989930201806692,0.009525000795563395,607.525,0.00962571733815892,4.510010008838853e-06
607.274,0.015989930201806692,0.009525000795563395,607.625,0.009634929632976416,4.518594540424896e-06
607.474,0.016005148350837575,0.009525292967086966,607.725,0.009644141927842338,4.527187198311734e-06
607.574,0.01601756701770118,0.009525025520490104,607.825,0.0096533542227567,4.535787982397512e-06
607.574,0.01601756701770118,0.009525025520490104,607.925,0.00966256651771945,4.544396892580297e-06
607.774,0.016032785172069176,0.009525317737535134,608.025,0.0096717788127306,4.553013928758227e-06
607.874,0.016045203834522907,0.00952505031855666,608.125,0.009680991107790197,4.561639090829464e-06
607.874,0.016045203834522907,0.00952505031855666,608.225,0.00969020340289816,4.570272378692057e-06
608.074,0.01606042198350359,0.009525342581158813,608.325,0.009699415698054504,4.578913792244161e-06
608.174,0.016074242992057036,0.009525355885534149,608.425,0.009708627993259191,4.58756333138387e-06
608.174,0.016074242992057036,0.009525355885534149,608.525,0.00971784028851225,4.5962209960093255e-06
608.374,0.016088058787748116,0.00952536749790217,608.625,0.009727052583813652,4.604886786018631e-06
608.374,0.016088058787748116,0.00952536749790217,608.725,0.0097362648791634,4.61356070130994e-06
608.574,0.016106483331971167,0.00952538414966779,608.825,0.009745477174561472,4.62224274178135e-06
608.674,0.016120028523080532,0.00952524559702961,608.925,0.00975468947000786,4.630932907330983e-06
608.674,0.016120028523080532,0.00952524559702961,609.025,0.009763901765502582,4.639631197856996e-06
608.874,0.01613412015028495,0.009525409188289664,609.125,0.009773114061045588,4.648337613257478e-06
608.974,0.01614626563764177,0.009524990823873074,609.225,0.009782326356636952,4.657052153430651e-06
608.974,0.01614626563764177,0.009524990823873074,609.325,0.009791538652276556,4.665774818274535e-06
609.174,0.016161799552230315,0.009525481538722038,609.425,0.009800750947964473,4.6745056076873245e-06
609.274,0.016175302159266325,0.009525295818939373,609.525,0.009809963243700655,4.6832445215671355e-06
609.274,0.016175302159266325,0.009525295818939373,609.625,0.009819175539485128,4.691991559812131e-06
609.474,0.016189120572072835,0.009525308420216832,609.725,0.00982838783531786,4.700746722320421e-06
609.574,0.01620153927816676,0.009525041174109908,609.825,0.009837600131198849,4.709510008990149e-06
609.574,0.01620153927816676,0.009525041174109908,609.925,0.009846812427128029,4.718281419719418e-06
609.774,0.016221596604658765,0.009524826371774556,610.025,0.00985602472310548,4.727060954406423e-06
609.774,0.016221596604658765,0.009524826371774556,610.125,0.009865237019131133,4.735848612949265e-06
609.974,0.01623518193249803,0.009525350556140942,610.225,0.009874449315205014,4.744644395246116e-06
610.074,0.016249233418705274,0.009524851712985168,610.325,0.00988366161132709,4.753448301195098e-06
610.074,0.016249233418705274,0.009524851712985168,610.425,0.00989287390749738,4.7622603306943815e-06
610.274,0.016262818748577455,0.009525375935198678,610.525,0.009902086203715847,4.771080483642081e-06
610.374,0.016276870237689516,0.009524877127310887,610.625,0.009911298499982494,4.779908759936358e-06
610.374,0.016276870237689516,0.009524877127310887,610.725,0.0099205107962973,4.788745159475356e-06
610.574,0.01629529478120049,0.00952489411080109,610.825,0.009929723092660294,4.797589682157251e-06
610.574,0.01629529478120049,0.00952489411080109,610.925,0.009938935389071415,4.806442327880153e-06
610.774,0.016309113183822235,0.009524906869855791,611.025,0.00994814768553073,4.815303096542282e-06
610.874,0.01632293159430117,0.009524919646977364,611.125,0.009957359982038175,4.82417198804175e-06
610.874,0.01632293159430117,0.009524919646977364,611.225,0.009966572278593742,4.83304900227669e-06
611.074,0.016336749998594486,0.009524932442578649,611.325,0.009975784575197454,4.841934139145307e-06
611.174,0.016350515139074585,0.009524912673195211,611.425,0.009984996871849259,4.850827398545716e-06
611.174,0.016350515139074585,0.009524912673195211,611.525,0.009994209168549147,4.85972878037608e-06
611.374,0.01636438681455712,0.009524958088439103,611.625,0.010003421465297141,4.868638284534581e-06
611.474,0.01637797964746016,0.00952476914161408,611.725,0.01001263376209323,4.877555910919378e-06
611.474,0.01637797964746016,0.00952476914161408,611.825,0.010021846058937396,4.886481659428614e-06
611.674,0.01639202362962438,0.009524983807369776,611.925,0.010031058355829644,4.895415529960478e-06
611.874,0.016412810704902765,0.00952706229961319,612.025,0.010040270652769941,4.904357522413116e-06
611.874,0.016412810704902765,0.00952706229961319,612.125,0.010049482949758286,4.913307636684693e-06
611.974,0.016426403455677852,0.00952687334359464,612.225,0.010058695246794681,4.9222658726734074e-06
611.974,0.016426403455677852,0.00952687334359464,612.325,0.010067907543879116,4.9312322302774e-06
612.174,0.016440275146114812,0.009526918871617029,612.425,0.010077119841011551,4.940206709394823e-06
612.274,0.016453436820022066,0.00952641735423103,612.525,0.01008633213819203,4.949189309923888e-06
612.274,0.016453436820022066,0.00952641735423103,612.625,0.010095544435420512,4.958180031762754e-06
612.474,0.016467911972640154,0.009526944796586428,612.725,0.010104756732696977,4.967178874809576e-06
612.574,0.01648016853708641,0.009525720560613574,612.825,0.010113969030021461,4.976185838962573e-06
612.574,0.01648016853708641,0.009525720560613574,612.925,0.010123181327393923,4.985200924119878e-06
612.774,0.01649549551007582,0.00952693820158231,613.025,0.010132393624814367,4.994224130179697e-06
612.874,0.016507212379317925,0.009525092178202023,613.125,0.01014160592228278,5.003255457040202e-06
612.874,0.016507212379317925,0.009525092178202023,613.225,0.010150818219799155,5.012294904599588e-06
613.074,0.01652162376220397,0.009525759634521234,613.325,0.010160030517363475,5.021342472756011e-06
613.174,0.016534849197506262,0.009525118257824197,613.425,0.010169242814975735,5.030398161407655e-06
613.174,0.016534849197506262,0.009525118257824197,613.525,0.010178455112635933,5.039461970452725e-06
613.374,0.016553273750217236,0.009525135684816268,613.625,0.010187667410344044,5.0485338997893825e-06
613.374,0.016553273750217236,0.009525135684816268,613.725,0.010196879708100074,5.05761394931582e-06
613.574,0.016567685139359002,0.00952580324275859,613.825,0.010206092005904046,5.066702118930272e-06
613.674,0.01658091057573989,0.009525161886289338,613.925,0.010215304303755854,5.075798408530816e-06
613.674,0.01658091057573989,0.009525161886289338,614.025,0.010224516601655577,5.084902818015736e-06
613.874,0.01659472897844421,0.00952517501450008,614.125,0.010233728899603193,5.0940153472832204e-06
613.974,0.016608547393374116,0.009525188160807763,614.225,0.010242941197598669,5.103135996231425e-06
613.974,0.016608547393374116,0.009525188160807763,614.325,0.010252153495642034,5.112264764758587e-06
614.174,0.016622365805624637,0.009525201325558959,614.425,0.010261365793733244,5.121401652762862e-06
614.174,0.016622365805624637,0.009525201325558959,614.525,0.010270578091872323,5.130546660142492e-06
614.374,0.016640790362572166,0.009525218906854338,614.625,0.010279790390059189,5.13969978679559e-06
614.374,0.016640790362572166,0.009525218906854338,614.725,0.010289002688293932,5.148861032620464e-06
614.574,0.016659214911347454,0.009525236520634578,614.825,0.010298214986576485,5.158030397515254e-06
614.674,0.01667080416711176,0.009521882137635197,614.925,0.010307427284906873,5.167207881378179e-06
614.674,0.01667080416711176,0.009521882137635197,615.025,0.010316639583285006,5.176393484107381e-06
614.874,0.016686851730647382,0.00952526300220478,615.125,0.010325851881710991,5.185587205601178e-06
614.974,0.016698440989911533,0.0095219086519029,615.225,0.010335064180184749,5.194789045757696e-06
614.974,0.016698440989911533,0.0095219086519029,615.325,0.010344276478706275,5.203999004475154e-06
615.174,0.01671640287985002,0.009524344140380099,615.425,0.010353488777275615,5.213217081651806e-06
615.274,0.0167302212915307,0.00952435746073972,615.525,0.010362701075892681,5.222443277185773e-06
615.274,0.0167302212915307,0.00952435746073972,615.625,0.010371913374557519,5.2316775909753445e-06
615.474,0.01674460789161762,0.00952414122314411,615.725,0.010381125673270104,5.240920022918702e-06
615.574,0.0167604775768264,0.009524240756409216,615.825,0.010390337972030407,5.250170572914038e-06
615.574,0.0167604775768264,0.009524240756409216,615.925,0.010399550270838435,5.2594292408596006e-06
615.774,0.016779371165020443,0.00952399602523472,616.025,0.010408762569694207,5.268696026653621e-06
615.774,0.016779371165020443,0.00952399602523472,616.125,0.01041797486859766,5.2779709301942496e-06
615.974,0.016792720548285844,0.009524272012261574,616.225,0.010427187167548835,5.287253951379763e-06
616.074,0.016807007989846783,0.009524022850919595,616.325,0.010436399466547735,5.296545090108392e-06
616.074,0.016807007989846783,0.009524022850919595,616.425,0.010445611765594267,5.305844346278278e-06
616.274,0.01682092572110727,0.009524069264097351,616.525,0.010454824064688489,5.315151719787704e-06
616.374,0.01683464481453451,0.009524049749627346,616.625,0.010464036363830366,5.324467210534876e-06
616.374,0.01683464481453451,0.009524049749627346,616.725,0.010473248663019923,5.333790818418048e-06
616.574,0.016849785083879146,0.009524581018929786,616.825,0.010482460962257138,5.343122543335413e-06
616.674,0.016864068490790238,0.00952475261140597,616.925,0.010491673261541984,5.352462385185201e-06
616.674,0.016864068490790238,0.00952475261140597,617.025,0.010500885560874468,5.361810343865646e-06
616.874,0.01688249304593468,0.009524770635354524,617.125,0.010510097860254575,5.371166419274979e-06
616.874,0.01688249304593468,0.009524770635354524,617.225,0.010519310159682303,5.380530611311435e-06
617.074,0.01689634268391735,0.009524818367090756,617.325,0.010528522459157667,5.389902919873263e-06
617.174,0.0169101298741225,0.009524797732135572,617.425,0.010537734758680613,5.39928334485866e-06
617.174,0.0169101298741225,0.009524797732135572,617.525,0.010546947058251136,5.408671886165858e-06
617.374,0.016924547930466084,0.009524615883955185,617.625,0.010556159357869252,5.418068543693116e-06
617.474,0.016937149271166494,0.009525189722823065,617.725,0.010565371657534975,5.427473317338701e-06
617.474,0.016937149271166494,0.009525189722823065,617.825,0.010574583957248255,5.4368862070008e-06
617.674,0.016952184756634597,0.009524643088201406,617.925,0.010583796257009077,5.446307212577657e-06
617.774,0.01696475487671194,0.009525182768277247,618.025,0.010593008556817465,5.455736333967543e-06
617.774,0.01696475487671194,0.009525182768277247,618.125,0.010602220856673386,5.465173571068675e-06
617.974,0.016979172931480834,0.009525000990767526,618.225,0.010611433156576859,5.474618923779313e-06
618.174,0.0169975974815616,0.00952501921373046,618.325,0.010620645456527794,5.484072391997648e-06
618.174,0.0169975974815616,0.00952501921373046,618.425,0.010629857756526279,5.493533975621993e-06
618.274,0.017010847477538598,0.009525262518633226,618.525,0.010639070056572294,5.50300367455059e-06
618.274,0.017010847477538598,0.009525262518633226,618.625,0.010648282356665784,5.512481488681647e-06
618.474,0.01702523431474086,0.009525046609020413,618.725,0.010657494656806758,5.521967417913441e-06
618.574,0.01703761034767043,0.009527170140591084,618.825,0.01066670695699523,5.531461462144219e-06
618.574,0.01703761034767043,0.009527170140591084,618.925,0.010675919257231156,5.540963621272245e-06
618.774,0.01705287114314133,0.00952507407733909,619.025,0.010685131557514563,5.550473895195766e-06
618.874,0.01706524718288197,0.00952719762418132,619.125,0.010694343857845436,5.559992283813039e-06
618.874,0.01706524718288197,0.00952719762418132,619.225,0.010703556158223734,5.569518787022299e-06
619.074,0.017080507974664184,0.00952510161870697,619.325,0.010712768458649496,5.5790534047218275e-06
619.174,0.017093452526896893,0.009526995561158547,619.425,0.010721980759122698,5.588596136809886e-06
619.174,0.017093452526896893,0.009526995561158547,619.525,0.010731193059643339,5.5981469831847325e-06
619.374,0.017111877083419904,0.00952701396972537,619.625,0.010740405360211357,5.607705943744588e-06
619.374,0.017111877083419904,0.00952701396972537,619.725,0.01074961766082679,5.6172730183877596e-06
619.574,0.01712569550527185,0.009527027797560523,619.825,0.010758829961489599,5.626848207012464e-06
619.674,0.017139513917441947,0.009527041643447628,619.925,0.010768042262199825,5.636431509517018e-06
619.674,0.017139513917441947,0.009527041643447628,620.025,0.010777254562957394,5.64602292579964e-06
619.874,0.017153332332128894,0.00952705550780092,620.125,0.010786466863762336,5.655622455758623e-06
619.974,0.017167467823675113,0.009527046128209597,620.225,0.010795679164614663,5.66523009929226e-06
619.974,0.017167467823675113,0.009527046128209597,620.325,0.010804891465514348,5.674845856298801e-06
620.174,0.01718128624038973,0.009527060029678354,620.425,0.010814103766461376,5.684469726676496e-06
620.174,0.01718128624038973,0.009527060029678354,620.525,0.010823316067455712,5.694101710323621e-06
620.374,0.01719971079960915,0.009527078593280836,620.625,0.010832528368497414,5.703741807138488e-06
620.474,0.017213529214741497,0.009527092537179371,620.725,0.010841740669586424,5.713390017019336e-06
620.474,0.017213529214741497,0.009527092537179371,620.825,0.01085095297072274,5.723046339864456e-06
620.674,0.017227347628082146,0.009527106499529779,620.925,0.010860165271906334,5.73271077557209e-06
620.774,0.01724116604211513,0.009527120479915198,621.025,0.010869377573137282,5.742383324040607e-06
620.774,0.01724116604211513,0.009527120479915198,621.125,0.010878589874415458,5.752063985168176e-06
620.974,0.01725528015561996,0.009527197820502332,621.225,0.010887802175740946,5.761752758853173e-06
621.074,0.017268802875448283,0.009527148495663421,621.325,0.010897014477113684,5.771449644993804e-06
621.074,0.017268802875448283,0.009527148495663421,621.425,0.010906226778533678,5.781154643488389e-06
621.274,0.017282916989214466,0.009527225870797507,621.525,0.01091543908000094,5.79086775423523e-06
621.474,0.017301045848200452,0.009527181273097353,621.625,0.010924651381515446,5.8005889771325904e-06
621.474,0.017301045848200452,0.009527181273097353,621.725,0.01093386368307719,5.810318312078764e-06
621.574,0.017314864268874835,0.009527195350840545,621.825,0.01094307598468614,5.820055758972015e-06
621.574,0.017314864268874835,0.009527195350840545,621.925,0.010952288286342336,5.829801317710683e-06
621.774,0.017328978381510065,0.0095272727835537,622.025,0.010961500588045722,5.8395549881930165e-06
621.874,0.017342569464790496,0.009527331840196879,622.125,0.010970712889796296,5.8493167703173075e-06
621.874,0.017342569464790496,0.009527331840196879,622.225,0.010979925191594068,5.859086663981875e-06
622.074,0.017356615224759543,0.009527301028573926,622.325,0.010989137493439037,5.868864669085013e-06
622.174,0.01737050200116314,0.009527423459973785,622.425,0.010998349795331172,5.878650785524997e-06
622.174,0.01737050200116314,0.009527423459973785,622.525,0.011007562097270468,5.888445013200134e-06
622.374,0.017384353945349665,0.009527477067204249,622.625,0.011016774399256926,5.89824735200874e-06
622.474,0.01739819529619271,0.009527497230635543,622.725,0.011025986701290553,5.908057801849118e-06
622.474,0.01739819529619271,0.009527497230635543,622.825,0.011035199003371299,5.917876362619535e-06
622.674,0.01741199078431931,0.009527505458151304,622.925,0.011044411305499224,5.927703034218354e-06
622.874,0.017431237418177887,0.009528183638996912,623.025,0.011053623607674264,5.937537816543833e-06
622.874,0.017431237418177887,0.009528183638996912,623.125,0.0110628359098964,5.947380709494257e-06
622.974,0.017444256701703034,0.009527544650009934,623.225,0.011072048212165663,5.9572317129679835e-06
622.974,0.017444256701703034,0.009527544650009934,623.325,0.011081260514482032,5.9670908268633e-06
623.174,0.017458930736200858,0.0095282575719878,623.425,0.011090472816845463,5.976958051078486e-06
623.274,0.017471893542344248,0.009527573198963298,623.525,0.011099685119255982,5.986833385511881e-06
623.274,0.017471893542344248,0.009527573198963298,623.625,0.01110889742171359,5.996716830061797e-06
623.474,0.017486567572308747,0.009528286157784728,623.725,0.011118109724218242,6.006608384626524e-06
623.574,0.01750038599367549,0.009528300477981541,623.825,0.011127322026769958,6.016508049104404e-06
623.574,0.01750038599367549,0.009528300477981541,623.925,0.011136534329368718,6.026415823393727e-06
623.774,0.01751420440473734,0.009528314816598478,624.025,0.011145746632014484,6.036331707392788e-06
623.874,0.017528022825367175,0.009528329173276132,624.125,0.01115495893470732,6.046255700999976e-06
623.874,0.017528022825367175,0.009528329173276132,624.225,0.011164171237447154,6.056187804113538e-06
624.074,0.017541841240171024,0.009528343548393067,624.325,0.011173383540234035,6.0661280166318716e-06
624.174,0.017555659656897735,0.00952835794156928,624.425,0.011182595843067892,6.076076338453224e-06
624.174,0.017555659656897735,0.00952835794156928,624.525,0.011191808145948792,6.086032769476e-06
624.374,0.01757408421690684,0.009528377160969511,624.625,0.01120102044887663,6.0959973095984195e-06
624.374,0.01757408421690684,0.009528377160969511,624.725,0.011210232751851474,6.105969958718884e-06
624.574,0.0175879026329634,0.00952839159690023,624.825,0.01121944505487331,6.115950716735726e-06
624.674,0.017601721057048637,0.009528406050882388,624.925,0.011228657357942103,6.125939583547225e-06
624.674,0.017601721057048637,0.009528406050882388,625.025,0.01123786966105783,6.135936559051709e-06
624.874,0.017615539474702478,0.009528420523316393,625.125,0.011247081964220524,6.145941643147559e-06
624.974,0.017629357893962392,0.009528435013792202,625.225,0.01125629426743015,6.155954835733067e-06
624.974,0.017629357893962392,0.009528435013792202,625.325,0.011265506570686713,6.165976136706581e-06
625.174,0.017643176304168867,0.009528449522691626,625.425,0.01127471887399016,6.176005545966391e-06
625.274,0.017656994724736863,0.009528464049662328,625.525,0.011283931177340554,6.186043063410907e-06
625.274,0.017656994724736863,0.009528464049662328,625.625,0.011293143480737837,6.196088688938419e-06
625.474,0.017671770905408165,0.009528248247440571,625.725,0.011302355784182011,6.206142422447264e-06
625.574,0.017684631567124888,0.009528493158510022,625.825,0.011311568087673082,6.216204263835812e-06
625.574,0.017684631567124888,0.009528493158510022,625.925,0.011320780391211016,6.226274213002357e-06
625.774,0.01770305612727085,0.009528512604958217,626.025,0.01132999269479582,6.236352269845263e-06
625.774,0.01770305612727085,0.009528512604958217,626.125,0.01133920499842753,6.246438434262928e-06
625.974,0.017717832301686467,0.009528296858033868,626.225,0.011348417302106041,6.2565327061535925e-06
626.074,0.0177306905286058,0.009528535493200544,626.325,0.01135762960583142,6.26663508541569e-06
626.074,0.0177306905286058,0.009528535493200544,626.425,0.01136684190960364,6.2767455719475315e-06
626.274,0.017745469141408617,0.009528326121667045,626.525,0.011376054213422694,6.2868641656474654e-06
626.374,0.01775841591033751,0.009528839219438529,626.625,0.011385266517288547,6.296990866413827e-06
626.374,0.01775841591033751,0.009528839219438529,626.725,0.0113944788212012,6.30712567414496e-06
626.574,0.017773103551752142,0.00952834911580996,626.825,0.011403691125160683,6.3172685887392756e-06
626.674,0.017786052756289465,0.00952886859366738,626.925,0.011412903429166949,6.327419610095074e-06
626.674,0.017786052756289465,0.00952886859366738,627.025,0.011422115733219985,6.337578738110705e-06
626.874,0.017804477326866998,0.009528888217015714,627.125,0.01143132803731982,6.347745972684558e-06
626.874,0.017804477326866998,0.009528888217015714,627.225,0.011440540341466415,6.357921313714969e-06
627.074,0.017819253527974675,0.009528672600496054,627.325,0.011449752645659766,6.3681047611002945e-06
627.174,0.01783211416691862,0.00952891771285952,627.425,0.011458964949899902,6.3782963147389375e-06
627.174,0.01783211416691862,0.00952891771285952,627.525,0.011468177254186748,6.388495974529188e-06
627.374,0.01784689036905128,0.009528702129489133,627.625,0.01147738955852037,6.398703740369464e-06
627.474,0.017859751008663542,0.009528947281629306,627.725,0.011486601862900682,6.408919612158074e-06
627.474,0.017859751008663542,0.009528947281629306,627.825,0.011495814167327712,6.41914358979342e-06
