MCL_Timestamp,MCL_X,MCL_Y,Odom_Timestamp,Odom_X,Odom_Y
505.386,0.006482165879112691,0.00954726126637755,505.652,0.0002394667597486628,3.635479213920251e-09
505.586,0.006504590712602635,0.009544790110729201,505.752,0.0002486790499609367,3.887077396877948e-09
505.586,0.006504590712602635,0.009544790110729201,505.852,0.0002578913275026065,4.146905994099284e-09
505.686,0.006510239262668121,0.009547446381026883,505.952,0.0002671035955549864,4.414964984573279e-09
505.886,0.006533514240874258,0.00954471856648022,506.052,0.00027631585650991157,4.6912543289739966e-09
505.886,0.006533514240874258,0.00954471856648022,506.152,0.0002855281121651582,4.975773973659696e-09
505.986,0.006540912591750094,0.009548752399975298,506.252,0.00029474036387150605,5.268523853816253e-09
506.186,0.006552653319553772,0.009547234062831438,506.352,0.0003039526126436464,5.569503895930276e-09
506.186,0.006552653319553772,0.009547234062831438,506.452,0.000313164859243363,5.878714019715418e-09
506.286,0.006567951209782214,0.009548516149131936,506.552,0.0003223771042425682,6.196154139636013e-09
506.486,0.006580289993461143,0.009547234818253763,506.652,0.0003315893480698902,6.5218241660663975e-09
506.486,0.006580289993461143,0.009547234818253763,506.752,0.0003408015910469085,6.855724006235044e-09
506.586,0.0065955878743541385,0.009548516924495508,506.852,0.00035001383341417923,7.197853564917098e-09
506.786,0.0066130927527963575,0.009548524985616827,506.952,0.00035922607535177265,7.548212745007818e-09
506.786,0.0066130927527963575,0.009548524985616827,507.052,0.00036843831699412974,7.906801447944874e-09
506.886,0.006623224533352248,0.009548517773921883,507.152,0.00037765055844154094,8.273619574045385e-09
507.086,0.006640131121330954,0.009548288876179869,507.252,0.0003868627997686725,8.648667022767504e-09
507.086,0.006640131121330954,0.009548288876179869,507.352,0.0003960750410308722,9.031943692904992e-09
507.186,0.006650820490368329,0.009548224328268433,507.452,0.00040528728226916735,9.423449482749693e-09
507.386,0.006667832805919815,0.009548315789445748,507.552,0.000414499523513726,9.823184290204217e-09
507.386,0.006667832805919815,0.009548315789445748,507.652,0.0004237117647865676,1.0231148012873716e-08
507.586,0.006682427734393055,0.009548681453371066,507.752,0.00043292400610387164,1.0647340548148606e-08
507.586,0.006682427734393055,0.009548681453371066,507.852,0.0004421362474772219,1.1071761793244287e-08
507.686,0.006695522858198075,0.009548358783790976,507.952,0.0004513484889148265,1.1504411645248239e-08
507.886,0.006710064395885377,0.009548682529863626,508.052,0.00046056073042240707,1.1945290001153346e-08
507.886,0.006710064395885377,0.009548682529863626,508.152,0.0004697729720039973,1.2394396757887895e-08
507.986,0.006723178631093928,0.00954812569692287,508.252,0.00047898521366209916,1.2851731812318781e-08
508.186,0.00674160307139796,0.00954812647813414,508.352,0.0004881974553983033,1.3317295061279842e-08
508.186,0.00674160307139796,0.00954812647813414,508.452,0.0004974096972134473,1.3791086401577508e-08
508.286,0.006750690391154773,0.009548040703405425,508.552,0.0005066219391079222,1.4273105730003893e-08
508.486,0.00676923972832426,0.009548127711622254,508.652,0.0005158341810815882,1.4763352943330852e-08
508.486,0.00676923972832426,0.009548127711622254,508.752,0.0005250464231342378,1.5261827938332642e-08
508.586,0.0067797916094852195,0.009548229649824507,508.852,0.0005342586652653983,1.576853061177428e-08
508.786,0.006796876388580627,0.009548129019181761,508.952,0.0005434709074744617,1.628346086041853e-08
508.786,0.006796876388580627,0.009548129019181761,509.052,0.0005526831497606441,1.6806618581022714e-08
508.886,0.006807428268687068,0.009548230992564105,509.152,0.0005618953921233157,1.7338003670355404e-08
509.086,0.00682445970213588,0.009548088478126842,509.252,0.0005711076345617598,1.7877616025184324e-08
509.086,0.00682445970213588,0.009548088478126842,509.352,0.0005803198770752356,1.8425455542281376e-08
509.186,0.0068350649320245765,0.009548232409357022,509.452,0.0005895321196629812,1.8981522118418896e-08
509.386,0.006852096362728973,0.009548089933598559,509.552,0.0005987443623242335,1.954581565037253e-08
509.386,0.006852096362728973,0.009548089933598559,509.652,0.0006079566050583866,2.011833603492975e-08
509.486,0.006862701592555356,0.009548233900171154,509.752,0.0006171688478647664,2.0699083168876144e-08
509.486,0.006862701592555356,0.009548233900171154,509.852,0.0006263810907426549,2.1288056948997605e-08
509.686,0.006879733020939359,0.009548091463122256,509.952,0.0006355933336914899,2.1885257272093237e-08
509.886,0.006893604700050929,0.009548134178825503,510.052,0.0006448055767106868,2.2490684034963304e-08
509.886,0.006893604700050929,0.009548134178825503,510.152,0.0006540178197996613,2.310433713441055e-08
509.986,0.006907385738877697,0.00954810380036529,510.252,0.00066323006295785,2.3726216467240062e-08
510.186,0.006921204066648078,0.009548104630023785,510.352,0.0006724423061848025,2.4356321930267927e-08
510.186,0.006921204066648078,0.009548104630023785,510.452,0.0006816545494800223,2.4994653420309274e-08
510.286,0.006937445605432689,0.009548971209790716,510.552,0.0006908667928429692,2.5641210834177494e-08
510.486,0.006951317295124321,0.009549014003806366,510.652,0.0007000790362733473,2.6295994068704765e-08
510.486,0.006951317295124321,0.009549014003806366,510.752,0.0007092912797706836,2.6959003020713894e-08
510.586,0.006965082271349392,0.009548972960587794,510.852,0.0007185035233345031,2.7630237587029904e-08
510.786,0.006983506697937297,0.009548974168938414,510.952,0.0007277157669644891,2.8309697664490967e-08
510.786,0.006983506697937297,0.009548974168938414,511.052,0.0007369280106603231,2.8997383149937234e-08
510.886,0.0069953807933226695,0.00954950760561583,511.152,0.0007461402544216193,2.9693293940205232e-08
511.086,0.0070111433508025555,0.009548976043130796,511.252,0.0007553524982480824,3.0397429932141916e-08
511.086,0.0070111433508025555,0.009548976043130796,511.352,0.0007645647421393279,3.110979102258883e-08
511.186,0.0070230174483902315,0.009549509513220608,511.452,0.0007737769860950812,3.183037710839586e-08
511.386,0.007039924975707957,0.009549281351746606,511.552,0.0007829892301151356,3.2559188086420675e-08
511.386,0.007039924975707957,0.009549281351746606,511.652,0.000792201474199217,3.3296223853516095e-08
511.486,0.00705065410157294,0.009549511494867756,511.752,0.0008014137183468959,3.404148430652558e-08
511.686,0.007067561625738339,0.00954928337271757,511.852,0.000810625962558166,3.4794969342328076e-08
511.686,0.007067561625738339,0.00954928337271757,511.952,0.0008198382068326643,3.5556678857773856e-08
511.786,0.007078290752457198,0.00954951355052864,512.052,0.0008290504511701169,3.632661274972363e-08
511.986,0.007095198288290182,0.009549285467713246,512.152,0.0008382626955704275,3.710477091505531e-08
511.986,0.007095198288290182,0.009549285467713246,512.252,0.0008474749400332559,3.789115325062664e-08
512.086,0.007105924161539471,0.00954953459626956,512.352,0.0008566871845585058,3.868575965331788e-08
512.286,0.007122834945383322,0.009549287636711506,512.452,0.0008658994291459259,3.948859002000022e-08
512.286,0.007122834945383322,0.009549287636711506,512.552,0.0008751116737954418,4.029964424756075e-08
512.486,0.00713665327373097,0.009549288749036579,512.652,0.0008843239185067586,4.111892223286738e-08
512.486,0.00713665327373097,0.009549288749036579,512.752,0.000893536163279712,4.1946423872801684e-08
512.586,0.00715046836007424,0.00954930879954084,512.852,0.0009027484081142067,4.278214906425206e-08
512.786,0.007164361923770134,0.00954936207420632,512.952,0.0009119606530100798,4.362609770410335e-08
512.786,0.007164361923770134,0.00954936207420632,513.052,0.0009211728979670796,4.4478269689233686e-08
512.886,0.007197575897807881,0.009520628581501201,513.152,0.0009303851429851996,4.533866491654438e-08
513.086,0.007196529455189356,0.009549312702600534,513.252,0.0009395973880641869,4.6207283282917024e-08
513.086,0.007196529455189356,0.009549312702600534,513.352,0.0009488096332040123,4.7084124685254584e-08
513.186,0.0072263328223187775,0.0095205258314295,513.452,0.0009580218784044024,4.796918902043758e-08
513.386,0.007243253744321227,0.00952029136179534,513.552,0.0009672341236653273,4.886247618537242e-08
513.386,0.007243253744321227,0.00952029136179534,513.652,0.0009764463689866691,4.9763986076957374e-08
513.486,0.007254962117180508,0.009521234028788635,513.752,0.0009856586143683528,5.067371859209784e-08
513.686,0.0072708904069875855,0.00952029358622393,513.852,0.000994870859810085,5.159167362767749e-08
513.686,0.0072708904069875855,0.00952029358622393,513.952,0.0010040831053119896,5.2517851080624735e-08
513.786,0.007281350097318578,0.009521148578897272,514.052,0.0010132953508738165,5.3452250847831436e-08
513.986,0.0072995957212692196,0.009521054087343085,514.152,0.0010225075964955118,5.4394872826210585e-08
513.986,0.0072995957212692196,0.009521054087343085,514.252,0.0010317198421769126,5.534571691266425e-08
514.086,0.0073125113692058255,0.009520195653119607,514.352,0.0010409320879179904,5.630478300411122e-08
514.286,0.007327232382423459,0.009521056455377432,514.452,0.0010501443337186276,5.72720709974608e-08
514.286,0.007327232382423459,0.009521056455377432,514.552,0.0010593565795788164,5.824758078963576e-08
514.386,0.007343250898218803,0.009519962446124906,514.652,0.0010685688254983491,5.923131227754026e-08
514.386,0.007343250898218803,0.009519962446124906,514.752,0.0010777810714772624,6.022326535810609e-08
514.586,0.007353544236119425,0.009520919102138961,514.852,0.0010869933175153283,6.122343992823799e-08
514.786,0.007372359563043909,0.009521344584919284,514.952,0.0010962055636125378,6.223183588486518e-08
514.786,0.007372359563043909,0.009521344584919284,515.052,0.0011054178097688859,6.324845312491972e-08
514.886,0.007389213780026024,0.009520251807402784,515.152,0.001114630055984119,6.427329154530637e-08
515.086,0.007403205974055671,0.009520019903395488,515.252,0.0011238423022583632,6.530635104297304e-08
515.086,0.007403205974055671,0.009520019903395488,515.352,0.001133054548591502,6.634763151484226e-08
515.186,0.0074137475580059835,0.009520489904797607,515.452,0.0011422667949833702,6.739713285783404e-08
515.386,0.007430842636803608,0.009520022515257714,515.552,0.0011514790414339398,6.845485496888337e-08
515.386,0.007430842636803608,0.009520022515257714,515.652,0.0011606912879432688,6.952079774493719e-08
515.486,0.007441384224094847,0.00952049254914216,515.752,0.001169903534511107,7.059496108290767e-08
515.686,0.0074583810775781835,0.009520310427750787,515.852,0.0011791157811375577,7.167734487974931e-08
515.686,0.0074583810775781835,0.009520310427750787,515.952,0.0011883280278223688,7.276794903237748e-08
515.886,0.007470953095648044,0.00952106820968222,516.052,0.001197540274565778,7.386677343776653e-08
515.886,0.007470953095648044,0.00952106820968222,516.152,0.0012067525213673783,7.497381799281529e-08
515.986,0.007486017750312528,0.009520313184159598,516.252,0.0012159647682273846,7.608908259449798e-08
516.186,0.007500058185745144,0.009520161804134928,516.352,0.0012251770151456322,7.721256713974586e-08
516.186,0.007500058185745144,0.009520161804134928,516.452,0.0012343892621220274,7.834427152549689e-08
516.286,0.0075166996057801725,0.009519779855769125,516.552,0.0012436015091566949,7.948419564871972e-08
516.486,0.0075361010446767995,0.00951993090524485,516.652,0.0012528137562493613,8.063233940633445e-08
516.486,0.0075361010446767995,0.00951993090524485,516.752,0.0012620260034001292,8.178870269530954e-08
516.586,0.007555225013745174,0.009519741523292444,516.852,0.0012712382506089258,8.295328541259381e-08
516.786,0.007565480014755003,0.00951951552095504,516.952,0.0012804504978756127,8.412608745512823e-08
516.786,0.007565480014755003,0.00951951552095504,517.052,0.0012896627452002227,8.53071087198774e-08
516.886,0.007583214134360741,0.009520093877129281,517.152,0.0012988749925826823,8.649634910379247e-08
517.086,0.007592491077137068,0.009520046050268854,517.252,0.0013080872400230087,8.769380850383757e-08
517.086,0.007592491077137068,0.009520046050268854,517.352,0.0013172994875211503,8.889948681697077e-08
517.286,0.007606935020430588,0.009519520089563619,517.452,0.0013265117350769646,9.01133839401395e-08
517.286,0.007606935020430588,0.009519520089563619,517.552,0.001335723982690468,9.133549977031148e-08
517.386,0.007624603986691358,0.009520143599650739,517.652,0.0013449362303617628,9.256583420446703e-08
517.586,0.007634571692147093,0.0095195232277084,517.752,0.001354148478090577,9.380438713954048e-08
517.586,0.007634571692147093,0.0095195232277084,517.852,0.0013633607258769916,9.50511584725143e-08
517.686,0.007654212708351897,0.009519945197064113,517.952,0.0013725729737210435,9.630614810036575e-08
517.886,0.00767247383562051,0.00951968524783148,518.052,0.0013817852216225467,9.756935592004279e-08
517.886,0.00767247383562051,0.00951968524783148,518.152,0.0013909974695814939,9.884078182851872e-08
517.986,0.00768629216995271,0.009519686867413371,518.252,0.0014002097175978576,1.0012042572276471e-07
518.186,0.007700110504043284,0.009519688505690035,518.352,0.0014094219656717187,1.0140828749976907e-07
518.186,0.007700110504043284,0.009519688505690035,518.452,0.0014186342138028682,1.027043670564808e-07
518.286,0.007713928842889047,0.009519690162256532,518.552,0.0014278464619914112,1.0400866428989398e-07
518.486,0.007727747178254494,0.00951969183749515,518.652,0.0014370587102372522,1.0532117909697676e-07
518.486,0.007727747178254494,0.00951969183749515,518.752,0.0014462709585404058,1.0664191137471534e-07
518.586,0.007736715635403819,0.00952034769163671,518.852,0.0014554832069007748,1.0797086102007894e-07
518.786,0.007755385213918546,0.009519691699406783,518.952,0.0014646954553184184,1.0930802793006125e-07
518.786,0.007755385213918546,0.009519691699406783,519.052,0.001473907703793175,1.1065341200162715e-07
518.886,0.0077660964953114,0.009519929189566062,519.152,0.0014831199523251252,1.120070131317771e-07
518.886,0.0077660964953114,0.009519929189566062,519.252,0.001492332200914173,1.1336883121748594e-07
519.086,0.007783021893271937,0.009519695179138627,519.352,0.0015015444495604005,1.1473886615575625e-07
519.286,0.007796840229640751,0.009519696946823053,519.452,0.0015107566982636893,1.1611711784356213e-07
519.286,0.007796840229640751,0.009519696946823053,519.552,0.0015199689470239877,1.1750358617788915e-07
519.386,0.0078121576159992465,0.009519935088093656,519.652,0.001529181195841332,1.1889827105573805e-07
519.586,0.00782908301640288,0.009519701143028154,519.752,0.0015383934447156503,1.203011723740933e-07
519.586,0.00782908301640288,0.009519701143028154,519.852,0.001547605693646889,1.2171229002994284e-07
519.686,0.007842901349546308,0.009519702972200294,519.952,0.0015568179426351746,1.2313162392030432e-07
519.886,0.007856719681904982,0.009519704819984461,520.052,0.0015660301916803649,1.2455917394215715e-07
519.886,0.007856719681904982,0.009519704819984461,520.152,0.0015752424407823652,1.2599493999248804e-07
519.986,0.007867430960307535,0.009519942437490884,520.252,0.0015844546899413227,1.2743892196832125e-07
520.186,0.007884356360321813,0.009519708570889584,520.352,0.0015936669391570563,1.2889111976663265e-07
520.186,0.007884356360321813,0.009519708570889584,520.452,0.0016028791884295996,1.3035153328443314e-07
520.386,0.007901455833720776,0.009518130384233756,520.552,0.001612091437758967,1.3182016241873206e-07
520.386,0.007901455833720776,0.009518130384233756,520.652,0.0016213036871450645,1.3329700706652235e-07
520.486,0.00791659915298112,0.009519713040307763,520.752,0.0016305159365879712,1.3478206712482558e-07
520.686,0.007930417491905931,0.00951971498668365,520.852,0.0016397281860875924,1.362753424906371e-07
520.686,0.007930417491905931,0.00951971498668365,520.952,0.001648940435643899,1.377768330609635e-07
520.786,0.00794956377929269,0.009518393713673223,521.052,0.0016581526852568838,1.3928653873281652e-07
520.786,0.00794956377929269,0.009518393713673223,521.152,0.001667364934926538,1.4080445940321115e-07
520.986,0.007958054176949012,0.009519718934733534,521.252,0.0016765771846527658,1.4233059496914668e-07
521.186,0.007974845609520444,0.009517948580521525,521.352,0.0016857894344357392,1.438649453276678e-07
521.186,0.007974845609520444,0.009517948580521525,521.452,0.0016950016842752049,1.4540751037575054e-07
521.286,0.007991018785400011,0.009518399673663176,521.552,0.0017042139341712675,1.4695829001043087e-07
521.486,0.008002790319380105,0.009518144898331981,521.652,0.0017134261841238966,1.4851728412872612e-07
521.486,0.008002790319380105,0.009518144898331981,521.752,0.0017226384341330855,1.5008449262765678e-07
521.586,0.008021628662664843,0.009516631700898929,521.852,0.001731850684198806,1.516599154042413e-07
521.786,0.008040053117756381,0.009516634453632614,521.952,0.0017410629343209386,1.532435523554849e-07
521.786,0.008040053117756381,0.009516634453632614,522.052,0.0017502751844996082,1.5483540337843558e-07
521.886,0.008050898261529268,0.009518408576026068,522.152,0.0017594874347347648,1.5643546837011106e-07
522.086,0.00806799785795689,0.009516830798546275,522.252,0.0017686996850263118,1.580437472275237e-07
522.086,0.00806799785795689,0.009516830798546275,522.352,0.0017779119353743065,1.5966023984771476e-07
522.186,0.00807853493894159,0.009518412801891803,522.452,0.0017871241857786325,1.612849461276956e-07
522.386,0.008095634538696876,0.009516835059361548,522.552,0.0017963364362393942,1.6291786596451702e-07
522.386,0.008095634538696876,0.009516835059361548,522.652,0.0018055486867565164,1.6455899925520066e-07
522.486,0.008106171625687282,0.009518417101687583,522.752,0.00181476093732997,1.6620834589677632e-07
522.686,0.00812327122432095,0.009516839394122135,522.852,0.001823973187959771,1.6786590578628248e-07
522.686,0.00812327122432095,0.009516839394122135,522.952,0.00183318543864591,1.695316788207555e-07
522.886,0.008137089565546271,0.00951684158931013,523.052,0.0018423976893883146,1.7120566489722233e-07
522.886,0.008137089565546271,0.00951684158931013,523.152,0.0018516099401870425,1.728878639127332e-07
522.986,0.008150907911355192,0.00951684380280008,523.252,0.0018608221910419772,1.74578275764308e-07
523.186,0.00816472624811696,0.009516846034945731,523.352,0.0018700344419531317,1.762769003489924e-07
523.186,0.00816472624811696,0.009516846034945731,523.452,0.0018792466929206124,1.7798373756385073e-07
523.286,0.008179170025764298,0.00951701514192667,523.552,0.001888458943944321,1.796987873059103e-07
523.486,0.008192988363394748,0.009517017410957099,523.652,0.0018976711950241191,1.8142204947219248e-07
523.486,0.008192988363394748,0.009517017410957099,523.752,0.0019068834461601744,1.8315352395977834e-07
523.586,0.008210842643872321,0.00951688054025536,523.852,0.0019160956973523248,1.8489321066568503e-07
523.786,0.00822523115774616,0.009517022776933278,523.952,0.0019253079486006527,1.86641109486978e-07
523.786,0.00822523115774616,0.009517022776933278,524.052,0.0019345201999050614,1.883972203206919e-07
523.886,0.008238171281674238,0.009516693052403255,524.152,0.001943732451265632,1.901615430638957e-07
524.086,0.008256634359030126,0.009516764339942566,524.252,0.0019529447026823583,1.919340776136422e-07
524.086,0.008256634359030126,0.009516764339942566,524.352,0.0019621569541550346,1.9371482386694836e-07
524.186,0.008269573959517568,0.009516434583938617,524.452,0.0019713692056838464,1.955037817209106e-07
524.386,0.008284271039966871,0.009516769112059696,524.552,0.0019805814572687293,1.9730095107257432e-07
524.386,0.008284271039966871,0.009516769112059696,524.652,0.0019897937089096707,1.991063318189979e-07
524.486,0.008297518877157307,0.00951663155518798,524.752,0.001999005960606577,2.0091992385722364e-07
524.686,0.00831333783733671,0.00951747911918753,524.852,0.0020082182123594807,2.0274172708432088e-07
524.686,0.00831333783733671,0.00951747911918753,524.952,0.002017430464168401,2.0457174139735777e-07
524.886,0.008327156181434201,0.009517481570189635,525.052,0.0020266427160333957,2.06409966693411e-07
524.886,0.008327156181434201,0.009517481570189635,525.152,0.002035854967954192,2.0825640286949214e-07
524.986,0.008340974524809133,0.009517484039473943,525.252,0.002045067219931072,2.1011104982272566e-07
525.186,0.008355150383432852,0.009517860394465765,525.352,0.0020542794719637797,2.1197390745013006e-07
525.186,0.008355150383432852,0.009517860394465765,525.452,0.002063491724052423,2.1384497564879665e-07
525.286,0.00837264670434911,0.009517349844669183,525.552,0.002072703976196989,2.1572425431579376e-07
525.486,0.008387355817550795,0.009517822156296936,525.652,0.002081916228397503,2.1761174334819955e-07
525.486,0.008387355817550795,0.009517822156296936,525.752,0.002091128480653884,2.195074426430724e-07
525.586,0.008399653155222557,0.00951800172813336,525.852,0.00210034073296608,2.2141135209747645e-07
525.786,0.00841523677497625,0.009517826468579692,525.952,0.0021095529853341535,2.2332347160850056e-07
525.786,0.00841523677497625,0.009517826468579692,526.052,0.0021187652377579838,2.2524380107319854e-07
525.886,0.00842786044610419,0.00951814695132753,526.152,0.0021279774902377858,2.2717234038869466e-07
526.086,0.008441998926292812,0.009518479343582872,526.252,0.0021371897427732633,2.291090894520068e-07
526.086,0.008441998926292812,0.009518479343582872,526.352,0.0021464019953646545,2.3105404816026762e-07
526.186,0.008456190282158538,0.009519224751384727,526.452,0.002155614248011775,2.3300721641052204e-07
526.186,0.008456190282158538,0.009519224751384727,526.552,0.002164826500714658,2.3496859409986346e-07
526.386,0.008469635615136036,0.00951848459902004,526.652,0.002174038753473345,2.3693818112538514e-07
526.586,0.008484365853780478,0.009517883676375814,526.752,0.0021832510062877375,2.3891597738415214e-07
526.586,0.008484365853780478,0.009517883676375814,526.852,0.002192463259157875,2.409019827732611e-07
526.686,0.008502579692672686,0.009518570631645192,526.952,0.0022016755120836816,2.4289619718978647e-07
526.886,0.00851757071019298,0.00951908663214056,527.052,0.0022108877650652624,2.448986205308411e-07
526.886,0.00851757071019298,0.00951908663214056,527.152,0.002220100018102543,2.469092526935013e-07
526.986,0.008531738681324334,0.009518489583145575,527.252,0.002229312271195469,2.48928093574849e-07
527.186,0.008545170027418697,0.00951904796724428,527.352,0.002238524524344037,2.5095514307197755e-07
527.186,0.008545170027418697,0.00951904796724428,527.452,0.0022477367775482855,2.5299040108198974e-07
527.286,0.008559131053568828,0.009518495856379596,527.552,0.0022569490308081345,2.5503386750196615e-07
527.286,0.008559131053568828,0.009518495856379596,527.652,0.0022661612841236903,2.5708554222902755e-07
527.486,0.008572806714031324,0.009519053492308473,527.752,0.002275373537494812,2.5914542516024377e-07
527.686,0.008587184523263184,0.009519119564431943,527.852,0.0022845857909215843,2.612135161927344e-07
527.686,0.008587184523263184,0.009519119564431943,527.952,0.0022937980444038618,2.632898152235724e-07
527.786,0.00860086777240996,0.009518547549967364,528.052,0.0023030102979418403,2.6537432214990615e-07
527.986,0.00861586891353526,0.009519343694224563,528.152,0.0023122225515353114,2.6746703686879253e-07
527.986,0.00861586891353526,0.009519343694224563,528.252,0.00232143480518436,2.6956795927735613e-07
528.086,0.008633096445980286,0.009518348530855564,528.352,0.0023306470588889275,2.716770892726936e-07
528.286,0.008646928921800572,0.009518557042091346,528.452,0.0023398593126490817,2.7379442675192807e-07
528.286,0.008646928921800572,0.009518557042091346,528.552,0.0023490715664646997,2.759199716121419e-07
528.386,0.008660733129021908,0.009518354287490274,528.652,0.002358283820335882,2.7805372375047123e-07
528.586,0.008675087709252268,0.009518581943277149,528.752,0.0023674960742625403,2.801956830640061e-07
528.586,0.008675087709252268,0.009518581943277149,528.852,0.0023767083282446614,2.823458494498584e-07
528.686,0.008688929284111727,0.009518423324369701,528.952,0.002385920582282195,2.845042228051312e-07
528.886,0.008702724398918562,0.009518587803400636,529.052,0.002395132836375311,2.866708030269815e-07
528.886,0.008702724398918562,0.009518587803400636,529.152,0.0024043450905237595,2.8884559001246895e-07
528.986,0.00871604388166322,0.009518410135126571,529.252,0.002413557344727689,2.9102858365874745e-07
528.986,0.00871604388166322,0.009518410135126571,529.352,0.002422769598987113,2.932197838629417e-07
529.186,0.00873038431821321,0.009518432197472166,529.452,0.0024319818533018894,2.954191905221412e-07
529.386,0.008745989557510088,0.009518940364563678,529.552,0.0024411941076720347,2.9762680353347183e-07
529.386,0.008745989557510088,0.009518940364563678,529.652,0.0024504063620975885,2.998426227940669e-07
529.486,0.008763389456048704,0.009518564384703731,529.752,0.0024596186165785814,3.0206664820106156e-07
529.686,0.008778255582122606,0.009518785861145032,529.852,0.0024688308711149237,3.0429887965155813e-07
529.686,0.008778255582122606,0.009518785861145032,529.952,0.0024780431257065633,3.06539317042672e-07
529.786,0.008791026154580132,0.009518570480378304,530.052,0.0024872553803536217,3.0878796027156317e-07
529.986,0.008805125227667767,0.009518902853476984,530.152,0.0024964676350559397,3.110448092353239e-07
529.986,0.008805125227667767,0.009518902853476984,530.252,0.0025056798898136865,3.1330986383112823e-07
530.086,0.008818943581966448,0.009518905945409047,530.352,0.0025148921446266773,3.155831239560642e-07
530.286,0.008833528980990879,0.0095187981950528,530.452,0.002524104399494927,3.178645895072693e-07
530.286,0.008833528980990879,0.0095187981950528,530.552,0.002533316654418561,3.2015426038191086e-07
530.486,0.008847347325986927,0.009518801324796402,530.652,0.002542528909397396,3.2245213647707865e-07
530.586,0.008861165673928228,0.009518804472790564,530.752,0.002551741164431536,3.247582176899384e-07
530.586,0.008861165673928228,0.009518804472790564,530.852,0.002560953419520903,3.270725039176111e-07
530.786,0.008874984020013183,0.009518807639442139,530.952,0.002570165674665495,3.293949950572358e-07
530.786,0.008874984020013183,0.009518807639442139,531.052,0.0025793779298653916,3.3172569100597503e-07
530.886,0.008888802366521693,0.009518810824367821,531.152,0.0025885901851204723,3.3406459166094467e-07
531.086,0.008907134718234937,0.00951907293255728,531.252,0.0025978024404308213,3.3641169691931063e-07
531.086,0.008907134718234937,0.00951907293255728,531.352,0.002607014695796319,3.387670066781892e-07
531.186,0.008920186000860982,0.009519187007037005,531.452,0.0026162269512170462,3.411305208347483e-07
531.386,0.008934771414731493,0.009519079402529114,531.552,0.002625439206692932,3.4350223928611745e-07
531.386,0.008934771414731493,0.009519079402529114,531.652,0.002634651462223945,3.458821619294395e-07
531.486,0.008948611330727848,0.009519152190303477,531.752,0.0026438637178101466,3.482702886618812e-07
531.486,0.008948611330727848,0.009519152190303477,531.852,0.0026530759734515468,3.506666193806001e-07
531.686,0.008962408112906646,0.009519085946343122,531.952,0.0026622882291480318,3.5307115398271944e-07
531.886,0.00897631856159459,0.009518831424933365,532.052,0.0026715004848996576,3.554838923654094e-07
531.886,0.00897631856159459,0.009518831424933365,532.152,0.002680712740706375,3.57904834425815e-07
531.986,0.008990066363920184,0.009519162088075586,532.252,0.0026899249965681984,3.603339800610975e-07
532.186,0.00900846926965936,0.009519097016785171,532.352,0.0026991372524851195,3.6277132916841266e-07
532.186,0.00900846926965936,0.009519097016785171,532.452,0.0027083495084571346,3.65216881644921e-07
532.286,0.009022946376996938,0.009517792337032878,532.552,0.0027175617644842514,3.6767063738778824e-07
532.486,0.009036127530665827,0.009519173280320408,532.652,0.002726774020566355,3.7013259629414536e-07
532.486,0.009036127530665827,0.009519173280320408,532.752,0.0027359862767035972,3.7260275826119594e-07
532.586,0.009050583075991723,0.009517799104478569,532.852,0.0027451985328958116,3.75081123186061e-07
532.786,0.009063764224490133,0.009519180094116442,532.952,0.0027544107891431277,3.77567690965942e-07
532.786,0.009063764224490133,0.009519180094116442,533.052,0.0027636230454454024,3.8006246149796914e-07
532.886,0.009078219774986183,0.00951780594572498,533.152,0.0027728353018027846,3.8256543467935295e-07
533.086,0.009092038116861975,0.009517809394156314,533.252,0.0027820475582150854,3.850766104072136e-07
533.086,0.009092038116861975,0.009517809394156314,533.352,0.0027912598146823254,3.875959885787271e-07
533.186,0.00910585646712835,0.009517812860853639,533.452,0.002800472071204651,3.9012356909110637e-07
533.386,0.009119981359671608,0.00951793823544556,533.552,0.0028096843277818973,3.9265935184147953e-07
533.386,0.009119981359671608,0.00951793823544556,533.652,0.0028188965844140597,3.952033367270202e-07
533.486,0.00913405191862888,0.009518041748604584,533.752,0.002828108841101286,3.977555236449461e-07
533.486,0.00913405191862888,0.009518041748604584,533.852,0.002837321097843301,4.003159124923594e-07
533.686,0.009147618055708,0.009517945261945316,533.952,0.002846533354640343,4.0288450316650767e-07
533.886,0.009160799235968574,0.009519326452381125,534.052,0.0028557456114923145,4.0546129556454557e-07
533.886,0.009160799235968574,0.009519326452381125,534.152,0.0028649578683991417,4.080462895836346e-07
533.986,0.009179132147860368,0.009518766490050911,534.252,0.0028741701253608407,4.1063948512096156e-07
534.186,0.00919367921692487,0.009517957136788246,534.352,0.002883382382377494,4.132408820737335e-07
534.186,0.00919367921692487,0.009517957136788246,534.452,0.0028925946394489834,4.158504803391034e-07
534.286,0.009206768850716154,0.009518773670961331,534.552,0.0029018068965754097,4.1846827981428863e-07
534.486,0.00922058719937815,0.009518777289174189,534.652,0.0029110191537566536,4.210942803964444e-07
534.486,0.00922058719937815,0.009518777289174189,534.752,0.0029202314109926923,4.2372848198275096e-07
534.586,0.009234405544534351,0.009518780925661555,534.852,0.0029294436682836024,4.26370884470423e-07
534.786,0.009248223890998405,0.009518784580790382,534.952,0.0029386559256293545,4.290214877566461e-07
534.786,0.009248223890998405,0.009518784580790382,535.052,0.0029478681830298966,4.316802917385985e-07
534.986,0.009263987414687964,0.009518971991953958,535.152,0.0029570804404852906,4.3434729631349166e-07
534.986,0.009263987414687964,0.009518971991953958,535.252,0.0029662926979954155,4.3702250137848656e-07
535.086,0.009276166419967037,0.009518949001630299,535.352,0.0029755049555604,4.397059068308179e-07
535.286,0.009291201299839189,0.009519949528674418,535.452,0.002984717213180123,4.423975125676501e-07
535.286,0.009291201299839189,0.009519949528674418,535.552,0.0029939294708546484,4.450973184861997e-07
535.386,0.00930380312342911,0.00951895644092819,535.652,0.0030031417285838967,4.4780532448364794e-07
535.586,0.009322227589532243,0.009518961441440817,535.752,0.0030123539863679072,4.5052153045720994e-07
535.586,0.009322227589532243,0.009518961441440817,535.852,0.00302156624420665,4.5324593630408063e-07
535.686,0.009334742438448812,0.009520738092577606,535.952,0.0030307785021000976,4.559785419214555e-07
535.886,0.00934986428871892,0.009518969003738572,536.052,0.003039990760048284,4.5871934720655294e-07
535.886,0.00934986428871892,0.009518969003738572,536.152,0.0030492030180512045,4.614683520565779e-07
535.986,0.009362379140450468,0.009520745690725458,536.252,0.003058415276108763,4.6422555636871217e-07
536.186,0.009376197490616115,0.009520749517563109,536.352,0.0030676275342210865,4.669909600402028e-07
536.186,0.009376197490616115,0.009520749517563109,536.452,0.0030768397923880094,4.6976456296821337e-07
536.286,0.009390015848414868,0.009520753362663949,536.552,0.003086052050609657,4.7254636504999583e-07
536.486,0.00940505074528501,0.009521754266301787,536.652,0.0030952643088859146,4.7533636618272816e-07
536.486,0.00940505074528501,0.009521754266301787,536.752,0.0031044765672168157,4.781345662636356e-07
536.586,0.009417652547789389,0.009520761108378862,536.852,0.003113688825602402,4.809409651899464e-07
536.786,0.009432687449536794,0.009521762049497567,536.952,0.0031229010840426157,4.837555628588624e-07
536.786,0.009432687449536794,0.009521762049497567,537.052,0.0031321133425374513,4.865783591676008e-07
536.986,0.009446482772373843,0.009521808915506167,537.152,0.003141325601086909,4.894093540133781e-07
536.986,0.009446482772373843,0.009521808915506167,537.252,0.003150537859690882,4.922485472933882e-07
537.086,0.009460324151060844,0.009521769906447855,537.352,0.003159750118349482,4.950959389048871e-07
537.286,0.009474119475932997,0.009521816809583809,537.452,0.003168962377062697,4.979515287450955e-07
537.286,0.009474119475932997,0.009521816809583809,537.552,0.0031781746358304996,5.008153167112288e-07
537.386,0.009487960856955573,0.009521777837207956,537.652,0.0031873868946528166,5.036873027004927e-07
537.586,0.009506362306064635,0.009521826112505455,537.752,0.0031965991535296847,5.065674866101275e-07
537.586,0.009506362306064635,0.009521826112505455,537.852,0.0032058114124610734,5.094558683373549e-07
537.686,0.009518932958588413,0.009521023560303824,537.952,0.0032150236714470182,5.123524477794167e-07
537.886,0.009535076104099706,0.009522716918020042,538.052,0.0032242359304874503,5.152572248335212e-07
537.886,0.009535076104099706,0.009522716918020042,538.152,0.00323344818958247,5.181701993969361e-07
537.986,0.009547786374543094,0.009522028844629903,538.252,0.0032426604487319813,5.210913713668649e-07
537.986,0.009547786374543094,0.009522028844629903,538.352,0.003251872707935908,5.240207406405202e-07
538.186,0.009562712811806703,0.009522725046211628,538.452,0.0032610849671944027,5.269583071151853e-07
538.386,0.009576590531093524,0.009522830005244747,538.552,0.0032702972265073213,5.299040706880551e-07
538.386,0.009576590531093524,0.009522830005244747,538.652,0.0032795094858747913,5.3285803125641e-07
538.486,0.00959031839265658,0.009522923774343911,538.752,0.003288721745296652,5.358201887174376e-07
538.686,0.009608742866343611,0.009522929282737546,538.852,0.003297934004772939,5.387905429683937e-07
538.686,0.009608742866343611,0.009522929282737546,538.952,0.003307146264303667,5.417690939065269e-07
538.786,0.00962256122221073,0.00952293343587667,539.052,0.0033163585238888504,5.447558414290873e-07
538.986,0.009636379569590348,0.009522937606782321,539.152,0.0033255707835284608,5.477507854333087e-07
538.986,0.009636379569590348,0.009522937606782321,539.252,0.003334783043222469,5.507539258164301e-07
539.086,0.009650197926142997,0.009522941796824906,539.352,0.003343995302970844,5.537652624756925e-07
539.286,0.00966401627508334,0.009522946005036939,539.452,0.0033532075627736233,5.567847953083579e-07
539.286,0.00966401627508334,0.009522946005036939,539.552,0.0033624198226308013,5.598125242116763e-07
539.386,0.00967783278641605,0.009522945453766633,539.652,0.0033716320825423244,5.628484490828827e-07
539.386,0.00967783278641605,0.009522945453766633,539.752,0.00338084434250821,5.658925698192375e-07
539.586,0.009691712354308869,0.009523055348815984,539.852,0.0033900566025284722,5.689448863179995e-07
539.786,0.00970553071154616,0.009523059612657847,539.952,0.003399268862603057,5.720053984764058e-07
539.786,0.00970553071154616,0.009523059612657847,540.052,0.0034084811227319822,5.750741061917217e-07
539.886,0.009719349067038625,0.00952306389475763,540.152,0.0034176933829151938,5.781510093611879e-07
540.086,0.009737771701587019,0.009523064855336312,540.252,0.003426905643152749,5.81236107882086e-07
540.086,0.009737771701587019,0.009523064855336312,540.352,0.0034361179034446245,5.843294016516676e-07
540.186,0.009751531644693612,0.009523051244615067,540.452,0.0034453301637907426,5.874308905671691e-07
540.386,0.009765409364934294,0.009523156462836028,540.552,0.0034545424241912096,5.905405745258896e-07
540.386,0.009765409364934294,0.009523156462836028,540.652,0.0034637546846459717,5.936584534250765e-07
540.486,0.009779083362122411,0.009523087141632539,540.752,0.003472966945154933,5.967845271619641e-07
540.686,0.009793046078751647,0.009523165205604754,540.852,0.003482179205718108,5.999187956338266e-07
540.686,0.009793046078751647,0.009523165205604754,540.952,0.0034913914663356224,6.030612587379742e-07
540.786,0.009806575714692288,0.009523022238020646,541.052,0.003500603727007315,6.062119163716224e-07
540.786,0.009806575714692288,0.009523022238020646,541.152,0.003509815987733289,6.093707684320793e-07
540.986,0.009820682782924467,0.009523174022117298,541.252,0.0035190282485134494,6.125378148165829e-07
541.186,0.00983450113601111,0.009523178458108725,541.352,0.003528240509347832,6.157130554224199e-07
541.186,0.00983450113601111,0.009523178458108725,541.452,0.0035374527702363412,6.188964901468325e-07
541.286,0.009848319495181192,0.009523182912383363,541.552,0.0035466650311791244,6.220881188871502e-07
541.486,0.009868263575225814,0.009523862783530922,541.652,0.003555877292176022,6.252879415405974e-07
541.486,0.009868263575225814,0.009523862783530922,541.752,0.0035650895532271347,6.284959580044911e-07
541.586,0.009881937555836294,0.009523793588878298,541.852,0.0035743018143324975,6.317121681761245e-07
541.786,0.009895755911685084,0.009523798104276194,541.952,0.0035835140754918865,6.349365719526993e-07
541.786,0.009895755911685084,0.009523798104276194,542.052,0.0035927263367054466,6.381691692315482e-07
541.886,0.009909574276170048,0.009523802637913423,542.152,0.003601938597973148,6.414099599099455e-07
542.086,0.009923632918901143,0.009523961323752264,542.252,0.00361115085929503,6.446589438851922e-07
542.086,0.009923632918901143,0.009523961323752264,542.352,0.0036203631206709725,6.47916121054533e-07
542.286,0.009937740033739362,0.009524113283770317,542.452,0.003629575382101057,6.511814913152834e-07
542.286,0.009937740033739362,0.009524113283770317,542.552,0.0036387876435851874,6.544550545647001e-07
542.386,0.009951269631987282,0.009523970483494253,542.652,0.0036479999051234942,6.577368107001189e-07
542.586,0.00996523236325594,0.009524048785732217,542.752,0.003657212166715813,6.610267596187729e-07
542.586,0.00996523236325594,0.009524048785732217,542.852,0.003666424428362223,6.643249012179853e-07
542.686,0.009960549700360949,0.009498509571662773,542.952,0.003675636690062736,6.676312353950565e-07
542.886,0.009997565662847015,0.009524138066022347,543.052,0.0036848489518171925,6.709457620472246e-07
542.886,0.009997565662847015,0.009524138066022347,543.152,0.0036940612136257857,6.742684810718567e-07
542.986,0.009989076802266727,0.009496009355753081,543.252,0.003703273475488355,6.775993923661933e-07
543.186,0.010002004761413096,0.00949852328942221,543.352,0.0037124857374049984,6.809384958275731e-07
543.186,0.010002004761413096,0.00949852328942221,543.452,0.0037216979993756933,6.842857913532853e-07
543.386,0.010042522847895972,0.009524219959694664,543.552,0.0037309102614003385,6.876412788405965e-07
543.386,0.010042522847895972,0.009524219959694664,543.652,0.0037401225234788846,6.910049581867928e-07
543.486,0.010030402034580827,0.009498622513346603,543.752,0.003749334785611569,6.943768292892657e-07
543.686,0.010070905631720615,0.00952440562287762,543.852,0.0037585470477981596,6.977568920452357e-07
543.686,0.010070905631720615,0.00952440562287762,543.952,0.003767759310038717,7.011451463520312e-07
543.786,0.01006241595735935,0.00949626477989592,544.052,0.003776971572333214,7.045415921069534e-07
543.986,0.010075357995457628,0.009498693989546999,544.152,0.0037861838346816635,7.079462292073158e-07
543.986,0.010075357995457628,0.009498693989546999,544.252,0.0037953960970841015,7.113590575504429e-07
544.086,0.010089261808530313,0.009495814811884567,544.352,0.003804608359540502,7.147800770336372e-07
544.286,0.010106708338139118,0.009495611719436366,544.452,0.003813820622050836,7.182092875542024e-07
544.286,0.010106708338139118,0.009495611719436366,544.552,0.003823032884614958,7.216466890094005e-07
544.386,0.010116831064570108,0.009494748163216002,544.652,0.0038322451472330883,7.2509228129663e-07
544.586,0.010134345053061614,0.009495621183038828,544.752,0.0038414574099050395,7.285460643131395e-07
544.586,0.010134345053061614,0.009495621183038828,544.852,0.0038506696726309116,7.320080379562866e-07
544.686,0.010144467433526273,0.009494755079849882,544.952,0.0038598819354106998,7.354782021233877e-07
544.686,0.010144467433526273,0.009494755079849882,545.052,0.003869094198244287,7.389565567117212e-07
544.886,0.010161853392383558,0.009495894803226615,545.152,0.0038783064611317996,7.424431016186562e-07
545.086,0.010175800117678243,0.00949563551675631,545.252,0.003887518724073188,7.45937836741499e-07
545.086,0.010175800117678243,0.00949563551675631,545.352,0.0038967309870682645,7.494407619775062e-07
545.186,0.01019058968206447,0.009494813630683623,545.452,0.003905943250117311,7.529518772241108e-07
545.386,0.010207846504577485,0.00949483167820961,545.552,0.003915155513220118,7.564711823785616e-07
545.386,0.010207846504577485,0.00949483167820961,545.652,0.003924367776376729,7.599986773382018e-07
545.486,0.01022172596640078,0.009494879046502992,545.752,0.003933580039587134,7.635343620003595e-07
545.686,0.010235950874210536,0.009495159342240878,545.852,0.003942792302851452,7.670782362624147e-07
545.686,0.010235950874210536,0.009495159342240878,545.952,0.003952004566169416,7.706303000215955e-07
545.786,0.01024976923944885,0.00949516423504476,546.052,0.003961216829541173,7.741905531752952e-07
545.786,0.01024976923944885,0.00949516423504476,546.152,0.003970429092966744,7.777589956208551e-07
545.986,0.010263820316229038,0.009495365027923258,546.252,0.003979641356446089,7.813356272555996e-07
546.186,0.010277638673232625,0.009495369957803902,546.352,0.003988853619979162,7.849204479768471e-07
546.186,0.010277638673232625,0.009495369957803902,546.452,0.003998065883565994,7.885134576819528e-07
546.286,0.01029145703078772,0.009495374905877972,546.552,0.00400727814720656,7.921146562682452e-07
546.486,0.010309896726652631,0.009495416769438669,546.652,0.0040164904109008795,7.957240436330732e-07
546.486,0.010309896726652631,0.009495416769438669,546.752,0.004025702674648872,7.993416196737494e-07
546.586,0.010326224763555884,0.009496332515262678,546.852,0.004034914938450604,8.029673842876415e-07
546.786,0.010338591486298886,0.009495866337672788,546.952,0.004044127202305953,8.066013373720504e-07
546.786,0.010338591486298886,0.009495866337672788,547.052,0.004053339466215045,8.102434788243724e-07
546.986,0.010352665305549093,0.009496073100054472,547.152,0.004062551730177807,8.138938085419273e-07
546.986,0.010352665305549093,0.009496073100054472,547.252,0.004071763994194187,8.175523264220441e-07
547.086,0.010366228207332613,0.009495876402946496,547.352,0.004080976258264261,8.212190323621047e-07
547.286,0.01038681429115032,0.00949665223187333,547.452,0.004090188522387964,8.24893926259432e-07
547.286,0.01038681429115032,0.00949665223187333,547.552,0.004099400786565394,8.285770080114215e-07
547.386,0.010400409035892382,0.009495716004654282,547.652,0.004108613050796327,8.322682775153384e-07
547.586,0.010415054866745224,0.009497005966273902,547.752,0.004117825315080995,8.359677346686342e-07
547.586,0.010415054866745224,0.009497005966273902,547.852,0.004127037579419214,8.39675379368592e-07
547.686,0.010428045759592901,0.009495726208279803,547.952,0.004136249843811087,8.433912115126126e-07
547.886,0.010442512305028446,0.009496725983235093,548.052,0.00414546210825657,8.47115230998034e-07
547.886,0.010442512305028446,0.009496725983235093,548.152,0.00415467437275558,8.50847437722187e-07
547.986,0.010456118624486158,0.009496070685418993,548.252,0.004163886637308153,8.545878315824481e-07
548.186,0.010469936986824992,0.009496075851881225,548.352,0.004173098901914355,8.58336412476206e-07
548.186,0.010469936986824992,0.009496075851881225,548.452,0.004182311166574114,8.620931803007954e-07
548.286,0.010485142330247752,0.009496729270343682,548.552,0.004191523431287415,8.658581349535811e-07
548.286,0.010485142330247752,0.009496729270343682,548.652,0.0042007356960542105,8.69631276331907e-07
548.486,0.010503374972168508,0.009495906693431507,548.752,0.004209947960874599,8.734126043331869e-07
548.686,0.0105180042036845,0.00949651357485613,548.852,0.004219160225748452,8.772021188547314e-07
548.686,0.0105180042036845,0.00949651357485613,548.952,0.004228372490675886,8.809998197939651e-07
548.786,0.010527201266235712,0.009497088460994025,549.052,0.004237584755656744,8.848057070481935e-07
548.786,0.010527201266235712,0.009497088460994025,549.152,0.004246797020691212,8.886197805148705e-07
548.986,0.010545625746524302,0.00949709547771677,549.252,0.004256009285779019,8.924420400912596e-07
549.186,0.010564165544945527,0.009495763479149507,549.352,0.0042652215509204495,8.962724856748526e-07
549.186,0.010564165544945527,0.009495763479149507,549.452,0.004274433816115223,9.001111171629165e-07
549.286,0.010577072896216665,0.009495934741648617,549.552,0.004283646081363536,9.03957934452909e-07
549.486,0.010591802270137745,0.009495774093805504,549.652,0.00429285834666527,9.07812937442161e-07
549.486,0.010591802270137745,0.009495774093805504,549.752,0.0043020706120205105,9.116761260280879e-07
549.586,0.010605694453678711,0.00949683177306584,549.852,0.00431128287742911,9.155475001080137e-07
549.786,0.010623927418109119,0.00949600933240899,549.952,0.0043204951428912,9.194270595793753e-07
549.786,0.010623927418109119,0.00949600933240899,550.052,0.0043297074084067055,9.233148043395267e-07
549.886,0.010637745786098045,0.009496014710291503,550.152,0.004338919673975533,9.27210734285815e-07
550.086,0.010651564144229419,0.009496020106796687,550.252,0.0043481319395978265,9.311148493156911e-07
550.086,0.010651564144229419,0.009496020106796687,550.352,0.004357344205273512,9.350271493265118e-07
550.186,0.010665382507731554,0.009496025521502624,550.452,0.004366556471002517,9.389476342156366e-07
550.386,0.010679200874580326,0.009496030954858266,550.552,0.004375768736784968,9.428763038805102e-07
550.386,0.010679200874580326,0.009496030954858266,550.652,0.004384981002620725,9.468131582184657e-07
550.486,0.010693019243345401,0.009496036406386363,550.752,0.004394193268509911,9.507581971269512e-07
550.486,0.010693019243345401,0.009496036406386363,550.852,0.004403405534452345,9.547114205032831e-07
550.686,0.010706837609239477,0.00949604187660378,550.952,0.0044126178004481225,9.586728282449045e-07
550.886,0.010720655968761483,0.009496047365203333,551.052,0.004421830066497358,9.626424202492581e-07
550.886,0.010720655968761483,0.009496047365203333,551.152,0.00443104233259984,9.666201964136547e-07
550.986,0.01073447433300116,0.009496052871981546,551.252,0.004440254598755582,9.70606156635499e-07
551.186,0.010748292690783246,0.00949605839741732,551.352,0.004449466864964671,9.746003008122288e-07
551.186,0.010748292690783246,0.00949605839741732,551.452,0.004458679131226984,9.786026288411986e-07
551.286,0.010767256371609111,0.009497091169542275,551.552,0.004467891397542625,9.826131406198582e-07
551.486,0.010780535547153493,0.009496071361255472,551.652,0.004477103663911546,9.866318360455914e-07
551.486,0.010780535547153493,0.009496071361255472,551.752,0.004486315930333736,9.90658715015802e-07
551.586,0.010794893096491625,0.009497102323593538,551.852,0.004495528196809186,9.94693777427894e-07
551.786,0.01080817227511348,0.009496082553058878,551.952,0.004504740463337804,9.987370231792358e-07
551.786,0.01080817227511348,0.009496082553058878,552.052,0.004513952729919783,1.0027884521673225e-06
551.886,0.010822529827201369,0.009497113551331742,552.152,0.004523164996554892,1.0068480642894643e-06
552.086,0.01083634818915193,0.009497119192916747,552.252,0.004532377263243252,1.010915859443132e-06
552.086,0.01083634818915193,0.009497119192916747,552.352,0.0045415895299847735,1.0149918375256985e-06
552.186,0.010850166554641116,0.009497124852691434,552.452,0.004550801796779579,1.0190759984346345e-06
552.386,0.010864943060566606,0.009497480311510546,552.552,0.004560014063627532,1.023168342067299e-06
552.386,0.010864943060566606,0.009497480311510546,552.652,0.004569226330528689,1.027268868321132e-06
552.486,0.010878761432513174,0.009497486008576164,552.752,0.004578438597483044,1.0313775770935534e-06
552.686,0.010892579795573183,0.009497491724310156,552.852,0.004587650864490502,1.0354944682819412e-06
552.686,0.010892579795573183,0.009497491724310156,552.952,0.00459686313155114,1.0396195417837547e-06
552.786,0.010906575349507452,0.009497423541331661,553.052,0.004606075398664889,1.0437527974963838e-06
552.786,0.010906575349507452,0.009497423541331661,553.152,0.004615287665831832,1.0478942353172915e-06
552.986,0.01092021653446218,0.009497503210746968,553.252,0.004624499933051872,1.0520438551438616e-06
553.186,0.0109375245699147,0.0094978115541538,553.352,0.004633712200325038,1.056201656873538e-06
553.186,0.0109375245699147,0.0094978115541538,553.452,0.004642924467651308,1.0603676404037348e-06
553.286,0.010955215121622338,0.009497911353980365,553.552,0.004652136735030719,1.0645418056319e-06
553.486,0.01096940696797501,0.009498114303481334,553.652,0.004661349002463213,1.0687241524554413e-06
553.486,0.01096940696797501,0.009498114303481334,553.752,0.004670561269948839,1.072914680771809e-06
553.586,0.010983500626534632,0.009498266279378413,553.852,0.004679773537487469,1.0771133904783814e-06
553.786,0.010997185844702493,0.009498066880003405,553.952,0.004688985805079168,1.0813202814726223e-06
553.786,0.010997185844702493,0.009498066880003405,554.052,0.004698198072723947,1.0855353536519738e-06
553.886,0.01101113736163465,0.009498277992443871,554.152,0.004707410340421735,1.0897586069138396e-06
554.086,0.011024822577090585,0.009498078636216874,554.252,0.004716622608172677,1.0939900411557262e-06
554.086,0.011024822577090585,0.009498078636216874,554.352,0.004725834875976572,1.0982296562749805e-06
554.186,0.011038774089559996,0.009498289779125322,554.452,0.00473504714383356,1.1024774521691126e-06
554.186,0.011038774089559996,0.009498289779125322,554.552,0.0047442594117434985,1.106733428735501e-06
554.386,0.011052592457079687,0.009498295700202273,554.652,0.004753471679706414,1.1109975858715963e-06
554.586,0.011069083499916362,0.009499419714549266,554.752,0.004762683947722381,1.1152699234748833e-06
554.586,0.011069083499916362,0.009499419714549266,554.852,0.004771896215791284,1.1195504414427504e-06
554.686,0.011080229192394368,0.009498307597348514,554.952,0.004781108483913247,1.1238391396727065e-06
554.886,0.011100726958948651,0.009498077694193422,555.052,0.0047903207520882006,1.1281360180621653e-06
554.886,0.011100726958948651,0.009498077694193422,555.152,0.00479953302031607,1.132441076508546e-06
554.986,0.011115316170005088,0.009498119234405175,555.252,0.0048087452885968475,1.136754314909297e-06
555.186,0.011128363697952606,0.009498089725500149,555.352,0.004817957556930605,1.1410757331619062e-06
555.186,0.011128363697952606,0.009498089725500149,555.452,0.00482716982531728,1.1454053311637967e-06
555.286,0.011142952911822412,0.009498131293484872,555.552,0.0048363820937569555,1.149743108812461e-06
555.486,0.01115677127812752,0.009498137350743249,555.652,0.004845594362249461,1.1540890660052798e-06
555.486,0.01115677127812752,0.009498137350743249,555.752,0.004854806630794904,1.1584432026397617e-06
555.686,0.01117437206249536,0.009499597151846426,555.852,0.004864018899393273,1.1628055186133605e-06
555.686,0.01117437206249536,0.009499597151846426,555.952,0.004873231168044499,1.167176013823503e-06
555.786,0.011184408016729368,0.00949814952024951,556.052,0.004882443436748614,1.1715546881676694e-06
555.986,0.011204727241339432,0.00949964732196463,556.152,0.004891655705505553,1.1759415415432864e-06
555.986,0.011204727241339432,0.00949964732196463,556.252,0.004900867974315483,1.180336573847902e-06
556.086,0.011216744182048613,0.00949897029411626,556.352,0.004910080243178123,1.1847397849788482e-06
556.286,0.01123448451459193,0.009499623661286979,556.452,0.0049192925120936995,1.1891511748336978e-06
556.286,0.01123448451459193,0.009499623661286979,556.552,0.004928504781062129,1.1935707433098827e-06
556.386,0.01124650135581098,0.009498946615710331,556.652,0.004937717050083316,1.1979984903048264e-06
556.586,0.011262121249911307,0.00949963603598791,556.752,0.004946929319157348,1.202434415716039e-06
556.586,0.011262121249911307,0.00949963603598791,556.852,0.004956141588284259,1.2068785194410117e-06
556.686,0.011274138091190952,0.009498959015508993,556.952,0.004965353857463862,1.2113308013771302e-06
556.686,0.011274138091190952,0.009498959015508993,557.052,0.004974566126696289,1.215791261421929e-06
556.886,0.011289851774601723,0.009500455257148627,557.152,0.004983778395981532,1.22025989947288e-06
557.086,0.011306235903226134,0.009499654426939067,557.252,0.00499299066531949,1.2247367154274151e-06
557.086,0.011306235903226134,0.009499654426939067,557.352,0.005002202934710271,1.2292217091830628e-06
557.186,0.011320199317596886,0.009498979845390982,557.452,0.005011415204153753,1.233714880637244e-06
557.386,0.011338488016658113,0.009500439883724097,557.552,0.0050206274736500425,1.2382162296874904e-06
557.386,0.011338488016658113,0.009500439883724097,557.652,0.005029839743199108,1.2427257562312728e-06
557.486,0.011347836059306868,0.009498992441429746,557.752,0.005039052012800857,1.2472434601660257e-06
557.686,0.011366124756518483,0.009500452516896346,557.852,0.005048264282455363,1.2517693413892731e-06
557.686,0.011366124756518483,0.009500452516896346,557.952,0.00505747655216261,1.2563033997984868e-06
557.786,0.011377368114597879,0.009500495136690745,558.052,0.005066688821922449,1.2608456352910853e-06
557.986,0.011393761493497755,0.009500465223656246,558.152,0.005075901091735053,1.265396047764642e-06
557.986,0.011393761493497755,0.009500465223656246,558.252,0.005085113361600435,1.2699546371166544e-06
558.186,0.01140766472610406,0.00950050768251203,558.352,0.0050943256315184315,1.274521403244535e-06
558.186,0.01140766472610406,0.00950050768251203,558.452,0.005103537901488993,1.2790963460457494e-06
558.286,0.01142048555138114,0.009500644017116167,558.552,0.005112750171512308,1.283679465417889e-06
558.486,0.011438910049216527,0.009500652579356023,558.652,0.00512196244158824,1.2882707612583782e-06
558.486,0.011438910049216527,0.009500652579356023,558.752,0.005131174711716895,1.2928702334647651e-06
558.586,0.011452728417601175,0.009500659022353825,558.852,0.005140386981898064,1.2974778819344446e-06
558.786,0.011466863245879878,0.009500846870200095,558.952,0.005149599252131957,1.3020937065650227e-06
558.786,0.011466863245879878,0.009500846870200095,559.052,0.005158811522418418,1.306717707253918e-06
558.886,0.011478137321869381,0.009500217692243488,559.152,0.005168023792757527,1.3113498838986745e-06
558.886,0.011478137321869381,0.009500217692243488,559.252,0.005177236063149208,1.315990236396758e-06
559.086,0.011495497566696046,0.009500729914680145,559.352,0.005186448333593459,1.3206387646456683e-06
559.286,0.011509320644807256,0.009500773295327967,559.452,0.005195660604090308,1.3252954685429324e-06
559.286,0.011509320644807256,0.009500773295327967,559.552,0.005204872874639757,1.3299603479860495e-06
559.386,0.011524198566811333,0.00950023937927543,559.652,0.005214085145241702,1.3346334028724799e-06
559.586,0.011538009280607341,0.009500308756704833,559.752,0.005223297415896323,1.339314633099822e-06
559.586,0.011538009280607341,0.009500308756704833,559.852,0.005232509686603379,1.3440040385654684e-06
559.686,0.01155182764876912,0.009500315320813083,559.952,0.005241721957363007,1.3487016191669935e-06
559.886,0.011566643741902562,0.009500191902420182,560.052,0.0052509342281751685,1.3534073748018964e-06
559.886,0.011566643741902562,0.009500191902420182,560.152,0.005260146499039873,1.3581213053676877e-06
559.986,0.011580351423199003,0.009500385832292204,560.252,0.005269358769957049,1.3628434107618587e-06
559.986,0.011580351423199003,0.009500385832292204,560.352,0.00527857104092672,1.3675736908819317e-06
560.186,0.01159877591701796,0.009500394661699031,560.452,0.005287783311948896,1.3723121456254302e-06
560.386,0.011613200790173013,0.00950027192057102,560.552,0.005296995583023598,1.3770587748898827e-06
560.386,0.011613200790173013,0.00950027192057102,560.652,0.005306207854150776,1.3818135785727848e-06
560.486,0.011627910956454796,0.009500372783830499,560.752,0.005315420125330327,1.3865765565716082e-06
560.686,0.011641835365067988,0.009500155252214707,560.852,0.005324632396562402,1.3913477087839533e-06
560.686,0.011641835365067988,0.009500155252214707,560.952,0.005333844667846945,1.396127035107316e-06
560.786,0.011655547702406765,0.009500386165376918,561.052,0.0053430569391838935,1.4009145354391867e-06
560.786,0.011655547702406765,0.009500386165376918,561.152,0.005352269210573348,1.4057102096771446e-06
560.986,0.011669450954840236,0.009500428967507843,561.252,0.005361481482015161,1.410514057718647e-06
561.186,0.011684027550798018,0.009500178934287534,561.352,0.0053706937535093965,1.4153260794612544e-06
561.186,0.011684027550798018,0.009500178934287534,561.452,0.005379906025056069,1.4201462748025028e-06
561.286,0.01169800070276873,0.009500276359794276,561.552,0.005389118296655125,1.4249746436398986e-06
561.486,0.011712556195403605,0.009500286663580396,561.652,0.005398330568306558,1.4298111858709727e-06
561.486,0.011712556195403605,0.009500286663580396,561.752,0.0054075428400104115,1.4346559013932774e-06
561.586,0.011729245172864368,0.009500423227278782,561.852,0.00541675511176656,1.4395087901042878e-06
561.786,0.011744061428608912,0.009500300024452948,561.952,0.005425967383575155,1.444369851901618e-06
561.786,0.011744061428608912,0.009500300024452948,562.052,0.005435179655436079,1.4492390866827445e-06
561.886,0.011756881919172766,0.009500436878566547,562.152,0.005444391927349416,1.4541164943452514e-06
562.086,0.011772435296063616,0.009500317238777922,562.252,0.005453604199314972,1.4590020747865813e-06
562.086,0.011772435296063616,0.009500317238777922,562.352,0.005462816471332853,1.4638958279043306e-06
562.186,0.011784518665987474,0.009500450603408112,562.452,0.0054720287434031215,1.468797753596076e-06
562.186,0.011784518665987474,0.009500450603408112,562.552,0.0054812410155256576,1.4737078517592991e-06
562.386,0.011800072040520004,0.009500330997025023,562.652,0.005490453287700574,1.478626122291604e-06
562.586,0.011813890407261482,0.009500337903872955,562.752,0.005499665559927762,1.4835525650904863e-06
562.586,0.011813890407261482,0.009500337903872955,562.852,0.0055088778322071996,1.4884871800534788e-06
562.686,0.011827708779080612,0.009500344828809978,562.952,0.0055180901045388964,1.4934299670781385e-06
562.886,0.011846133275014523,0.009500354090865816,563.052,0.005527302376922895,1.4983809260620398e-06
562.886,0.011846133275014523,0.009500354090865816,563.152,0.005536514649359123,1.5033400569026943e-06
562.986,0.01185830152604251,0.009500523643566117,563.252,0.005545726921847661,1.5083073594977015e-06
563.186,0.011873770015410828,0.009500368045235448,563.352,0.005554939194388383,1.5132828337445488e-06
563.186,0.011873770015410828,0.009500368045235448,563.452,0.005564151466981311,1.518266479540802e-06
563.286,0.011886675318689163,0.009500541167980185,563.552,0.005573363739626525,1.5232582967840622e-06
563.286,0.011886675318689163,0.009500541167980185,563.652,0.005582576012323885,1.5282582853718113e-06
563.486,0.011901918103528952,0.009500635478291608,563.752,0.005591788285073493,1.5332664452016643e-06
563.686,0.01191573647888345,0.00950064252049038,563.852,0.005601000557875299,1.5382827761711565e-06
563.686,0.01191573647888345,0.00950064252049038,563.952,0.005610212830729233,1.5433072781778103e-06
563.786,0.011929043522009014,0.009500396174633965,564.052,0.005619425103635391,1.5483399511192462e-06
563.986,0.011947979357901957,0.009500659023403243,564.152,0.005628637376593656,1.5533807948929644e-06
563.986,0.011947979357901957,0.009500659023403243,564.252,0.00563784964960418,1.5584298093966151e-06
564.086,0.011958939529484661,0.009500414144909083,564.352,0.005647061922666846,1.5634869945277017e-06
564.286,0.011975616097786537,0.00950067324853674,564.452,0.005656274195781598,1.5685523501837655e-06
564.286,0.011975616097786537,0.00950067324853674,564.552,0.005665486468948518,1.5736258762624209e-06
564.386,0.011987398157053575,0.009500468005100047,564.652,0.005674698742167579,1.5787075726612218e-06
564.386,0.011987398157053575,0.009500468005100047,564.752,0.005683911015438777,1.5837974392777382e-06
564.586,0.012002740411066538,0.009500632425513987,564.852,0.005693123288762034,1.5888954760095042e-06
564.786,0.012021065375097185,0.009500572009128593,564.952,0.005702335562137427,1.5940016827541387e-06
564.786,0.012021065375097185,0.009500572009128593,565.052,0.005711547835564935,1.5991160594092041e-06
564.886,0.012034427309285852,0.009500193242338844,565.152,0.005720760109044482,1.604238605872235e-06
565.086,0.01204967021583051,0.009500287725845779,565.252,0.005729972382576166,1.60936932204087e-06
565.086,0.01204967021583051,0.009500287725845779,565.352,0.005739184656159874,1.6145082078126243e-06
565.186,0.012062575386671123,0.009500461119174661,565.452,0.0057483969297955784,1.6196552630850618e-06
565.386,0.01207730696709856,0.009500302227128199,565.552,0.00575760920348338,1.6248104877558227e-06
565.386,0.01207730696709856,0.009500302227128199,565.652,0.00576682147722325,1.6299738817224768e-06
565.486,0.012090212142204912,0.009500475658907732,565.752,0.005776033751015138,1.6351454448825807e-06
565.686,0.012104943717190763,0.009500316801954825,565.852,0.0057852460248590575,1.6403251771337295e-06
565.686,0.012104943717190763,0.009500316801954825,565.952,0.005794458298754937,1.6455130783734712e-06
565.886,0.012118762091241434,0.009500324117055585,566.052,0.0058036705727028065,1.6507091484994166e-06
565.886,0.012118762091241434,0.009500324117055585,566.152,0.005812882846702733,1.6559133874091915e-06
565.986,0.01213258047301842,0.009500331450314958,566.252,0.005822095120754594,1.6611257950003195e-06
566.186,0.01215100496725335,0.009500341256717679,566.352,0.005831307394858497,1.6663463711704529e-06
566.186,0.01215100496725335,0.009500341256717679,566.452,0.005840519669014365,1.671575115817145e-06
566.286,0.01216354140422959,0.009500753608338287,566.552,0.005849731943222148,1.6768120288379635e-06
566.486,0.012178641720722187,0.009500356027563849,566.652,0.005858944217481933,1.682057110130549e-06
566.486,0.012178641720722187,0.009500356027563849,566.752,0.005868156491793657,1.6873103595924715e-06
566.586,0.012191178150376998,0.009500768416646304,566.852,0.005877368766157275,1.692571777121302e-06
566.786,0.012206278983215618,0.009500372585832206,566.952,0.005886581040572756,1.6978413626146253e-06
566.786,0.012206278983215618,0.009500372585832206,567.052,0.005895793315040252,1.7031191159701264e-06
566.886,0.012218814893365381,0.00950078329845952,567.152,0.005905005589559596,1.7084050370853182e-06
566.886,0.012218814893365381,0.00950078329845952,567.252,0.005914217864130915,1.7136991258578768e-06
567.086,0.012233546464433715,0.009500624612724383,567.352,0.005923430138754004,1.7190013821852869e-06
567.286,0.012247734101707054,0.009500394990344298,567.452,0.005932642413429056,1.724311805965267e-06
567.286,0.012247734101707054,0.009500394990344298,567.552,0.005941854688155989,1.7296303970953854e-06
567.386,0.012261183216833952,0.009500639603139975,567.652,0.005951066962934801,1.734957155473247e-06
567.586,0.012279607716289583,0.009500649637585455,567.752,0.005960279237765438,1.7402920809964345e-06
567.586,0.012279607716289583,0.009500649637585455,567.852,0.005969491512647907,1.7456351735625555e-06
567.686,0.012295644040650242,0.009503259682676632,567.952,0.005978703787582254,1.7509864330692575e-06
567.886,0.012308229699228594,0.009499970702288243,568.052,0.005987916062568409,1.7563458594141113e-06
567.886,0.012308229699228594,0.009499970702288243,568.152,0.005997128337606345,1.7617134524947188e-06
567.986,0.012324098973833748,0.009503915026055024,568.252,0.006006340612696182,1.7670892122087687e-06
568.186,0.012338013150348819,0.009503118067848421,568.352,0.006015552887837807,1.7724731384538129e-06
568.186,0.012338013150348819,0.009503118067848421,568.452,0.0060247651630311845,1.7778652311274523e-06
568.286,0.012351735733405382,0.009503930237292808,568.552,0.006033977438276376,1.7832654901273443e-06
568.486,0.012366468201504041,0.00950377352142798,568.652,0.006043189713573318,1.7886739153510681e-06
568.486,0.012366468201504041,0.00950377352142798,568.752,0.006052401988922058,1.7940905066962835e-06
568.686,0.012380346340940023,0.009499095139087548,568.852,0.006061614264322525,1.7995152640605724e-06
568.686,0.012380346340940023,0.009499095139087548,568.952,0.006070826539774782,1.8049481873415943e-06
568.786,0.012394104961966537,0.009503788841247189,569.052,0.006080038815278745,1.810389276436934e-06
568.986,0.012412529470157163,0.009503799095288146,569.152,0.006089251090834482,1.8158385312442548e-06
568.986,0.012412529470157163,0.009503799095288146,569.252,0.006098463366441967,1.8212959516611713e-06
569.086,0.012425433753194765,0.009503971159906309,569.352,0.006107675642101144,1.8267615375852823e-06
569.286,0.012441318308872162,0.009504475753472135,569.452,0.0061168879178120274,1.8322352889142318e-06
569.286,0.012441318308872162,0.009504475753472135,569.552,0.006126100193574629,1.8377172055456633e-06
569.386,0.012454222497048877,0.009504647834970322,569.652,0.006135312469388921,1.843207287377193e-06
569.386,0.012454222497048877,0.009504647834970322,569.752,0.006144524745254833,1.8487055343064156e-06
569.586,0.012472008017067564,0.009504116490382226,569.852,0.00615373702117247,1.854211946231031e-06
569.786,0.012488854483374836,0.009503211125475431,569.952,0.006162949297141753,1.8597265230486336e-06
569.786,0.012488854483374836,0.009503211125475431,570.052,0.006172161573162746,1.8652492646568985e-06
569.886,0.012499644785432642,0.00950413210142413,570.152,0.006181373849235325,1.870780170953397e-06
570.086,0.012518746988209097,0.009504254498617023,570.252,0.006190586125359581,1.8763192418358207e-06
570.086,0.012518746988209097,0.009504254498617023,570.352,0.006199798401535458,1.8818664772017838e-06
570.186,0.0125325653645935,0.009504262356731357,570.452,0.006209010677762942,1.8874218769489269e-06
570.386,0.012547494518778632,0.009504487433056883,570.552,0.006218222954042035,1.8929854409748947e-06
570.386,0.012547494518778632,0.009504487433056883,570.652,0.006227435230372683,1.8985571691773027e-06
570.486,0.012561312902083047,0.009504495328382278,570.752,0.0062366475067549875,1.9041370614538616e-06
570.686,0.012575131279444542,0.00950450324229126,570.852,0.0062458597831888734,1.9097251177021794e-06
570.686,0.012575131279444542,0.00950450324229126,570.952,0.006255072059674339,1.9153213378199024e-06
570.786,0.012588949663820919,0.00950451117433417,571.052,0.006264284336211329,1.920925721704654e-06
570.986,0.012603428130026666,0.009504701342961355,571.152,0.006273496612799944,1.926538269254151e-06
570.986,0.012603428130026666,0.009504701342961355,571.252,0.006282708889440074,1.9321589803659756e-06
571.086,0.012617246512935462,0.00950470931227014,571.352,0.006291921166131731,1.9377878549377947e-06
571.086,0.012617246512935462,0.00950470931227014,571.452,0.0063011334428749515,1.9434248928672897e-06
571.286,0.012631064889982719,0.009504717300191553,571.552,0.006310345719669687,1.9490700940520873e-06
571.486,0.012647912124089816,0.009503812293336843,571.652,0.00631955799651597,1.954723458389874e-06
571.486,0.012647912124089816,0.009503812293336843,571.752,0.006328770273413767,1.960384985778292e-06
571.586,0.012663307999194864,0.009504736177763963,571.852,0.006337982550363049,1.966054676114971e-06
571.786,0.012677126373632924,0.009504744226906022,571.952,0.006347194827363851,1.9717325292976138e-06
571.786,0.012677126373632924,0.009504744226906022,572.052,0.006356407104416053,1.977418545223813e-06
571.886,0.012690234126200465,0.009508612796443794,572.152,0.006365619381519813,1.9831127237913293e-06
571.886,0.012690234126200465,0.009508612796443794,572.252,0.006374831658674992,1.988815064897743e-06
572.086,0.012704763134039756,0.00950476038005312,572.352,0.006384043935881623,1.9945255684407457e-06
572.286,0.012721610362618093,0.009503855513311775,572.452,0.0063932562131396595,2.0002442343179784e-06
572.286,0.012721610362618093,0.009503855513311775,572.552,0.006402468490449222,2.005971062427193e-06
572.386,0.012731689261501238,0.009508637103768088,572.652,0.006411680767810153,2.011706052665961e-06
572.386,0.012731689261501238,0.009508637103768088,572.752,0.006420893045222505,2.0174492049319956e-06
572.586,0.012753143163577875,0.009507735695888546,572.852,0.006430105322686344,2.023200519123008e-06
572.786,0.012768538286873682,0.009508658848951208,572.952,0.006439317600201528,2.0289599951365894e-06
572.786,0.012768538286873682,0.009508658848951208,573.052,0.006448529877768094,2.034727632870438e-06
572.886,0.012782356675021056,0.009508667036955245,573.152,0.006457742155386036,2.0405034322222347e-06
573.086,0.012799204443567008,0.009507763005723686,573.252,0.006466954433055479,2.046287393089738e-06
573.086,0.012799204443567008,0.009507763005723686,573.352,0.006476166710776193,2.0520795153704864e-06
573.186,0.012809180866231331,0.009510194484976184,573.452,0.006485378988548239,2.0578797989621994e-06
573.386,0.01283047867903631,0.00950902451490879,573.552,0.006494591266371722,2.063688243762626e-06
573.386,0.01283047867903631,0.00950902451490879,573.652,0.006503803544246521,2.069504849669382e-06
573.486,0.012840453782192037,0.009511456657306462,573.752,0.006513015822172627,2.0753296165801495e-06
573.486,0.012840453782192037,0.009511456657306462,573.852,0.006522228100150078,2.081162544392637e-06
573.686,0.01285811544821686,0.009509041091656156,573.952,0.006531440378178758,2.087003633004467e-06
573.886,0.012871933824987622,0.009509049407638914,574.052,0.006540652656258863,2.0928528823134444e-06
573.886,0.012871933824987622,0.009509049407638914,574.152,0.006549864934390158,2.098710292217118e-06
573.986,0.012886515058867058,0.009511484340634181,574.252,0.006559077212572863,2.1045758626133226e-06
574.186,0.012903364918764816,0.009510580715932786,574.352,0.00656828949080683,2.110449593399661e-06
574.186,0.012903364918764816,0.009510580715932786,574.452,0.006577501769092036,2.1163314844738173e-06
574.286,0.012914151824797097,0.00951150104855752,574.552,0.006586714047428491,2.1222215357334925e-06
574.286,0.012914151824797097,0.00951150104855752,574.652,0.006595926325816176,2.1281197470763674e-06
574.486,0.01293100168599103,0.009510597476374004,574.752,0.0066051386042552075,2.134026118400225e-06
574.686,0.01294563186385082,0.0095090940691613,574.852,0.006614350882745426,2.139940649602661e-06
574.686,0.01294563186385082,0.0095090940691613,574.952,0.006623563161286887,2.1458633405814196e-06
574.786,0.012960213102016175,0.009511529058255528,575.052,0.006632775439879562,2.151794191234179e-06
574.986,0.012977062973299872,0.009510625573657018,575.152,0.006641987718523446,2.157733201458646e-06
574.986,0.012977062973299872,0.009510625573657018,575.252,0.00665119999721851,2.163680371152505e-06
575.086,0.012987849871710254,0.009511545962043871,575.352,0.006660412275964815,2.1696357002135047e-06
575.286,0.013004699733422774,0.009510642529911873,575.452,0.00666962455476231,2.175599188539319e-06
575.286,0.013004699733422774,0.009510642529911873,575.552,0.006678836833610942,2.181570836027623e-06
575.386,0.013017313193535445,0.009512061826532673,575.652,0.006688049112510741,2.187550642576156e-06
575.586,0.013034163652060496,0.009511158514253404,575.752,0.0066972613914617314,2.193538608082639e-06
575.586,0.013034163652060496,0.009511158514253404,575.852,0.006706473670463863,2.1995347324447538e-06
575.686,0.013044949970027407,0.009512078879731222,575.952,0.006715685949517164,2.2055390155602387e-06
575.686,0.013044949970027407,0.009512078879731222,576.052,0.006724898228621588,2.2115514573267816e-06
575.886,0.013061800425893102,0.009511175619971227,576.152,0.006734110507777171,2.2175720576421182e-06
576.086,0.013075618809072632,0.009511184200517529,576.252,0.006743322786983819,2.223600816403911e-06
576.086,0.013075618809072632,0.009511184200517529,576.352,0.0067525350662416125,2.229637733509932e-06
576.186,0.013089437188714088,0.00951119279912918,576.452,0.00676174734555048,2.235682808857857e-06
576.386,0.013107861695626936,0.00951120429273135,576.552,0.006770959624910436,2.2417360423454193e-06
576.386,0.013107861695626936,0.00951120429273135,576.652,0.006780171904321491,2.247797433870352e-06
576.486,0.013118768885179608,0.009512315660895426,576.752,0.006789384183783618,2.253866983330358e-06
576.686,0.013135498456276248,0.009511221594227176,576.852,0.006798596463296829,2.259944690623178e-06
576.686,0.013135498456276248,0.009511221594227176,576.952,0.0068078087428610785,2.266030555646504e-06
576.786,0.013149437785233777,0.009511421254809051,577.052,0.0068170210224764265,2.2721245782981076e-06
576.786,0.013149437785233777,0.009511421254809051,577.152,0.006826233302142795,2.2782267584756665e-06
576.986,0.013163141835257594,0.009511263807874334,577.252,0.006835445581860134,2.2843370960768803e-06
577.186,0.013176960214614501,0.009511272522982213,577.352,0.00684465786162852,2.290455590999536e-06
577.186,0.013176960214614501,0.009511272522982213,577.452,0.006853870141447976,2.296582243141378e-06
577.286,0.013190892934638905,0.009511447399825138,577.552,0.006863082421318404,2.3027170524000782e-06
577.486,0.013209317452859177,0.009511459072810114,577.652,0.006872294701239885,2.308860018673431e-06
577.486,0.013209317452859177,0.009511459072810114,577.752,0.006881506981212274,2.31501114185908e-06
577.586,0.01322022275478453,0.009512481395653496,577.852,0.006890719261235681,2.321170421854839e-06
577.786,0.01323697616285266,0.00951157617161583,577.952,0.00689993154131003,2.3273378585583942e-06
577.786,0.01323697616285266,0.00951157617161583,578.052,0.006909143821435296,2.333513451867472e-06
577.886,0.013247859522650791,0.009512498986692411,578.152,0.006918356101611594,2.3396972016798965e-06
577.886,0.013247859522650791,0.009512498986692411,578.252,0.006927568381838793,2.3458891078933214e-06
578.086,0.01326473202878439,0.00951169569259982,578.352,0.006936780662116973,2.3520891704055465e-06
578.286,0.013283156545794877,0.009511707495117268,578.452,0.006945992942446081,2.3582973891142856e-06
578.286,0.013283156545794877,0.009511707495117268,578.552,0.006955205222826068,2.364513763917251e-06
578.386,0.01329695298834064,0.009511616840864497,578.652,0.006964417503257057,2.370738294712275e-06
578.586,0.0133107933154184,0.009511725259994924,578.752,0.006973629783738866,2.3769709813969865e-06
578.586,0.0133107933154184,0.009511725259994924,578.852,0.006982842064271594,2.3832118238692054e-06
578.686,0.01332461170526009,0.009511734169865914,578.952,0.0069920543448551715,2.3894608220266368e-06
578.886,0.013339796989948926,0.009510500813649018,579.052,0.007001266625489635,2.3957179757670594e-06
578.886,0.013339796989948926,0.009510500813649018,579.152,0.007010478906174934,2.401983284988198e-06
578.986,0.013352248477450103,0.00951175204487769,579.252,0.007019691186911125,2.408256749587848e-06
579.186,0.013367433767880528,0.009510518716360494,579.352,0.007028903467698221,2.414538369463781e-06
579.186,0.013367433767880528,0.009510518716360494,579.452,0.007038115748536152,2.420828144513705e-06
579.386,0.013381252151979453,0.009510527695356307,579.552,0.007047328029424803,2.4271260746353013e-06
579.386,0.013381252151979453,0.009510527695356307,579.652,0.007056540310364409,2.433432159726495e-06
579.486,0.013398309769224856,0.009511781999674953,579.752,0.0070657525913547835,2.439746399684925e-06
579.686,0.013413948915406032,0.00951077368358084,579.852,0.007074964872395966,2.446068794408383e-06
579.686,0.013413948915406032,0.00951077368358084,579.952,0.007084177153487991,2.4523993437946574e-06
579.786,0.01342687042491464,0.00951218665660654,580.052,0.007093389434630653,2.458738047741377e-06
579.986,0.013442055861951602,0.009510953406778223,580.152,0.007102601715824187,2.4650849061464698e-06
579.986,0.013442055861951602,0.009510953406778223,580.252,0.007111813997068524,2.471439918907657e-06
580.086,0.013454507200415206,0.009512204801981047,580.352,0.007121026278363611,2.4778030859226763e-06
580.286,0.013469692640908075,0.009510971579868426,580.452,0.007130238559709458,2.4841744070893093e-06
580.286,0.013469692640908075,0.009510971579868426,580.552,0.007139450841105972,2.490553882305261e-06
580.386,0.01348175792168932,0.00951262449699293,580.652,0.007148663122553302,2.496941511468416e-06
580.386,0.01348175792168932,0.00951262449699293,580.752,0.007157875404051329,2.5033372944764626e-06
580.586,0.013497329412527324,0.009510989826321134,580.852,0.00716708768560012,2.50974123122722e-06
580.786,0.013511147798075501,0.009510998977157426,580.952,0.007176299967199613,2.5161533216184375e-06
580.786,0.013511147798075501,0.009510998977157426,581.052,0.007185512248849756,2.522573565547856e-06
580.886,0.013524966185322305,0.009511008146143285,581.152,0.00719472453055066,2.5290019629133315e-06
581.086,0.01353890559871407,0.00951110581787752,581.252,0.0072039368123022005,2.5354385136125625e-06
581.086,0.01353890559871407,0.00951110581787752,581.352,0.007213149094104468,2.5418832175433913e-06
581.186,0.01355576283482559,0.00951096068666028,581.452,0.0072223613759574016,2.5483360746035673e-06
581.386,0.013570544923903817,0.009511540672285932,581.552,0.00723157365786093,2.5547970846908258e-06
581.386,0.013570544923903817,0.009511540672285932,581.652,0.007240785939815182,2.5612662477030407e-06
581.486,0.013583399613596739,0.009510979150866182,581.752,0.007249998221820059,2.5677435635379326e-06
581.686,0.013597217998335602,0.009510988410587565,581.852,0.007259210503875535,2.5742290320932762e-06
581.686,0.013597217998335602,0.009510988410587565,581.952,0.007268422785981662,2.5807226532669027e-06
581.786,0.013610880291719618,0.009510878216450896,582.052,0.0072776350681384196,2.587224426956586e-06
581.786,0.013610880291719618,0.009510878216450896,582.152,0.007286847350345756,2.593734353060082e-06
581.986,0.013624975782089847,0.00951109546582792,582.252,0.007296059632603723,2.600252431475232e-06
582.186,0.01364300232752453,0.009512944272452722,582.352,0.0073052719149122505,2.6067786620997767e-06
582.186,0.01364300232752453,0.009512944272452722,582.452,0.00731448419727138,2.613313044831544e-06
582.286,0.01365441308366783,0.0095120988734426,582.552,0.00732369647968103,2.619855579568278e-06
582.486,0.013672837595444636,0.009512111347247778,582.652,0.007332908762141311,2.62640626620785e-06
582.486,0.013672837595444636,0.009512111347247778,582.752,0.007342121044652189,2.632965104648049e-06
582.586,0.013686499855381007,0.009512001228026767,582.852,0.007351333327213528,2.6395320947865743e-06
582.786,0.013700474372870175,0.009512130119088504,582.952,0.007360545609825428,2.6461072365213055e-06
582.786,0.013700474372870175,0.009512130119088504,583.052,0.007369757892487888,2.652690529750042e-06
582.886,0.01371401560469676,0.009511931542992617,583.152,0.007378970175200871,2.6592819743705707e-06
583.086,0.013728111141239858,0.009512148964287561,583.252,0.007388182457964349,2.665881570280682e-06
583.086,0.013728111141239858,0.009512148964287561,583.352,0.007397394740778294,2.6724893173781595e-06
583.186,0.013741773406576521,0.009512038915521628,583.452,0.007406607023642818,2.67910521556089e-06
583.386,0.013759436818806889,0.00951492106283195,583.552,0.007415819306557737,2.685729264726569e-06
583.386,0.013759436818806889,0.00951492106283195,583.652,0.007425031589523106,2.692361464773036e-06
583.486,0.013772858636853135,0.009514614497955182,583.752,0.007434243872539005,2.6990018155981673e-06
583.486,0.013772858636853135,0.009514614497955182,583.852,0.007443456155605429,2.7056503170997723e-06
583.686,0.013787794749865072,0.009515529597699057,583.952,0.0074526684387222295,2.712306969175567e-06
583.886,0.013801613139950883,0.009515539127784406,584.052,0.007461880721889453,2.7189717717233965e-06
583.886,0.013801613139950883,0.009515539127784406,584.152,0.007471093005107149,2.725644724641122e-06
583.986,0.013814313805536792,0.009514643085182801,584.252,0.007480305288375319,2.7323258278265634e-06
584.186,0.013832738333274544,0.009514655843580576,584.352,0.007489517571693882,2.739015081177488e-06
584.186,0.013832738333274544,0.009514655843580576,584.452,0.007498729855062832,2.7457124845917133e-06
584.286,0.01384655672577441,0.009514665433633246,584.552,0.007507942138482209,2.7524180379670916e-06
584.286,0.01384655672577441,0.009514665433633246,584.652,0.007517154421952029,2.759131741201462e-06
584.486,0.013861336610904933,0.00951546105751565,584.752,0.007526366705472124,2.7658535941925315e-06
584.486,0.013861336610904933,0.00951546105751565,584.852,0.007535578989042687,2.7725835968382722e-06
584.686,0.013879761130724729,0.009515473897677823,584.952,0.007544791272663565,2.779321749036392e-06
584.886,0.013893735753025943,0.009515603129661149,585.052,0.007554003556334856,2.7860680506847997e-06
584.886,0.013893735753025943,0.009515603129661149,585.152,0.007563215840056416,2.792822501681227e-06
584.986,0.013911042552324308,0.009514710430233666,585.252,0.0075724281238284,2.7995851019236144e-06
585.186,0.013925822443281385,0.00951550614068253,585.352,0.007581640407650687,2.8063558513097104e-06
585.186,0.013925822443281385,0.00951550614068253,585.452,0.007590852691523261,2.8131347497373455e-06
585.286,0.013938679335744605,0.00951472983674185,585.552,0.007600064975446236,2.819921797104434e-06
585.486,0.013953459222413138,0.009515525584260208,585.652,0.0076092772594194774,2.826716993308711e-06
585.486,0.013953459222413138,0.009515525584260208,585.752,0.007618489543442995,2.8335203382480256e-06
585.586,0.01396727761278722,0.009515535333460652,585.852,0.007627701827516822,2.840331831820251e-06
585.586,0.01396727761278722,0.009515535333460652,585.952,0.0076369141116409064,2.8471514739231906e-06
585.786,0.013981096003703578,0.009515545101210483,586.052,0.007646126395815354,2.853979264454765e-06
585.986,0.013995070618601528,0.009515674472960827,586.152,0.007655338680039934,2.860815203312651e-06
585.986,0.013995070618601528,0.009515674472960827,586.252,0.007664550964314801,2.8676592903948012e-06
586.086,0.01400873278700955,0.00951556469146106,586.352,0.0076737632486399655,2.8745115255990776e-06
586.286,0.01402366967337442,0.009515917331626563,586.452,0.0076829755330153765,2.881371908823291e-06
586.286,0.01402366967337442,0.009515917331626563,586.552,0.007692187817440916,2.888240439965198e-06
586.386,0.01404201616511137,0.00951524850502812,586.652,0.007701400101916775,2.8951171189227984e-06
586.586,0.01405575635411788,0.009515820731374825,586.752,0.007710612386442815,2.902001945593842e-06
586.586,0.01405575635411788,0.009515820731374825,586.852,0.007719824671019049,2.908894919876193e-06
586.686,0.01406988289551665,0.009515284824288902,586.952,0.007729036955645427,2.915796041667672e-06
586.886,0.014083393136031104,0.009515840518213014,587.052,0.007738249240322075,2.9227053108662246e-06
586.886,0.014083393136031104,0.009515840518213014,587.152,0.007747461525048876,2.929622727369621e-06
586.986,0.014096430868193784,0.009516237313537637,587.252,0.007756673809825868,2.936548291075748e-06
586.986,0.014096430868193784,0.009516237313537637,587.352,0.007765886094652951,2.943482001882393e-06
587.186,0.014111338066258996,0.009515314578743302,587.452,0.0077750983795302105,2.9504238596874824e-06
587.386,0.01412484831426991,0.009515870336083653,587.552,0.007784310664457611,2.9573738643888575e-06
587.386,0.01412484831426991,0.009515870336083653,587.652,0.007793522949435131,2.9643320158843586e-06
587.486,0.01413897485552925,0.009515334506641434,587.752,0.007802735234462806,2.9712983140718837e-06
587.686,0.014156310565688468,0.009516280444660116,587.852,0.00781194751954065,2.9782727588493085e-06
587.686,0.014156310565688468,0.009516280444660116,587.952,0.007821159804668455,2.985255350114343e-06
587.786,0.014169908315195075,0.009516168084557018,588.052,0.007830372089846526,2.9922460877650896e-06
587.986,0.014183614645462255,0.009516269368717677,588.152,0.007839584375074591,2.9992449716992085e-06
587.986,0.014183614645462255,0.009516269368717677,588.252,0.007848796660352738,3.0062520018146498e-06
588.086,0.014199290871180065,0.00951667095427574,588.352,0.007858008945680957,3.013267178009267e-06
588.086,0.014199290871180065,0.00951667095427574,588.452,0.007867221231059332,3.0202905001809952e-06
588.286,0.014212997221116793,0.009516772288481013,588.552,0.007876433516487714,3.027321968227605e-06
588.486,0.014229725106805518,0.009515827110372058,588.652,0.007885645801966117,3.034361582046984e-06
588.486,0.014229725106805518,0.009515827110372058,588.752,0.007894858087494648,3.041409341537089e-06
588.586,0.0142433226537315,0.009515714829328264,588.852,0.007904070373073124,3.048465246595657e-06
588.786,0.014261747177275599,0.009515728317097502,588.952,0.007913282658701627,3.0555292971206333e-06
588.786,0.014261747177275599,0.009515728317097502,589.052,0.007922494944380182,3.0626014930099255e-06
588.886,0.01427298896131515,0.009516724795113155,589.152,0.007931707230108704,3.069681834161346e-06
589.086,0.014286807352007195,0.009516734948407966,589.252,0.007940919515887292,3.076770320472858e-06
589.086,0.014286807352007195,0.009516734948407966,589.352,0.00795013180171579,3.083866951842223e-06
589.186,0.014300625748455845,0.009516745119809163,589.452,0.007959344087594345,3.090971728167445e-06
589.186,0.014300625748455845,0.009516745119809163,589.552,0.007968556373522834,3.0980846493463185e-06
589.386,0.014314444141230375,0.009516755309774241,589.652,0.00797776865950132,3.10520571527678e-06
589.586,0.014330887136333622,0.009515832470619937,589.752,0.007986980945529664,3.11233492585661e-06
589.586,0.014330887136333622,0.009515832470619937,589.852,0.00799619323160803,3.1194722809838366e-06
589.686,0.014344516180139754,0.009515728875845819,589.952,0.008005405517736304,3.1266177805562575e-06
589.886,0.014363082070002043,0.009515803082249641,590.052,0.008014617803914496,3.13377142447178e-06
589.886,0.014363082070002043,0.009515803082249641,590.152,0.008023830090142696,3.1409332126283672e-06
589.986,0.01437476098908093,0.009517157784651368,590.252,0.008033042376420696,3.1481031449237516e-06
590.186,0.014391386660320938,0.009516413904619584,590.352,0.008042254662748643,3.155281221255947e-06
590.186,0.014391386660320938,0.009516413904619584,590.452,0.008051466949126528,3.1624674415228486e-06
590.286,0.014402397776670985,0.009517178367378061,590.552,0.008060679235554232,3.169661805622265e-06
590.486,0.014419071443535986,0.00951648782009807,590.652,0.008069891522031802,3.1768643134521293e-06
590.486,0.014419071443535986,0.00951648782009807,590.752,0.008079103808559245,3.184074964910353e-06
590.586,0.014430034565011603,0.009517199023363506,590.852,0.008088316095136555,3.1912937598948405e-06
590.586,0.014430034565011603,0.009517199023363506,590.952,0.008097528381763757,3.1985206983035256e-06
590.786,0.014446660235482177,0.009516455228978883,591.052,0.008106740668440823,3.2057557800342726e-06
590.986,0.014459865813795823,0.009515949027188761,591.152,0.008115952955167684,3.212999004984952e-06
590.986,0.014459865813795823,0.009515949027188761,591.252,0.00812516524194434,3.220250373053466e-06
591.086,0.014476422664259489,0.009517408735126137,591.352,0.008134377528770843,3.2275098841377774e-06
591.286,0.014492865985548616,0.009516486140622138,591.452,0.008143589815647154,3.2347775381357586e-06
591.286,0.014492865985548616,0.009516486140622138,591.552,0.008152802102573296,3.24205333494535e-06
591.386,0.014505661402846452,0.009517283041793763,591.652,0.008162014389549178,3.2493372744643908e-06
591.586,0.014522105209497151,0.009516360386468454,591.752,0.008171226676574892,3.256629356590861e-06
591.586,0.014522105209497151,0.009516360386468454,591.852,0.008180438963650331,3.263929581222607e-06
591.686,0.014536180880210641,0.009516358414839438,591.952,0.008189651250775585,3.271237948257613e-06
591.686,0.014536180880210641,0.009516358414839438,592.052,0.008198863537950532,3.2785544575937008e-06
591.886,0.014549742001836742,0.009516381361765379,592.152,0.00820807582517529,3.2858791091288914e-06
592.086,0.014564558975692463,0.00951630166934032,592.252,0.008217288112449712,3.2932119027609806e-06
592.086,0.014564558975692463,0.00951630166934032,592.352,0.008226500399773917,3.300552838387993e-06
592.186,0.014583059521227938,0.00951644411242498,592.452,0.008235712687147876,3.30790191590783e-06
592.386,0.014596250009342445,0.009516517871533878,592.552,0.00824492497457151,3.3152591352183604e-06
592.386,0.014596250009342445,0.009516517871533878,592.652,0.008254137262044874,3.322624496217554e-06
592.486,0.014610696318462006,0.009516465240586728,592.752,0.00826334954956793,3.3299979988033053e-06
592.686,0.014623893803431688,0.009516559417725034,592.852,0.008272561837140736,3.3373796428735888e-06
592.686,0.014623893803431688,0.009516559417725034,592.952,0.008281774124763146,3.3447694283262248e-06
592.786,0.014638333109036778,0.009516486442025,593.052,0.008290986412435265,3.3521673550592323e-06
592.786,0.014638333109036778,0.009516486442025,593.152,0.008300198700157043,3.3595734229705e-06
592.986,0.014652206511531625,0.009516570745029889,593.252,0.00830941098792847,3.3669876319579585e-06
593.186,0.014668047478915746,0.009517868105178889,593.352,0.00831862327574951,3.374409981919524e-06
593.186,0.014668047478915746,0.009517868105178889,593.452,0.008327835563620233,3.3818404727531785e-06
593.286,0.014686136724399198,0.009517921065518117,593.552,0.008337047851540474,3.3892791043567316e-06
593.486,0.014699955121446251,0.00951793175634511,593.652,0.008346260139510371,3.3967258766282256e-06
593.486,0.014699955121446251,0.00951793175634511,593.752,0.008355472427529943,3.4041807894656314e-06
593.586,0.014713766515264973,0.009517922083747398,593.852,0.0083646847155991,3.411643842766813e-06
593.786,0.014728603295087824,0.009517904550390456,593.952,0.008373897003717747,3.4191150364296345e-06
593.786,0.014728603295087824,0.009517904550390456,594.052,0.00838310929188608,3.426594370352203e-06
593.886,0.014741410300885424,0.009517963938293328,594.152,0.00839232158010396,3.434081844432369e-06
593.886,0.014741410300885424,0.009517963938293328,594.252,0.008401533868371416,3.4415774585680715e-06
594.086,0.014756240087176131,0.009517926050694379,594.352,0.008410746156688473,3.4490812126572914e-06
594.286,0.014770058481074561,0.009517936828450424,594.452,0.008419958445055024,3.456593106597906e-06
594.286,0.014770058481074561,0.009517936828450424,594.552,0.008429170733471186,3.464113140287947e-06
594.386,0.014787402965348815,0.00951853657311005,594.652,0.00843838302193681,3.471641313625275e-06
594.586,0.014802301406481486,0.009517962047368366,594.752,0.008447595310451982,3.479177626507873e-06
594.586,0.014802301406481486,0.009517962047368366,594.852,0.008456807599016682,3.48672207883371e-06
594.686,0.01481438896260303,0.00951769352950037,594.952,0.008466019887630932,3.494274670500753e-06
594.886,0.01482993820761093,0.00951798374305133,595.052,0.008475232176294594,3.5018354014068507e-06
594.886,0.01482993820761093,0.00951798374305133,595.152,0.008484444465007773,3.509404271450042e-06
594.986,0.014841719836012776,0.009517344840940526,595.252,0.008493656753770425,3.516981280528267e-06
595.186,0.014857506398563805,0.009518542218146053,595.352,0.008502869042582545,3.5245664285394633e-06
595.186,0.014857506398563805,0.009518542218146053,595.452,0.00851208133144415,3.532159715381628e-06
595.386,0.014871393391643787,0.009518016424047664,595.552,0.008521293620355162,3.5397611409526394e-06
595.386,0.014871393391643787,0.009518016424047664,595.652,0.008530505909315684,3.5473707051505547e-06
595.486,0.014884166863460916,0.009517266928698894,595.752,0.008539718198325679,3.5549884078733158e-06
595.686,0.014899030187092363,0.009518038302841014,595.852,0.008548930487385005,3.562614249018772e-06
595.686,0.014899030187092363,0.009518038302841014,595.952,0.008558142776493827,3.570248228485037e-06
595.786,0.014915609970351055,0.009517144948856781,596.052,0.00856735506565208,3.5778903461700207e-06
595.986,0.01493022819417589,0.009517303481618552,596.152,0.008576567354859737,3.585540601971668e-06
595.986,0.01493022819417589,0.009517303481618552,596.252,0.008585779644116788,3.5931989957879524e-06
596.086,0.014942903135106194,0.009517055147606849,596.352,0.008594991933423201,3.600865527516817e-06
596.286,0.014957065165171741,0.009517177964039837,596.452,0.008604204222779036,3.6085401970562907e-06
596.286,0.014957065165171741,0.009517177964039837,596.552,0.008613416512184205,3.616223004304271e-06
596.386,0.014970539938629015,0.009517077211124842,596.652,0.008622628801638759,3.6239139491587863e-06
596.586,0.014984701963893367,0.009517200065620913,596.752,0.008631841091142674,3.6316130315177875e-06
596.586,0.014984701963893367,0.009517200065620913,596.852,0.008641053380695832,3.6393202512791803e-06
596.786,0.014998537242768645,0.009517228834102397,596.952,0.008650265670298415,3.6470356083410713e-06
596.786,0.014998537242768645,0.009517228834102397,597.052,0.008659477959950306,3.654759102601362e-06
596.886,0.015012455669180712,0.009517310236467532,597.152,0.008668690249651514,3.662490733958031e-06
597.086,0.015026274070654655,0.009517321351541397,597.252,0.008677902539402108,3.6702305023091322e-06
597.086,0.015026274070654655,0.009517321351541397,597.352,0.008687114829201904,3.677978407552497e-06
597.186,0.015044942956054437,0.00951752855287495,597.452,0.008696327119050983,3.6857344495861867e-06
597.386,0.015058173353522452,0.009517235556733663,597.552,0.008705539408949388,3.6934986283082234e-06
597.386,0.015058173353522452,0.009517235556733663,597.652,0.008714751698897068,3.701270943616554e-06
597.586,0.015072335385814572,0.009517358533660486,597.752,0.00872396398889401,3.7090513954091637e-06
597.586,0.015072335385814572,0.009517358533660486,597.852,0.008733176278940236,3.7168399835840593e-06
597.686,0.015086104148203862,0.009517410000397677,597.952,0.008742388569035692,3.7246367080391927e-06
597.886,0.01509997218476725,0.00951738094059591,598.052,0.00875160085918041,3.7324415686725883e-06
597.886,0.01509997218476725,0.00951738094059591,598.152,0.008760813149374366,3.7402545653822234e-06
597.986,0.015118641088408654,0.009517588267172012,598.252,0.008770025439617484,3.748075698066032e-06
598.186,0.015132459490607115,0.009517599521668602,598.352,0.008779237729909873,3.755904966622104e-06
598.186,0.015132459490607115,0.009517599521668602,598.452,0.00878845002025145,3.7637423709483815e-06
598.286,0.015146277899078396,0.009517610794257999,598.552,0.008797662310642244,3.771587910942893e-06
598.486,0.015160324664435336,0.009517714539980248,598.652,0.008806874601082237,3.7794415865036e-06
598.486,0.015160324664435336,0.009517714539980248,598.752,0.008816086891571389,3.7873033975284995e-06
598.586,0.01517526753083019,0.00951770389709369,598.852,0.00882529918210969,3.7951733439155766e-06
598.786,0.015187733090258962,0.009517644722287237,598.952,0.008834511472697254,3.8030514255629473e-06
598.786,0.015187733090258962,0.009517644722287237,599.052,0.008843723763333838,3.810937642368403e-06
598.886,0.015202904327970937,0.009517726566454715,599.152,0.008852936054019671,3.8188319942301604e-06
598.886,0.015202904327970937,0.009517726566454715,599.252,0.00886214834475465,3.826734481046126e-06
599.086,0.015215598262215498,0.00951775988079107,599.352,0.008871360635538684,3.834645102714253e-06
599.286,0.01522941666306703,0.009517771261864842,599.452,0.008880572926371934,3.8425638591326815e-06
599.286,0.01522941666306703,0.009517771261864842,599.552,0.008889785217254224,3.850490750199287e-06
599.386,0.015248965665404506,0.009517764511432401,599.652,0.008898997508185628,3.85842577581214e-06
599.588,0.015263012478886694,0.00951786838391168,599.752,0.008908209799166221,3.866368935869331e-06
599.588,0.015263012478886694,0.00951786838391168,599.852,0.00891742209019588,3.874320230268769e-06
599.688,0.015276602470340024,0.009517787376029381,599.952,0.008926634381274551,3.882279658908437e-06
599.888,0.015290649284122278,0.009517891282000037,600.052,0.00893584667240231,3.890247221686398e-06
599.888,0.015290649284122278,0.009517891282000037,600.152,0.008945058963579123,3.898222918500655e-06
599.988,0.015304467685075963,0.009517902758394672,600.252,0.008954271254805062,3.906206749249306e-06
599.988,0.015304467685075963,0.009517902758394672,600.352,0.008963483546079995,3.914198713830254e-06
600.188,0.01531828608061871,0.009517914253308052,600.452,0.008972695837404001,3.922198812141593e-06
600.388,0.015332104475383758,0.009517925766512189,600.552,0.008981908128776986,3.930207044081277e-06
600.388,0.015332104475383758,0.009517925766512189,600.652,0.008991120420198971,3.938223409547336e-06
600.488,0.015349671129157244,0.009517880491551473,600.752,0.00900033271167002,3.946247908437874e-06
600.688,0.015364347418348714,0.009517952701495665,600.852,0.009009545003190065,3.954280540650866e-06
600.688,0.015364347418348714,0.009517952701495665,600.952,0.009018757294759103,3.962321306084334e-06
600.788,0.015378813193696623,0.009519105983967005,601.052,0.009027969586377109,3.970370204636288e-06
600.988,0.015393347427422325,0.00951898091771987,601.152,0.009037181878044125,3.978427236204799e-06
600.988,0.015393347427422325,0.00951898091771987,601.252,0.00904639416976015,3.98649240068792e-06
601.088,0.015406039410478339,0.009521352994890781,601.352,0.009055606461525026,3.994565697983536e-06
601.088,0.015406039410478339,0.009521352994890781,601.452,0.009064818753338881,4.002647127989806e-06
601.288,0.0154213847767537,0.009519589881205714,601.552,0.00907403104520171,4.010736690604761e-06
601.488,0.015435483657004584,0.009519519578716919,601.652,0.009083243337113373,4.018834385726319e-06
601.488,0.015435483657004584,0.009519519578716919,601.752,0.009092455629074089,4.02694021325271e-06
601.588,0.015449021588049748,0.00951961319671603,601.852,0.009101667921083686,4.0350541730818465e-06
601.788,0.015466458032850171,0.009521710024080489,601.952,0.009110880213142136,4.043176265111737e-06
601.788,0.015466458032850171,0.009521710024080489,602.052,0.009120092505249587,4.051306489240558e-06
601.888,0.015480276437948503,0.00952172172947855,602.152,0.009129304797405837,4.059444845366187e-06
602.088,0.015494094840108049,0.009521733453388042,602.252,0.009138517089611064,4.0675913333868175e-06
602.088,0.015494094840108049,0.009521733453388042,602.352,0.009147729381865114,4.075745953200375e-06
602.188,0.015507913248248491,0.009521745195389099,602.452,0.009156941674168006,4.083908704704924e-06
602.388,0.015521731653066686,0.00952175695587058,602.552,0.009166153966519819,4.092079587798598e-06
602.388,0.015521731653066686,0.00952175695587058,602.652,0.009175366258920464,4.100258602379357e-06
602.488,0.015535550061757728,0.009521768734470908,602.752,0.009184578551369922,4.108445748345259e-06
602.688,0.015550911905776078,0.00952220292113337,602.852,0.009193790843868217,4.116641025594369e-06
602.688,0.015550911905776078,0.00952220292113337,602.952,0.009203003136415344,4.124844434024741e-06
602.788,0.015564730314959831,0.009522214742635444,603.052,0.009212215429011295,4.133055973534433e-06
602.788,0.015564730314959831,0.009522214742635444,603.152,0.009221427721656022,4.141275644021455e-06
602.988,0.01557854871561468,0.009522226582644054,603.252,0.009230640014349593,4.1495034453839435e-06
603.188,0.015592643882644738,0.009522298156372129,603.352,0.009239852307091966,4.157739377519912e-06
603.188,0.015592643882644738,0.009522298156372129,603.452,0.009249064599883044,4.165983440327349e-06
603.288,0.015611068437688495,0.00952231399622277,603.552,0.009258276892722971,4.174235633704445e-06
603.488,0.015624886839694081,0.00952232589768208,603.652,0.009267489185611643,4.182495957549169e-06
603.488,0.015624886839694081,0.00952232589768208,603.752,0.009276701478549015,4.190764411759551e-06
603.588,0.0156387052402309,0.009522337817236083,603.852,0.009285913771535204,4.199040996233761e-06
603.788,0.01565252364989429,0.009522349755290184,603.952,0.009295126064570083,4.207325710869766e-06
603.788,0.01565252364989429,0.009522349755290184,604.052,0.00930433835765374,4.215618555565706e-06
603.888,0.015666342052067822,0.009522361711434285,604.152,0.009313550650786085,4.22391953021959e-06
604.088,0.015680160448304795,0.009522373686078072,604.252,0.00932276294396719,4.232228634729549e-06
604.088,0.015680160448304795,0.009522373686078072,604.352,0.009331975237196971,4.240545868993576e-06
604.188,0.015693978851871973,0.009522385678793155,604.452,0.009341187530475423,4.248871232909754e-06
604.388,0.01570779725210161,0.00952239769000841,604.552,0.009350399823802537,4.257204726376166e-06
604.388,0.01570779725210161,0.00952239769000841,604.652,0.009359612117178432,4.265546349290977e-06
604.488,0.015721615664595293,0.009522409719324767,604.752,0.009368824410602918,4.2738961015521046e-06
604.488,0.015721615664595293,0.009522409719324767,604.852,0.009378036704076099,4.282253983057726e-06
604.688,0.01573543406728613,0.0095224217671401,604.952,0.009387248997597882,4.290619993705836e-06
604.888,0.015753858611113867,0.009522437859191477,605.052,0.009396461291168346,4.298994133394602e-06
604.888,0.015753858611113867,0.009522437859191477,605.152,0.009405673584787477,4.307376402022088e-06
604.988,0.015767677015235897,0.00952244994948088,605.252,0.009414885878455195,4.31576679948631e-06
605.188,0.015782892778297898,0.009522741307658492,605.352,0.009424098172171543,4.3241653256854025e-06
605.188,0.015782892778297898,0.009522741307658492,605.452,0.009433310465936477,4.3325719805174095e-06
605.288,0.015795872734488636,0.009522623141691215,605.552,0.009442522759750032,4.340986763880459e-06
605.288,0.015795872734488636,0.009522623141691215,605.652,0.009451735053612157,4.349409675672593e-06
605.488,0.015810529595984415,0.009522765588811186,605.752,0.00946094734752294,4.357840715791981e-06
605.688,0.015824348002907853,0.009522777756930723,605.852,0.00947015964148224,4.366279884136598e-06
605.688,0.015824348002907853,0.009522777756930723,605.952,0.009479371935490108,4.374727180604588e-06
605.788,0.01583676719697359,0.009522567868407219,606.052,0.00948858422954652,4.3831826050940225e-06
605.988,0.01585714991746151,0.009522955192420695,606.152,0.009497796523651488,4.391646157503014e-06
605.988,0.01585714991746151,0.009522955192420695,606.252,0.009507008817805071,4.400117837729714e-06
606.088,0.015876533478615805,0.00952241110962794,606.352,0.009516221112007133,4.408597645672102e-06
606.288,0.015891750904203902,0.009522702769178652,606.452,0.009525433406257718,4.417085581228311e-06
606.288,0.015891750904203902,0.009522702769178652,606.552,0.00953464570055688,4.425581644296503e-06
606.388,0.01590278904656583,0.009522058309461179,606.652,0.009543857994904483,4.434085834774675e-06
606.588,0.015922152199358764,0.009523760043342664,606.752,0.009553070289300601,4.442598152560985e-06
606.588,0.015922152199358764,0.009523760043342664,606.852,0.009562282583745208,4.451118597553514e-06
606.688,0.01593408215291693,0.009523107875600225,606.952,0.00957149487823828,4.459647169650346e-06
606.688,0.01593408215291693,0.009523107875600225,607.052,0.009580707172779859,4.4681838687496404e-06
606.888,0.01595071566676108,0.009523816623186175,607.152,0.009589919467369867,4.47672869474943e-06
607.088,0.01596453406904224,0.009523828926434247,607.252,0.00959913176200835,4.485281647547878e-06
607.088,0.01596453406904224,0.009523828926434247,607.352,0.009608344056695252,4.493842727043052e-06
607.188,0.01598080833749854,0.009524991264461168,607.452,0.009617556351430606,4.502411933133101e-06
607.388,0.015997185736543847,0.009523699922951252,607.552,0.009626768646214357,4.510989265716078e-06
607.388,0.015997185736543847,0.009523699922951252,607.652,0.009635980941046602,4.519574724690175e-06
607.488,0.016008445156587912,0.009525015961247826,607.752,0.00964519323592725,4.528168309953433e-06
607.688,0.016023663306593484,0.009525308161295988,607.852,0.009654405530856329,4.536770021404019e-06
607.688,0.016023663306593484,0.009525308161295988,607.952,0.009663617825833805,4.545379858940003e-06
607.788,0.01603608197314372,0.009525040731180863,608.052,0.00967283012085961,4.553997822459458e-06
607.788,0.01603608197314372,0.009525040731180863,608.152,0.009682042415933878,4.56262391186063e-06
607.988,0.016051300122976796,0.009525332976729018,608.252,0.00969125471105645,4.571258127041486e-06
608.188,0.016065118534871546,0.00952534541195925,608.352,0.009700467006227396,4.57990046790024e-06
608.188,0.016065118534871546,0.00952534541195925,608.452,0.009709679301446734,4.588550934335037e-06
608.288,0.016078936939421785,0.009525357865295798,608.552,0.00971889159671438,4.597209526243901e-06
608.488,0.016092755345692336,0.009525370337109236,608.652,0.009728103892030339,4.605876243524988e-06
608.488,0.016092755345692336,0.009525370337109236,608.752,0.009737316187394644,4.614551086076468e-06
608.588,0.016109822712401394,0.009525154375623046,608.852,0.009746528482807252,4.623234053796415e-06
608.788,0.016124998282243123,0.00952539950879395,608.952,0.0097557407782682,4.631925146583002e-06
608.788,0.016124998282243123,0.00952539950879395,609.052,0.009764953073777458,4.640624364334333e-06
608.888,0.016137143768229095,0.00952498113350952,609.152,0.009774165369334998,4.649331706948527e-06
609.088,0.016152635100999783,0.009525424592378302,609.252,0.00978337766494085,4.65804717432376e-06
609.088,0.016152635100999783,0.009525424592378302,609.352,0.009792589960594919,4.666770766358072e-06
609.188,0.016164780585917277,0.009525006243911468,609.452,0.009801802256297343,4.6755024829497245e-06
609.388,0.016180271919121046,0.00952544974908102,609.552,0.009811014552047923,4.6842423239966845e-06
609.388,0.016180271919121046,0.00952544974908102,609.652,0.009820226847846877,4.692990289397301e-06
609.488,0.016193817108060993,0.009525311289947875,609.752,0.009829439143694028,4.701746379049545e-06
609.488,0.016193817108060993,0.009525311289947875,609.852,0.00983865143958939,4.710510592851573e-06
609.688,0.016207951322474726,0.009525522217447143,609.952,0.009847863735532942,4.719282930701534e-06
609.888,0.016226060073080178,0.009525340773690091,610.052,0.00985707603152485,4.728063392497708e-06
609.888,0.016226060073080178,0.009525340773690091,610.152,0.00986628832756481,4.736851978137963e-06
609.988,0.016239834440361374,0.009525739433396043,610.252,0.009875500623653062,4.745648687520681e-06
609.988,0.016239834440361374,0.009525739433396043,610.352,0.009884712919789481,4.7544535205439035e-06
610.188,0.01625369688954785,0.00952536612458829,610.452,0.009893925215974072,4.763266477105773e-06
610.388,0.01626783110275884,0.009525577132779179,610.552,0.009903137512206842,4.772087557104454e-06
610.388,0.01626783110275884,0.009525577132779179,610.652,0.009912349808487786,4.780916760438103e-06
610.488,0.016286172917616998,0.00952488426778686,610.752,0.009921562104816891,4.7897540870048665e-06
610.688,0.01629999132392788,0.009524897012767446,610.852,0.009930774401194163,4.798599536702898e-06
610.688,0.01629999132392788,0.009524897012767446,610.952,0.009939986697619555,4.807453109430328e-06
610.788,0.016313809737768706,0.009524909775828524,611.052,0.009949198994093102,4.81631480508534e-06
610.788,0.016313809737768706,0.009524909775828524,611.152,0.00995841129061473,4.8251846235660355e-06
610.988,0.016327628145170667,0.009524922557365478,611.252,0.009967623587184615,4.8340625647707265e-06
611.188,0.016341213470810415,0.009525446884872854,611.352,0.009976835883802462,4.842948628597319e-06
611.188,0.016341213470810415,0.009525446884872854,611.452,0.009986048180468471,4.8518428149441575e-06
611.288,0.016355264957752864,0.00952494817502534,611.552,0.0099952604771825,4.86074512370928e-06
611.488,0.01637368949935245,0.00952496529410683,611.652,0.010004472773944673,4.8696555547909785e-06
611.488,0.01637368949935245,0.00952496529410683,611.752,0.010013685070754943,4.878574108087364e-06
611.588,0.016387507908510172,0.00952497815462045,611.852,0.01002289736761322,4.887500783496522e-06
611.788,0.016401326315822317,0.009524991033647599,611.952,0.010032109664519577,4.896435580916698e-06
611.788,0.016401326315822317,0.009524991033647599,612.052,0.010041321961473924,4.905378500245978e-06
611.888,0.016417281594880446,0.009526863365593689,612.152,0.010050534258476395,4.914329541382679e-06
612.088,0.016431325660004076,0.00952707816012741,612.252,0.0100597465555269,4.923288704224892e-06
612.088,0.016431325660004076,0.00952707816012741,612.352,0.010068958852625376,4.932255988670708e-06
612.288,0.016445144068688262,0.009527091100057916,612.452,0.010078171149771874,4.941231394618372e-06
612.288,0.016445144068688262,0.009527091100057916,612.552,0.010087383446966348,4.950214921966009e-06
612.388,0.016458962480414042,0.009527104058079555,612.652,0.010096595744208915,4.95920657061193e-06
612.588,0.016473348885495998,0.00952688764306886,612.752,0.010105808041499348,4.968206340454091e-06
612.588,0.016473348885495998,0.00952688764306886,612.852,0.010115020338837896,4.977214231390908e-06
612.688,0.016489471219011977,0.009525727854573316,612.952,0.010124232636224285,4.9862302433203e-06
612.888,0.016504851478854814,0.00952697810010666,613.052,0.010133444933658716,4.995254376140665e-06
612.888,0.016504851478854814,0.00952697810010666,613.152,0.010142657231141121,5.004286629750114e-06
612.988,0.01651710804280233,0.00952575390610344,613.252,0.010151869528671403,5.013327004046751e-06
613.188,0.01653243501603381,0.009526971598680666,613.352,0.010161081826249661,5.022375498928864e-06
613.188,0.01653243501603381,0.009526971598680666,613.452,0.010170294123875823,5.03143211429455e-06
613.288,0.016544151887093028,0.00952512558474537,613.552,0.010179506421549918,5.040496850042058e-06
613.288,0.016544151887093028,0.00952512558474537,613.652,0.01018871871927195,5.049569706069571e-06
613.488,0.016558563268896244,0.009525793120504557,613.752,0.010197931017041898,5.05865068227526e-06
613.688,0.01657451151746529,0.009526814067468978,613.852,0.010207143314859677,5.067739778557251e-06
613.688,0.01657451151746529,0.009526814067468978,613.952,0.01021635561272538,5.076836994813819e-06
613.788,0.016586200096952948,0.009525819354739822,614.052,0.010225567910638977,5.085942330943133e-06
613.988,0.016604031667516613,0.009525182386026563,614.152,0.010234780208600332,5.095055786843282e-06
613.988,0.016604031667516613,0.009525182386026563,614.252,0.010243992506609699,5.1041773624127e-06
614.088,0.016617850084828956,0.009525195542607823,614.352,0.010253204804666847,5.113307057549362e-06
614.288,0.01663166848863701,0.009525208717645133,614.452,0.010262417102771879,5.122444872151577e-06
614.288,0.01663166848863701,0.009525208717645133,614.552,0.010271629400924695,5.131590806117458e-06
614.388,0.016645486902669544,0.00952522191078398,614.652,0.010280841699125314,5.140744859345224e-06
614.588,0.016659305314037285,0.009525235122349342,614.752,0.010290053997373793,5.149907031733144e-06
614.588,0.016659305314037285,0.009525235122349342,614.852,0.010299266295670082,5.159077323179375e-06
614.688,0.016670894582237333,0.009521880737472628,614.952,0.010308478594014202,5.168255733582139e-06
614.688,0.016670894582237333,0.009521880737472628,615.052,0.010317690892406061,5.17744226283958e-06
614.888,0.016686942143775526,0.00952526160015291,615.152,0.010326903190845733,5.186636910849969e-06
615.088,0.01670135975201974,0.009525079558593646,615.252,0.010336115489333223,5.195839677511519e-06
615.088,0.01670135975201974,0.009525079558593646,615.352,0.010345327787868477,5.20505056272241e-06
615.188,0.016719292615808554,0.0095274827878229,615.452,0.010354540086451368,5.214269566380713e-06
615.388,0.016735486030727477,0.009524130920921074,615.552,0.010363752385082135,5.2234966883848874e-06
615.388,0.016735486030727477,0.009524130920921074,615.652,0.01037296468376059,5.232731928632974e-06
615.488,0.01674873625017649,0.009524373839622399,615.752,0.010382176982486791,5.241975287023242e-06
615.688,0.01676577369343748,0.009524048382589457,615.852,0.010391389281260792,5.251226763453982e-06
615.688,0.01676577369343748,0.009524048382589457,615.952,0.010400601580082434,5.260486357823256e-06
615.788,0.016778992531301058,0.009524257190768737,616.052,0.010409813878951756,5.269754070029321e-06
615.988,0.016793410516147945,0.009524075173416633,616.152,0.010419026177868773,5.279029899970415e-06
615.988,0.016793410516147945,0.009524075173416633,616.252,0.010428238476833515,5.288313847544792e-06
616.088,0.016806629365253952,0.009524284020262116,616.352,0.010437450775845914,5.297605912650618e-06
616.088,0.016806629365253952,0.009524284020262116,616.452,0.010446663074906055,5.306906095186213e-06
616.288,0.016820447776311545,0.009524297462471432,616.552,0.010455875374013835,5.3162143950497e-06
616.488,0.01683486575579769,0.009524115493768729,616.652,0.010465087673169211,5.325530812139269e-06
616.488,0.01683486575579769,0.009524115493768729,616.752,0.010474299972372264,5.3348553463532356e-06
616.588,0.01685494661890586,0.009524742187635401,616.852,0.010483512271622973,5.344187997589793e-06
616.788,0.016868327298377592,0.009525052539391152,616.952,0.010492724570921359,5.3535287657472225e-06
616.788,0.016868327298377592,0.009525052539391152,617.052,0.010501936870267228,5.362877650723551e-06
616.888,0.016882583444730273,0.009524769207582613,617.152,0.010511149169660873,5.372234652417325e-06
617.088,0.016895964123632506,0.009525079603007549,617.252,0.010520361469101975,5.381599770726464e-06
617.088,0.016895964123632506,0.009525079603007549,617.352,0.010529573768590808,5.390973005549465e-06
617.188,0.016910220273436038,0.009524796300587538,617.452,0.010538786068127156,5.400354356784371e-06
617.188,0.016910220273436038,0.009524796300587538,617.552,0.0105479983677111,5.409743824329497e-06
617.388,0.016924169389126612,0.009524877121648026,617.652,0.010557210667342639,5.419141408083088e-06
617.588,0.016937987800129478,0.0095248907136656,617.752,0.010566422967021719,5.428547107943339e-06
617.588,0.016937987800129478,0.0095248907136656,617.852,0.010575635266748392,5.437960923808547e-06
617.688,0.01695227515862413,0.009524641650978001,617.952,0.01058484756652259,5.447382855576897e-06
617.888,0.016970699713025634,0.009524659825181329,618.052,0.010594059866344306,5.456812903146626e-06
617.888,0.016970699713025634,0.009524659825181329,618.152,0.010603272166213533,5.466251066415983e-06
617.988,0.016983301050014325,0.009525233719533864,618.252,0.010612484466130332,5.475697345283271e-06
618.188,0.016997687885867415,0.009525017770176907,618.352,0.010621696766094644,5.485151739646703e-06
618.188,0.016997687885867415,0.009525017770176907,618.452,0.010630909066106475,5.494614249404524e-06
618.288,0.017010937881297258,0.009525261073206424,618.552,0.010640121366165704,5.504084874454861e-06
618.488,0.017025324712729786,0.009525045161695514,618.652,0.010649333666272498,5.513563614696152e-06
618.488,0.017025324712729786,0.009525045161695514,618.752,0.010658545966426753,5.523050470026559e-06
618.588,0.01703857471177513,0.009525288505866406,618.852,0.010667758266628476,5.532545440344335e-06
618.588,0.01703857471177513,0.009525288505866406,618.952,0.010676970566877683,5.542048525547777e-06
618.788,0.017052961546370607,0.009525072626237226,619.052,0.010686182867174323,5.551559725535075e-06
618.988,0.017066779956401962,0.009525086385985572,619.152,0.010695395167518355,5.561079040204459e-06
618.988,0.017066779956401962,0.009525086385985572,619.252,0.01070460746790996,5.57060646945437e-06
619.088,0.017080598375271188,0.009525100163810385,619.352,0.010713819768348926,5.580142013182859e-06
619.288,0.017099022929291743,0.009525118562764586,619.452,0.010723032068835289,5.589685671288236e-06
619.288,0.017099022929291743,0.009525118562764586,619.552,0.010732244369369068,5.599237443668784e-06
619.388,0.01711139896860847,0.009527242125131516,619.652,0.01074145666995027,5.608797330222787e-06
619.588,0.017125785896049982,0.009527026336277132,619.752,0.010750668970578869,5.618365330848488e-06
619.588,0.017125785896049982,0.009527026336277132,619.852,0.010759881271254835,5.6279414454441276e-06
619.688,0.01713903580951269,0.00952726979671366,619.952,0.010769093571978215,5.637525673908015e-06
619.888,0.01715342273870356,0.009527054042729367,620.052,0.010778305872748964,5.647118016138404e-06
619.888,0.01715342273870356,0.009527054042729367,620.152,0.010787518173567047,5.65671847203351e-06
619.988,0.01716755822611149,0.00952704466125776,620.252,0.01079673047443235,5.666327041491511e-06
620.188,0.017181376640553792,0.00952705856086138,620.352,0.010805942775345176,5.675943724410981e-06
620.188,0.017181376640553792,0.00952705856086138,620.452,0.010815155076305264,5.6855685206899435e-06
620.288,0.01719462653549304,0.009527302101463658,620.552,0.010824367377312691,5.6952014302267605e-06
620.288,0.01719462653549304,0.009527302101463658,620.652,0.010833579678367473,5.704842452919726e-06
620.488,0.017209013474808008,0.00952708641463712,620.752,0.010842791979469527,5.714491588667032e-06
620.688,0.01722312758937335,0.00952716371301724,620.852,0.010852004280618837,5.724148837366967e-06
620.688,0.01722312758937335,0.00952716371301724,620.952,0.010861216581815516,5.733814198917913e-06
620.788,0.017241256445310965,0.009527119002882226,621.052,0.010870428883059436,5.743487673218032e-06
620.788,0.017241256445310965,0.009527119002882226,621.152,0.010879641184350627,5.753169260165655e-06
620.988,0.017259680996688325,0.009527137669429976,621.252,0.010888853485689111,5.7628589596590876e-06
621.188,0.017273795104817594,0.009527215031145791,621.352,0.010898065787074838,5.772556771596562e-06
621.188,0.017273795104817594,0.009527215031145791,621.452,0.010907278088507801,5.782262695876369e-06
621.288,0.017287317827857984,0.009527165730060565,621.552,0.010916490389988034,5.7919767323968405e-06
621.488,0.017301136240709638,0.009527179787871569,621.652,0.010925702691515505,5.801698881056236e-06
621.488,0.017301136240709638,0.009527179787871569,621.752,0.010934914993090175,5.811429141752804e-06
621.588,0.017314954660464895,0.009527193863729673,621.852,0.010944127294712046,5.821167514384858e-06
621.788,0.01732906877523399,0.009527271294560845,621.952,0.010953339596381095,5.830913998850663e-06
621.788,0.01732906877523399,0.009527271294560845,622.052,0.010962551898097443,5.840668595048657e-06
621.988,0.017343742790755245,0.00952798404773131,622.152,0.010971764199860937,5.850431302876967e-06
621.988,0.017343742790755245,0.00952798404773131,622.252,0.01098097650167154,5.860202122233869e-06
622.088,0.017356705612121475,0.00952729953576973,622.352,0.010990188803529404,5.869981053017818e-06
622.288,0.017375130174044708,0.009527318403816853,622.452,0.01099940110543439,5.879768095126973e-06
622.288,0.017375130174044708,0.009527318403816853,622.552,0.011008613407386555,5.889563248459712e-06
622.388,0.01738872125768636,0.009527377522469084,622.652,0.01101782570938591,5.899366512914351e-06
622.588,0.01740286890571246,0.009527494487281275,622.752,0.011027038011432337,5.909177888389075e-06
622.588,0.01740286890571246,0.009527494487281275,622.852,0.011036250313525887,5.918997374782245e-06
622.688,0.01741641454773512,0.009527451338679459,622.952,0.011045462615666655,5.92882497199227e-06
622.688,0.01741641454773512,0.009527451338679459,623.052,0.011054674917854498,5.938660679917318e-06
622.888,0.017431361345459907,0.009528221578621007,623.152,0.011063887220089453,5.94850449845574e-06
623.088,0.017445077857951494,0.009528088090947597,623.252,0.011073099522371474,5.958356427505805e-06
623.088,0.017445077857951494,0.009528088090947597,623.352,0.011082311824700597,5.968216466965866e-06
623.188,0.0174627716513298,0.00952756216723934,623.452,0.01109152412707678,5.9780846167342044e-06
623.388,0.017477479222506136,0.009528314554629382,623.552,0.01110073642950007,5.987960876709185e-06
623.388,0.017477479222506136,0.009528314554629382,623.652,0.01110994873197041,5.997845246789046e-06
623.488,0.017490408500447828,0.009527590761092587,623.752,0.011119161034487833,6.007737726872176e-06
623.688,0.01750511606463688,0.009528343185352475,623.852,0.011128373337052258,6.0176383168567944e-06
623.688,0.01750511606463688,0.009528343185352475,623.952,0.011137585639663676,6.027547016641221e-06
623.788,0.017518900947711802,0.009528318085194505,624.052,0.011146797942322215,6.03746382612391e-06
623.788,0.017518900947711802,0.009528318085194505,624.152,0.011156010245027664,6.047388745202968e-06
623.988,0.017532719366825003,0.009528332446272242,624.252,0.011165222547780266,6.057321773776979e-06
624.188,0.017547529077568343,0.00952815593737258,624.352,0.011174434850579737,6.0672629117439755e-06
624.188,0.017547529077568343,0.00952815593737258,624.452,0.011183647153426363,6.077212159002597e-06
624.288,0.017564106728828736,0.009527667368111543,624.552,0.011192859456319808,6.087169515450806e-06
624.288,0.017564106728828736,0.009527667368111543,624.652,0.011202071759260324,6.097134980987218e-06
624.488,0.01758338689436975,0.009528385259125903,624.752,0.011211284062247799,6.107108555510036e-06
624.688,0.01759720530819527,0.00952839970534434,624.852,0.011220496365282221,6.11709023891759e-06
624.688,0.01759720530819527,0.00952839970534434,624.952,0.011229708668363625,6.127080031108239e-06
624.788,0.017611023728519696,0.009528414169598301,625.052,0.011238920971492023,6.137077931980352e-06
624.988,0.01762484214734631,0.009528428652287518,625.152,0.011248133274667256,6.147083941432103e-06
624.988,0.01762484214734631,0.009528428652287518,625.252,0.011257345577889467,6.157098059361965e-06
625.088,0.017638660570538166,0.009528443153055862,625.352,0.011266557881158589,6.167120285668219e-06
625.088,0.017638660570538166,0.009528443153055862,625.452,0.011275770184474574,6.177150620249158e-06
625.288,0.017652478989284535,0.009528457672222265,625.552,0.01128498248783748,6.18718906300319e-06
625.488,0.0176679184506207,0.009528375257060547,625.652,0.01129419479124734,6.197235613828701e-06
