MCL_Timestamp,MCL_X,MCL_Y,Odom_Timestamp,Odom_X,Odom_Y
505.085,0.006455887186155018,0.009548585891052133,505.372,0.00021409523173371683,2.9851039000517943e-09
505.285,0.0064682265562776104,0.009547304398430732,505.472,0.00022330757012808519,3.214034606169031e-09
505.285,0.0064682265562776104,0.009547304398430732,505.572,0.00023251988142798525,3.4511956425142186e-09
505.385,0.006487964508454725,0.009548218824619838,505.672,0.000241732172538153,3.6965870695499554e-09
505.385,0.006487964508454725,0.009548218824619838,505.772,0.0002509444486399031,3.950208911848419e-09
505.585,0.006502363408444728,0.00954878959006844,505.872,0.00026015671361854267,4.212061165777452e-09
505.785,0.006520740489040909,0.009548522679740871,505.972,0.00026936897038535754,4.4821438055934015e-09
505.785,0.006520740489040909,0.009548522679740871,506.072,0.00027858122111961954,4.760456788242342e-09
505.885,0.006530766586867295,0.009548195057720903,506.172,0.0002877934674509729,5.047000057155617e-09
506.085,0.00654777889938295,0.009548286348662314,506.272,0.00029700571059619336,5.341773545217488e-09
506.085,0.00654777889938295,0.009548286348662314,506.372,0.0003062179514624137,5.644777177105244e-09
506.185,0.006558343013887712,0.009548148397255525,506.472,0.00031543019072455367,5.956010871115062e-09
506.385,0.00657541555609635,0.009548287079525795,506.572,0.0003246424288832717,6.275474540582706e-09
506.385,0.00657541555609635,0.009548287079525795,506.672,0.0003338546663091092,6.603168095011911e-09
506.485,0.0065859796619639165,0.00954814916232007,506.772,0.00034306690327488474,6.939091440925799e-09
506.685,0.006599963942692054,0.009548517237891341,506.872,0.0003522791399806753,7.283244482554827e-09
506.685,0.006599963942692054,0.009548517237891341,506.972,0.00036149137657215695,7.635627122356897e-09
506.785,0.006618222410829125,0.00954815014843981,507.072,0.0003707036131545047,7.996239261423583e-09
506.985,0.006632040729699424,0.009548150602009182,507.172,0.00037991584980276286,8.365080799794318e-09
506.985,0.006632040729699424,0.009548150602009182,507.272,0.00038912808656970386,8.742151636703516e-09
507.085,0.006645859053314939,0.009548151073992612,507.372,0.0003983403234916466,9.127451670769814e-09
507.285,0.006659742386909938,0.009548177509238663,507.472,0.00040755256059272056,9.520980800137607e-09
507.285,0.006659742386909938,0.009548177509238663,507.572,0.00041676479788819445,9.92273892259239e-09
507.485,0.00667670920177246,0.009547996004076726,507.672,0.0004259770353868317,1.0332725935644815e-08
507.485,0.00667670920177246,0.009547996004076726,507.772,0.0004351892730928218,1.0750941736602247e-08
507.585,0.006687439323253257,0.009548225933086563,507.872,0.00044440151100697895,1.1177386222613497e-08
507.785,0.006704345847758188,0.009547997080199053,507.972,0.0004536137491278524,1.161205929071357e-08
507.785,0.006704345847758188,0.009547997080199053,508.072,0.00046282598745228215,1.2054960837847331e-08
507.885,0.0067150759701892606,0.009548227043895149,508.172,0.00047203822597615265,1.2506090760899036e-08
508.085,0.006733500409521896,0.009548227825601082,508.272,0.00048125046469457185,1.2965448956700986e-08
508.085,0.006733500409521896,0.009548227825601082,508.372,0.0004904627036023362,1.34330353220574e-08
508.185,0.006747258442135796,0.00954818104574718,508.472,0.0004996749426940876,1.3908849753752018e-08
508.385,0.006761076765582257,0.00954818167210344,508.572,0.000508887181964311,1.4392892148546885e-08
508.385,0.006761076765582257,0.00954818167210344,508.672,0.0005180994214076262,1.4885162403199233e-08
508.585,0.006775080232624803,0.009548315866116413,508.772,0.000527311661018786,1.5385660414459945e-08
508.585,0.006775080232624803,0.009548315866116413,508.872,0.0005365239007926981,1.5894386079077114e-08
508.685,0.006788773708190556,0.009548230368176334,508.972,0.00054573614072447,1.6411339293798436e-08
508.885,0.006802716885366334,0.009548317210810809,509.072,0.000554948380809431,1.6936519955373266e-08
508.885,0.006802716885366334,0.009548317210810809,509.172,0.000564160621043111,1.746992796055124e-08
508.985,0.006816410362100584,0.00954823175053565,509.272,0.0005733728614213066,1.8011563206089187e-08
509.185,0.006833441787719795,0.00954808925645946,509.372,0.000582585101940013,1.8561425588747806e-08
509.185,0.006833441787719795,0.00954808925645946,509.472,0.0005917973425953817,1.9119515005288185e-08
509.285,0.006844047019866819,0.009548233206946009,509.572,0.0006010095833838746,1.968583135248234e-08
509.485,0.006862596305319846,0.009548320378311997,509.672,0.0006102218243020879,2.026037452710264e-08
509.485,0.006862596305319846,0.009548320378311997,509.772,0.0006194340653467935,2.0843144425925263e-08
509.685,0.00687950288290175,0.009548091789414997,509.872,0.0006286463065149863,2.1434140945735185e-08
509.785,0.0068912526256609515,0.009548539067070426,509.972,0.0006378585478037734,2.2033363983319605e-08
509.785,0.0068912526256609515,0.009548539067070426,510.072,0.0006470707892105046,2.26408134354752e-08
509.985,0.006907155593022013,0.009548104141603104,510.172,0.0006562830307325307,2.325648919899434e-08
509.985,0.006907155593022013,0.009548104141603104,510.272,0.00066549527236749,2.3880391170682517e-08
510.085,0.006918905332943898,0.009548551451732242,510.372,0.0006747075141130667,2.451251924734487e-08
510.285,0.006937215460839111,0.009548971565973325,510.472,0.0006839197559670762,2.515287332579157e-08
510.285,0.006937215460839111,0.009548971565973325,510.572,0.0006931319979274695,2.5801453302837227e-08
510.385,0.006949089558008267,0.009549504954436188,510.672,0.0007023442399922628,2.645825907529769e-08
510.585,0.006965997085961727,0.009549276695553624,510.772,0.0007115564821596502,2.7123290539998622e-08
510.585,0.006965997085961727,0.009549276695553624,510.872,0.0007207687244278473,2.779654759376542e-08
510.685,0.006981207440354389,0.00954942088812328,510.972,0.0007299809667951604,2.847803013342621e-08
510.885,0.006995150656341875,0.009549507994204655,511.072,0.0007391932092600279,2.916773805581672e-08
510.885,0.006995150656341875,0.009549507994204655,511.172,0.0007484054518209534,2.986567125777415e-08
510.985,0.007026797542316691,0.009520512445587997,511.272,0.0007576176944764428,3.0571829636136585e-08
511.185,0.007022787303438715,0.009549509916773304,511.372,0.0007668299372251567,3.1286213087749455e-08
511.185,0.007022787303438715,0.009549509916773304,511.472,0.0007760421800657989,3.2008821509459307e-08
511.385,0.007039694831211586,0.009549281762747209,511.572,0.0007852544229970972,3.273965479811264e-08
511.385,0.007039694831211586,0.009549281762747209,511.672,0.0007944666660178668,3.347871285056005e-08
511.485,0.007050423954546277,0.009549511913355459,511.772,0.0008036789091269903,3.422599556365791e-08
511.685,0.007067331482930968,0.009549283798669518,511.872,0.0008128911523233733,3.4981502834261797e-08
511.685,0.007067331482930968,0.009549283798669518,511.972,0.0008221033956059644,3.574523455922888e-08
511.785,0.007096014577409716,0.009520602968057092,512.072,0.0008313156389738229,3.651719063542626e-08
511.985,0.007094968129117314,0.009549285908588789,512.172,0.0008405278824259652,3.72973709597165e-08
511.985,0.007094968129117314,0.009549285908588789,512.272,0.0008497401259614954,3.808577542896687e-08
512.085,0.007123647975635104,0.009520623772243815,512.372,0.0008589523695795411,3.888240394004789e-08
512.285,0.007122601535721834,0.009549307012192247,512.472,0.0008681646132792724,3.968725638983381e-08
512.285,0.007122601535721834,0.009549307012192247,512.572,0.0008773768570598605,4.0500332675197304e-08
512.385,0.007152277153622123,0.00952133169782082,512.672,0.0008865891009206111,4.132163269302147e-08
512.585,0.007168205192578309,0.009520391160665255,512.772,0.0008958013448607375,4.2151156340180914e-08
512.585,0.007168205192578309,0.009520391160665255,512.872,0.0009050135888795449,4.298890351355746e-08
512.685,0.0071813460567186705,0.009519898762465211,512.972,0.0009142258329763828,4.3834874110037654e-08
512.885,0.007195841860092384,0.00952039319973735,513.072,0.000923438077150577,4.4689068026504864e-08
512.885,0.007195841860092384,0.00952039319973735,513.172,0.0009326503214014994,4.5551485159846083e-08
512.985,0.007214334349464051,0.009520578468601312,513.272,0.0009418625657285636,4.6422125406953744e-08
513.185,0.007229371215190434,0.009520189473588497,513.372,0.000951074810131164,4.7300988664716415e-08
513.185,0.007229371215190434,0.009520189473588497,513.472,0.0009602870546087818,4.8188074830031174e-08
513.285,0.0072430912905222695,0.009520475746401432,513.572,0.0009694992991608772,4.908338379979345e-08
513.485,0.00725700787317568,0.009520191642987171,513.672,0.0009787115437869325,4.998691547090024e-08
513.485,0.00725700787317568,0.009520191642987171,513.772,0.0009879237884864286,5.08986697402492e-08
513.585,0.0072705650147627515,0.009520216093599253,513.872,0.000997136033258916,5.181864650474421e-08
513.785,0.007284546280735531,0.009520479078680574,513.972,0.0010063482781039205,5.274684566128813e-08
513.785,0.007284546280735531,0.009520479078680574,514.072,0.0010155605230209915,5.368326710678591e-08
513.985,0.0073016413591082945,0.009520011502807593,514.172,0.0010247727680097192,5.46279107381467e-08
514.085,0.00731218294819152,0.009520481392663682,514.272,0.0010339850130696745,5.558077645227685e-08
514.085,0.00731218294819152,0.009520481392663682,514.372,0.001043197258200452,5.654186414608712e-08
514.285,0.007329202391369969,0.009519961805751612,514.472,0.0010524095034016897,5.751117371649077e-08
514.285,0.007329202391369969,0.009519961805751612,514.572,0.0010616217486730457,5.848870506040535e-08
514.385,0.007339819606685905,0.009520483780651125,514.672,0.0010708339940140694,5.9474458074737026e-08
514.585,0.007356816457658655,0.00952030152708426,514.772,0.0010800462394245085,6.046843265641519e-08
514.585,0.007356816457658655,0.00952030152708426,514.872,0.0010892584849039348,6.147062870234917e-08
514.685,0.007367702856156568,0.009519700437438555,514.972,0.0010984707304520951,6.24810461094686e-08
514.885,0.007384453123619541,0.009520304027152265,515.072,0.0011076829760686287,6.34996847746919e-08
514.885,0.007384453123619541,0.009520304027152265,515.172,0.0011168952217532608,6.452654459494635e-08
514.985,0.007405600096727858,0.009519859225035713,515.272,0.0011261074675057402,6.556162546716242e-08
515.185,0.0074136774771797285,0.009519492103704494,515.372,0.0011353197133256831,6.660492728825648e-08
515.185,0.0074136774771797285,0.009519492103704494,515.472,0.0011445319592128579,6.765644995516437e-08
515.285,0.007433236766308405,0.009519861806185779,515.572,0.0011537442051669912,6.871619336481577e-08
515.485,0.007442353848472719,0.009519551832234885,515.672,0.0011629564511878548,6.978415741414657e-08
515.485,0.007442353848472719,0.009519551832234885,515.772,0.001172168697275152,7.086034200008543e-08
515.685,0.007458398264751681,0.00951952230011608,515.872,0.0011813809434286766,7.194474701957183e-08
515.785,0.007474767415763657,0.009519917866538514,515.972,0.0011905931896481535,7.303737236953924e-08
515.785,0.007474767415763657,0.009519917866538514,516.072,0.001199805435933377,7.413821794692962e-08
515.985,0.007486158802487667,0.009519657498058333,516.172,0.0012090176822841167,7.524728364868245e-08
515.985,0.007486158802487667,0.009519657498058333,516.272,0.0012182299287001666,7.636456937174116e-08
516.085,0.0075024040837676186,0.009519920631487476,516.372,0.0012274421751812946,7.749007501304696e-08
516.285,0.007517423684069885,0.009519624892185205,516.472,0.0012366544217272965,7.862380046954294e-08
516.285,0.007517423684069885,0.009519624892185205,516.572,0.0012458666683380303,7.976574563818333e-08
516.385,0.007533692532217339,0.00952019284294871,516.672,0.0012550789150132223,8.091591041590552e-08
516.585,0.007552116980421814,0.009520194783940292,516.772,0.0012642911617527098,8.207429469966259e-08
516.585,0.007552116980421814,0.009520194783940292,516.872,0.0012735034085563086,8.324089838640593e-08
516.685,0.007565859620447643,0.009520144202215438,516.972,0.0012827156554238574,8.441572137309055e-08
516.885,0.007579753648741084,0.009520197757024323,517.072,0.0012919279023551663,8.559876355666826e-08
516.885,0.007579753648741084,0.009520197757024323,517.172,0.0013011401493500736,8.679002483409532e-08
517.085,0.007596802276119335,0.009520096082518368,517.272,0.0013103523964083992,8.798950510232533e-08
517.085,0.007596802276119335,0.009520096082518368,517.372,0.0013195646435300212,8.919720425832303e-08
517.185,0.007607514294132347,0.009520333274690903,517.472,0.0013287768907147772,9.041312219904782e-08
517.385,0.007626182510563431,0.009519680695379487,517.572,0.001337989137962504,9.163725882145803e-08
517.385,0.007626182510563431,0.009519680695379487,517.672,0.0013472013852730178,9.286961402251055e-08
517.485,0.007635150964930167,0.009520336394557809,517.772,0.0013564136326462434,9.411018769918057e-08
517.685,0.007653819177592771,0.009519683844943706,517.872,0.0013656258800819987,9.535897974842843e-08
517.685,0.007653819177592771,0.009519683844943706,517.972,0.00137483812758014,9.661599006722055e-08
517.785,0.007667269773827716,0.00952020765982658,518.072,0.001384050375140594,9.788121855253278e-08
517.985,0.007686061971617943,0.009519687612793792,518.172,0.001393262622763131,9.91546651013212e-08
517.985,0.007686061971617943,0.009519687612793792,518.272,0.0014024748704476791,1.004363296105637e-07
518.085,0.007695030431666032,0.009520343407904287,518.372,0.0014116871181941416,1.0172621197723621e-07
518.085,0.007695030431666032,0.009520343407904287,518.472,0.0014208993660023532,1.0302431209830605e-07
518.285,0.007708848762969795,0.009520345075778069,518.572,0.001430111613872243,1.0433062987075445e-07
518.485,0.007727516976829851,0.009519692605287039,518.672,0.0014393238618036247,1.0564516519154915e-07
518.485,0.007727516976829851,0.009519692605287039,518.772,0.0014485361097964476,1.0696791795767796e-07
518.585,0.007741335316645821,0.009519694306307116,518.872,0.0014577483578505919,1.0829888806611778e-07
518.785,0.007755155008348426,0.009519692482145802,518.972,0.001466960605965939,1.0963807541384882e-07
518.785,0.007755155008348426,0.009519692482145802,519.072,0.0014761728541424163,1.1098547989785944e-07
518.885,0.0077740573766038575,0.009519026138661514,519.172,0.0014853851023798599,1.1234110141512499e-07
519.085,0.007784290740507385,0.009519932324531978,519.272,0.0014945973506782413,1.1370493986264052e-07
519.085,0.007784290740507385,0.009519932324531978,519.372,0.0015038095990374198,1.1507699513738614e-07
519.285,0.007801216140770062,0.009519698347712352,519.472,0.001513021847457277,1.1645726713634567e-07
519.385,0.007815034480068346,0.00951970014734406,519.572,0.0015222340959377839,1.1784575575651868e-07
519.385,0.007815034480068346,0.00951970014734406,519.672,0.0015314463444787761,1.1924246089488547e-07
519.585,0.007828852816880836,0.009519701965652244,519.772,0.001540658593080227,1.2064738244844623e-07
519.585,0.007828852816880836,0.009519701965652244,519.872,0.0015498708417420153,1.2206052031418872e-07
519.685,0.007847999091659539,0.009518380675665941,519.972,0.0015590830904640912,1.2348187438911276e-07
519.885,0.007856489491384233,0.009519705657546137,520.072,0.0015682953392463113,1.2491144457020698e-07
519.885,0.007856489491384233,0.009519705657546137,520.172,0.0015775075880886259,1.2634923075447342e-07
519.985,0.007872528673990253,0.00951862030893104,520.272,0.0015867198369909617,1.277952328389109e-07
520.185,0.00788412615536918,0.009519709423366305,520.372,0.0015959320859532235,1.2924945072051795e-07
520.185,0.00788412615536918,0.009519709423366305,520.472,0.0016051443349753346,1.3071188429629627e-07
520.285,0.007903272435463715,0.009518388146881187,520.572,0.0016143565840572671,1.3218253346325723e-07
520.485,0.007917090775451146,0.009518390061009777,520.672,0.0016235688331988796,1.336613981183943e-07
520.485,0.007917090775451146,0.009518390061009777,520.772,0.0016327810824001202,1.35148478158716e-07
520.585,0.007932408142176023,0.009518628571367222,520.872,0.00164199333166096,1.3664377348123625e-07
520.585,0.007932408142176023,0.009518628571367222,520.972,0.0016512055809812369,1.381472839829478e-07
520.785,0.00795083259187648,0.009518631183504773,521.072,0.0016604178303609653,1.396590095608743e-07
520.785,0.00795083259187648,0.009518631183504773,521.172,0.001669630079800048,1.4117895011202363e-07
520.985,0.00796775802183419,0.009518397237089724,521.272,0.0016788423292984354,1.427071055334096e-07
521.185,0.007981576366582433,0.009518399237483008,521.372,0.0016880545788560291,1.4424347572204003e-07
521.185,0.007981576366582433,0.009518399237483008,521.472,0.0016972668284728006,1.4578806057493482e-07
521.285,0.007995394706934373,0.00951840125613041,521.572,0.0017064790781486773,1.4734085998910863e-07
521.485,0.008009213041407217,0.009518403293467086,521.672,0.0017156913278836045,1.4890187386158122e-07
521.485,0.008009213041407217,0.009518403293467086,521.772,0.0017249035776775107,1.504711020893686e-07
521.585,0.008019924284079421,0.00951864127178009,521.872,0.0017341158275303444,1.5204854456949294e-07
521.785,0.00803834874104238,0.00951864404000142,521.972,0.0017433280774420085,1.5363420119896941e-07
521.785,0.00803834874104238,0.00951864404000142,522.072,0.0017525403274125176,1.5522807187483372e-07
521.885,0.008052167082779513,0.009518646137661143,522.172,0.0017617525774417766,1.568301564941022e-07
522.085,0.008065985422068364,0.009518648253959752,522.272,0.0017709648275297334,1.584404549538018e-07
522.085,0.008065985422068364,0.009518648253959752,522.372,0.0017801770776763115,1.600589671509568e-07
522.185,0.00807980376170345,0.009518650388538758,522.472,0.0017893893278814847,1.6168569298260015e-07
522.385,0.008093622098988815,0.009518652541807034,522.572,0.0017986015781452014,1.6332063234576168e-07
522.385,0.008093622098988815,0.009518652541807034,522.672,0.0018078138284674077,1.6496378513747285e-07
522.585,0.008112950612683157,0.009516506884743982,522.772,0.0018170260788480544,1.6661515125476507e-07
522.585,0.008112950612683157,0.009516506884743982,522.872,0.001826238329287088,1.6827473059467093e-07
522.685,0.008124365870491868,0.009518420989126454,522.972,0.0018354505797844567,1.6994252305422495e-07
522.885,0.008141465470210078,0.009516843312371542,523.072,0.0018446628303401319,1.7161852853046738e-07
522.885,0.008141465470210078,0.009516843312371542,523.172,0.0018538750809540831,1.733027469204381e-07
522.985,0.00815440564142936,0.009516513507122968,523.272,0.0018630873316262155,1.7499517812116668e-07
523.185,0.008169727588413877,0.009517014641885936,523.372,0.001872299582356497,1.7669582202969634e-07
523.185,0.008169727588413877,0.009517014641885936,523.472,0.0018815118331449016,1.7840467854307177e-07
523.285,0.008182975760968988,0.009516876987710225,523.572,0.0018907240839913541,1.801217475583302e-07
523.485,0.008197364270286191,0.009517019188569184,523.672,0.001899936334895847,1.8184702897252273e-07
523.485,0.008197364270286191,0.009517019188569184,523.772,0.0019091485858583057,1.8358052268268986e-07
523.585,0.008209400057853321,0.009518838006944138,523.872,0.0019183608368787003,1.8532222858587885e-07
523.785,0.008229036898022306,0.009516884657659559,523.972,0.0019275730879569806,1.87072146579135e-07
523.785,0.008229036898022306,0.009516884657659559,524.072,0.0019367853390931161,1.8883027655951108e-07
523.885,0.00823703673696735,0.009518842676556139,524.172,0.0019459975902870552,1.9059661842405501e-07
524.085,0.00826043975481057,0.009516626217448516,524.272,0.0019552098415387686,1.9237117206982035e-07
524.085,0.00826043975481057,0.009516626217448516,524.372,0.0019644220928482503,1.941539373938677e-07
524.285,0.008274828613536149,0.009516768570108107,524.472,0.0019736343442154224,1.9594491429324726e-07
524.285,0.008274828613536149,0.009516768570108107,524.572,0.0019828465956402393,1.9774410266501213e-07
524.385,0.008288076440344674,0.00951663101054846,524.672,0.001992058847122689,1.995515024062256e-07
524.585,0.00830323548086527,0.009516982858458313,524.772,0.002001271098662699,2.0136711341393875e-07
524.585,0.00830323548086527,0.009516982858458313,524.872,0.0020104833502602847,2.0319093558522153e-07
524.685,0.008316512886808888,0.009517987814820942,524.972,0.00201969560191537,2.0502296881712854e-07
524.885,0.008331532082706889,0.00951748347803658,525.072,0.0020289078536279287,2.068632130067231e-07
524.885,0.008331532082706889,0.00951748347803658,525.172,0.0020381201053979495,2.0871166805107446e-07
524.985,0.00834609688603017,0.009518224663807617,525.272,0.002047332357225365,2.1056833384724013e-07
525.185,0.008362239905235911,0.00951773122656761,525.372,0.0020565446091101365,2.1243321029228754e-07
525.185,0.008362239905235911,0.00951773122656761,525.472,0.0020657568610522874,2.143062972832936e-07
525.285,0.008374041738299733,0.009518421861972309,525.572,0.0020749691130517137,2.1618759471731354e-07
525.485,0.008390583656964698,0.009518743851500127,525.672,0.002084181365108416,2.1807710249142477e-07
525.485,0.008390583656964698,0.009518743851500127,525.772,0.002093393617222363,2.1997482050269848e-07
525.685,0.008404919810113515,0.009518473578119418,525.872,0.002102605869393521,2.2188074864820725e-07
525.685,0.008404919810113515,0.009518473578119418,525.972,0.0021118181216218646,2.237948868250259e-07
525.785,0.00841879099342397,0.00951888909943369,526.072,0.0021210303739073615,2.2571723493023036e-07
525.985,0.008433173803085387,0.00951922076345202,526.172,0.002130242626250006,2.276477928609026e-07
525.985,0.008433173803085387,0.00951922076345202,526.272,0.0021394548786496785,2.295865605141011e-07
526.085,0.008446244043999776,0.00951819864232749,526.372,0.0021486671311064394,2.315335377869255e-07
526.285,0.008460566194607406,0.009519226784275575,526.472,0.0021578793836202364,2.3348872457645228e-07
526.285,0.008460566194607406,0.009519226784275575,526.572,0.0021670916361910177,2.3545212077975934e-07
526.385,0.008473880732372875,0.0095182039181927,526.672,0.0021763038888187774,2.3742372629393383e-07
526.585,0.008488871562199083,0.009518719802176032,526.772,0.002185516141503484,2.394035410160591e-07
526.585,0.008488871562199083,0.009518719802176032,526.872,0.002194728394245089,2.4139156484321614e-07
526.685,0.008503056706190119,0.00951834601321557,526.972,0.0022039406470436046,2.4338779767250177e-07
526.885,0.008522319482719788,0.009518327432161676,527.072,0.0022131528998989808,2.453922394009993e-07
526.885,0.008522319482719788,0.009518327432161676,527.172,0.002222365152811164,2.4740488992579203e-07
526.985,0.008532211546337277,0.00951842692655236,527.272,0.0022315774057801684,2.49425749143981e-07
527.185,0.008549956163791752,0.009518332908261786,527.372,0.002240789658805947,2.514548169526521e-07
527.185,0.008549956163791752,0.009518332908261786,527.472,0.0022500019118884673,2.534920932488975e-07
527.385,0.00856431074362297,0.0095185604531886,527.572,0.00225921416502772,2.555375779298152e-07
527.385,0.00856431074362297,0.0095185604531886,527.672,0.0022684264182236996,2.5759127089250503e-07
527.485,0.008577022057967905,0.009518198323180935,527.772,0.002277638671476308,2.5965317203404966e-07
527.685,0.008591425335040138,0.009518546902708902,527.872,0.002286850924785586,2.6172328125156225e-07
527.685,0.008591425335040138,0.009518546902708902,527.972,0.0022960631781515028,2.6380159844214415e-07
527.785,0.008605229538943765,0.009518344082140102,528.072,0.0023052754315740272,2.6588812350289577e-07
527.985,0.008619085255312898,0.00951839103446949,528.172,0.0023144876850531093,2.679828563309123e-07
527.985,0.008619085255312898,0.00951839103446949,528.272,0.0023236999385887417,2.700857968233015e-07
528.085,0.008632866232915044,0.009518349779877346,528.372,0.0023329121921808935,2.7219694487716826e-07
528.285,0.00864724404389699,0.009518415874195295,528.472,0.0023421244458295826,2.743163003896276e-07
528.285,0.00864724404389699,0.009518415874195295,528.572,0.0023513366995347113,2.764438632577711e-07
528.385,0.008661357798508592,0.009518645773409684,528.672,0.002360548953296315,2.7857963337872123e-07
528.585,0.008678927382229142,0.00951835944024292,528.772,0.002369761207114345,2.807236106495818e-07
528.585,0.008678927382229142,0.00951835944024292,528.872,0.002378973460988791,2.8287579496746684e-07
528.685,0.008688971425908668,0.009518716058203213,528.972,0.0023881857149196267,2.850361862294882e-07
528.885,0.00870656407403336,0.009518365334944394,529.072,0.0023973979689068184,2.8720478433275887e-07
528.885,0.00870656407403336,0.009518365334944394,529.172,0.0024066102229503635,2.893815891743981e-07
529.085,0.008721222566617448,0.00951876080014569,529.272,0.00241582247705023,2.9156660065152134e-07
529.085,0.008721222566617448,0.00951876080014569,529.372,0.0024250347312063892,2.9375981866124477e-07
529.185,0.008734668080820098,0.009518692319810946,529.472,0.002434246985418853,2.9596124310069757e-07
529.385,0.008750388685094347,0.009518781116371665,529.572,0.0024434592396875526,2.9817087386698716e-07
529.385,0.008750388685094347,0.009518781116371665,529.672,0.0024526714940124993,3.003887108572444e-07
529.485,0.008763347851220956,0.009519152856028328,529.772,0.0024618837483936415,3.0261475396858484e-07
529.685,0.008777258316871175,0.009518898051189476,529.872,0.002471096002831018,3.04849003098146e-07
529.685,0.008777258316871175,0.009518898051189476,529.972,0.0024803082573245545,3.070914581430401e-07
529.785,0.008790984539214137,0.009519158958071273,530.072,0.0024895205118742434,3.0934211900039805e-07
529.985,0.008805569959063769,0.009519051182411257,530.172,0.002498732766480077,3.116009855673521e-07
529.985,0.008805569959063769,0.009519051182411257,530.272,0.0025079450211420032,3.138680577410243e-07
530.085,0.008818621238398622,0.009519165133983211,530.372,0.002517157275860016,3.161433354185485e-07
530.285,0.008837045708079246,0.009519169292256862,530.472,0.002526369530634129,3.184268184970649e-07
530.285,0.008837045708079246,0.009519169292256862,530.572,0.00253558178546427,3.20718506873693e-07
530.385,0.008847522182434177,0.00951758726383422,530.672,0.002544794040350454,3.230184004455758e-07
530.585,0.008864863287863203,0.00951890072117992,530.772,0.0025540062952926264,3.253264991098418e-07
530.585,0.008864863287863203,0.00951890072117992,530.872,0.0025632185502908263,3.2764280276364244e-07
530.785,0.008879267824693846,0.009519067917653756,530.972,0.0025724308053450043,3.2996731130410767e-07
530.785,0.008879267824693846,0.009519067917653756,531.072,0.0025816430604551502,3.323000246283804e-07
530.885,0.008893744925226143,0.009517763120667728,531.172,0.0025908553156212565,3.346409426336068e-07
531.085,0.008906904517824733,0.009519074328755874,531.272,0.0026000675708432496,3.3699006521691516e-07
531.085,0.008906904517824733,0.009519074328755874,531.372,0.0026092798261211684,3.3934739227546337e-07
531.185,0.008921381618433994,0.00951776955850943,531.472,0.002618492081454957,3.4171292370638786e-07
531.385,0.008934562769269027,0.009519150339259368,531.572,0.002627704336844614,3.440866594068369e-07
531.385,0.008934562769269027,0.009519150339259368,531.672,0.0026369165922901297,3.46468599273962e-07
531.485,0.008949137246087098,0.009517939934153657,531.772,0.002646128847791476,3.4885874320490887e-07
531.685,0.008967442781142865,0.009517780452319194,531.872,0.002655341103348618,3.5125709109682573e-07
531.685,0.008967442781142865,0.009517780452319194,531.972,0.002664553358961597,3.5366364284687734e-07
531.885,0.008981261131170863,0.009517783760558323,532.072,0.0026737656146302944,3.5607839835219133e-07
531.885,0.008981261131170863,0.009517783760558323,532.172,0.0026829778703547913,3.5850135750994844e-07
531.985,0.008995079478392136,0.009517787087070597,532.272,0.002692190126135015,3.6093252021728865e-07
532.185,0.009008897820855065,0.00951779043220257,532.372,0.0027014023819709773,3.6337188637137616e-07
532.185,0.009008897820855065,0.00951779043220257,532.472,0.0027106146378626304,3.6581945586936154e-07
532.285,0.009022716168777306,0.009517793795659209,532.572,0.002719826893809984,3.68275228608412e-07
532.485,0.00904139283289739,0.009517898326572896,532.672,0.002729039149813013,3.7073920448568437e-07
532.485,0.00904139283289739,0.009517898326572896,532.772,0.002738251405871709,3.7321138339834306e-07
532.585,0.0090511177322577,0.009518850706742807,532.872,0.0027474636619860644,3.7569176524355225e-07
532.785,0.009069029533083936,0.009517905153879312,532.972,0.002756675918156009,3.781803499184617e-07
532.785,0.009069029533083936,0.009517905153879312,533.072,0.0027658881743815983,3.8067713732025763e-07
532.985,0.009082595685188063,0.009517808584255676,533.172,0.002775100430662782,3.831821273460983e-07
533.085,0.009095685296951955,0.009518624976055722,533.272,0.002784312686999548,3.856953198931537e-07
533.085,0.009095685296951955,0.009518624976055722,533.372,0.002793524943391829,3.882167148585776e-07
533.285,0.009110791136637776,0.009518037428551243,533.472,0.0028027371998396596,3.907463121395542e-07
533.285,0.009110791136637776,0.009518037428551243,533.572,0.0028119494563430543,3.9328411163326223e-07
533.385,0.009123628547142458,0.00951875386318877,533.672,0.002821161712901962,3.958301132368652e-07
533.585,0.00913744689433527,0.009518757378195306,533.772,0.0028303739695163315,3.98384316847527e-07
533.585,0.00913744689433527,0.009518757378195306,533.872,0.0028395862261861994,4.009467223624387e-07
533.685,0.009151265248847722,0.009518760911419993,533.972,0.002848798482911513,4.035173296787687e-07
533.885,0.00916508359237014,0.009518764463314735,534.072,0.002858010739692288,4.0609613869370456e-07
533.885,0.00916508359237014,0.009518764463314735,534.172,0.0028672229965284943,4.086831493044215e-07
533.985,0.009178901944350422,0.00951876803348132,534.272,0.002876435253420125,4.112783614081021e-07
534.185,0.009192720295833859,0.009518771622299572,534.372,0.002885647510367175,4.1388177490193024e-07
534.185,0.009192720295833859,0.009518771622299572,534.472,0.002894859767369614,4.1649338968308554e-07
534.285,0.009206728564075797,0.009520784978788848,534.572,0.002904072024427433,4.1911320564875575e-07
534.485,0.009224963108092009,0.009518780067593042,534.672,0.0029132842815406002,4.217412226961227e-07
534.485,0.009224963108092009,0.009518780067593042,534.772,0.0029224965387091156,4.243774407223746e-07
534.585,0.009234365267440009,0.009520792257477756,534.872,0.0029317087959329653,4.2702185962470325e-07
534.585,0.009234365267440009,0.009520792257477756,534.972,0.0029409210532121244,4.2967447930029494e-07
534.785,0.009251296292167031,0.00952056023461925,535.072,0.0029501333105466042,4.3233529964634883e-07
534.985,0.009266723977920893,0.009518948129088708,535.172,0.002959345567936354,4.3500432056004587e-07
534.985,0.009266723977920893,0.009518948129088708,535.272,0.0029685578253813897,4.3768154193858786e-07
535.085,0.009279238823037906,0.009520724716003189,535.372,0.0029777700828816822,4.4036696367916517e-07
535.285,0.009293057173923982,0.009520728439623968,535.472,0.0029869823404372,4.430605856789699e-07
535.285,0.009293057173923982,0.009520728439623968,535.572,0.0029961945980479412,4.45762407835201e-07
535.385,0.009306875529218534,0.009520732181508309,535.672,0.003005406855713936,4.484724300450739e-07
535.585,0.00932530000396025,0.00952073719954241,535.772,0.003014619113435134,4.511906522057788e-07
535.585,0.00932530000396025,0.00952073719954241,535.872,0.003023831371211508,4.5391707421451237e-07
535.785,0.009339118352503733,0.009520740984654682,535.972,0.003033043629043029,4.5665169596847133e-07
535.785,0.009339118352503733,0.009520740984654682,536.072,0.0030422558869297304,4.5939451736487555e-07
535.885,0.00935297575260157,0.009520760334370026,536.172,0.003051468144871564,4.621455383009186e-07
536.085,0.009366755054029719,0.00952074861006121,536.272,0.003060680402868523,4.6490475867381015e-07
536.085,0.009366755054029719,0.00952074861006121,536.372,0.0030698926609205998,4.676721783807586e-07
536.185,0.009380612449813088,0.009520767996522973,536.472,0.003079104919027784,4.704477973189759e-07
536.385,0.00939439175741695,0.009520756309256669,536.572,0.0030883171771900705,4.7323161538567553e-07
536.385,0.00939439175741695,0.009520756309256669,536.672,0.003097529435407408,4.760236324780565e-07
536.485,0.009408249159411762,0.009520775732497612,536.772,0.0031067416936798316,4.788238484933452e-07
536.685,0.00942660343352679,0.009520955864394899,536.872,0.0031159539520073153,4.816322633287518e-07
536.685,0.00942660343352679,0.009520955864394899,536.972,0.0031251662103898036,4.844488768814795e-07
536.785,0.009440421785587226,0.009520959784186525,537.072,0.003134378468827334,4.872736890487601e-07
536.985,0.009454240133230766,0.009520963722597331,537.172,0.0031435907273198596,4.901066997277975e-07
536.985,0.009454240133230766,0.009520963722597331,537.272,0.0031528029858673913,4.929479088158223e-07
537.185,0.009469345240277748,0.009521789790241037,537.372,0.003162015244469922,4.957973162100571e-07
537.185,0.009469345240277748,0.009521789790241037,537.472,0.0031712275031274013,4.986549218077099e-07
537.285,0.009481876839025077,0.009520971654610359,537.572,0.003180439761839844,5.015207255060115e-07
537.485,0.009496958917612456,0.009521840707541902,537.672,0.0031896520206072193,5.043947272021828e-07
537.485,0.009496958917612456,0.009521840707541902,537.772,0.0031988642794295225,5.072769267934522e-07
537.585,0.009509513542844263,0.009520979660406034,537.872,0.003208076538306766,5.101673241770558e-07
537.785,0.009529131699316106,0.009522025176566333,537.972,0.0032172887972388977,5.13065919250209e-07
537.785,0.009529131699316106,0.009522025176566333,538.072,0.0032265010562259134,5.159727119101427e-07
537.885,0.009542971234839217,0.00952198150622896,538.172,0.0032357133152678052,5.188877020540905e-07
537.885,0.009542971234839217,0.00952198150622896,538.272,0.003244925574364585,5.21810889579292e-07
538.085,0.009556768409517183,0.009522033306056487,538.372,0.0032541378335162003,5.247422743829687e-07
538.285,0.009571663717296045,0.009522920054632109,538.472,0.003263350092722649,5.276818563623557e-07
538.285,0.009571663717296045,0.009522920054632109,538.572,0.0032725623519839395,5.306296354146989e-07
538.385,0.009585480223804435,0.009522919387832448,538.672,0.0032817746113000487,5.335856114372294e-07
538.585,0.009599300424636574,0.00952292829527653,538.772,0.0032909868706709694,5.365497843271862e-07
538.585,0.009599300424636574,0.00952292829527653,538.872,0.003300199130096668,5.395221539818059e-07
538.685,0.009613116934617312,0.009522927665387374,538.972,0.0033094113895771613,5.425027202983376e-07
538.885,0.009631541406325932,0.00952293322473095,539.072,0.003318623649112419,5.45491483174018e-07
538.885,0.009631541406325932,0.00952293322473095,539.172,0.0033278359087024144,5.484884425060822e-07
538.985,0.009645068825890146,0.009522854177435936,539.272,0.0033370481683471587,5.514935981917853e-07
539.185,0.009659178114606214,0.009522941625246978,539.372,0.003346260428046648,5.545069501283769e-07
539.185,0.009659178114606214,0.009522941625246978,539.472,0.0033554726878008262,5.575284982130909e-07
539.385,0.00967299646307279,0.00952294585327203,539.572,0.003364684947609735,5.60558242343193e-07
539.385,0.00967299646307279,0.00952294585327203,539.672,0.0033738972074733213,5.635961824159191e-07
539.485,0.009686523881741141,0.009522866859977174,539.772,0.003383109467391623,5.666423183285388e-07
539.685,0.009700633169302414,0.009522954364421054,539.872,0.003392321727364542,5.696966499782739e-07
539.685,0.009700633169302414,0.009522954364421054,539.972,0.0034015339873921403,5.727591772624016e-07
539.785,0.009714163763869998,0.009522894223456735,540.072,0.003410746247474408,5.758299000781786e-07
539.785,0.009714163763869998,0.009522894223456735,540.172,0.0034199585076112714,5.789088183228416e-07
539.985,0.009732588240927672,0.009522899962632222,540.272,0.003429170767802766,5.819959318936647e-07
540.185,0.009746695315474504,0.009523051651217078,540.372,0.0034383830280488668,5.850912406879011e-07
540.185,0.009746695315474504,0.009523051651217078,540.472,0.003447595288349565,5.881947446028101e-07
540.285,0.009760224953421808,0.009522908632838625,540.572,0.0034568075487048534,5.913064435356545e-07
540.485,0.009778649435424325,0.009522914453947576,540.672,0.0034660198091147247,5.944263373836985e-07
540.485,0.009778649435424325,0.009522914453947576,540.772,0.0034752320695791254,5.975544260441922e-07
540.585,0.009769266908484685,0.009497295564135292,540.872,0.0034844443300980723,6.006907094144108e-07
540.785,0.009806286143560437,0.009522923247087872,540.972,0.003493656590671578,6.038351873916278e-07
540.785,0.009806286143560437,0.009522923247087872,541.072,0.0035028688512995934,6.069878598730981e-07
540.985,0.009820104498428227,0.009522927671430495,541.172,0.0035120811119821326,6.101487267560998e-07
540.985,0.009820104498428227,0.009522927671430495,541.272,0.003521293372719189,6.133177879379028e-07
541.085,0.009833922858140512,0.009522932113974288,541.372,0.0035305056335107107,6.164950433157645e-07
541.285,0.009847800575070146,0.009523037449708002,541.472,0.003539717894356713,6.19680492786966e-07
541.285,0.009847800575070146,0.009523037449708002,541.572,0.003548930155257187,6.228741362487858e-07
541.385,0.009840025334070676,0.009498065417353065,541.672,0.003558142416212129,6.260759735985021e-07
541.585,0.009877101233634824,0.00952379400806913,541.772,0.0035673546772215054,6.292860047333862e-07
541.585,0.009877101233634824,0.00952379400806913,541.872,0.0035765669382853095,6.325042295507176e-07
541.685,0.009867662049746215,0.009498074238609409,541.972,0.0035857791994035573,6.357306479477831e-07
541.885,0.009904737946034801,0.00952380305978374,542.072,0.0035949914605761983,6.389652598218471e-07
541.885,0.009904737946034801,0.00952380305978374,542.172,0.003604203721803245,6.42208065070201e-07
541.985,0.009895598707142211,0.009498338295183982,542.272,0.0036134159830846935,6.454590635901311e-07
542.185,0.009909417061767654,0.009498342770834155,542.372,0.003622628244420532,6.487182552789217e-07
542.185,0.009909417061767654,0.009498342770834155,542.472,0.0036318405058107105,6.519856400338423e-07
542.285,0.00992683745952889,0.009493994237393867,542.572,0.0036410527672552243,6.552612177521826e-07
542.485,0.009940782568010563,0.009495175665143053,542.672,0.003650265028754132,6.585449883312553e-07
542.485,0.009940782568010563,0.009495175665143053,542.772,0.003659477290307363,6.618369516683266e-07
542.685,0.009955713381900745,0.009498510034435245,542.872,0.0036686895519149037,6.651371076606882e-07
542.685,0.009955713381900745,0.009498510034435245,542.972,0.0036779018135767463,6.684454562056343e-07
542.785,0.009968654340059687,0.009495336894913749,543.072,0.003687114075292908,6.717619972004678e-07
542.985,0.00998424048436101,0.009496009821908338,543.172,0.0036963263370633605,6.750867305424767e-07
542.985,0.00998424048436101,0.009496009821908338,543.272,0.003705538598888052,6.784196561289424e-07
543.085,0.009996277231403396,0.009495431918395655,543.372,0.0037147508607670394,6.817607738571885e-07
543.285,0.010010109404658733,0.009495350660897808,543.472,0.0037239631227002756,6.851100836244965e-07
543.285,0.010010109404658733,0.009495350660897808,543.572,0.00373317538468775,6.884675853281668e-07
543.385,0.010024478491429486,0.009494718925922338,543.672,0.003742387646729434,6.918332788654955e-07
543.585,0.010042902611636375,0.009494722502109218,543.772,0.0037515999088253422,6.952071641337922e-07
543.585,0.010042902611636375,0.009494722502109218,543.872,0.0037608121709754895,6.985892410303677e-07
543.685,0.010056782034475888,0.009494769665900694,543.972,0.0037700244331798447,7.019795094525207e-07
543.685,0.010056782034475888,0.009494769665900694,544.072,0.0037792366954383376,7.05377969297536e-07
543.885,0.010070600388922515,0.009494774351875332,544.172,0.003788448957751027,7.087846204627433e-07
544.085,0.010087857562099187,0.009494795031092736,544.272,0.0037976612201179013,7.121994628454532e-07
544.085,0.010087857562099187,0.009494795031092736,544.372,0.00380687348253896,7.156224963429769e-07
544.185,0.010101736674569196,0.009494839628649346,544.472,0.0038160857450141275,7.190537208526022e-07
544.385,0.010115493926880836,0.009494801837511748,544.572,0.003825298007543437,7.224931362716583e-07
544.385,0.010115493926880836,0.009494801837511748,544.672,0.0038345102701268607,7.259407424974538e-07
544.485,0.010129373384695004,0.009494849091263082,544.772,0.0038437225327644176,7.293965394273125e-07
544.685,0.010143191743078542,0.009494853850351646,544.872,0.003852934795456048,7.328605269585347e-07
544.685,0.010143191743078542,0.009494853850351646,544.972,0.003862147058201793,7.363327049884545e-07
544.785,0.010157010099566457,0.009494858627609052,545.072,0.00387135932100158,7.398130734143677e-07
544.985,0.010175782683444932,0.009495006749818983,545.172,0.003880571583855491,7.433016321336275e-07
544.985,0.010175782683444932,0.009495006749818983,545.272,0.0038897838467634514,7.467983810435337e-07
545.085,0.010188406829232288,0.009495608362470487,545.372,0.003898996109725411,7.503033200413934e-07
545.085,0.010188406829232288,0.009495608362470487,545.472,0.003908208372741425,7.538164490245557e-07
545.285,0.010203564859328107,0.009494900271940134,545.572,0.00391742063581149,7.573377678903469e-07
545.485,0.010216889646062452,0.009494879542681543,545.672,0.0039266328989355555,7.608672765360773e-07
545.485,0.010216889646062452,0.009494879542681543,545.772,0.003935845162113632,7.644049748590837e-07
545.585,0.010231608168947843,0.009495185436294303,545.872,0.003945057425345714,7.679508627566964e-07
545.785,0.010245194012569306,0.009495271024008975,545.972,0.003954269688631747,7.715049401262297e-07
545.785,0.010245194012569306,0.009495271024008975,546.072,0.0039634819519717744,7.750672068650357e-07
545.885,0.01026163911945334,0.009496160157805751,546.172,0.003972694215365788,7.786376628704471e-07
546.085,0.010273150513399673,0.009495512189166683,546.272,0.003981906478813776,7.822163080397965e-07
546.085,0.010273150513399673,0.009495512189166683,546.372,0.003991118742315687,7.858031422704058e-07
546.185,0.010288951126525862,0.009495995961227676,546.472,0.004000331005871537,7.893981654596209e-07
546.385,0.010307331358045018,0.009495351633207378,546.572,0.004009543269481319,7.930013775047797e-07
546.385,0.010307331358045018,0.009495351633207378,546.672,0.004018755533144984,7.966127783032057e-07
546.485,0.01032116492793188,0.009495391846146136,546.772,0.004027967796862565,8.00232367752256e-07
546.685,0.01033569314000423,0.00949569466215283,546.872,0.0040371800606340625,8.038601457492737e-07
546.685,0.01033569314000423,0.00949569466215283,546.972,0.0040463923244593945,8.074961121915773e-07
546.885,0.010349555851101677,0.009496350721903789,547.072,0.004055604588338625,8.111402669765383e-07
546.885,0.010349555851101677,0.009496350721903789,547.172,0.004064816852271701,8.14792610001485e-07
546.985,0.010363329869426714,0.009495704708802719,547.272,0.004074029116258658,8.184531411637826e-07
547.185,0.01037775198144782,0.00949605322257277,547.372,0.004083241380299399,8.221218603607445e-07
547.185,0.01037775198144782,0.00949605322257277,547.472,0.004092453644394008,8.257987674897545e-07
547.285,0.010390966589601787,0.009495714829131786,547.572,0.004101665908542413,8.2948386244814e-07
547.485,0.010404784949984827,0.009495719917049167,547.672,0.004110878172744674,8.331771451332815e-07
547.485,0.010404784949984827,0.009495719917049167,547.772,0.004120090437000709,8.368786154425068e-07
547.585,0.010418603309154935,0.009495725023163428,547.872,0.004129302701310538,8.405882732731794e-07
547.785,0.01043242167085093,0.009495730147920647,547.972,0.004138514965674112,8.44306118522639e-07
547.785,0.01043242167085093,0.009495730147920647,548.072,0.004147727230091517,8.480321510882776e-07
547.885,0.010451639060757346,0.00949579378954764,548.172,0.004156939494562664,8.517663708674267e-07
548.085,0.010465893588868345,0.009496133164146593,548.272,0.004166151759087551,8.555087777574458e-07
548.085,0.010465893588868345,0.009496133164146593,548.372,0.004175364023666156,8.592593716556888e-07
548.285,0.01048090985286868,0.00949707331921032,548.472,0.004184576288298514,8.630181524595367e-07
548.285,0.01048090985286868,0.00949707331921032,548.572,0.004193788552984568,8.667851200663354e-07
548.385,0.010494917358035892,0.00949679180232103,548.672,0.004203000817724317,8.705602743734486e-07
548.585,0.01051235700456139,0.009495912442553774,548.772,0.00421221308251779,8.743436152782631e-07
548.585,0.01051235700456139,0.009495912442553774,548.872,0.004221425347364924,8.78135142678119e-07
548.685,0.010523157969498794,0.009497145798820638,548.972,0.00423063761226577,8.819348564704128e-07
548.885,0.010540787044325928,0.009495979737996839,549.072,0.004239849877220261,8.85742756552488e-07
548.885,0.010540787044325928,0.009495979737996839,549.172,0.004249062142228427,8.895588428217353e-07
548.985,0.010554605402093088,0.00949598501283046,549.272,0.004258274407290219,8.933831151755101e-07
549.185,0.01056842376554608,0.009495990306345816,549.372,0.004267486672405631,8.972155735111863e-07
549.185,0.01056842376554608,0.009495990306345816,549.472,0.004276698937574699,9.010562177261595e-07
549.285,0.010577827528178358,0.009496823412972161,549.572,0.004285911202797389,9.049050477177966e-07
549.485,0.010596855892645128,0.009497174065206419,549.672,0.004295123468073678,9.087620633834657e-07
549.485,0.010596855892645128,0.009497174065206419,549.772,0.004304335733403582,9.126272646205558e-07
549.585,0.010610070370638372,0.009496835884949453,549.872,0.004313547998787067,9.165006513264371e-07
549.585,0.010610070370638372,0.009496835884949453,549.972,0.004322760264224129,9.203822233984918e-07
549.785,0.010628303327589407,0.009496013457060635,550.072,0.0043319725297147615,9.242719807341033e-07
549.985,0.010642121686636639,0.009496018848790373,550.172,0.004341184795258933,9.281699232306467e-07
549.985,0.010642121686636639,0.009496018848790373,550.272,0.004350397060856659,9.320760507855174e-07
550.085,0.010655940058093432,0.009496024258699352,550.372,0.004359609326507909,9.359903632960918e-07
550.285,0.010669758421060879,0.009496029687297751,550.472,0.00436882159221272,9.39912860659777e-07
550.285,0.010669758421060879,0.009496029687297751,550.572,0.0043780338579710205,9.438435427739343e-07
550.385,0.010683576782200487,0.009496035134017857,550.672,0.004387246123782847,9.477824095359719e-07
550.585,0.01069739514338437,0.009496040599424068,550.772,0.004396458389648166,9.517294608432734e-07
550.585,0.01069739514338437,0.009496040599424068,550.872,0.004405670655566974,9.556846965932318e-07
550.685,0.010715754607570032,0.009496729643601215,550.972,0.004414882921539263,9.596481166832432e-07
550.885,0.010730177191556941,0.009497078801118391,551.072,0.0044240951875650246,9.636197210107019e-07
550.885,0.010730177191556941,0.009497078801118391,551.172,0.004433307453644256,9.675995094730072e-07
551.085,0.010743995557007096,0.00949708432745536,551.272,0.004442519719776924,9.715874819675447e-07
551.085,0.010743995557007096,0.00949708432745536,551.372,0.004451731985963025,9.75583638391714e-07
551.185,0.010757813920144957,0.009497089871973145,551.472,0.004460944252202526,9.795879786429113e-07
551.385,0.010771632282965177,0.009497095435125034,551.572,0.0044701565184954856,9.83600502618565e-07
551.385,0.010771632282965177,0.009497095435125034,551.672,0.004479368784841857,9.876212102160607e-07
551.485,0.01078545064398296,0.009497101016450942,551.772,0.004488581051241607,9.91650101332791e-07
551.685,0.010799269008431908,0.009497106616426654,551.872,0.00449779331769475,9.956871758661742e-07
551.685,0.010799269008431908,0.009497106616426654,551.972,0.004507005584201277,9.997324337136157e-07
551.785,0.01081800345060392,0.009497245381097993,552.072,0.004516217850761167,1.0037858747725138e-06
551.985,0.010831511857494957,0.009497119754258246,552.172,0.004525430117374448,1.0078474989402972e-06
551.985,0.010831511857494957,0.009497119754258246,552.272,0.004534642384041026,1.0119173061143402e-06
552.085,0.010845640180312996,0.009497256663037712,552.372,0.004543854650760983,1.0159952961920937e-06
552.285,0.010860416877987415,0.009497612183989083,552.472,0.004553066917534248,1.020081469070942e-06
552.285,0.010860416877987415,0.009497612183989083,552.572,0.004562279184360857,1.024175824648321e-06
552.485,0.010873925091066133,0.00949748657404822,552.672,0.004571491451240755,1.0282783628216252e-06
552.585,0.010888053607159056,0.00949762357735486,552.772,0.004580703718173986,1.032389083488292e-06
552.585,0.010888053607159056,0.00949762357735486,552.872,0.004589915985160469,1.0365079865457115e-06
552.785,0.01090173900484959,0.009497424112281175,552.972,0.004599128252200247,1.0406350718913238e-06
552.785,0.01090173900484959,0.009497424112281175,553.072,0.00460834051929331,1.0447703394225496e-06
552.885,0.010915690344825932,0.00949763504436563,553.172,0.004617552786439631,1.0489137890368023e-06
553.085,0.01093195429408491,0.009497904202163168,553.272,0.004626765053639199,1.053065420631505e-06
553.085,0.01093195429408491,0.009497904202163168,553.372,0.004635977320892007,1.0572252341040841e-06
553.185,0.010945905785230615,0.009498115242055544,553.472,0.004645189588198049,1.0613932293519636e-06
553.385,0.010960239807923652,0.009498259086324384,553.572,0.004654401855557319,1.0655694062725724e-06
553.385,0.010960239807923652,0.009498259086324384,553.672,0.004663614122969805,1.0697537647633386e-06
553.485,0.010974058172746399,0.009498264910315234,553.772,0.00467282639043553,1.0739463047217026e-06
553.685,0.010992482658884774,0.009498272704480027,553.872,0.004682038657954437,1.0781470260450747e-06
553.685,0.010992482658884774,0.009498272704480027,553.972,0.00469125092552652,1.082355928630888e-06
553.785,0.011007071612651584,0.009498314152236637,554.072,0.004700463193151769,1.0865730123765754e-06
553.985,0.011020889976255669,0.009498320033363122,554.172,0.0047096754608302056,1.0907982771795822e-06
553.985,0.011020889976255669,0.009498320033363122,554.272,0.004718887728561798,1.095031722937334e-06
554.185,0.01103393775669856,0.009498290361086082,554.372,0.004728099996346555,1.0992733495472811e-06
554.185,0.01103393775669856,0.009498290361086082,554.472,0.004737312264184451,1.1035231569068509e-06
554.285,0.011048526710835923,0.009498331850521036,554.572,0.004746524532075477,1.1077811449134848e-06
554.485,0.011061574489319555,0.009498302224118777,554.672,0.004755736800019608,1.1120473134646136e-06
554.485,0.011061574489319555,0.009498302224118777,554.772,0.0047649490680168344,1.1163216624576807e-06
554.585,0.011080862610191134,0.009499152169398076,554.872,0.004774161336067194,1.120604191790149e-06
554.785,0.011096661457792588,0.009498113819770134,554.972,0.004783373604170612,1.1248949013594334e-06
554.785,0.011096661457792588,0.009498113819770134,555.072,0.004792585872327154,1.1291937910630112e-06
554.985,0.011110479826066277,0.009498119823182901,555.172,0.004801798140536764,1.133500860798312e-06
554.985,0.011110479826066277,0.009498119823182901,555.272,0.004811010408799413,1.1378161104627745e-06
555.085,0.01112429819250554,0.009498125844766992,555.372,0.00482022267711513,1.142139539953868e-06
555.285,0.011138116561207657,0.00949813188496044,555.472,0.004829434945483895,1.1464711491690345e-06
555.285,0.011138116561207657,0.00949813188496044,555.572,0.004838647213905681,1.1508109380057161e-06
555.385,0.011156634359885282,0.009498946467521011,555.672,0.004847859482380494,1.1551589063613783e-06
555.585,0.011170452727720274,0.009498952546637941,555.772,0.004857071750908332,1.159515054133477e-06
555.585,0.011170452727720274,0.009498952546637941,555.872,0.004866284019489142,1.1638793812194457e-06
555.685,0.0111842711033078,0.009498958643960982,555.972,0.0048754962881229795,1.168251887516776e-06
555.885,0.011198089469302135,0.009498964759881335,556.072,0.0048847085568097985,1.1726325729229047e-06
555.885,0.011198089469302135,0.009498964759881335,556.172,0.004893920825549573,1.1770214373352822e-06
556.085,0.011213802798097942,0.009500460803970814,556.272,0.004903133094342351,1.1814184806514017e-06
556.085,0.011213802798097942,0.009500460803970814,556.372,0.004912345363188089,1.185823702768705e-06
556.185,0.011227846645040247,0.009498941043837429,556.472,0.0049215576320867606,1.1902371035846474e-06
556.385,0.011243560329959802,0.00950043722551233,556.572,0.004930769901038369,1.194658682996702e-06
556.385,0.011243560329959802,0.00950043722551233,556.672,0.004939982170042893,1.1990884409023271e-06
556.485,0.011260089508844872,0.009498955477522044,556.772,0.004949194439100366,1.203526377199011e-06
556.685,0.011275803191423836,0.009500451706388083,556.872,0.004958406708210742,1.2079724917842038e-06
556.685,0.011275803191423836,0.009500451706388083,556.972,0.004967618977374008,1.2124267845553768e-06
556.885,0.011291283881179535,0.00950058768348758,557.072,0.004976831246590139,1.2168892554099888e-06
556.885,0.011291283881179535,0.00950058768348758,557.172,0.004986043515859152,1.2213599042455255e-06
556.985,0.011301544611802139,0.009498974182594551,557.272,0.0049952557851810795,1.2258387309594815e-06
557.185,0.011318920615939547,0.009500600210663752,557.372,0.005004468054555849,1.2303257354493014e-06
557.185,0.011318920615939547,0.009500600210663752,557.472,0.005013680323983473,1.2348209176124704e-06
557.285,0.011329181349691873,0.009498986744579397,557.572,0.005022892593463948,1.2393242773464676e-06
557.485,0.011346557356016048,0.009500612811422181,557.672,0.005032104862997284,1.2438358145487848e-06
557.485,0.011346557356016048,0.009500612811422181,557.772,0.005041317132583457,1.24835552911689e-06
557.585,0.011358879458753877,0.009498365615327596,557.872,0.005050529402222433,1.252883420948255e-06
557.785,0.011374593374309572,0.009499862303849959,557.972,0.005059741671914238,1.2574194899403712e-06
557.785,0.011374593374309572,0.009499862303849959,558.072,0.005068953941658805,1.2619637359907037e-06
557.985,0.011392618585940064,0.009500633976251307,558.172,0.005078166211456206,1.2665161589967706e-06
557.985,0.011392618585940064,0.009500633976251307,558.272,0.005087378481306381,1.2710767588560381e-06
558.085,0.011402230114848767,0.009499875038318605,558.372,0.005096590751209326,1.2756455354659958e-06
558.285,0.011420255325549444,0.009500646773238294,558.472,0.005105803021165009,1.2802224887241199e-06
558.285,0.011420255325549444,0.009500646773238294,558.572,0.005115015291173448,1.284807618527916e-06
558.385,0.011431529347577171,0.009500017546431193,558.672,0.005124227561234634,1.2894009247748728e-06
558.585,0.011445347720417066,0.00950002397734472,558.772,0.005133439831348562,1.2940024073624852e-06
558.585,0.011445347720417066,0.00950002397734472,558.872,0.0051426521015152,1.2986120661882369e-06
558.685,0.011459482615456396,0.009500211853486873,558.972,0.005151864371734543,1.3032299011496244e-06
558.885,0.011473305687920344,0.009500255193406235,559.072,0.005161076642006605,1.3078559121441542e-06
558.885,0.011473305687920344,0.009500255193406235,559.172,0.005170288912331337,1.3124900990693063e-06
558.985,0.01149260485452314,0.009500347135384302,559.272,0.005179501182708769,1.3171324618225996e-06
559.185,0.011506427922720311,0.009500390518140682,559.372,0.005188713453138904,1.321783000301538e-06
559.185,0.011506427922720311,0.009500390518140682,559.472,0.0051979257236216825,1.326441714403601e-06
559.285,0.011518578925956955,0.009500230444229193,559.572,0.005207137994157145,1.3311086040263134e-06
559.485,0.011534059964472262,0.00950036672066716,559.672,0.005216350264745258,1.3357836690671684e-06
559.485,0.011534059964472262,0.00950036672066716,559.772,0.005225562535386,1.3404669094236637e-06
559.685,0.011546991303677347,0.009500315957098854,559.872,0.005234774806079357,1.345158324993306e-06
559.685,0.011546991303677347,0.009500315957098854,559.972,0.005243987076825348,1.349857915673613e-06
559.785,0.011561701411572407,0.0095004167413881,560.072,0.0052531993476239575,1.3545656813620952e-06
559.985,0.011576517562008715,0.009500293343933425,560.172,0.005262411618475177,1.359281621956254e-06
559.985,0.011576517562008715,0.009500293343933425,560.272,0.005271623889378955,1.3640057373535915e-06
560.085,0.011589338151367158,0.009500429963364681,560.372,0.005280836160335357,1.3687380274516514e-06
560.285,0.011604650105430443,0.009500364545073019,560.472,0.005290048431344332,1.3734784921479269e-06
560.285,0.011604650105430443,0.009500364545073019,560.572,0.005299260702405876,1.3782271313399347e-06
560.385,0.011623074083446941,0.009500374444928208,560.672,0.005308472973519935,1.3829839449251706e-06
560.585,0.011636892973636792,0.009500380109908708,560.772,0.005317685244686544,1.3877489328011745e-06
560.585,0.011636892973636792,0.009500380109908708,560.872,0.005326897515905719,1.3925220948654802e-06
560.685,0.011650710828206755,0.009500387829227722,560.972,0.00533610978717741,1.3973034310155835e-06
560.685,0.011650710828206755,0.009500387829227722,561.072,0.005345322058501656,1.4020929411490319e-06
560.885,0.01166452920429387,0.009500394549097626,561.172,0.005354534329878407,1.4068906251633268e-06
561.085,0.01167934597830171,0.00950027025460328,561.272,0.005363746601307693,1.4116964829560164e-06
561.085,0.01167934597830171,0.00950027025460328,561.372,0.0053729588727893995,1.4165105144245693e-06
561.185,0.011692165951716299,0.009500408043698103,561.472,0.005382171144323648,1.4213327194665803e-06
561.385,0.011706069204405286,0.009500450901839102,561.572,0.005391383415910349,1.426163097979533e-06
561.385,0.011706069204405286,0.009500450901839102,561.672,0.005400595687549515,1.4310016498609712e-06
561.485,0.011719802695895476,0.009500421611904283,561.772,0.0054098079592411865,1.4358483750084474e-06
561.685,0.011735356072105184,0.009500301935083229,561.872,0.005419020230985262,1.4407032733194478e-06
561.685,0.011735356072105184,0.009500301935083229,561.972,0.005428232502781786,1.4455663446915296e-06
561.785,0.01175204557143152,0.009500437534309123,562.072,0.0054374447746307454,1.4504375890222283e-06
561.985,0.011765863943720268,0.009500444389009764,562.172,0.005446657046532136,1.4553170062090817e-06
561.985,0.011765863943720268,0.009500444389009764,562.272,0.005455869318485924,1.4602045961496154e-06
562.185,0.011781417319249449,0.00950032476788778,562.372,0.005465081590492122,1.4651003587413779e-06
562.185,0.011781417319249449,0.00950032476788778,562.472,0.005474293862550685,1.4700042938818885e-06
562.285,0.011793500691541182,0.009500458153351097,562.572,0.005483506134661646,1.474916401468713e-06
562.485,0.011808140992651678,0.009500504678957874,562.672,0.00549271840682501,1.4798366813993949e-06
562.485,0.011808140992651678,0.009500504678957874,562.772,0.005501930679040733,1.4847651335714669e-06
562.585,0.011821137437299255,0.00950047199126187,562.872,0.005511142951308791,1.4897017578824625e-06
562.785,0.011835777737562553,0.009500518551932293,562.972,0.005520355223629195,1.494646554229939e-06
562.785,0.011835777737562553,0.009500518551932293,563.072,0.005529567496001968,1.4995995225114584e-06
562.885,0.011848899314513594,0.009500364344181413,563.172,0.0055387797684270535,1.5045606626245464e-06
563.085,0.011863414475483551,0.009500532498447936,563.272,0.00554799204090445,1.5095299744667533e-06
563.085,0.011863414475483551,0.009500532498447936,563.372,0.005557204313434161,1.5145074579356403e-06
563.185,0.011875799059532273,0.009500374802726655,563.472,0.005566416586016165,1.519493112928749e-06
563.385,0.01189196429667488,0.009500380400173347,563.572,0.005575628858650475,1.5244869393436448e-06
563.385,0.01189196429667488,0.009500380400173347,563.672,0.005584841131337044,1.5294889370778586e-06
563.485,0.011903520679496795,0.009500424938773708,563.772,0.005594053404075876,1.5344991060289584e-06
563.685,0.01192194518624823,0.009500434350526362,563.872,0.005603265676866996,1.5395174460945151e-06
563.685,0.01192194518624823,0.009500434350526362,563.972,0.005612477949710351,1.5445439571720638e-06
563.785,0.011935678686983028,0.009500405351778781,564.072,0.005621690222605975,1.5495786391591898e-06
563.985,0.011950318945570734,0.009500452050846512,564.172,0.005630902495553815,1.554621491953431e-06
563.985,0.011950318945570734,0.009500452050846512,564.272,0.005640114768553913,1.5596725154523755e-06
564.085,0.011963315436454356,0.009500419567814297,564.372,0.005649327041606215,1.5647317095535652e-06
564.285,0.01197795569671591,0.009500466301969056,564.472,0.005658539314710759,1.5697990741545907e-06
564.285,0.01197795569671591,0.009500466301969056,564.572,0.005667751587867467,1.5748746091529784e-06
564.485,0.011993198406185587,0.009500560729367563,564.672,0.005676963861076385,1.5799583144463236e-06
564.485,0.011993198406185587,0.009500560729367563,564.772,0.0056861761343375014,1.5850501899321933e-06
564.585,0.0120055075510776,0.009500444547054242,564.872,0.005695388407650807,1.5901502355081616e-06
564.785,0.012021803243496013,0.009500276379073554,564.972,0.005704600681016252,1.595258451071773e-06
564.785,0.012021803243496013,0.009500276379073554,565.072,0.005713812954433848,1.6003748365206137e-06
564.885,0.012034708420921882,0.009500449741485634,565.172,0.005723025227903598,1.6054993917522582e-06
565.085,0.012049439997231105,0.009500290821850922,565.272,0.005732237501425482,1.610632116664283e-06
565.085,0.012049439997231105,0.009500290821850922,565.372,0.0057414497749995195,1.6157730111542768e-06
565.185,0.012065249223750529,0.009500412448162191,565.472,0.005750662048625642,1.6209220751197795e-06
565.385,0.012080400923832705,0.009500712737973278,565.572,0.005759874322303905,1.6260793084584092e-06
565.385,0.012080400923832705,0.009500712737973278,565.672,0.005769086596034233,1.631244711067709e-06
565.485,0.012093870676885388,0.009499731359676135,565.772,0.005778298869816712,1.6364182828453117e-06
565.685,0.012108037676125488,0.00950072734070987,565.872,0.0057875111436512415,1.6416000236887499e-06
565.685,0.012108037676125488,0.00950072734070987,565.972,0.005796723417537862,1.646789933495636e-06
565.885,0.012123137995043614,0.009500329695312055,566.072,0.005805935691476516,1.651988012163529e-06
565.885,0.012123137995043614,0.009500329695312055,566.172,0.005815147965467247,1.657194259590045e-06
565.985,0.012136659138079372,0.009500046291755944,566.272,0.005824360239510043,1.6624086756727692e-06
566.185,0.012150405999561468,0.009500583233523298,566.372,0.005833572513604837,1.6676312603092543e-06
566.185,0.012150405999561468,0.009500583233523298,566.472,0.005842784787751682,1.6728620133971302e-06
566.285,0.012164295894340416,0.009500061039182505,566.572,0.0058519970619505535,1.6781009348339754e-06
566.485,0.012182720387454705,0.009500070911624152,566.672,0.0058612093362014435,1.683348024517383e-06
566.485,0.012182720387454705,0.009500070911624152,566.772,0.005870421610504296,1.688603282344922e-06
566.685,0.012196467255931006,0.009500607915831053,566.872,0.00587963388485917,1.6938667082142283e-06
566.685,0.012196467255931006,0.009500607915831053,566.972,0.005888846159265999,1.6991383020228614e-06
566.785,0.01221250357216759,0.009503217870937452,567.072,0.005898058433724817,1.704418063668443e-06
566.985,0.012225089227519458,0.009499928782189897,567.172,0.005907270708235615,1.7097059930485762e-06
566.985,0.012225089227519458,0.009499928782189897,567.272,0.005916482982798362,1.715002090060846e-06
567.085,0.012240958491647604,0.009503873031919146,567.372,0.005925695257413034,1.7203063546028433e-06
567.285,0.012259382985873691,0.00950388302755297,567.472,0.005934907532079689,1.7256187865722085e-06
567.285,0.012259382985873691,0.00950388302755297,567.572,0.005944119806798247,1.73093938586651e-06
567.385,0.012273201360715826,0.009503890545617268,567.672,0.005953332081568724,1.7362681523833664e-06
567.385,0.012273201360715826,0.009503890545617268,567.772,0.0059625443563911164,1.7416050860203872e-06
567.585,0.012287019733711012,0.009503898082283494,567.872,0.005971756631265449,1.7469501866751919e-06
567.785,0.012306357815402137,0.009503742099733193,567.972,0.005980968906191634,1.7523034542453526e-06
567.785,0.012306357815402137,0.009503742099733193,568.072,0.005990181181169738,1.7576648886285177e-06
567.985,0.012320176710069726,0.009503751392802722,568.172,0.005999393456199708,1.7630344897222762e-06
567.985,0.012320176710069726,0.009503751392802722,568.272,0.006008605731281557,1.7684122574242519e-06
568.085,0.012333080995570088,0.009503923336815222,568.372,0.006017818006415235,1.773798191632037e-06
568.285,0.012347813468462246,0.009503766605101516,568.472,0.006027030281600797,1.779192292243286e-06
568.285,0.012347813468462246,0.009503766605101516,568.572,0.006036242556838151,1.7845945591555628e-06
568.385,0.01236532388492409,0.009503941136378256,568.672,0.0060454548321273865,1.7900049922665406e-06
568.585,0.012380056355603951,0.009503784445590134,568.772,0.00605466710746844,1.795423591473814e-06
568.585,0.012380056355603951,0.009503784445590134,568.872,0.006063879382861285,1.8008503566749907e-06
568.685,0.012392875714949493,0.009503920375341809,568.972,0.006073091658305961,1.8062852877677181e-06
568.885,0.01240677901790214,0.009503964168759487,569.072,0.00608230393380241,1.8117283846495944e-06
568.885,0.01240677901790214,0.009503964168759487,569.172,0.006091516209350677,1.8171796472182708e-06
569.085,0.012421511496313974,0.009503807530561082,569.272,0.0061007284849507095,1.8226390753713472e-06
569.185,0.012436481959896818,0.009504476477900786,569.372,0.006109940760602523,1.8281066690064653e-06
569.185,0.012436481959896818,0.009504476477900786,569.472,0.006119153036306084,1.8335824280212418e-06
569.385,0.012450300338518317,0.009504484228487809,569.572,0.006128365312061407,1.8390663523133205e-06
569.385,0.012450300338518317,0.009504484228487809,569.672,0.006137577587868486,1.8445584417803316e-06
569.485,0.012466257135015374,0.009504281601768985,569.772,0.006146789863727294,1.8500586963198972e-06
569.685,0.012480990045311965,0.009504125011730442,569.872,0.006156002139637802,1.8555671158296363e-06
569.685,0.012480990045311965,0.009504125011730442,569.972,0.0061652144156000436,1.8610837002072114e-06
569.785,0.012494808419430148,0.009504132827656307,570.072,0.006174426691614011,1.8666084493502575e-06
569.985,0.012509304497466725,0.009504252610814824,570.172,0.006183638967679635,1.8721413631563748e-06
569.985,0.012509304497466725,0.009504252610814824,570.272,0.006192851243796979,1.8776824415232404e-06
570.085,0.012523122883140059,0.009504260464180623,570.372,0.006202063519965984,1.883231684348469e-06
570.285,0.01254174403895662,0.009504654263445626,570.472,0.006211275796186661,1.8887890915297161e-06
570.285,0.01254174403895662,0.009504654263445626,570.572,0.006220488072458993,1.8943546629646118e-06
570.485,0.012556476550598017,0.009504496060447225,570.672,0.006229700348782985,1.8999283985508136e-06
570.485,0.012556476550598017,0.009504496060447225,570.772,0.0062389126251586316,1.9055102981859651e-06
570.585,0.012570294926758808,0.009504503975486377,570.872,0.006248124901585903,1.9111003617677004e-06
570.785,0.012584113308042107,0.009504511909146222,570.972,0.006257337178064799,1.91669858919367e-06
570.785,0.012584113308042107,0.009504511909146222,571.072,0.006266549454595306,1.922304980361521e-06
570.885,0.012597881376506984,0.009508562760522433,571.172,0.00627576173117746,1.927919535168931e-06
571.085,0.012612410160198798,0.009504710049627252,571.272,0.006284974007811145,1.9335422535134824e-06
571.085,0.012612410160198798,0.009504710049627252,571.372,0.006294186284496467,1.939173135292898e-06
571.185,0.012625518137473875,0.009508578717039643,571.472,0.0063033985612333775,1.944812180404804e-06
571.385,0.012643028279551997,0.009508755365507014,571.572,0.006312610838021842,1.950459388746843e-06
571.385,0.012643028279551997,0.009508755365507014,571.672,0.006321823114861894,1.9561147602167002e-06
571.585,0.012657761023038531,0.009508597426007334,571.772,0.00633103539175351,1.9617782947120174e-06
571.585,0.012657761023038531,0.009508597426007334,571.872,0.006340247668696693,1.967449992130455e-06
571.685,0.012671579402552837,0.009508605474604455,571.972,0.006349459945691395,1.973129852369661e-06
571.885,0.012685397783822062,0.009508613541740553,572.072,0.006358672222737583,1.978817875327281e-06
571.885,0.012685397783822062,0.009508613541740553,572.172,0.006367884499835328,1.984514060901022e-06
571.985,0.012698301800268472,0.009508787600322099,572.272,0.0063770967769845545,1.9902184089885064e-06
572.185,0.012713034538629635,0.009508629730923843,572.372,0.006386309054185281,1.995930919487414e-06
572.185,0.012713034538629635,0.009508629730923843,572.472,0.006395521331437518,2.0016515922954243e-06
572.285,0.01272604034068488,0.009510148906119786,572.572,0.006404733608741238,2.0073804273101956e-06
572.485,0.012744464850095982,0.009510159756134203,572.672,0.0064139458860964305,2.013117424429396e-06
572.485,0.012744464850095982,0.009510159756134203,572.772,0.006423158163503091,2.018862583550698e-06
572.585,0.012757368735504248,0.009510333855304563,572.872,0.006432370440961216,2.024615904571771e-06
572.785,0.01277210160604593,0.009510176092386616,572.972,0.006441582718470793,2.0303773873902894e-06
572.785,0.01277210160604593,0.009510176092386616,573.072,0.0064507949960317945,2.0361470319039103e-06
572.985,0.012789761956449297,0.009507761018041962,573.172,0.0064600072736442395,2.041924838010331e-06
572.985,0.012789761956449297,0.009507761018041962,573.272,0.006469219551308112,2.047710805607224e-06
573.085,0.012799738373843229,0.009510192502109074,573.372,0.0064784318290233905,2.053504934592255e-06
573.285,0.012817192910378944,0.009511446397927859,573.472,0.006487644106790087,2.0593072248631163e-06
573.285,0.012817192910378944,0.009511446397927859,573.572,0.006496856384608154,2.065117676317459e-06
573.385,0.012831011294890265,0.009511454658288327,573.672,0.006506068662477644,2.0709362888530116e-06
573.585,0.012847861164607115,0.00951055093592833,573.772,0.006515280940398439,2.076763062367386e-06
573.585,0.012847861164607115,0.00951055093592833,573.872,0.006524493218370665,2.0825979967583487e-06
573.685,0.012858648066990686,0.009511471234333754,573.972,0.006533705496394212,2.0884410919235207e-06
573.885,0.012872466447124566,0.009511479550016374,574.072,0.006542917774469133,2.094292347760623e-06
573.885,0.012872466447124566,0.009511479550016374,574.172,0.006552130052595376,2.10015176416732e-06
573.985,0.01288997604664691,0.009511656607553386,574.272,0.006561342330772964,2.1060193410413183e-06
574.185,0.012904709345614834,0.009511499024265221,574.372,0.006570554609001875,2.1118950782803054e-06
574.185,0.012904709345614834,0.009511499024265221,574.472,0.006579766887282138,2.117778975781995e-06
574.285,0.01291761280981096,0.009511673344378689,574.572,0.006588979165613648,2.1236710334440184e-06
574.485,0.012932346107111744,0.009511515796162998,574.672,0.006598191443996494,2.129571251164125e-06
574.485,0.012932346107111744,0.009511515796162998,574.772,0.006607403722430621,2.1354796288399873e-06
574.685,0.012949195975850968,0.009510612266360312,574.872,0.006616616000916039,2.141396166369314e-06
574.685,0.012949195975850968,0.009510612266360312,574.972,0.006625828279452701,2.1473208636497778e-06
574.785,0.012959982873718438,0.00951153264146311,575.072,0.006635040558040643,2.1532537205791004e-06
574.985,0.012976832739941012,0.009510629164192638,575.172,0.0066442528366798355,2.1591947370549774e-06
574.985,0.012976832739941012,0.009510629164192638,575.272,0.006653465115370277,2.1651439129751046e-06
575.085,0.012991310852926099,0.009511718334953548,575.372,0.0066626773941119545,2.1711012482371914e-06
575.285,0.013006044162276893,0.009511560880194206,575.472,0.0066718896729048415,2.1770667427389216e-06
575.285,0.013006044162276893,0.009511560880194206,575.572,0.006681101951748972,2.183040396378032e-06
575.485,0.01302472117296401,0.009511156444195566,575.672,0.006690314230644293,2.1890222090522045e-06
575.485,0.01302472117296401,0.009511156444195566,575.772,0.006699526509590851,2.195012180659176e-06
575.585,0.01303550747878804,0.009512076810324139,575.872,0.006708738788588568,2.20101031109661e-06
575.785,0.013052357940323273,0.009511173540422583,575.972,0.006717951067637497,2.207016600262264e-06
575.785,0.013052357940323273,0.009511173540422583,576.072,0.006727163346737546,2.2130310480537944e-06
575.885,0.01306325852961056,0.009512260040218282,576.172,0.006736375625888822,2.2190536543689822e-06
576.085,0.013079994714745384,0.009511190710118465,576.272,0.0067455879050912024,2.2250844191054768e-06
576.085,0.013079994714745384,0.009511190710118465,576.372,0.006754800184344774,2.231123342161049e-06
576.185,0.013091020953221715,0.009512403928002042,576.472,0.006764012463649505,2.2371704234334055e-06
576.385,0.013109445468569951,0.009512415428821749,576.572,0.006773224743005344,2.2432256628202346e-06
576.385,0.013109445468569951,0.009512415428821749,576.672,0.00678243702241228,2.2492890602192552e-06
576.485,0.013123263849765606,0.00951242407570867,576.772,0.0067916493018703545,2.255360615528216e-06
576.685,0.013137082227619643,0.00951243274117286,576.872,0.0068008615813795106,2.261440328644814e-06
576.685,0.013137082227619643,0.00951243274117286,576.972,0.006810073860939794,2.2675281994668e-06
576.885,0.013153813693768356,0.009511427837308796,577.072,0.0068192861405511505,2.2736242278918707e-06
576.885,0.013153813693768356,0.009511427837308796,577.172,0.006828498420213571,2.27972841381775e-06
576.985,0.013164718988869773,0.009512450126973571,577.272,0.0068377106999270906,2.2858407571421983e-06
577.185,0.01318156956088424,0.009511547154170618,577.372,0.006846922979691634,2.2919612577628974e-06
577.185,0.01318156956088424,0.009511547154170618,577.472,0.006856135259507249,2.298089915577608e-06
577.285,0.013192355764559276,0.009512467586177948,577.572,0.006865347539373919,2.3042267304840608e-06
577.285,0.013192355764559276,0.009512467586177948,577.672,0.006874559819291621,2.310371702379979e-06
577.485,0.013209228274206997,0.009511664196436165,577.772,0.0068837720992603385,2.3165248311630917e-06
577.685,0.013227630842574509,0.00951157638113903,577.872,0.006892984379280073,2.322686116731143e-06
577.685,0.013227630842574509,0.00951157638113903,577.972,0.006902196659350792,2.3288555589818452e-06
577.785,0.013241449231517417,0.009511585188890236,578.072,0.006911408939472515,2.3350331578129576e-06
577.785,0.013241449231517417,0.009511585188890236,578.172,0.006920621219645247,2.3412189131222315e-06
577.985,0.013256841558678997,0.00951250860984973,578.272,0.006929833499868966,2.3474128248073902e-06
578.185,0.01327371406951827,0.009511705340315297,578.372,0.006939045780143642,2.353614892766164e-06
578.185,0.01327371406951827,0.009511705340315297,578.472,0.0069482580604692664,2.3598251168962954e-06
578.285,0.013287510511280722,0.009511614680971623,578.572,0.006957470340845858,2.366043497095542e-06
578.485,0.013301350834436598,0.009511723095755648,578.672,0.006966682621273404,2.372270033261647e-06
578.485,0.013301350834436598,0.009511723095755648,578.772,0.006975894901751879,2.378504725292344e-06
578.585,0.013316082588375161,0.009512929384088115,578.872,0.006985107182281296,2.3847475730853923e-06
578.785,0.013330561531694702,0.009512655492274074,578.972,0.006994319462861626,2.3909985765385304e-06
578.785,0.013330561531694702,0.009512655492274074,579.072,0.007003531743492861,2.3972577355495063e-06
578.985,0.013347412121926923,0.00951175285127676,579.172,0.0070127440241749975,2.4035250500160745e-06
578.985,0.013347412121926923,0.00951175285127676,579.272,0.007021956304908024,2.409800519835987e-06
579.085,0.013361074440269726,0.009511642361672231,579.372,0.007031168585691952,2.4160841449070127e-06
579.285,0.013376415796988105,0.009510528505858299,579.472,0.007040380866526718,2.4223759251268624e-06
579.285,0.013376415796988105,0.009510528505858299,579.572,0.007049593147412376,2.428675860393341e-06
579.385,0.013385196437742818,0.00951307367431004,579.672,0.007058805428348922,2.434983950604202e-06
579.585,0.013404052575380476,0.009510546521463348,579.772,0.007068017709336279,2.441300195657165e-06
579.585,0.013404052575380476,0.009510546521463348,579.872,0.007077229990374509,2.447624595450036e-06
579.685,0.013416789286834112,0.009512566838285497,579.972,0.007086442271463535,2.4539571498805263e-06
579.885,0.013435213800156609,0.0095125789159,580.072,0.007095654552603373,2.460297858846419e-06
579.885,0.013435213800156609,0.0095125789159,580.172,0.007104866833794038,2.46664672224549e-06
580.085,0.013451037893707088,0.009510963301910673,580.272,0.007114079115035505,2.473003739975491e-06
580.085,0.013451037893707088,0.009510963301910673,580.372,0.007123291396327764,2.4793689119341913e-06
580.185,0.013461887138205602,0.00951202633476735,580.472,0.007132503677670825,2.4857422380193707e-06
580.385,0.01347819211251527,0.009511483363839007,580.572,0.007141715959064641,2.492123718128768e-06
580.385,0.01347819211251527,0.009511483363839007,580.672,0.007150928240509225,2.4985133521601723e-06
580.485,0.013490890705351758,0.009510802291492874,580.772,0.007160140522004573,2.5049111400113533e-06
580.685,0.013505347018531889,0.009511216259950533,580.872,0.007169352803550726,2.511317081580116e-06
580.685,0.013505347018531889,0.009511216259950533,580.972,0.007178565085147579,2.517731176764176e-06
580.785,0.01351852747666213,0.009510820598026362,581.072,0.007187777366795193,2.524153425461352e-06
580.985,0.013532622971624816,0.009511037726694533,581.172,0.007196989648493542,2.5305838275694084e-06
580.985,0.013532622971624816,0.009511037726694533,581.272,0.007206201930242571,2.5370223829860905e-06
581.085,0.013546371604373386,0.009512995753736417,581.372,0.007215414212042349,2.543469091609226e-06
581.285,0.013564588769676512,0.009510851271933728,581.472,0.007224626493892788,2.54992395333655e-06
581.285,0.013564588769676512,0.009510851271933728,581.572,0.007233838775793911,2.556386968065857e-06
581.385,0.013574008381022459,0.009513014212426382,581.672,0.0072430510577457564,2.562858135694961e-06
581.585,0.01359222554853181,0.009510869774146736,581.772,0.00725226333974825,2.5693374561216e-06
581.585,0.01359222554853181,0.009510869774146736,581.872,0.0072614756218014245,2.5758249292435953e-06
581.785,0.01360616494242338,0.009510967531985375,581.972,0.00727068790390523,2.582320554958699e-06
581.785,0.01360616494242338,0.009510967531985375,582.072,0.007279900186059706,2.588824333164732e-06
581.885,0.013619862327387433,0.009510888349724547,582.172,0.007289112468264802,2.5953362637594526e-06
582.085,0.013635602214546417,0.009511970884801397,582.272,0.00729832475052053,2.6018563466406693e-06
582.085,0.013635602214546417,0.009511970884801397,582.372,0.007307537032826882,2.608384581706173e-06
582.185,0.013649420605929642,0.009511980219289177,582.472,0.007316749315183835,2.614920968853741e-06
582.385,0.013663238989788096,0.009511989572366052,582.572,0.007325961597591419,2.6214655079811976e-06
582.385,0.013663238989788096,0.009511989572366052,582.672,0.007335173880049585,2.6280181989863087e-06
582.485,0.013681542478020678,0.009511913579539347,582.772,0.0073443861625583475,2.6345790417668895e-06
582.685,0.01369548189450826,0.009512011467135362,582.872,0.00735359844511768,2.6411480362207217e-06
582.685,0.01369548189450826,0.009512011467135362,582.972,0.007362810727727595,2.64772518224562e-06
582.885,0.013709300278954372,0.009512020881352645,583.072,0.007372023010388066,2.6543104797393693e-06
582.885,0.013709300278954372,0.009512020881352645,583.172,0.007381235293099081,2.6609039285997748e-06
582.985,0.013723118667965776,0.009512030313683698,583.272,0.007390447575860634,2.667505528724641e-06
583.185,0.013736937058174628,0.009512039764564805,583.372,0.007399659858672743,2.674115280011782e-06
583.185,0.013736937058174628,0.009512039764564805,583.472,0.0074088721415353385,2.68073318235896e-06
583.285,0.013754203897230092,0.009514605853674293,583.572,0.007418084424448461,2.687359235664032e-06
583.485,0.01376802227968375,0.009514615347540079,583.672,0.007427296707412052,2.693993439824755e-06
583.485,0.01376802227968375,0.009514615347540079,583.772,0.007436508990426175,2.70063579473899e-06
583.585,0.013783369282953265,0.009514888515828684,583.872,0.0074457212734907975,2.707286300304533e-06
583.785,0.013800265189506063,0.009514637570866576,583.972,0.007454933556605885,2.7139449564191792e-06
583.785,0.013800265189506063,0.009514637570866576,584.072,0.007464145839771458,2.7206117629807557e-06
583.985,0.01381408358126049,0.009514647125859522,584.172,0.007473358122987481,2.7272867198870632e-06
583.985,0.01381408358126049,0.009514647125859522,584.272,0.007482570406253997,2.7339698270359543e-06
584.085,0.013827901973290844,0.009514656698984192,584.372,0.007491782689570948,2.7406610843252104e-06
584.285,0.013842681861025533,0.009515452305645255,584.472,0.00750099497293833,2.7473604916526504e-06
584.285,0.013842681861025533,0.009515452305645255,584.572,0.0075102072563561825,2.7540680489161277e-06
584.385,0.013855538754491104,0.009514675900440764,584.672,0.00751941953982443,2.7607837560134156e-06
584.585,0.013870318645964075,0.009515471544199045,584.772,0.007528631823343061,2.767507612842337e-06
584.585,0.013870318645964075,0.009515471544199045,584.872,0.007537844106912116,2.77423961930075e-06
584.685,0.013887859967561068,0.009514136159312483,584.972,0.007547056390531573,2.7809797752864586e-06
584.885,0.013902639805610061,0.009514931769915571,585.072,0.00755626867420142,2.7877280806972917e-06
584.885,0.013902639805610061,0.009514931769915571,585.172,0.007565480957921645,2.79448453543108e-06
584.985,0.013914407417563763,0.009515087990705818,585.272,0.0075746932416922205,2.8012491393856346e-06
585.185,0.013930276593810617,0.009514951162605392,585.372,0.007583905525513169,2.8080218924587995e-06
585.185,0.013930276593810617,0.009514951162605392,585.472,0.007593117809384468,2.814802794548407e-06
585.385,0.013944016734571192,0.009515523205614053,585.572,0.007602330093306077,2.821591845552259e-06
585.385,0.013944016734571192,0.009515523205614053,585.672,0.007611542377278085,2.8283890453682504e-06
585.485,0.01395791338013364,0.00951497062863539,585.772,0.0076207546613003925,2.835194393894154e-06
585.685,0.013971731766091757,0.009514980389263468,585.872,0.007629966945373002,2.842007891027824e-06
585.685,0.013971731766091757,0.009514980389263468,585.972,0.007639179229495936,2.8488295366671136e-06
585.785,0.013984691031702216,0.009515939438862826,586.072,0.007648391513669165,2.855659330709845e-06
585.985,0.013999368545161988,0.009514999965286151,586.172,0.007657603797892658,2.8624972730538445e-06
585.985,0.013999368545161988,0.009514999965286151,586.272,0.007666816082166435,2.8693433635969664e-06
586.085,0.014013290281055505,0.009516182310361039,586.372,0.0076760283664905095,2.8761976022370715e-06
586.285,0.014027967532841848,0.00951524281565817,586.472,0.0076852406508648285,2.883059988871971e-06
586.285,0.014027967532841848,0.00951524281565817,586.572,0.007694452935289405,2.889930523399524e-06
586.385,0.014045312549637333,0.009516082910475713,586.672,0.007703665219764235,2.896809205717579e-06
586.585,0.014059130943999906,0.009516092771438216,586.772,0.007712877504289289,2.9036960357239696e-06
586.585,0.014059130943999906,0.009516092771438216,586.872,0.007722089788864579,2.9105910133165612e-06
586.785,0.01407316998523542,0.00951622499743318,586.972,0.0077313020734900775,2.917494138393189e-06
586.785,0.01407316998523542,0.00951622499743318,587.072,0.007740514358165778,2.9244054108517033e-06
586.885,0.014086767728569838,0.009516112548124072,587.172,0.007749726642891699,2.93132483058997e-06
587.085,0.01410047406017175,0.009516213723071053,587.272,0.007758938927667805,2.9382523975058285e-06
587.085,0.01410047406017175,0.009516213723071053,587.372,0.007768151212494092,2.945188111497134e-06
587.185,0.014114404509687244,0.009516132398123558,587.472,0.007777363497370571,2.952131972461763e-06
587.385,0.014128222902772531,0.009516142350749027,587.572,0.0077865757822971945,2.9590839802975395e-06
587.385,0.014128222902772531,0.009516142350749027,587.672,0.007795788067273979,2.966044134902338e-06
587.485,0.014147084433133663,0.009516513800068325,587.772,0.007805000352300894,2.9730124361740076e-06
587.685,0.014160465821811243,0.009516165644413956,587.872,0.007814212637377973,2.9799888840104407e-06
587.685,0.014160465821811243,0.009516165644413956,587.972,0.00782342492250519,2.98697347830948e-06
587.885,0.014174284214678458,0.009516175658130168,588.072,0.00783263720768252,2.993966218968978e-06
587.885,0.014174284214678458,0.009516175658130168,588.172,0.007841849492909973,3.000967105886813e-06
587.985,0.01418810260529113,0.00951618568996773,588.272,0.00785106177818753,3.0079761389608537e-06
588.185,0.014203666772321797,0.009516678555217841,588.372,0.007860274063515206,3.0149933180889673e-06
588.185,0.014203666772321797,0.009516678555217841,588.472,0.007869486348892963,3.0220186431690085e-06
588.285,0.01421792230309292,0.009517046792579571,588.572,0.00787869863432081,3.0290521140988645e-06
588.485,0.014231303557002726,0.009516698711675433,588.672,0.007887910919798732,3.036093730776389e-06
588.485,0.014231303557002726,0.009516698711675433,588.772,0.007897123205326704,3.0431434930994555e-06
588.585,0.014250165214600962,0.009517070345626223,588.872,0.007906335490904736,3.050201400965936e-06
588.785,0.014263983603961632,0.009517080470527543,588.972,0.007915547776532835,3.057267454273727e-06
588.785,0.014263983603961632,0.009517080470527543,589.072,0.007924760062210935,3.0643416529206667e-06
588.885,0.014277801998893275,0.00951709061351576,589.172,0.007933972347939074,3.0714239968046535e-06
588.885,0.014277801998893275,0.00951709061351576,589.272,0.007943184633717236,3.0785144858235665e-06
589.085,0.014291620390073227,0.009517100775010853,589.372,0.007952396919545433,3.085613119875304e-06
589.285,0.014305438782165149,0.009517110954889167,589.472,0.007961609205423617,3.092719898857716e-06
589.285,0.014305438782165149,0.009517110954889167,589.572,0.007970821491351783,3.099834822668682e-06
589.385,0.014319257175973606,0.00951712115283616,589.672,0.007980033777329986,3.106957891206142e-06
589.585,0.014335652422352478,0.009516145026541878,589.772,0.007989246063358114,3.1140891043678916e-06
589.585,0.014335652422352478,0.009516145026541878,589.872,0.00799845834943622,3.121228462051873e-06
589.685,0.014351500099957063,0.009517145019493557,589.972,0.008007670635564311,3.1283759641559888e-06
589.885,0.01436531849331941,0.009517155278742992,590.072,0.008016882921742324,3.1355316105780775e-06
589.885,0.01436531849331941,0.009517155278742992,590.172,0.008026095207970279,3.142695401216051e-06
590.085,0.014381713734346135,0.009516179221341488,590.272,0.008035307494248163,3.1498673359677964e-06
590.085,0.014381713734346135,0.009516179221341488,590.372,0.00804451978057599,3.157047414731224e-06
590.185,0.014392955280269334,0.009517175852047583,590.472,0.008053732066953713,3.1642356374041966e-06
590.385,0.014409398518141995,0.009516253124379958,590.572,0.008062944353381346,3.171432003884626e-06
590.385,0.014409398518141995,0.009516253124379958,590.672,0.008072156639858856,3.1786365140703927e-06
590.485,0.014420592071729873,0.009517196498615856,590.772,0.00808136892638631,3.185849167859448e-06
590.685,0.01443698731365323,0.009516220523912239,590.872,0.008090581212963605,3.193069965149621e-06
590.685,0.01443698731365323,0.009516220523912239,590.972,0.008099793499590793,3.2002989058388665e-06
590.785,0.01445395707602913,0.00951731221198076,591.072,0.008109005786267835,3.2075359898250484e-06
590.985,0.014467099825601439,0.009517332473573111,591.172,0.008118218072994742,3.214781217006091e-06
590.985,0.014467099825601439,0.009517332473573111,591.272,0.00812743035977151,3.2220345872798953e-06
591.185,0.01448342348098303,0.009516483593792494,591.372,0.008136642646598101,3.2292961005443563e-06
591.185,0.01448342348098303,0.009516483593792494,591.472,0.00814585493347452,3.23656575669738e-06
591.285,0.014498091018440245,0.009516535532797936,591.572,0.008155067220400743,3.243843555636871e-06
591.485,0.014513109383965496,0.009516459224216093,591.672,0.008164279507376797,3.25112949726076e-06
591.485,0.014513109383965496,0.009516459224216093,591.772,0.008173491794402656,3.2584235814669382e-06
591.585,0.014527555692284103,0.00951640649964748,591.872,0.008182704081478311,3.2657258081533226e-06
591.785,0.014540746179706675,0.009516480187123259,591.972,0.008191916368603707,3.2730361772177913e-06
591.785,0.014540746179706675,0.009516480187123259,592.072,0.008201128655778928,3.280354688558326e-06
591.885,0.014557220921887989,0.00951741743983906,592.172,0.008210340943003895,3.2876813420727883e-06
592.085,0.014573665036620996,0.009516494831006883,592.272,0.008219553230278653,3.2950161376591363e-06
592.085,0.014573665036620996,0.009516494831006883,592.372,0.008228765517603176,3.3023590752152673e-06
592.285,0.01458749042917717,0.009516525760468492,592.472,0.008237977804977425,3.309710154639085e-06
592.385,0.01460125381616776,0.009516462653476266,592.572,0.008247190092401433,3.3170693758285472e-06
592.385,0.01460125381616776,0.009516462653476266,592.672,0.008256402379875129,3.324436738681518e-06
592.585,0.014615127223592225,0.009516546915557223,592.772,0.00826561466739856,3.3318122430959604e-06
592.585,0.014615127223592225,0.009516546915557223,592.872,0.008274826954971738,3.339195888969817e-06
592.685,0.014628890611541549,0.009516483845505228,592.972,0.008284039242594589,3.3465876762009624e-06
592.885,0.014642764021315473,0.009516568143895518,593.072,0.008293251530267139,3.3539876046873604e-06
592.885,0.014642764021315473,0.009516568143895518,593.172,0.00830246381798935,3.361395674326899e-06
592.985,0.014656575415051947,0.00951655840674451,593.272,0.008311676105761228,3.3688118850175324e-06
593.185,0.014673099483811193,0.009517866270872716,593.372,0.008320888393582764,3.376236236657188e-06
593.185,0.014673099483811193,0.009517866270872716,593.472,0.008330100681453985,3.383668729143815e-06
593.285,0.014689069164844462,0.009516983371112453,593.572,0.00833931296937481,3.3911093623752986e-06
593.485,0.014704262355076875,0.009518476544993005,593.672,0.008348525257345283,3.3985581362496042e-06
593.485,0.014704262355076875,0.009518476544993005,593.772,0.008357737545365363,3.4060150506646535e-06
593.685,0.014719160799530354,0.009517901926269534,593.872,0.008366949833435078,3.413480105518398e-06
593.685,0.014719160799530354,0.009517901926269534,593.972,0.008376162121554414,3.4209533007087747e-06
593.785,0.014734189337509002,0.009516811034703403,594.072,0.008385374409723383,3.4284346361337502e-06
593.985,0.014749347510542703,0.009517215327457512,594.172,0.008394586697941879,3.4359241116911877e-06
593.985,0.014749347510542703,0.009517215327457512,594.272,0.008403798986210015,3.4434217272791034e-06
594.185,0.01476515351877333,0.009518474512090237,594.372,0.008413011274527754,3.4509274827954226e-06
594.185,0.01476515351877333,0.009518474512090237,594.472,0.008422223562895025,3.458441378138059e-06
594.285,0.01477620398396687,0.00951715127267693,594.572,0.008431435851311883,3.465963413204992e-06
594.485,0.014791813984496981,0.009517198999804601,594.672,0.008440648139778255,3.4734935878941348e-06
594.485,0.014791813984496981,0.009517198999804601,594.772,0.008449860428294199,3.4810319021034694e-06
594.585,0.014803840782096025,0.009517172921831846,594.872,0.00845907271685968,3.488578355730933e-06
594.785,0.014819450777270753,0.009517220677962597,594.972,0.008468285005474675,3.4961329486744546e-06
594.785,0.014819450777270753,0.009517220677962597,595.072,0.008477497294139196,3.5036956808320286e-06
594.885,0.014831133981543768,0.009517082863735546,595.172,0.008486709582853193,3.511266552101549e-06
595.085,0.014850550247889586,0.009516986730594907,595.272,0.00849592187161669,3.5188455623810106e-06
595.085,0.014850550247889586,0.009516986730594907,595.372,0.00850513416042969,3.526432711568368e-06
595.185,0.014863357473651202,0.009517046403587595,595.472,0.008514346449292201,3.5340279995616044e-06
595.385,0.01487719531236821,0.009517119228098525,595.572,0.008523558738204165,3.5416314262586135e-06
595.385,0.01487719531236821,0.009517119228098525,595.672,0.008532771027165601,3.5492429915574002e-06
595.585,0.01489200544101014,0.009517019509732423,595.772,0.0085419833161765,3.556862695355903e-06
595.585,0.01489200544101014,0.009517019509732423,595.872,0.008551195605236851,3.5644905375521043e-06
595.685,0.01490582383701899,0.009517030472580344,595.972,0.008560407894346657,3.57212651804397e-06
595.885,0.014919642231101985,0.009517041453961048,596.072,0.008569620183505872,3.579770636729426e-06
595.885,0.014919642231101985,0.009517041453961048,596.172,0.008578832472714557,3.5874228935064957e-06
595.985,0.014933460633007278,0.009517052453441595,596.272,0.008588044761972608,3.5950832882730754e-06
596.185,0.014947279030274388,0.009517063471453053,596.372,0.008597257051280085,3.602751820927184e-06
596.185,0.014947279030274388,0.009517063471453053,596.472,0.008606469340636963,3.610428491366778e-06
596.285,0.014966291555788295,0.00951738234146614,596.572,0.008615681630043235,3.618113299489826e-06
596.485,0.014980109954186067,0.009517393402003933,596.672,0.008624893919498873,3.6258062451942846e-06
596.485,0.014980109954186067,0.009517393402003933,596.772,0.00863410620900391,3.633507328378162e-06
596.685,0.014993357236927138,0.009517118019779003,596.872,0.008643318498558285,3.6412165489394005e-06
596.785,0.015007863666407757,0.009517503575159006,596.972,0.008652530788161989,3.648933906775957e-06
596.785,0.015007863666407757,0.009517503575159006,597.072,0.008661743077815065,3.6566594017858633e-06
596.985,0.01502168205896442,0.009517514690704372,597.172,0.008670955367517484,3.6643930338670636e-06
596.985,0.01502168205896442,0.009517514690704372,597.272,0.008680167657269219,3.6721348029175385e-06
597.085,0.015035500463843842,0.009517525824354474,597.372,0.008689379947070261,3.6798847088352636e-06
597.285,0.015049318860438114,0.009517536976526249,597.472,0.00869859223692059,3.687642751518214e-06
597.285,0.015049318860438114,0.009517536976526249,597.572,0.008707804526820262,3.695408930864425e-06
597.385,0.015063137265002127,0.009517548146797852,597.672,0.0087170168167692,3.703183246771828e-06
597.585,0.015076955654381588,0.00951755933558018,597.772,0.008726229106767451,3.710965699138446e-06
597.585,0.015076955654381588,0.00951755933558018,597.872,0.008735441396814987,3.7187562878622493e-06
597.785,0.015095380183026462,0.009517574282275367,597.972,0.008744653686911791,3.7265550128412243e-06
597.785,0.015095380183026462,0.009517574282275367,598.072,0.008753865977057811,3.7343618739733237e-06
597.885,0.015110551422317238,0.009517656025874106,598.172,0.008763078267253135,3.742176871156619e-06
598.085,0.015123016983283066,0.009517596763408923,598.272,0.008772290557497682,3.7500000042890433e-06
598.085,0.015123016983283066,0.009517596763408923,598.372,0.008781502847791436,3.7578312732685777e-06
598.185,0.015138188221737344,0.009517678539420801,598.472,0.008790715138134442,3.765670677993271e-06
598.185,0.015138188221737344,0.009517678539420801,598.572,0.008799927428526642,3.77351821836108e-06
598.385,0.01515661275935654,0.009517693589119412,598.672,0.008809139718968082,3.7813738942700247e-06
598.585,0.01517065957741951,0.009517797357549892,598.772,0.008818352009458682,3.7892377056180634e-06
598.585,0.01517065957741951,0.009517797357549892,598.872,0.008827564299998493,3.797109652303238e-06
598.685,0.01518424957007606,0.009517716224693842,598.972,0.008836776590587476,3.8049897342235327e-06
598.885,0.015198067963687629,0.009517727570050068,599.072,0.008845988881225635,3.812877951276949e-06
598.885,0.015198067963687629,0.009517727570050068,599.172,0.008855201171912972,3.820774303361511e-06
598.985,0.015211309019848311,0.00951759642733377,599.272,0.008864413462649457,3.828678790375185e-06
599.185,0.01522593317857726,0.00951784276884417,599.372,0.008873625753435076,3.836591412215999e-06
599.185,0.01522593317857726,0.00951784276884417,599.472,0.00888283804426985,3.844512168781962e-06
599.285,0.015243271436081623,0.009517704895833565,599.572,0.008892050335153749,3.852441059971084e-06
599.485,0.015257318226500999,0.009517808769092336,599.672,0.008901262626086806,3.860378085681395e-06
599.485,0.015257318226500999,0.009517808769092336,599.772,0.00891047491706898,3.868323245810889e-06
599.585,0.01527049745346597,0.00951995116169361,599.872,0.008919687208100244,3.87627654025756e-06
599.785,0.015284955030077024,0.009517831661253874,599.972,0.008928899499180607,3.8842379689194395e-06
599.785,0.015284955030077024,0.009517831661253874,600.072,0.008938111790310056,3.892207531694519e-06
599.985,0.015299350806006588,0.009517985677147284,600.172,0.00894732408148856,3.9001852284807985e-06
600.085,0.015312591835372737,0.009517854626629919,600.272,0.008956536372716163,3.908171059176363e-06
600.085,0.015312591835372737,0.009517854626629919,600.372,0.00896574866399278,3.916165023679148e-06
600.285,0.015326410234608887,0.009517866136879157,600.472,0.008974960955318492,3.9241671218872536e-06
600.285,0.015326410234608887,0.009517866136879157,600.572,0.008984173246693247,3.932177353698665e-06
600.385,0.015344195592710433,0.009520012471133129,600.672,0.00899338553811702,3.940195719011381e-06
600.385,0.015344195592710433,0.009520012471133129,600.772,0.009002597829589828,3.948222217723464e-06
600.585,0.015358242400911172,0.009520116521647698,600.872,0.009011810121111644,3.95625684973291e-06
600.785,0.015373566210959474,0.009521330821950972,600.972,0.009021022412682508,3.964299614937799e-06
600.785,0.015373566210959474,0.009521330821950972,601.072,0.009030234704302323,3.9723505132360645e-06
600.885,0.01538738461401489,0.009521342412140164,601.172,0.009039446995971161,3.980409544525818e-06
601.085,0.015401203019102534,0.00952135402085331,601.272,0.009048659287688986,3.988476708705069e-06
601.085,0.015401203019102534,0.00952135402085331,601.372,0.009057871579455756,3.996552005671806e-06
601.185,0.01541556031297344,0.009521672164852099,601.472,0.009067083871271494,4.004635435324107e-06
601.385,0.01543398486462054,0.009521687696818517,601.572,0.00907629616313619,4.012726997559981e-06
601.385,0.01543398486462054,0.009521687696818517,601.672,0.009085508455049827,4.020826692277469e-06
601.485,0.015447574789917153,0.009521606835719306,601.772,0.009094720747012423,4.028934519374625e-06
601.485,0.015447574789917153,0.009521606835719306,601.872,0.009103933039023945,4.037050478749475e-06
601.685,0.015461621673179878,0.0095217110557274,601.972,0.009113145331084383,4.045174570300051e-06
601.885,0.015475440077462032,0.009521722762763698,602.072,0.009122357623193755,4.053306793924414e-06
601.885,0.015475440077462032,0.009521722762763698,602.172,0.009131569915352017,4.061447149520576e-06
601.985,0.015489258486288517,0.009521734487866331,602.272,0.009140782207559199,4.0695956369866085e-06
602.185,0.015503076881142398,0.00952174623145528,602.372,0.00914999449981526,4.077752256220525e-06
602.185,0.015503076881142398,0.00952174623145528,602.472,0.00915920679212022,4.085917007120407e-06
602.285,0.015516895286956729,0.009521757993167604,602.572,0.009168419084474052,4.094089889584287e-06
602.485,0.0155353198252243,0.009521773704025169,602.672,0.00917763137687674,4.102270903510188e-06
602.485,0.0155353198252243,0.009521773704025169,602.772,0.009186843669328287,4.1104600487961845e-06
602.585,0.015550681675615621,0.009522207892005983,602.872,0.009196055961828669,4.118657325340308e-06
602.585,0.015550681675615621,0.009522207892005983,602.972,0.009205268254377877,4.1268627330406055e-06
602.785,0.01556450008021552,0.009522219727154774,603.072,0.009214480546975934,4.135076271795164e-06
602.985,0.01557831848263566,0.009522231574652828,603.172,0.009223692839622806,4.143297941502004e-06
602.985,0.01557831848263566,0.009522231574652828,603.272,0.0092329051323185,4.151527742059207e-06
603.085,0.015592413653126096,0.009522303155694108,603.372,0.009242117425062972,4.159765673364791e-06
603.285,0.01560623205937965,0.009522315040278173,603.472,0.009251329717856282,4.168011735316875e-06
603.285,0.01560623205937965,0.009522315040278173,603.572,0.009260542010698345,4.17626592781346e-06
603.385,0.015620050464302648,0.009522326942980107,603.672,0.009269754303589178,4.184528250752613e-06
603.585,0.01563847500989204,0.009522342841799637,603.772,0.009278966596528817,4.192798704032436e-06
603.585,0.01563847500989204,0.009522342841799637,603.872,0.009288178889517185,4.2010772875509295e-06
603.685,0.015652293421952172,0.009522354787168967,603.972,0.009297391182554333,4.209364001206216e-06
603.885,0.01566611182540522,0.009522366751001462,604.072,0.009306603475640206,4.217658844896317e-06
603.885,0.01566611182540522,0.009522366751001462,604.172,0.009315815768774835,4.225961818519344e-06
604.085,0.015679930223239286,0.009522378733149166,604.272,0.00932502806195818,4.234272921973323e-06
604.185,0.015693748635531524,0.009522390733407608,604.372,0.009334240355190239,4.242592155156335e-06
604.185,0.015693748635531524,0.009522390733407608,604.472,0.009343452648471036,4.2509195179664745e-06
604.385,0.01570756703455892,0.009522402752115175,604.572,0.009352664941800492,4.259255010301768e-06
604.385,0.01570756703455892,0.009522402752115175,604.672,0.009361877235178642,4.267598632060308e-06
604.485,0.015721944339614453,0.009522563745830688,604.772,0.009371089528605466,4.275950383140161e-06
604.685,0.015735203834569066,0.009522426844261358,604.872,0.009380301822080987,4.284310263439434e-06
604.685,0.015735203834569066,0.009522426844261358,604.972,0.009389514115605199,4.292678272856197e-06
604.785,0.01575654372976251,0.009522311259865125,605.072,0.00939872640917802,4.301054411288479e-06
604.985,0.015762840647059975,0.009522451009558635,605.172,0.00940793870279953,4.309438678634425e-06
604.985,0.015762840647059975,0.009522451009558635,605.272,0.009417150996469644,4.317831074792047e-06
605.085,0.015782799299148026,0.00952195818708863,605.372,0.009426363290188387,4.326231599659468e-06
605.285,0.015801223841163243,0.009521974295839172,605.472,0.009435575583955785,4.334640253134787e-06
605.285,0.015801223841163243,0.009521974295839172,605.572,0.009444787877771777,4.34305703511605e-06
605.485,0.015816423489754004,0.00952236358839193,605.672,0.009454000171636383,4.3514819455013645e-06
605.485,0.015816423489754004,0.00952236358839193,605.772,0.009463212465549578,4.359914984188801e-06
605.585,0.015828860645987066,0.009521998519915606,605.872,0.00947242475951137,4.368356151076468e-06
605.785,0.015844060304067074,0.009522387855818654,605.972,0.009481637053521765,4.376805446062458e-06
605.785,0.015844060304067074,0.009522387855818654,606.072,0.009490849347580693,4.385262869044819e-06
605.885,0.015855338099341962,0.00952360555200487,606.172,0.009500061641688198,4.39372841992168e-06
606.085,0.0158737626442374,0.009523621790154122,606.272,0.009509273935844272,4.40220209859114e-06
606.085,0.0158737626442374,0.009523621790154122,606.372,0.009518486230048874,4.410683904951254e-06
606.185,0.01588758366060068,0.009523634846351993,606.472,0.00952769852430206,4.419173838900175e-06
606.385,0.015901399454073907,0.00952364620833452,606.572,0.009536910818603745,4.427671900335951e-06
606.385,0.015901399454073907,0.00952364620833452,606.672,0.009546123112953947,4.436178089156695e-06
606.585,0.01591938072028868,0.009524971085803498,606.772,0.009555335407352658,4.444692405260504e-06
606.585,0.01591938072028868,0.009524971085803498,606.872,0.009564547701799857,4.453214848545463e-06
606.685,0.0159326925670344,0.009524696289688711,606.972,0.009573759996295561,4.46174541890969e-06
606.885,0.015946544482992434,0.009524748002189389,607.072,0.009582972290839757,4.470284116251294e-06
606.885,0.015946544482992434,0.009524748002189389,607.172,0.00959218458543242,4.4788309404683645e-06
606.985,0.01596036288719392,0.009524760304427896,607.272,0.009601396880073575,4.48738589145904e-06
607.185,0.015977371715122715,0.009525272167612456,607.372,0.009610609174763148,4.495948969121377e-06
607.185,0.015977371715122715,0.009525272167612456,607.472,0.009619821469501168,4.504520173353518e-06
607.285,0.01598979299142496,0.009525005554660744,607.572,0.009629033764287634,4.51309950405356e-06
607.485,0.016005008526188146,0.009525296876186765,607.672,0.009638246059122576,4.5216869611196306e-06
607.485,0.016005008526188146,0.009525296876186765,607.772,0.009647458354005932,4.530282544449817e-06
607.585,0.016021760151359834,0.009524882521838479,607.872,0.009656670648937717,4.538886253942265e-06
607.785,0.01603585435353417,0.009525046822136249,607.972,0.0096658829439179,4.547498089495041e-06
607.785,0.01603585435353417,0.009525046822136249,608.072,0.009675095238946477,4.556118051006283e-06
607.985,0.016051069890349504,0.009525338219680338,608.172,0.009684307534023493,4.564746138374155e-06
607.985,0.016051069890349504,0.009525338219680338,608.272,0.009693519829148851,4.5733823514966876e-06
608.085,0.016064615080256195,0.009525199601101627,608.372,0.00970273212432261,4.582026690272071e-06
608.285,0.01607870931814582,0.009525363978531463,608.472,0.009711944419544713,4.590679154598392e-06
608.285,0.01607870931814582,0.009525363978531463,608.572,0.009721156714815188,4.599339744373778e-06
608.385,0.016092251897090227,0.009525224540490096,608.672,0.009730369010133999,4.608008459496342e-06
608.585,0.016110676452180096,0.009525241207377955,608.772,0.00973958130550113,4.616685299864214e-06
608.585,0.016110676452180096,0.009525241207377955,608.872,0.009748793600916584,4.625370265375504e-06
608.785,0.01612449485471925,0.009525253728964704,608.972,0.009758005896380376,4.634063355928373e-06
608.785,0.01612449485471925,0.009525253728964704,609.072,0.009767218191892503,4.642764571420945e-06
608.885,0.016136913562034904,0.0095249864241187,609.172,0.009776430487452923,4.651473911751339e-06
609.085,0.016152131662329344,0.009525278826789113,609.272,0.009785642783061639,4.6601913768176866e-06
609.085,0.016152131662329344,0.009525278826789113,609.372,0.009794855078718656,4.668916966518135e-06
609.185,0.01616933633102825,0.009524471699473014,609.472,0.009804067374423934,4.677650680750774e-06
609.385,0.016183208002514115,0.009524516874272602,609.572,0.009813279670177527,4.686392519413808e-06
609.385,0.016183208002514115,0.009524516874272602,609.672,0.00982249196597934,4.695142482405292e-06
609.585,0.01619819302301663,0.00952532081903975,609.772,0.009831704261829456,4.703900569623443e-06
609.585,0.01619819302301663,0.00952532081903975,609.872,0.009840916557727794,4.712666780966342e-06
609.685,0.01621219123728184,0.009524789351751299,609.972,0.009850128853674357,4.721441116332133e-06
609.885,0.016226062917823036,0.009524834589465302,610.072,0.009859341149669156,4.730223575618969e-06
609.885,0.016226062917823036,0.009524834589465302,610.172,0.009868553445712162,4.739014158724975e-06
609.985,0.016239881327688874,0.009524847262552358,610.272,0.009877765741803412,4.747812865548344e-06
610.185,0.01625369973723487,0.009524859954109411,610.372,0.009886978037942832,4.756619695987158e-06
610.185,0.01625369973723487,0.009524859954109411,610.472,0.009896190334130457,4.765434649939599e-06
610.285,0.016270499078009804,0.009524395295368296,610.572,0.009905402630366296,4.774257727303816e-06
610.485,0.01628588943249452,0.00952485705562677,610.672,0.009914614926650252,4.783088927977902e-06
610.485,0.01628588943249452,0.00952485705562677,610.772,0.009923827222982413,4.791928251860085e-06
610.585,0.016298135893420867,0.00952442077763548,610.872,0.009933039519362738,4.8007756988484776e-06
610.785,0.01631335394577121,0.009524713367333418,610.972,0.009942251815791213,4.809631268841233e-06
610.785,0.01631335394577121,0.009524713367333418,611.072,0.00995146411226785,4.818494961736537e-06
610.985,0.01632739792697247,0.009524927950617526,611.172,0.009960676408792647,4.8273667774325296e-06
610.985,0.01632739792697247,0.009524927950617526,611.272,0.009969888705365535,4.836246715827313e-06
611.085,0.016340990762397103,0.009524738962290407,611.372,0.00997910100198654,4.845134776819091e-06
611.285,0.01635498147905156,0.009524921000251072,611.472,0.009988313298655658,4.854030960306017e-06
611.285,0.01635498147905156,0.009524921000251072,611.572,0.009997525595372887,4.862935266186259e-06
611.385,0.016368627583187335,0.00952476463037209,611.672,0.010006737892138191,4.871847694357954e-06
611.585,0.01638244598633129,0.009524777491917082,611.772,0.010015950188951593,4.880768244719283e-06
611.585,0.01638244598633129,0.009524777491917082,611.872,0.010025162485813085,4.889696917168418e-06
611.685,0.01639475635363336,0.009523586182690117,611.972,0.010034374782722613,4.898633711603469e-06
611.885,0.0164124452476478,0.009526864501005644,612.072,0.010043587079680212,4.907578627922661e-06
611.885,0.0164124452476478,0.009526864501005644,612.172,0.010052799376685854,4.916531666024134e-06
611.985,0.01642416211334698,0.009525018457688255,612.272,0.010062011673739546,4.9254928258060825e-06
612.185,0.01644258665630798,0.00952503569732533,612.372,0.010071223970841248,4.934462107166628e-06
612.185,0.01644258665630798,0.00952503569732533,612.472,0.010080436267990999,4.9434395100039916e-06
612.285,0.01645500491197462,0.009524768662068712,612.572,0.010089648565188764,4.952425034216321e-06
612.485,0.016470223473464177,0.009525061617672833,612.672,0.010098860862434512,4.961418679701769e-06
612.485,0.016470223473464177,0.009525061617672833,612.772,0.010108073159728278,4.9704204463585615e-06
612.685,0.016484634861050302,0.009525728998241416,612.872,0.010117285457070007,4.979430334084806e-06
612.685,0.016484634861050302,0.009525728998241416,612.972,0.010126497754459743,4.988448342778752e-06
612.785,0.016497860293611746,0.009525087611097207,613.072,0.010135710051897484,4.99747447233857e-06
612.985,0.016511678699952792,0.009525100635291947,613.172,0.010144922349383122,5.006508722662362e-06
612.985,0.016511678699952792,0.009525100635291947,613.272,0.010154134646916776,5.015551093648423e-06
613.085,0.01652549711833697,0.009525113677603872,613.372,0.01016334694449834,5.024601585194845e-06
613.285,0.01653931552760049,0.009525126738363221,613.472,0.010172559242127888,5.033660197199875e-06
613.285,0.01653931552760049,0.009525126738363221,613.572,0.010181771539805321,5.042726929561638e-06
613.485,0.016557740077667655,0.009525144181012003,613.672,0.010190983837530716,5.051801782178376e-06
613.585,0.016569329337642394,0.009521789683711344,613.772,0.010200196135304002,5.060884754948221e-06
613.585,0.016569329337642394,0.009521789683711344,613.872,0.010209408433125164,5.069975847769367e-06
613.785,0.016585376900669663,0.009525170405877977,613.972,0.010218620730994247,5.0790750605400385e-06
613.785,0.016585376900669663,0.009525170405877977,614.072,0.010227833028911218,5.088182393158412e-06
613.885,0.016596966156345032,0.009521815941271399,614.172,0.01023704532687606,5.097297845522681e-06
614.085,0.016613013722234102,0.009525196703815625,614.272,0.010246257624888781,5.106421417531045e-06
614.085,0.016613013722234102,0.009525196703815625,614.372,0.01025546992294937,5.11555310908169e-06
614.185,0.01662460298548272,0.009521842271949297,614.472,0.010264682221057815,5.124692920072823e-06
614.385,0.01663842139529472,0.009521855464781955,614.572,0.01027389451921407,5.1338408504026e-06
614.385,0.01663842139529472,0.009521855464781955,614.672,0.010283106817418187,5.142996899969281e-06
614.485,0.01665270893328133,0.009521606405157536,614.772,0.010292319115670124,5.152161068671028e-06
614.685,0.016666058216954483,0.009521881905061761,614.872,0.010301531413969908,5.161333356406084e-06
614.685,0.016666058216954483,0.009521881905061761,614.972,0.010310743712317504,5.1705137630726084e-06
614.785,0.016680345752197075,0.00952163287439983,615.072,0.010319956010712875,5.179702288568809e-06
614.985,0.01669877030547944,0.009521650561148811,615.172,0.010329168309156042,5.188898932792894e-06
614.985,0.01669877030547944,0.009521650561148811,615.272,0.010338380607647015,5.198103695643097e-06
615.085,0.016716506654113002,0.009523981802717935,615.372,0.010347592906185739,5.207316577017574e-06
615.285,0.016730550595937668,0.00952409912757991,615.472,0.01035680520477225,5.216537576814577e-06
615.285,0.016730550595937668,0.00952409912757991,615.572,0.010366017503406504,5.225766694932276e-06
615.485,0.01674389989873828,0.009524375008646509,615.672,0.01037522980208853,5.235003931268934e-06
615.485,0.01674389989873828,0.009524375008646509,615.772,0.010384442100818302,5.244249285722731e-06
615.585,0.016760806804394117,0.0095239823967224,615.872,0.010393654399595805,5.253502758191898e-06
615.785,0.016774625213723464,0.00952399578178142,615.972,0.010402866698421031,5.26276434857464e-06
615.785,0.016774625213723464,0.00952399578178142,616.072,0.010412078997293961,5.2720340567691554e-06
615.885,0.016788443627609072,0.009524009184937208,616.172,0.010421291296214615,5.281311882673687e-06
616.085,0.016802861589932362,0.009523827185264717,616.272,0.010430503595182938,5.2905978261864135e-06
616.085,0.016802861589932362,0.009523827185264717,616.372,0.010439715894198986,5.2998918872056195e-06
616.185,0.016816080445912464,0.009524036046198748,616.472,0.01044892819326271,5.3091940656294834e-06
616.385,0.016829930079040937,0.009524083694068519,616.572,0.010458140492374089,5.318504361356229e-06
616.385,0.016829930079040937,0.009524083694068519,616.672,0.010467352791533128,5.3278227742840845e-06
616.485,0.016847674745939994,0.00952439806778788,616.772,0.010476565090739829,5.337149304311272e-06
616.685,0.016863280030411213,0.00952508750445807,616.872,0.010485777389994198,5.346483951336039e-06
616.685,0.016863280030411213,0.00952508750445807,616.972,0.010494989689296201,5.355826715256593e-06
616.785,0.01687709844316681,0.009525101023047641,617.072,0.010504201988645837,5.365177595971166e-06
616.985,0.016890916854597284,0.009525114560077355,617.172,0.010513414288043092,5.37453659337799e-06
616.985,0.016890916854597284,0.009525114560077355,617.272,0.01052262658748794,5.3839037073752816e-06
617.185,0.016905983566531797,0.009524602061203312,617.372,0.010531838886980427,5.393278937861305e-06
617.185,0.016905983566531797,0.009524602061203312,617.472,0.010541051186520515,5.4026622847342886e-06
617.285,0.01691855367910106,0.009525141688728653,617.572,0.010550263486108177,5.412053747892437e-06
617.485,0.01693297173377241,0.009524959859515155,617.672,0.01055947578574343,5.421453327234013e-06
617.485,0.01693297173377241,0.009524959859515155,617.772,0.01056868808542629,5.43086102265728e-06
617.585,0.01694622173360285,0.009525203083978698,617.872,0.010577900385156675,5.440276834060405e-06
617.785,0.016960608564639615,0.009524987095630417,617.972,0.010587112684934605,5.449700761341661e-06
617.785,0.016960608564639615,0.009524987095630417,618.072,0.010596324984760123,5.459132804399327e-06
617.885,0.01697755951317377,0.009527080951170509,618.172,0.010605537284633164,5.4685729631316085e-06
618.085,0.01699140915461154,0.009527128810509366,618.272,0.01061474958455371,5.4780212374367265e-06
618.085,0.01699140915461154,0.009527128810509366,618.372,0.010623961884521771,5.487477627212948e-06
618.185,0.017005196346131988,0.009527108279297635,618.472,0.010633174184537344,5.496942132358529e-06
618.385,0.01701904598464675,0.009527156183618981,618.572,0.010642386484600476,5.506414752771758e-06
618.385,0.01701904598464675,0.009527156183618981,618.672,0.010651598784711055,5.515895488350792e-06
618.485,0.017032833178005878,0.009527135686407492,618.772,0.010660811084869146,5.525384338993953e-06
618.485,0.017032833178005878,0.009527135686407492,618.872,0.010670023385074685,5.534881304599455e-06
618.685,0.017046682815510375,0.009527183623815735,618.972,0.010679235685327722,5.544386385065592e-06
618.885,0.01706106973488141,0.009526967761110115,619.072,0.01068844798562821,5.553899580290574e-06
618.885,0.01706106973488141,0.009526967761110115,619.172,0.010697660285976145,5.563420890172684e-06
618.985,0.01707431964506659,0.009527211140021953,619.272,0.010706872586371536,5.572950314610152e-06
619.185,0.01708870656818652,0.009526995312186004,619.372,0.01071608488681438,5.582487853501286e-06
619.185,0.01708870656818652,0.009526995312186004,619.472,0.010725297187304654,5.592033506744298e-06
619.285,0.017101956477269854,0.009527238729256305,619.572,0.010734509487842355,5.601587274237475e-06
619.485,0.017120381034684013,0.009527257162655386,619.672,0.01074372178842744,5.611149155879036e-06
619.485,0.017120381034684013,0.009527257162655386,619.772,0.01075293408905994,5.620719151567285e-06
619.585,0.017134165923654264,0.009527231575750224,619.872,0.010762146389739833,5.63029726120047e-06
619.785,0.017148586373354337,0.009527055256606548,619.972,0.010771358690467088,5.63988348467683e-06
619.785,0.017148586373354337,0.009527055256606548,620.072,0.01078057099124171,5.649477821894664e-06
619.985,0.017162721871419914,0.0095270458765627,620.172,0.01078978329206375,5.659080272752277e-06
619.985,0.017162721871419914,0.0095270458765627,620.272,0.010798995592933102,5.668690837147854e-06
620.085,0.01717597176933978,0.00952728939923086,620.372,0.010808207893849819,5.678309514979713e-06
620.285,0.017190358713989676,0.00952707369667929,620.472,0.010817420194813883,5.68793630614613e-06
620.285,0.017190358713989676,0.00952707369667929,620.572,0.010826632495825283,5.697571210545374e-06
620.385,0.017204177125432492,0.009527087634058327,620.672,0.010835844796884023,5.707214228075722e-06
620.585,0.017218291237474044,0.009527164934223755,620.772,0.010845057097990066,5.7168653586354265e-06
620.585,0.017218291237474044,0.009527164934223755,620.872,0.01085426939914339,5.72652460212276e-06
620.685,0.017231813956914324,0.0095271155637115,620.972,0.01086348170034404,5.736191958436036e-06
620.885,0.017245632375366863,0.009527129556019117,621.072,0.01087269400159197,5.745867427473507e-06
620.885,0.017245632375366863,0.009527129556019117,621.172,0.010881906302887195,5.755551009133482e-06
620.985,0.017259417262791645,0.009527104129082043,621.272,0.010891118604229687,5.765242703314217e-06
621.185,0.017277943702915872,0.009527270554535562,621.372,0.010900330905619439,5.774942509913998e-06
621.185,0.017277943702915872,0.009527270554535562,621.472,0.010909543207056453,5.7846504288311105e-06
621.285,0.017291193593952627,0.009527514228442837,621.572,0.01091875550854071,5.794366459963841e-06
621.285,0.017291193593952627,0.009527514228442837,621.672,0.010927967810072204,5.804090603210475e-06
621.485,0.017305580531253608,0.009527298678778873,621.772,0.010937180111650983,5.813822858469352e-06
621.685,0.01731962628871479,0.009527267826592339,621.872,0.01094639241327692,5.823563225638646e-06
621.685,0.01731962628871479,0.009527267826592339,621.972,0.01095560471495012,5.833311704616766e-06
621.785,0.017333217365026493,0.009527326876033432,622.072,0.010964817016670464,5.843068295301889e-06
621.985,0.01734818708986004,0.009528102991282029,622.172,0.010974029318438057,5.8528329975924244e-06
621.985,0.01734818708986004,0.009528102991282029,622.272,0.010983241620252807,5.86260581138658e-06
622.085,0.017360910665814796,0.009527400561520695,622.372,0.01099245392211477,5.872386736582712e-06
622.285,0.01737496832187364,0.009527432645030354,622.472,0.011001666224023881,5.8821757730790615e-06
622.285,0.01737496832187364,0.009527432645030354,622.572,0.011010878525980162,5.8919729207739735e-06
622.385,0.017388547502402395,0.009527428904699252,622.672,0.011020090827983614,5.901778179565739e-06
622.585,0.017406972065348657,0.009527447840727631,622.772,0.011029303130034179,5.911591549352622e-06
622.585,0.017406972065348657,0.009527447840727631,622.872,0.01103851543213193,5.921413030033004e-06
622.685,0.01742022195966992,0.009527691691878531,622.972,0.011047727734276806,5.931242621505128e-06
622.885,0.017434904605573107,0.009527539638611774,623.072,0.011056940036468807,5.941080323667299e-06
622.885,0.017434904605573107,0.009527539638611774,623.172,0.011066152338707915,5.950926136417836e-06
623.085,0.017449578627844953,0.009528252553899896,623.272,0.01107536464099411,5.960780059655019e-06
623.085,0.017449578627844953,0.009528252553899896,623.372,0.011084576943327448,5.970642093277228e-06
623.185,0.01746254143591439,0.009527568174489156,623.472,0.0110937892457078,5.9805122371826525e-06
623.385,0.017477215465955043,0.009528281126649886,623.572,0.011103001548135306,5.990390491269749e-06
623.385,0.017477215465955043,0.009528281126649886,623.672,0.01111221385060985,6.000276855436713e-06
623.485,0.017490178278376112,0.00952759678336616,623.772,0.011121426153131442,6.01017132958188e-06
623.685,0.017504852310539467,0.009528309772370635,623.872,0.0111306384557001,6.020073913603594e-06
623.685,0.017504852310539467,0.009528309772370635,623.972,0.011139850758315766,6.0299846074001244e-06
623.785,0.017518670737371168,0.009528324122532798,624.072,0.011149063060978483,6.039903410869831e-06
623.985,0.017532489153017018,0.00952833849111563,624.172,0.011158275363688248,6.0498303239110365e-06
623.985,0.017532489153017018,0.00952833849111563,624.272,0.011167487666445007,6.059765346422015e-06
624.085,0.01754948955489251,0.009527888658667149,624.372,0.011176699969248806,6.069708478301154e-06
624.085,0.01754948955489251,0.009527888658667149,624.472,0.011185912272099606,6.0796597194467435e-06
624.285,0.01756473213581998,0.009528372088445432,624.572,0.011195124574997382,6.08961906975707e-06
624.485,0.017578550547608422,0.00952838651785178,624.672,0.01120433687794218,6.099586529130539e-06
624.485,0.017578550547608422,0.00952838651785178,624.772,0.011213549180933908,6.109562097465383e-06
624.585,0.017592368967761753,0.009528400965298353,624.872,0.011222761483972658,6.119545774660023e-06
624.785,0.0176061873821457,0.009528415431183924,624.972,0.01123197378705836,6.129537560612719e-06
624.785,0.0176061873821457,0.009528415431183924,625.072,0.011241186090190987,6.139537455221797e-06
624.885,0.017620005800247928,0.009528429915143825,625.172,0.011250398393370584,6.149545458385649e-06
625.085,0.017633824217793994,0.009528444417495466,625.272,0.011259610696597113,6.15956157000255e-06
625.085,0.017633824217793994,0.009528444417495466,625.372,0.011268822999870547,6.1695857899708355e-06
