MCL_Timestamp,MCL_X,MCL_Y,Odom_Timestamp,Odom_X,Odom_Y
138.991,0.0006959616512956255,-0.0002669317038383024,139.162,0.00035080518211867283,7.2276269643443496e-09
138.991,0.0006959616512956255,-0.0002669317038383024,139.262,0.00036001741872046305,7.57869287505397e-09
139.091,0.0007116582463767429,-0.0002668393902953481,139.362,0.0003692296552985325,7.937988300931044e-09
139.091,0.0007116582463767429,-0.0002668393902953481,139.462,0.00037844189193218835,8.305513142165588e-09
139.291,0.0007254765030713391,-0.0002668556780471224,139.562,0.00038765412867737846,8.68126729810938e-09
139.391,0.0007392947527169971,-0.00026687194879147254,139.662,0.0003968663655726197,9.065250667464127e-09
139.391,0.0007392947527169971,-0.00026687194879147254,139.762,0.0004060786026437959,9.457463148443813e-09
139.591,0.0007531130081436082,-0.0002668881995321737,139.862,0.00041529083990741935,9.857904638885172e-09
139.691,0.0007669312644602866,-0.00026690443322975924,139.962,0.00042450307737318605,1.0266575036338978e-08
139.691,0.0007669312644602866,-0.00026690443322975924,140.062,0.00043371531504586244,1.0683474238139458e-08
139.891,0.0007807495218375091,-0.00026692064690904887,140.162,0.0004429275529267959,1.1108602141460318e-08
139.991,0.0007945677784693384,-0.00026693684367904726,140.262,0.00045213979101473565,1.154195864334783e-08
139.991,0.0007945677784693384,-0.00026693684367904726,140.362,0.00046135202930685436,1.1983543640764303e-08
140.191,0.0008083860375567235,-0.00026695302032253836,140.462,0.00047056426779912573,1.2433357030600714e-08
140.391,0.0008222101620980962,-0.0002669668603252475,140.562,0.0004797765064867464,1.2891398709696104e-08
140.391,0.0008222101620980962,-0.0002669668603252475,140.662,0.0004889887453646013,1.3357668574860927e-08
140.491,0.0008374776506017046,-0.000267273583315635,140.762,0.0004982009844272662,1.3832166522877635e-08
140.691,0.0008520469385055608,-0.00026725113258769536,140.862,0.0005074132236692924,1.4314892450513859e-08
140.691,0.0008520469385055608,-0.00026725113258769536,140.962,0.0005166254630852777,1.4805846254527628e-08
140.791,0.0008658651960985454,-0.0002672672365182244,141.062,0.0005258377026699299,1.5305027831669648e-08
140.991,0.0008796834576984384,-0.00026728332035135525,141.162,0.0005350499424181577,1.581243707868955e-08
140.991,0.0008796834576984384,-0.00026728332035135525,141.262,0.0005442621823249788,1.6328073892331918e-08
141.091,0.0008938015111465052,-0.000267230595314225,141.362,0.0005534744223857233,1.6851938169347914e-08
141.291,0.0009076197750362464,-0.000267246640429686,141.462,0.000562686662595898,1.738402980648763e-08
141.291,0.0009076197750362464,-0.000267246640429686,141.562,0.0005718989029512781,1.792434870050764e-08
141.391,0.0009249367952541044,-0.00026590309553796004,141.662,0.0005811111434477253,1.8472894748162337e-08
141.591,0.0009401007868472367,-0.0002658753404825136,141.762,0.0005903233840814801,1.902966784621919e-08
141.591,0.0009401007868472367,-0.0002658753404825136,141.862,0.000599535624848915,1.959466789144613e-08
141.691,0.0009525733194730635,-0.00026593509346787886,141.962,0.0006087478657465823,2.0167894780614184e-08
141.891,0.0009673643814640004,-0.00026609027685820685,142.062,0.0006179601067712537,2.0749348410500632e-08
141.891,0.0009673643814640004,-0.00026609027685820685,142.162,0.0006271723479198801,2.1339028677888222e-08
141.991,0.0009811826409971411,-0.00026610623080214953,142.262,0.0006363845891895902,2.1936935479566337e-08
141.991,0.0009811826409971411,-0.00026610623080214953,142.362,0.000645596830577601,2.254306871232426e-08
142.191,0.0009950009023743157,-0.0002661221647655467,142.462,0.0006548090720813521,2.315742827296066e-08
142.291,0.0010076721784855248,-0.00026532518670817476,142.562,0.0006640213136984148,2.3780014058277455e-08
142.491,0.0010226374255940711,-0.0002661539786423728,142.662,0.0006732335554264289,2.441082596507747e-08
142.491,0.0010226374255940711,-0.0002661539786423728,142.762,0.0006824457972632329,2.5049863890173085e-08
142.591,0.001037510536752371,-0.00026620146250017914,142.862,0.0006916580392067322,2.5697127730376416e-08
142.791,0.0010521235741699176,-0.0002659750550891536,142.962,0.0007008702812549657,2.6352617382505267e-08
142.791,0.0010521235741699176,-0.0002659750550891536,143.062,0.0007100825234060613,2.7016332743381352e-08
142.891,0.0010659418285305594,-0.00026599090373320553,143.162,0.0007192947656582341,2.768827370983005e-08
142.891,0.0010659418285305594,-0.00026599090373320553,143.262,0.0007285070080098127,2.8368440178681863e-08
143.091,0.0010797600878728597,-0.0002660067324011424,143.362,0.0007377192504591688,2.9056832046767756e-08
143.191,0.0010935783472271463,-0.0002660225439775673,143.462,0.0007469314930048063,2.9753449210925603e-08
143.191,0.0010935783472271463,-0.0002660225439775673,143.562,0.000756143735645275,3.045829156799652e-08
143.391,0.0011134280563828301,-0.000264565411144827,143.662,0.0007653559783791472,3.117135901482027e-08
143.591,0.0011272463182569511,-0.00026458118129688577,143.762,0.0007745682212051712,3.189265144824677e-08
143.591,0.0011272463182569511,-0.00026458118129688577,143.862,0.000783780464122052,3.2622168765121374e-08
143.691,0.0011430468357194082,-0.00026472210034810434,143.962,0.0007929927071285831,3.3359910862293086e-08
143.691,0.0011430468357194082,-0.00026472210034810434,144.062,0.0008022049502236247,3.410587763661654e-08
143.891,0.0011568650886000066,-0.0002647378314766212,144.162,0.0008114171934061266,3.486006898495148e-08
144.091,0.0011706833530642623,-0.000264753544102065,144.262,0.0008206294366749931,3.5622484804151476e-08
144.091,0.0011706833530642623,-0.000264753544102065,144.362,0.000829841680029284,3.6393124991083586e-08
144.191,0.0011891077055162045,-0.000264774467961282,144.462,0.0008390539234680153,3.7171989442610545e-08
144.391,0.0012029259666426297,-0.00026479013742009526,144.562,0.0008482661669902466,3.795907805559648e-08
144.391,0.0012029259666426297,-0.00026479013742009526,144.662,0.0008574784105951275,3.875439072691296e-08
144.491,0.0012201871733107526,-0.00026510152656249576,144.762,0.0008666906542818507,3.955792735343672e-08
144.691,0.0012308689536186925,-0.0002653162182962335,144.862,0.0008759028980495653,4.0369687832038776e-08
144.691,0.0012308689536186925,-0.0002653162182962335,144.962,0.0008851151418975321,4.1189672059598265e-08
144.791,0.0012492933155042508,-0.0002653370360803907,145.062,0.0008943273858250094,4.201787993299403e-08
144.991,0.0012636012990429356,-0.00026518092882163864,145.162,0.0009035396298312801,4.2854311349105825e-08
144.991,0.0012636012990429356,-0.00026518092882163864,145.262,0.0009127518739156931,4.3698966204820126e-08
145.091,0.0012774195587613667,-0.00026519649757719677,145.362,0.0009219641180775304,4.455184439701658e-08
145.291,0.0012912378205989317,-0.0002652120464417234,145.462,0.00093117636231623,4.541294582258817e-08
145.291,0.0012912378205989317,-0.0002652120464417234,145.562,0.0009403886066311396,4.6282270378421006e-08
145.391,0.0013050560869439945,-0.0002652275783378763,145.662,0.0009496008510216971,4.7159817961408274e-08
145.591,0.0013188743546994237,-0.0002652430902293244,145.762,0.0009588130954873625,4.80455884684446e-08
145.591,0.0013188743546994237,-0.0002652430902293244,145.862,0.0009680253400275731,4.893958179642355e-08
145.691,0.0013289715264213112,-0.00026452361296101833,145.962,0.0009772375846418112,4.984179784224183e-08
145.891,0.0013427897977525574,-0.00026453909563408214,146.062,0.0009864498293296023,5.0752236502801715e-08
145.891,0.0013427897977525574,-0.00026453909563408214,146.162,0.000995662074090431,5.1670897675000175e-08
145.991,0.0013566080623124684,-0.00026455456130578637,146.262,0.001004874318923866,5.259778125574458e-08
146.191,0.0013704263270040249,-0.0002645700068993497,146.362,0.001014086563829435,5.353288714193763e-08
146.191,0.0013704263270040249,-0.0002645700068993497,146.462,0.001023298808806729,5.447621523048853e-08
146.291,0.0013842445912775213,-0.0002645854356254182,146.562,0.0010325110538553185,5.542776541830358e-08
146.291,0.0013842445912775213,-0.0002645854356254182,146.662,0.001041723298974776,5.638753760229101e-08
146.491,0.0013980628547092372,-0.0002646008442273237,146.762,0.001050935544164783,5.7355531679369056e-08
146.591,0.0014124701740617738,-0.0002645542187564119,146.862,0.0010601477894249323,5.833174754644781e-08
146.591,0.0014124701740617738,-0.0002645542187564119,146.962,0.0010693600347548386,5.931618510044061e-08
146.791,0.001426288440006436,-0.0002645695863418907,147.062,0.001078572280154184,6.030884423826918e-08
146.991,0.001440106707797105,-0.0002645849355107612,147.162,0.001087784525622607,6.130972485685054e-08
146.991,0.001440106707797105,-0.0002645849355107612,147.262,0.0010969967711597867,6.231882685310662e-08
147.091,0.001460354355808651,-0.00026484262448297645,147.362,0.0011062090167653863,6.333615012395834e-08
147.291,0.0014741726261247412,-0.00026485792851633914,147.462,0.0011154212624391738,6.436169456633788e-08
147.291,0.0014741726261247412,-0.00026485792851633914,147.562,0.001124633508180787,6.539546007716327e-08
147.391,0.0014879908889071623,-0.0002648732178595297,147.662,0.0011338457539899762,6.643744655336561e-08
147.391,0.0014879908889071623,-0.0002648732178595297,147.762,0.0011430579998664208,6.748765389187065e-08
147.591,0.0015018091550346281,-0.00026488848728121415,147.862,0.001152270245809848,6.854608198960802e-08
147.791,0.0015156274208365707,-0.00026490373792866455,147.962,0.00116148249182005,6.961273074351606e-08
147.791,0.0015156274208365707,-0.00026490373792866455,148.062,0.0011706947378967321,7.068760005052323e-08
147.891,0.0015294456862480802,-0.0002649189717987501,148.162,0.0011799069840396643,7.177068980756638e-08
148.091,0.001543263956608589,-0.00026493418558216285,148.262,0.0011891192302486166,7.286199991158405e-08
148.091,0.001543263956608589,-0.00026493418558216285,148.362,0.001198331476523339,7.396153025951276e-08
148.191,0.0015583715695987788,-0.00026411939417658145,148.462,0.001207543722863623,7.506928074829473e-08
148.391,0.0015721898413620058,-0.0002641345748794734,148.562,0.0012167559692692186,7.618525127486755e-08
148.391,0.0015721898413620058,-0.0002641345748794734,148.662,0.0012259682157399602,7.730944173618081e-08
148.491,0.0015860081113758758,-0.00026414973869883337,148.762,0.0012351804622755989,7.844185202917195e-08
148.691,0.0015998263848823462,-0.0002641648823921045,148.862,0.0012443927088759707,7.958248205079216e-08
148.691,0.0015998263848823462,-0.0002641648823921045,148.962,0.0012536049555408688,8.073133169798717e-08
148.791,0.0016136446472526762,-0.00026418000918866674,149.062,0.0012628172022700632,8.188840086770123e-08
148.991,0.0016277178731212197,-0.0002641657280314267,149.162,0.001272029449063414,8.305368945689139e-08
148.991,0.0016277178731212197,-0.0002641657280314267,149.262,0.0012812416959207384,8.422719736250943e-08
149.091,0.001641536143147125,-0.00026418081632828436,149.362,0.0012904539428418695,8.54089244815105e-08
149.291,0.00165535441206441,-0.0002641958846419002,149.462,0.0012996661898266,8.65988707108446e-08
149.291,0.00165535441206441,-0.0002641958846419002,149.562,0.0013088784368748155,8.779703594747391e-08
149.391,0.0016691726804450916,-0.0002642109359562397,149.662,0.0013180906839863069,8.900342008835129e-08
149.591,0.0016875970370701626,-0.0002642309745791012,149.762,0.0013273029311609774,9.021802303044474e-08
149.591,0.0016875970370701626,-0.0002642309745791012,149.862,0.001336515178398621,9.144084467070719e-08
149.691,0.0017014153089261648,-0.0002642459827354082,149.962,0.0013457274256991184,9.267188490610352e-08
149.891,0.0017152335860868612,-0.0002642609708820795,150.062,0.0013549396730623295,9.391114363359996e-08
149.891,0.0017152335860868612,-0.0002642609708820795,150.162,0.0013641519204880932,9.515862075015974e-08
149.991,0.0017304604264988175,-0.00026350398467417087,150.262,0.0013733641679762663,9.641431615274912e-08
150.191,0.0017428701271984478,-0.00026429089323217115,150.362,0.0013825764155267312,9.767822973833802e-08
150.191,0.0017428701271984478,-0.00026429089323217115,150.462,0.0013917886631393472,9.895036140389443e-08
150.291,0.001758096964147247,-0.00026353388124136703,150.562,0.001401000910813997,1.0023071104638988e-07
150.491,0.0017719152358027933,-0.0002635488011396848,150.662,0.0014102131585505624,1.0151927856279715e-07
150.491,0.0017719152358027933,-0.0002635488011396848,150.762,0.0014194254063489011,1.0281606385008664e-07
150.591,0.0017857335058367343,-0.0002635637037938114,150.862,0.0014286376542089181,1.0412106680523596e-07
150.791,0.0017995517786201628,-0.0002635785865999198,150.962,0.0014378499021304952,1.05434287325222e-07
150.791,0.0017995517786201628,-0.0002635785865999198,151.062,0.0014470621501134926,1.0675572530702008e-07
150.891,0.0018088071603949974,-0.0002644676109410911,151.162,0.0014562743981577904,1.0808538064760708e-07
150.891,0.0018088071603949974,-0.0002644676109410911,151.262,0.001465486646263381,1.0942325324397836e-07
151.091,0.001827202190809648,-0.0002635247882658157,151.362,0.0014746988944300808,1.1076934299310632e-07
151.191,0.001836457469834209,-0.00026441379611310856,151.462,0.0014839111426577707,1.1212364979197286e-07
151.191,0.001836457469834209,-0.00026441379611310856,151.562,0.0014931233909463988,1.1348617353756948e-07
151.391,0.001850275743230388,-0.00026442861146762223,151.662,0.0015023356392958479,1.1485691412687943e-07
151.591,0.001868657007106478,-0.0002635692101446318,151.762,0.0015115478877060207,1.1623587145688985e-07
151.591,0.001868657007106478,-0.0002635692101446318,151.862,0.001520760136176822,1.1762304542458977e-07
151.691,0.0018779122884202042,-0.00026445818826930235,151.962,0.001529972384708155,1.1901843592696965e-07
151.891,0.001891730557367877,-0.00026447294822851364,152.062,0.001539184633299947,1.2042204286102287e-07
151.891,0.001891730557367877,-0.00026447294822851364,152.162,0.0015483968819521008,1.2183386612374034e-07
151.991,0.001905548827984351,-0.0002644876912175187,152.262,0.0015576091306644983,1.2325390561211127e-07
152.191,0.0019193670995036392,-0.0002645024141933899,152.362,0.0015668213794371084,1.2468216122314112e-07
152.191,0.0019193670995036392,-0.0002645024141933899,152.462,0.0015760336282698137,1.261186328538219e-07
152.291,0.0019331853750736488,-0.00026451712015666145,152.562,0.0015852458771625627,1.2756332040115537e-07
152.491,0.0019490197777026362,-0.00026136237618353073,152.662,0.00159445812611524,1.2901622376213654e-07
152.491,0.0019490197777026362,-0.00026136237618353073,152.762,0.0016036703751277903,1.304773428337706e-07
152.591,0.0019628380494290643,-0.00026137705383405253,152.862,0.0016128826242001397,1.3194667751306096e-07
152.791,0.001976656325624489,-0.00026139171151112815,152.962,0.0016220948733322157,1.3342422769701234e-07
152.791,0.001976656325624489,-0.00026139171151112815,153.062,0.001631307122523943,1.3490999328262912e-07
152.891,0.0019904746052193164,-0.00026140635224010297,153.162,0.0016405193717752037,1.3640397416691104e-07
153.091,0.0020107131464149088,-0.0002624583210410781,153.262,0.0016497316210859916,1.3790617024687564e-07
153.091,0.0020107131464149088,-0.0002624583210410781,153.362,0.0016589438704562105,1.3941658141952806e-07
153.191,0.0020256535693530834,-0.00026337561343371034,153.462,0.001668156119885807,1.4093520758188357e-07
153.391,0.002038349686624127,-0.00026248750075718945,153.562,0.0016773683693746858,1.4246204863094853e-07
153.391,0.002038349686624127,-0.00026248750075718945,153.662,0.00168658061892284,1.439971044637453e-07
153.491,0.0020532901168362123,-0.00026340475997943465,153.762,0.001695792868530151,1.455403749772791e-07
153.491,0.0020532901168362123,-0.00026340475997943465,153.862,0.0017050051181965674,1.470918600685673e-07
153.691,0.0020659862392885934,-0.00026251660644708576,153.962,0.0017142173679220586,1.4865155963463379e-07
153.891,0.0020798045129737167,-0.0002625311308176793,154.062,0.0017234296177065294,1.5021947357249072e-07
153.891,0.0020798045129737167,-0.0002625311308176793,154.162,0.0017326418675499074,1.5179560177915575e-07
153.991,0.002093622784892126,-0.0002625456382482945,154.262,0.001741854117452205,1.5337994415166328e-07
154.191,0.002107441060491183,-0.0002625601256360257,154.362,0.0017510663674132824,1.549725005870222e-07
154.191,0.002107441060491183,-0.0002625601256360257,154.462,0.001760278617433155,1.5657327098226762e-07
154.291,0.002121259334438475,-0.00026257459609169614,154.562,0.0017694908675117051,1.5818225523441473e-07
154.491,0.002135212692025505,-0.00026276751523299723,154.662,0.0017787031176489223,1.5979945324049909e-07
154.491,0.002135212692025505,-0.00026276751523299723,154.762,0.0017879153678447349,1.6142486489754598e-07
154.591,0.002150153145652758,-0.0002636846770077638,154.862,0.00179712761809907,1.630584901025809e-07
154.791,0.002162849246103252,-0.0002627963636670619,154.962,0.0018063398684119185,1.6470032875264302e-07
154.791,0.002162849246103252,-0.0002627963636670619,155.062,0.0018155521187832298,1.663503807447639e-07
154.891,0.002177789693367524,-0.0002637135170208867,155.162,0.0018247643692129302,1.6800864597597186e-07
155.091,0.0021904857959815045,-0.00026282516290402746,155.262,0.0018339766197009667,1.6967512434330093e-07
155.091,0.0021904857959815045,-0.00026282516290402746,155.362,0.001843188870247311,1.7134981574379146e-07
155.191,0.0022057428126741755,-0.00026426205469283606,155.462,0.001852401120851932,1.7303272007448308e-07
155.391,0.0022188624062544297,-0.00026208036556855024,155.562,0.001861613371514735,1.747238372324051e-07
155.391,0.0022188624062544297,-0.00026208036556855024,155.662,0.0018708256222357339,1.7642316711460863e-07
155.491,0.0022338045155024786,-0.0002629552556488789,155.762,0.0018800378730148347,1.7813070961812613e-07
155.691,0.002246500461226443,-0.00026206664307918255,155.862,0.0018892501238520053,1.7984646464000253e-07
155.691,0.002246500461226443,-0.00026206664307918255,155.962,0.0018984623747472411,1.8157043207728899e-07
155.791,0.0022614410664296525,-0.0002629838686493824,156.062,0.0019076746257004212,1.8330261182701753e-07
155.991,0.0022741370233801076,-0.0002620952151798517,156.162,0.0019168868767115608,1.8504300378624365e-07
155.991,0.0022741370233801076,-0.0002620952151798517,156.262,0.001926099127780565,1.8679160785200413e-07
156.091,0.0022900966967695246,-0.0002634587106275528,156.362,0.0019353113789074474,1.8854842392135948e-07
156.291,0.002302792638008934,-0.0002625699941650575,156.462,0.0019445236300921348,1.9031345189135367e-07
156.291,0.002302792638008934,-0.0002625699941650575,156.562,0.0019537358813346206,1.9208669165904413e-07
156.391,0.002318367064542985,-0.000262954445793888,156.662,0.0019629481326348536,1.9386814312148238e-07
156.591,0.0023310630103728375,-0.0002620656419175923,156.762,0.001972160383992798,1.95657806175727e-07
156.591,0.0023310630103728375,-0.0002620656419175923,156.862,0.0019813726354083903,1.9745568071882707e-07
156.691,0.0023469288330251947,-0.00026258992694005,156.962,0.001990584886881616,1.992617666478455e-07
156.891,0.0023648894139055754,-0.00026293372786057864,157.062,0.001999797138412427,2.0107606385983787e-07
156.891,0.0023648894139055754,-0.00026293372786057864,157.162,0.00200900939000079,2.0289857225186448e-07
156.991,0.0023796333917784555,-0.0002625549232504277,157.262,0.002018221641646678,2.0472929172098907e-07
157.091,0.002393451664860089,-0.0002625690585507429,157.362,0.0020274338933500614,2.0656822216427467e-07
157.091,0.002393451664860089,-0.0002625690585507429,157.462,0.0020366461451108886,2.0841536347878148e-07
157.291,0.0024072699415650795,-0.0002625831737653705,157.562,0.0020458583969291313,2.1027071556157555e-07
157.391,0.002421257749251907,-0.0002631548370911662,157.662,0.00205507064880471,2.1213427830971536e-07
157.391,0.002421257749251907,-0.0002631548370911662,157.762,0.00206428290073769,2.1400605162028693e-07
157.591,0.0024349065027180986,-0.0002626113502987787,157.862,0.0020734951527279473,2.1588603539034007e-07
157.791,0.0024489373119664618,-0.00026137599302309165,157.962,0.002082707404775505,2.177742295169569e-07
157.791,0.0024489373119664618,-0.00026137599302309165,158.062,0.002091919656880285,2.1967063389719935e-07
157.891,0.002463283851068609,-0.00026200866013451453,158.162,0.0021011319090422777,2.2157524842814447e-07
157.991,0.0024768453635919305,-0.00026084736186792005,158.262,0.0021103441612615017,2.2348807300687576e-07
157.991,0.0024768453635919305,-0.00026084736186792005,158.362,0.002119556413537858,2.2540910753045554e-07
158.191,0.0024919118052677924,-0.0002609705647147781,158.462,0.0021287686658713403,2.2733835189596506e-07
158.391,0.0025055605707622985,-0.0002604268090559981,158.562,0.0021379809182619186,2.2927580600048173e-07
158.391,0.0025055605707622985,-0.0002604268090559981,158.662,0.002147193170709543,2.3122146974108113e-07
158.491,0.002519548363705725,-0.00026099853477195445,158.762,0.002156405423214205,2.3317534301484883e-07
158.691,0.0025331971256060673,-0.00026045474247354475,158.862,0.002165617675775851,2.3513742571886307e-07
158.691,0.0025331971256060673,-0.00026045474247354475,158.962,0.002174829928394521,2.3710771775022035e-07
158.791,0.0025459367532859353,-0.0002609172650066371,159.062,0.002184042181070118,2.390862190059892e-07
158.991,0.0025610032016484185,-0.00026104035039710676,159.162,0.0021932544338026127,2.4107292938325516e-07
158.991,0.0025610032016484185,-0.00026104035039710676,159.262,0.0022024666865919982,2.430678487791103e-07
159.091,0.0025735733141445264,-0.00026094509726541843,159.362,0.0022116789394382897,2.450709770906518e-07
159.291,0.0025873915946953547,-0.00026095898493585287,159.462,0.00222089119234139,2.470823142149539e-07
159.291,0.0025873915946953547,-0.00026095898493585287,159.562,0.002230103445301312,2.491018600491165e-07
159.391,0.0026019139520947086,-0.000260722957377332,159.662,0.0022393156983180305,2.51129614490231e-07
159.591,0.002614857964083416,-0.00026068318306722804,159.762,0.0022485279513914723,2.53165577435379e-07
159.591,0.002614857964083416,-0.00026068318306722804,159.862,0.0022577402045216464,2.552097487816637e-07
159.691,0.0026306476998215734,-0.00026001842211659606,159.962,0.0022669524577085256,2.5726212842617934e-07
159.891,0.002643303426750876,-0.00026044468603590785,160.062,0.00227616471095208,2.5932271626602343e-07
159.891,0.002643303426750876,-0.00026044468603590785,160.162,0.002285376964252306,2.6139151219829853e-07
159.991,0.0026583890367822866,-0.0002600298250346088,160.262,0.002294589217609148,2.6346851612010105e-07
160.191,0.002672207311919139,-0.00026004359887008964,160.362,0.0023038014710226214,2.655537279285415e-07
160.191,0.002672207311919139,-0.00026004359887008964,160.462,0.0023130137244926534,2.676471475207099e-07
160.291,0.0026860255922342875,-0.0002600573557384151,160.562,0.0023222259780192388,2.697487747937136e-07
160.491,0.002699843873895687,-0.0002600710926185258,160.662,0.002331438231602342,2.7185860964465696e-07
160.491,0.002699843873895687,-0.0002600710926185258,160.762,0.002340650485241986,2.7397665197065566e-07
160.591,0.0027136621553604176,-0.0002600848126377675,160.862,0.0023498627389381146,2.761029016688104e-07
160.791,0.0027280432239877896,-0.0002586476639923297,160.962,0.002359074992690651,2.782373586362185e-07
160.791,0.0027280432239877896,-0.0002586476639923297,161.062,0.0023682872464996607,2.8038002277000875e-07
160.891,0.002742635165228476,-0.00026009297540214633,161.162,0.002377499500365089,2.8253089396728546e-07
161.091,0.0027610595411234123,-0.00026011119862483657,161.262,0.002386711754286905,2.8468997212515965e-07
161.091,0.0027610595411234123,-0.00026011119862483657,161.362,0.0023959240082650807,2.868572571407439e-07
161.191,0.002773053941989716,-0.00026013969121176794,161.462,0.0024051362622996095,2.8903274891115785e-07
161.391,0.0027892094847200097,-0.00026124812840969526,161.562,0.002414348516390462,2.912164473335161e-07
161.391,0.0027892094847200097,-0.00026124812840969526,161.662,0.00242356077053763,2.934083523049404e-07
161.491,0.0028012036071469837,-0.0002612764974253411,161.762,0.0024327730247410825,2.956084637225491e-07
161.691,0.0028150218951880856,-0.0002612901026842009,161.862,0.002441985279000792,2.978167814834599e-07
161.691,0.0028150218951880856,-0.0002612901026842009,161.962,0.00245119753331673,3.000333054847929e-07
161.791,0.0028288401809008854,-0.0002613036910677089,162.062,0.002460409787688885,3.022580356236743e-07
161.991,0.0028426584713835096,-0.00026131725934244347,162.162,0.0024696220421172536,3.044909717972305e-07
161.991,0.0028426584713835096,-0.00026131725934244347,162.262,0.002478834296601807,3.067321139025845e-07
162.091,0.002856476752495519,-0.00026133081076787357,162.362,0.002488046551142534,3.089814618368665e-07
162.291,0.0028742939145473324,-0.0002620142158166103,162.462,0.002497258805739341,3.112390154971872e-07
162.291,0.0028742939145473324,-0.0002620142158166103,162.562,0.0025064710603923093,3.1350477478070106e-07
162.391,0.0028881121958796736,-0.00026202773422625723,162.662,0.002515683315101365,3.157787395845254e-07
162.591,0.002901930478526731,-0.0002620412326494253,162.762,0.0025248955698665,3.1806090980579477e-07
162.591,0.002901930478526731,-0.0002620412326494253,162.862,0.002534107824687685,3.203512853416399e-07
162.691,0.0029157487599873444,-0.0002620547140882637,162.962,0.0025433200795648924,3.226498660891916e-07
162.691,0.0029157487599873444,-0.0002620547140882637,163.062,0.002552532334498114,3.2495665194558983e-07
162.891,0.002929567044253478,-0.00026206817558113233,163.162,0.0025617445894873625,3.272716428079802e-07
163.091,0.0029433853337367368,-0.00026208161857104465,163.262,0.002570956844532589,3.2959483857349245e-07
163.091,0.0029433853337367368,-0.00026208161857104465,163.362,0.002580169099633764,3.3192623913926354e-07
163.191,0.002957203612090067,-0.000262095044658654,163.462,0.0025893813547908998,3.342658444024449e-07
163.391,0.0029710218997825257,-0.0002621084507058059,163.562,0.002598593610003969,3.3661365426017603e-07
163.391,0.0029710218997825257,-0.0002621084507058059,163.662,0.0026078058652729413,3.3896966860959816e-07
163.491,0.0029849552301547478,-0.00026386398831355147,163.762,0.0026170181205978087,3.413338873478584e-07
163.691,0.0029986584640614477,-0.00026213520905596946,163.862,0.0026262303759785216,3.4370631037209375e-07
163.691,0.0029986584640614477,-0.00026213520905596946,163.962,0.002635442631415095,3.4608693757946085e-07
163.791,0.0030171978840506336,-0.00026389516607431803,164.062,0.0026446548869075008,3.4847576886710515e-07
163.991,0.0030310161709422257,-0.00026390849615804584,164.162,0.002653867142455747,3.508728041321864e-07
163.991,0.0030310161709422257,-0.00026390849615804584,164.262,0.002663079398059766,3.532780432718406e-07
164.091,0.0030448344576949147,-0.00026392180923659854,164.362,0.0026722916537195484,3.5569148618322325e-07
164.291,0.003058652743444878,-0.0002639351023720123,164.462,0.002681503909435108,3.5811313276349814e-07
164.291,0.003058652743444878,-0.0002639351023720123,164.562,0.0026907161652064402,3.605429829098226e-07
164.391,0.0030724710279831074,-0.00026394837859442915,164.662,0.0026999284210334693,3.62981036519337e-07
164.391,0.0030724710279831074,-0.00026394837859442915,164.762,0.002709140676916213,3.654272934892092e-07
164.591,0.003086289310378046,-0.00026396163479408807,164.862,0.0027183529328546566,3.678817537166007e-07
164.691,0.0031001075972468457,-0.0002639748741006512,164.962,0.002727565188848776,3.7034441709866806e-07
164.691,0.0031001075972468457,-0.0002639748741006512,165.062,0.0027367774448985877,3.728152835325812e-07
164.891,0.003113925880819962,-0.0002639880934008926,165.162,0.002745989701004015,3.752943529154863e-07
164.991,0.0031277441650309416,-0.0002640012957321215,165.262,0.0027552019571650765,3.7778162514455687e-07
164.991,0.0031277441650309416,-0.0002640012957321215,165.362,0.002764414213381762,3.8027710011696104e-07
165.191,0.0031415624556693418,-0.0002640144781232074,165.462,0.0027736264696540656,3.8278077772986855e-07
165.291,0.003155380737259399,-0.00026402764360714296,165.562,0.00278283872598193,3.852926578804374e-07
165.291,0.003155380737259399,-0.00026402764360714296,165.662,0.002792050982365334,3.8781274046583357e-07
165.491,0.0031691990255778824,-0.00026404078909262533,165.762,0.002801263238804288,3.903410253832347e-07
165.691,0.0031830173148082114,-0.0002640539161086569,165.862,0.002810475495298784,3.9287751252981327e-07
165.691,0.0031830173148082114,-0.0002640539161086569,165.962,0.0028196877518487954,3.9542220180273865e-07
165.791,0.0031968355981039113,-0.0002640670261804969,166.062,0.0028289000084543137,3.979750930991869e-07
165.991,0.0032106538848299415,-0.0002640801163009273,166.162,0.0028381122651152868,4.005361863163238e-07
165.991,0.0032106538848299415,-0.0002640801163009273,166.262,0.0028473245218317298,4.031054813513364e-07
166.091,0.0032244721725808857,-0.0002640931895296164,166.362,0.0028565367786036575,4.056829781014118e-07
166.291,0.0032409503666108656,-0.0002619181351027392,166.462,0.0028657490354309727,4.08268676463707e-07
166.291,0.0032409503666108656,-0.0002619181351027392,166.562,0.0028749612923137362,4.1086257633542276e-07
166.391,0.0032547686385423313,-0.0002619311672881992,166.662,0.0028841735492519203,4.134646776137364e-07
166.591,0.003269150460323918,-0.00026189131244518874,166.762,0.0028933858062454936,4.1607498019582735e-07
166.591,0.003269150460323918,-0.00026189131244518874,166.862,0.002902598063294471,4.1869348397888954e-07
166.691,0.003282968748517453,-0.000261904309414811,166.962,0.0029118103203987747,4.2132018886009177e-07
166.891,0.003296787038686564,-0.0002619172863412568,167.062,0.0029210225775584513,4.2395509473663526e-07
166.891,0.003296787038686564,-0.0002619172863412568,167.162,0.0029302348347734417,4.265982015056982e-07
166.991,0.0033106053296256457,-0.0002619302463799448,167.262,0.0029394470920437402,4.2924950906447353e-07
167.191,0.003324431317236821,-0.0002619252875644758,167.362,0.0029486593493693834,4.319090173101665e-07
167.191,0.003324431317236821,-0.0002619252875644758,167.462,0.0029578716067502776,4.3457672613994514e-07
167.291,0.0033382496459870665,-0.0002619381521733678,167.562,0.002967083864186479,4.372526354510235e-07
167.491,0.0033520679343983584,-0.0002619510552802646,167.662,0.0029762961216779162,4.3993674514057936e-07
167.491,0.0033520679343983584,-0.0002619510552802646,167.762,0.0029855083792246035,4.426290551058174e-07
167.591,0.0033658862179515173,-0.0002619639415263659,167.862,0.0029947206368265136,4.4532956524392944e-07
167.791,0.0033843106097276947,-0.00026198109336795665,167.962,0.00300393289448368,4.4803827545213107e-07
167.791,0.0033843106097276947,-0.00026198109336795665,168.062,0.0030131451521960063,4.5075518562759916e-07
167.891,0.0033935228016378862,-0.00026198965704368976,168.162,0.003022357409963553,4.5348029566755616e-07
168.091,0.003411947190358086,-0.00026200675973240157,168.262,0.0030315696677862703,4.5621360546919255e-07
168.091,0.003411947190358086,-0.00026200675973240157,168.362,0.0030407819256641475,4.5895511492971473e-07
168.191,0.003426094243008869,-0.0002621513414497968,168.462,0.003049994183597158,4.6170482394632224e-07
168.391,0.003439912533195131,-0.0002621641260070708,168.562,0.003059206441585294,4.644627324162248e-07
168.391,0.003439912533195131,-0.0002621641260070708,168.662,0.003068418699628573,4.672288402366374e-07
168.491,0.003453730822653047,-0.00026217689363629894,168.762,0.003077630957726938,4.700031473047583e-07
168.491,0.003453730822653047,-0.00026217689363629894,168.862,0.003086843215880383,4.727856535178005e-07
168.691,0.0034675491099023896,-0.00026218964129115323,168.962,0.003096055474088948,4.7557635877299014e-07
168.791,0.003481367399266832,-0.00026220237198111134,169.062,0.003105267732352556,4.783752629675201e-07
168.791,0.003481367399266832,-0.00026220237198111134,169.162,0.0031144799906712025,4.811823659986062e-07
168.991,0.003495185690679183,-0.00026221508276616984,169.262,0.0031236922490448992,4.839976677634724e-07
169.091,0.0035090039801992574,-0.00026222777660601763,169.362,0.0031329045074736384,4.868211681593364e-07
169.091,0.0035090039801992574,-0.00026222777660601763,169.462,0.003142116765957376,4.89652867083402e-07
169.291,0.0035228222742292614,-0.00026224045043747406,169.562,0.0031513290244960957,4.924927644328927e-07
169.491,0.003536639175402549,-0.00026224950326372154,169.662,0.0031605412830898187,4.953408601050374e-07
169.491,0.003536639175402549,-0.00026224950326372154,169.762,0.0031697535417385112,4.981971539970516e-07
169.591,0.0035504588538254824,-0.0002622657443298856,169.862,0.0031789658004421685,5.010616460061583e-07
169.791,0.003566799987999146,-0.0002627031329786623,169.962,0.0031881780592007613,5.039343360295786e-07
169.791,0.003566799987999146,-0.0002627031329786623,170.062,0.003197390318014282,5.068152239645399e-07
169.891,0.003580619667771166,-0.0002627193326749989,170.162,0.0032066025768826994,5.097043097082651e-07
170.091,0.00359632016335682,-0.00026158963231295954,170.262,0.0032158148358060507,5.126015931579971e-07
170.091,0.00359632016335682,-0.00026158963231295954,170.362,0.003225027094784266,5.155070742109453e-07
170.191,0.00361474594034257,-0.00026160998073114814,170.462,0.003234239353817401,5.184207527643644e-07
170.391,0.0036285628474766744,-0.0002616189118077719,170.562,0.0032434516129054053,5.213426287154731e-07
170.391,0.0036285628474766744,-0.0002616189118077719,170.662,0.003252663872048223,5.242727019614918e-07
170.491,0.003642382525705825,-0.0002616350338082671,170.762,0.00326187613124592,5.272109723996773e-07
170.691,0.0036561994276966916,-0.00026164392793907724,170.862,0.003271088390498438,5.301574399272534e-07
170.691,0.0036561994276966916,-0.00026164392793907724,170.962,0.003280300649805797,5.33112104441466e-07
170.791,0.0036700191067941873,-0.0002616600131390081,171.062,0.0032895129091679467,5.360749658395396e-07
170.791,0.0036700191067941873,-0.0002616600131390081,171.162,0.003298725168584898,5.390460240187242e-07
170.991,0.0036838360092563004,-0.0002616688702638082,171.262,0.0033079374280566014,5.420252788762473e-07
171.191,0.0036976543047926723,-0.0002616813130156951,171.362,0.0033171496875830917,5.450127303093675e-07
171.191,0.0036976543047926723,-0.0002616813130156951,171.462,0.0033263619471643425,5.480083782153197e-07
171.291,0.0037151512076030557,-0.00026185928342986104,171.562,0.0033355742068003225,5.510122224913436e-07
171.491,0.0037298969886719554,-0.0002617102769493835,171.662,0.003344786466491047,5.540242630346963e-07
171.491,0.0037298969886719554,-0.0002617102769493835,171.762,0.0033539987262364854,5.570444997426185e-07
171.591,0.0037427877946712472,-0.0002618840686595911,171.862,0.0033632109860366336,5.600729325123616e-07
171.591,0.0037427877946712472,-0.0002618840686595911,171.962,0.0033724232458914806,5.631095612411756e-07
171.791,0.003762623403948947,-0.00026034380184515837,172.062,0.003381635505801001,5.66154385826308e-07
171.991,0.00377502909499057,-0.0002619092865264254,172.162,0.003390847765765207,5.692074061650176e-07
171.991,0.00377502909499057,-0.0002619092865264254,172.262,0.0034000600257840696,5.722686221545508e-07
172.091,0.0037902599870235664,-0.00026036847895344486,172.362,0.003409272285857582,5.753380336921655e-07
172.291,0.0038040768957171814,-0.00026037718447989604,172.462,0.003418484545985691,5.784156406751043e-07
172.291,0.0038040768957171814,-0.00026037718447989604,172.562,0.0034276968061684545,5.815014430006496e-07
172.391,0.003824066962342131,-0.00026115967308909353,172.662,0.0034369090664058263,5.84595440566046e-07
172.391,0.003824066962342131,-0.00026115967308909353,172.762,0.0034461213266977946,5.876976332685533e-07
172.591,0.0038378852540088357,-0.00026117194679225856,172.862,0.0034553335870443334,5.908080210054266e-07
172.691,0.003851703538329781,-0.0002611842036172119,172.962,0.003464545847445478,5.939266036739443e-07
172.691,0.003851703538329781,-0.0002611842036172119,173.062,0.0034737581079011533,5.970533811713494e-07
172.891,0.003870127930349961,-0.0002612005162997813,173.162,0.0034829703684113983,6.001883533949242e-07
173.091,0.0038844270080436645,-0.0002613548366255524,173.262,0.003492182628976159,6.033315202419197e-07
173.091,0.0038844270080436645,-0.0002613548366255524,173.362,0.0035013948895954525,6.064828816096126e-07
173.191,0.0038987876696000936,-0.0002612579896020408,173.462,0.0035106071502692938,6.096424373952815e-07
173.191,0.0038987876696000936,-0.0002612579896020408,173.562,0.0035198194109976088,6.128101874961729e-07
173.391,0.003912605962603571,-0.000261270159182264,173.662,0.003529031671780412,6.159861318095668e-07
173.491,0.003926424256177523,-0.000261282311742412,173.762,0.003538243932617675,6.191702702327292e-07
173.491,0.003926424256177523,-0.000261282311742412,173.862,0.003547456193509454,6.223626026629599e-07
173.691,0.003940242558386917,-0.0002612944444591927,173.962,0.0035566684544556587,6.255631289975076e-07
173.891,0.0039540608555821985,-0.0002613065587107155,174.062,0.003565880715456322,6.287718491336665e-07
173.891,0.0039540608555821985,-0.0002613065587107155,174.162,0.0035750929765114353,6.319887629687151e-07
173.991,0.003967881546552792,-0.0002613687913135526,174.262,0.003584305237620995,6.352138703999336e-07
174.191,0.003981697442773021,-0.00026133073334201086,174.362,0.003593517498784926,6.384471713245776e-07
174.191,0.003981697442773021,-0.00026133073334201086,174.462,0.0036027297600032633,6.41688665639946e-07
174.291,0.003995518135550952,-0.00026139292872601736,174.562,0.003611942021276003,6.449383532433248e-07
174.491,0.0040093364301839836,-0.00026140496904131477,174.662,0.003621154282603113,6.481962340319907e-07
174.491,0.0040093364301839836,-0.00026140496904131477,174.762,0.003630366543984631,6.514623079032444e-07
174.591,0.0040233761554795845,-0.0002604733697284822,174.862,0.0036395788054204613,6.547365747543436e-07
174.791,0.004036973014971029,-0.00026142899586236514,174.962,0.003648791066910667,6.580190344826009e-07
174.791,0.004036973014971029,-0.00026142899586236514,175.062,0.003658003328455195,6.613096869852901e-07
174.891,0.0040510127432347425,-0.0002604973724928521,175.162,0.003667215590054057,6.646085321597111e-07
175.091,0.004064831039197219,-0.0002605093454648714,175.262,0.0036764278517071995,6.679155699031414e-07
175.091,0.004064831039197219,-0.0002605093454648714,175.362,0.0036856401134146627,6.712308001128919e-07
175.191,0.004078649331775598,-0.00026052130148600396,175.462,0.003694852375176417,6.7455422268625e-07
175.391,0.004093660377618687,-0.00025736710945660864,175.562,0.00370406463699248,6.778858375205216e-07
175.391,0.004093660377618687,-0.00025736710945660864,175.662,0.0037132768988627496,6.812256445129734e-07
175.491,0.004112084772712715,-0.00025738300717331796,175.762,0.0037224891607873147,6.845736435609359e-07
175.691,0.004125903063202785,-0.00025739490711155035,175.862,0.003731701422766095,6.879298345616838e-07
175.691,0.004125903063202785,-0.00025739490711155035,175.962,0.003740913684799132,6.912942174125377e-07
175.791,0.004139721358746629,-0.00025740679012893386,176.062,0.0037501259468863727,6.946667920107833e-07
175.991,0.004153539657415035,-0.00025741865314169457,176.162,0.00375933820902783,6.980475582537313e-07
175.991,0.004153539657415035,-0.00025741865314169457,176.262,0.003768550471223475,7.014365160386789e-07
176.091,0.004167357950083156,-0.0002574304992877341,176.362,0.0037777627334733485,7.048336652629521e-07
176.291,0.004181176247697701,-0.0002574423254828444,176.462,0.003786974995777373,7.082390058238324e-07
176.291,0.004181176247697701,-0.0002574423254828444,176.562,0.0037961872581355636,7.116525376186371e-07
176.391,0.004194994544156913,-0.00025745413473421397,176.662,0.003805399520547938,7.150742605446855e-07
176.591,0.004208812837218425,-0.0002574659241120124,176.762,0.003814611783014467,7.18504174499282e-07
176.591,0.004208812837218425,-0.0002574659241120124,176.862,0.003823824045535117,7.219422793797307e-07
176.691,0.004222631130718122,-0.0002574776964954799,176.962,0.0038330363081098846,7.253885750833484e-07
176.691,0.004222631130718122,-0.0002574776964954799,177.062,0.003842248570738762,7.288430615074506e-07
176.891,0.004236449429523973,-0.0002574894489873761,177.162,0.0038514608334217592,7.323057385493618e-07
176.991,0.004250267723697051,-0.00025750118456014406,177.262,0.0038606730961588277,7.357766061063832e-07
176.991,0.004250267723697051,-0.00025750118456014406,177.362,0.0038698853589499834,7.392556640758431e-07
177.191,0.004269916742653759,-0.0002575253241734804,177.462,0.003879097621795242,7.427429123550703e-07
177.391,0.004283735039022655,-0.00025753701178195455,177.562,0.0038883098846945303,7.462383508413628e-07
177.391,0.004283735039022655,-0.00025753701178195455,177.662,0.003897522147647861,7.497419794320542e-07
177.491,0.004298185405047358,-0.0002577287768666832,177.762,0.0039067344106552505,7.532537980244765e-07
177.691,0.00431200370545182,-0.00025774042610022667,177.862,0.003915946673716644,7.567738065159381e-07
177.691,0.00431200370545182,-0.00025774042610022667,177.962,0.003925158936832063,7.603020048037748e-07
177.791,0.004331696812653459,-0.00025644325514048163,178.062,0.003934371200001518,7.638383927853238e-07
177.991,0.004345515108153941,-0.00025645486426685105,178.162,0.003943583463224933,7.67382970357889e-07
177.991,0.004345515108153941,-0.00025645486426685105,178.262,0.003952795726502368,7.709357374188273e-07
178.091,0.004396453122691565,-0.0002620302809014971,178.362,0.003962007989833752,7.744966938654476e-07
178.291,0.00437315171437803,-0.00025647802872513087,178.462,0.003971220253219126,7.780658395950997e-07
178.291,0.00437315171437803,-0.00025647802872513087,178.562,0.0039804325166584754,7.81643174505117e-07
178.391,0.0044240897219987845,-0.00026205350499533645,178.662,0.00398964478015175,7.852286984928194e-07
178.591,0.004400788312302773,-0.00025650111953443727,178.762,0.003998857043698962,7.888224114555534e-07
178.591,0.004400788312302773,-0.00025650111953443727,178.862,0.0040080693073001284,7.924243132906657e-07
178.691,0.004452155640601086,-0.00026218285109929127,178.962,0.004017281570955182,7.960344038954712e-07
178.691,0.004452155640601086,-0.00026218285109929127,179.062,0.004026493834664107,7.996526831673085e-07
178.891,0.004428850114198484,-0.00025662967801406663,179.162,0.004035706098426993,8.032791510035557e-07
178.991,0.004479792233381165,-0.0002622059170505069,179.262,0.00404491836224374,8.06913807301523e-07
178.991,0.004479792233381165,-0.0002622059170505069,179.362,0.00405413062611434,8.105566519585537e-07
179.191,0.00449433147148686,-0.0002622851225864735,179.462,0.004063342890038788,8.142076848719955e-07
179.391,0.0044710225581032275,-0.00025673126783078447,179.562,0.004072555154017118,8.178669059392126e-07
179.391,0.0044710225581032275,-0.00025673126783078447,179.662,0.004081767418049253,8.215343150575267e-07
179.491,0.004521968068994508,-0.0002623080697368102,179.762,0.004090979682135238,8.252099121243042e-07
179.691,0.004498659159085031,-0.0002567540816814478,179.862,0.004100191946275062,8.288936970368983e-07
179.691,0.004498659159085031,-0.0002567540816814478,179.962,0.0041094042104686986,8.325856696926535e-07
179.791,0.004554726514732703,-0.00026309271824276993,180.062,0.004118616474716136,8.362858299889251e-07
179.991,0.0045680290721789715,-0.00026234615062163403,180.162,0.004127828739017344,8.399941778230581e-07
179.991,0.0045680290721789715,-0.00026234615062163403,180.262,0.004137041003372342,8.437107130924186e-07
180.091,0.004582363114444544,-0.0002631155063535685,180.362,0.004146253267781126,8.474354356943632e-07
180.291,0.00459618141188093,-0.0002631268719953312,180.462,0.004155465532243679,8.511683455262499e-07
180.291,0.00459618141188093,-0.0002631268719953312,180.562,0.004164677796759951,8.549094424854201e-07
180.391,0.00460999971278782,-0.00026313822077272475,180.662,0.0041738900613299615,8.58658726469245e-07
180.591,0.004624364665862977,-0.000262194840650579,180.762,0.004183102325953729,8.624161973750959e-07
180.591,0.004624364665862977,-0.000262194840650579,180.862,0.004192314590631194,8.661818551003202e-07
180.691,0.004638182962425331,-0.0002622061559593381,180.962,0.004201526855362353,8.699556995422805e-07
180.691,0.004638182962425331,-0.0002622061559593381,181.062,0.004210739120147213,8.737377305983541e-07
180.891,0.004652001266930149,-0.00026221745128274254,181.162,0.004219951384985783,8.775279481659078e-07
180.991,0.004665819566988781,-0.0002622287297158256,181.262,0.004229163649878023,8.813263521423027e-07
180.991,0.004665819566988781,-0.0002622287297158256,181.362,0.00423837591482395,8.851329424249173e-07
181.191,0.004681666002377171,-0.0002627242255803513,181.462,0.0042475881798235094,8.88947718911106e-07
181.391,0.004695484309731431,-0.0002627354656512901,181.562,0.00425680044487672,8.927706814982522e-07
181.391,0.004695484309731431,-0.0002627354656512901,181.662,0.004266012709983597,8.966018300837378e-07
181.491,0.0047093026128882986,-0.0002627466888831045,181.762,0.00427522497514406,9.004411645649126e-07
181.691,0.004723120910332999,-0.00026275789211209434,181.862,0.004284437240358173,9.0428868483918e-07
181.691,0.004723120910332999,-0.00026275789211209434,181.962,0.0042936495056258624,9.081443908038898e-07
181.791,0.004736939212232446,-0.0002627690785436028,182.062,0.004302861770947212,9.12008282356458e-07
181.991,0.004755363620826958,-0.0002627839640978058,182.162,0.004312074036322099,9.158803593942184e-07
181.991,0.004755363620826958,-0.0002627839640978058,182.262,0.004321286301750609,9.197606218145896e-07
182.091,0.004769260097363048,-0.00026192543889651406,182.362,0.004330498567232642,9.23649069514917e-07
182.291,0.0047830784028762745,-0.0002619365634301571,182.462,0.004339710832768266,9.275457023926137e-07
182.291,0.0047830784028762745,-0.0002619365634301571,182.562,0.004348923098357423,9.31450520345047e-07
182.391,0.00479689670241806,-0.00026194767089293756,182.662,0.004358135364000124,9.353635232696108e-07
182.391,0.00479689670241806,-0.00026194767089293756,182.762,0.004367347629696345,9.39284711063685e-07
182.591,0.004810715005880765,-0.00026195875847109264,182.862,0.004376559895446098,9.432140836246672e-07
182.691,0.004824533303453093,-0.0002619698291917974,182.962,0.004385772161249359,9.471516408499382e-07
182.691,0.004824533303453093,-0.0002619698291917974,183.062,0.004394984427106137,9.510973826368997e-07
182.891,0.004838351611159258,-0.0002619808799335925,183.162,0.004404196693016383,9.55051308882925e-07
182.991,0.0048533065659449775,-0.00026055060487999713,183.262,0.004413408958980107,9.5901341948542e-07
182.991,0.0048533065659449775,-0.00026055060487999713,183.362,0.0044226212249973305,9.629837143417896e-07
183.191,0.004869052793697866,-0.000259145095432567,183.462,0.004431833491067978,9.66962193349402e-07
183.291,0.004882827767423416,-0.0002579539512192735,183.562,0.004441045757192109,9.709488564056825e-07
183.291,0.004882827767423416,-0.0002579539512192735,183.662,0.004450258023369652,9.749437034080014e-07
183.491,0.004896689398676686,-0.0002591671021401687,183.762,0.004459470289600618,9.789467342537723e-07
183.691,0.004913678406262609,-0.0002598659645334597,183.862,0.00446868255588502,9.82957948840406e-07
183.691,0.004913678406262609,-0.0002598659645334597,183.962,0.00447789482222286,9.86977347065307e-07
183.791,0.004927453543973478,-0.00025867470834790775,184.062,0.004487107088614057,9.91004928825849e-07
183.991,0.0049413150153699275,-0.0002598878654560625,184.162,0.004496319355058646,9.950406940194572e-07
183.991,0.0049413150153699275,-0.0002598878654560625,184.262,0.0045055316215566465,9.99084642543549e-07
184.091,0.004959696266401646,-0.00025870021651399223,184.362,0.004514743888108008,1.0031367742955124e-06
184.291,0.004973514570160744,-0.00025871111678044584,184.462,0.004523956154712718,1.0071970891727555e-06
184.291,0.004973514570160744,-0.00025871111678044584,184.562,0.004533168421370793,1.0112655870727014e-06
184.391,0.004988548701092179,-0.00025949409116591583,184.662,0.0045423806880822044,1.0153422678927526e-06
184.591,0.005002367009371481,-0.0002595049586080314,184.762,0.004551592954846946,1.0194271315303212e-06
184.591,0.005002367009371481,-0.0002595049586080314,184.862,0.0045608052216650095,1.023520177882825e-06
184.691,0.00501618531110681,-0.0002595158091810081,184.962,0.0045700174885363876,1.0276214068476765e-06
184.691,0.00501618531110681,-0.0002595158091810081,185.062,0.004579229755461075,1.0317308183222948e-06
184.891,0.00503000361524144,-0.00025952663976127124,185.162,0.004588442022439064,1.035848412204098e-06
185.091,0.005043821921791946,-0.0002595374519633562,185.262,0.0045976542894703,1.039974188390487e-06
185.091,0.005043821921791946,-0.0002595374519633562,185.362,0.004606866556554846,1.0441081467789116e-06
185.191,0.00505764022769647,-0.0002595482473431744,185.462,0.004616078823692652,1.048250287266775e-06
185.391,0.005071458531755711,-0.00025955902271302756,185.562,0.004625291090883687,1.052400609751492e-06
185.391,0.005071458531755711,-0.00025955902271302756,185.662,0.004634503358127981,1.0565591141305065e-06
185.491,0.005085276838882832,-0.00025956978123486724,185.762,0.004643715625425489,1.0607258003012232e-06
185.691,0.005099095144658573,-0.0002595805197654281,185.862,0.004652927892776271,1.0649006681611006e-06
185.691,0.005099095144658573,-0.0002595805197654281,185.962,0.004662140160180247,1.0690837176075367e-06
185.791,0.00511751954820286,-0.00025959481186483603,186.062,0.004671352427637442,1.0732749485379715e-06
185.991,0.005131337856909705,-0.0002596055074678185,186.162,0.004680564695147819,1.0774743608498254e-06
185.991,0.005131337856909705,-0.0002596055074678185,186.262,0.004689776962711397,1.0816819544405413e-06
186.091,0.0051504035543161655,-0.00026132490127104337,186.362,0.004698989230328165,1.0858977292075523e-06
186.291,0.005158974471042719,-0.0002596268450588133,186.462,0.004708201497998075,1.0901216850482728e-06
186.291,0.005158974471042719,-0.0002596268450588133,186.562,0.004717413765721184,1.0943538218601685e-06
186.391,0.005178040164290104,-0.000261346203272226,186.662,0.004726626033497421,1.0985941395406484e-06
186.391,0.005178040164290104,-0.000261346203272226,186.762,0.004735838301326817,1.1028426379871716e-06
186.591,0.005187328298278511,-0.0002597832116116662,186.862,0.004745050569209342,1.1070993170971681e-06
186.691,0.0052063940623822465,-0.00026150256760618974,186.962,0.004754262837144977,1.1113641767680689e-06
186.691,0.0052063940623822465,-0.00026150256760618974,187.062,0.004763475105133705,1.115637216897317e-06
186.891,0.005220212374589063,-0.0002615131529704783,187.162,0.00477268737317557,1.119918437382375e-06
186.991,0.005234030682990716,-0.0002615237215374173,187.262,0.004781899641270493,1.1242078381206582e-06
186.991,0.005234030682990716,-0.0002615237215374173,187.362,0.004791111909418541,1.1285054190096426e-06
187.191,0.00524784898907973,-0.00026153427005882015,187.462,0.004800324177619659,1.1328111799467586e-06
187.391,0.005262839814636079,-0.0002605161301914241,187.562,0.004809536445873818,1.1371251208294443e-06
187.391,0.005262839814636079,-0.0002605161301914241,187.662,0.004818748714181067,1.141447241555179e-06
187.491,0.005276658121477796,-0.0002605266506331949,187.762,0.004827960982541322,1.1457775420213738e-06
187.691,0.005290476431389974,-0.00026053715104645126,187.862,0.00483717325095462,1.1501160221255016e-06
187.691,0.005290476431389974,-0.00026053715104645126,187.962,0.004846385519420948,1.154462681765017e-06
187.791,0.005304294738018599,-0.0002605476346256866,188.062,0.004855597787940302,1.1588175208373764e-06
187.991,0.0053181130497668315,-0.00026055809820392685,188.162,0.00486481005651267,1.1631805392400334e-06
187.991,0.0053181130497668315,-0.00026055809820392685,188.262,0.0048740223251380055,1.1675517368704268e-06
188.091,0.005331931354936276,-0.00026056854502286183,188.362,0.004883234593816363,1.1719311136260468e-06
188.291,0.005350384697107285,-0.0002605779651615793,188.462,0.004892446862547655,1.1763186694043106e-06
188.291,0.005350384697107285,-0.0002605779651615793,188.562,0.004901659131331935,1.1807144041027126e-06
188.391,0.005364217411958725,-0.00026059275934844526,188.662,0.004910871400169215,1.1851183176187245e-06
188.391,0.005364217411958725,-0.00026059275934844526,188.762,0.004920083669059409,1.1895304098497704e-06
188.591,0.005378035721703818,-0.0002606031434432768,188.862,0.004929295938002566,1.1939506806933458e-06
188.691,0.005394972921771084,-0.00026107885907310793,188.962,0.004938508206998613,1.1983791300468853e-06
188.691,0.005394972921771084,-0.00026107885907310793,189.062,0.0049477204760476155,1.2028157578078888e-06
188.891,0.005408791233721851,-0.00026108919523167473,189.162,0.004956932745149518,1.207260563873806e-06
189.091,0.005422609542379285,-0.0002610995129163559,189.262,0.004966145014304313,1.2117135481421078e-06
189.091,0.005422609542379285,-0.0002610995129163559,189.362,0.004975357283511996,1.2161747105102644e-06
189.191,0.00543642785260662,-0.0002611098137839848,189.462,0.004984569552772584,1.2206440508757598e-06
189.391,0.00545024615822871,-0.0002611200946897023,189.562,0.004993781822086021,1.2251215691360474e-06
189.391,0.00545024615822871,-0.0002611200946897023,189.662,0.005002994091452347,1.229607265188623e-06
189.491,0.0054686648042630865,-0.00026196587282007166,189.762,0.005012206360871527,1.2341011389309524e-06
189.691,0.005478520101503181,-0.00026000496535217877,189.862,0.005021418630343515,1.2386031902604908e-06
189.691,0.005478520101503181,-0.00026000496535217877,189.962,0.00503063089986841,1.2431134190747747e-06
189.791,0.005496301429069422,-0.0002619863566489496,190.062,0.005039843169446101,1.2476318252712278e-06
189.991,0.00551011974177681,-0.0002619965701683657,190.162,0.005049055439076636,1.2521584087473653e-06
189.991,0.00551011974177681,-0.0002619965701683657,190.262,0.0050582677087599795,1.256693169400646e-06
190.091,0.005523938048982942,-0.0002620067668747303,190.362,0.0050674799784961345,1.2612361071285666e-06
190.291,0.005542362462103527,-0.00026202031496459533,190.462,0.005076692248285077,1.265787221828603e-06
190.291,0.005542362462103527,-0.00026202031496459533,190.562,0.005085904518126797,1.2703465133982408e-06
190.391,0.005556180768870798,-0.00026203046870699163,190.662,0.005095116788021309,1.2749139817349816e-06
190.591,0.00556999908350064,-0.00026204060251817197,190.762,0.005104329057968561,1.2794896267362902e-06
190.591,0.00556999908350064,-0.00026204060251817197,190.862,0.005113541327968546,1.284073448299661e-06
190.691,0.0055838173947082405,-0.00026205071945302667,190.962,0.005122753598021302,1.2886654463226057e-06
190.891,0.005597635704639357,-0.00026206081645271473,191.062,0.00513196586812678,1.2932656207025954e-06
190.891,0.005597635704639357,-0.00026206081645271473,191.162,0.0051411781382849926,1.2978739713371363e-06
190.991,0.005611454016249854,-0.00026207089665911007,191.262,0.0051503904084959085,1.3024904981237135e-06
190.991,0.005611454016249854,-0.00026207089665911007,191.362,0.0051596026787595235,1.3071152009598224e-06
191.191,0.005625272323416447,-0.00026208095688901717,191.462,0.005168814949075832,1.3117480797429643e-06
191.391,0.005646039759738415,-0.000263309262584716,191.562,0.005178027219444842,1.316389134370648e-06
191.391,0.005646039759738415,-0.000263309262584716,191.662,0.005187239489866557,1.3210383647403756e-06
191.491,0.005659858068325674,-0.0002633192872717301,191.762,0.005196451760340914,1.3256957707496288e-06
191.691,0.005673676382804244,-0.00026332929207837236,191.862,0.0052056640308679345,1.3303613522959177e-06
191.691,0.005673676382804244,-0.00026332929207837236,191.962,0.0052148763014476076,1.3350351092767497e-06
191.791,0.005687494694713264,-0.00026333927999850953,192.062,0.005224088572079933,1.3397170415896319e-06
191.991,0.005705919122663554,-0.0002633525676245439,192.162,0.0052333008427648715,1.344407149132059e-06
191.991,0.005705919122663554,-0.0002633525676245439,192.262,0.005242513113502471,1.3491054318015615e-06
192.091,0.005719748247677906,-0.00026336027952067475,192.362,0.005251725384292646,1.3538118894956147e-06
192.291,0.005733566561577108,-0.000263370204604871,192.462,0.005260937655135433,1.3585265221117426e-06
192.291,0.005733566561577108,-0.000263370204604871,192.562,0.005270149926030821,1.3632493295474692e-06
192.391,0.005747384873469647,-0.00026338011279539045,192.662,0.0052793621969788145,1.367980311700306e-06
192.591,0.005761604652521729,-0.0002636978924262672,192.762,0.005288574467979358,1.3727194684677438e-06
192.591,0.005761604652521729,-0.0002636978924262672,192.862,0.00529778673903247,1.3774667997473112e-06
192.691,0.005775422965204233,-0.00026370776104041234,192.962,0.005306999010138147,1.3822223054365265e-06
192.891,0.005789914273381489,-0.0002632825279385644,193.062,0.005316211281296351,1.3869859854328956e-06
192.891,0.005789914273381489,-0.0002632825279385644,193.162,0.0053254235525071235,1.3917578396339629e-06
192.991,0.0058037325858529476,-0.00026329236181206516,193.262,0.005334635823770431,1.396537867937236e-06
193.191,0.00581890978920864,-0.00026325633849431126,193.362,0.005343848095086254,1.4013260702402276e-06
193.191,0.00581890978920864,-0.00026325633849431126,193.462,0.005353060366454604,1.4061224464404727e-06
193.291,0.005831965622899749,-0.00026377142894179657,193.562,0.005362272637875468,1.410926996435497e-06
193.291,0.005831965622899749,-0.00026377142894179657,193.662,0.00537148490934882,1.4157397201228155e-06
193.491,0.005849230915150483,-0.0002645145948803928,193.762,0.0053806971808746515,1.4205606173999524e-06
193.491,0.005849230915150483,-0.0002645145948803928,193.862,0.005389909452452957,1.4253896881644385e-06
193.691,0.0058682645525747175,-0.00026361268805296317,193.962,0.005399121724083726,1.4302269323138043e-06
193.791,0.005881320067208282,-0.00026412782723847527,194.062,0.005408333995766982,1.4350723497455916e-06
193.791,0.005881320067208282,-0.00026412782723847527,194.162,0.0054175462675026655,1.43992594035731e-06
193.991,0.005895138375739527,-0.000264137545814369,194.262,0.00542675853929084,1.444787704046527e-06
194.191,0.005915103719308459,-0.00026346914895240847,194.362,0.005435970811131386,1.4496576407107207e-06
194.191,0.005915103719308459,-0.00026346914895240847,194.462,0.00544518308302439,1.4545357502474743e-06
194.291,0.005928922031771786,-0.00026347883077736697,194.562,0.00545439535496979,1.4594220325543018e-06
194.491,0.005943400602082287,-0.0002642036041456849,194.662,0.005463607626967601,1.4643164875287528e-06
194.491,0.005943400602082287,-0.0002642036041456849,194.762,0.005472819899017824,1.4692191150683687e-06
194.591,0.005957218911706583,-0.0002642132490698845,194.862,0.0054820321711203795,1.4741299150706555e-06
194.591,0.005957218911706583,-0.0002642132490698845,194.962,0.005491244443275358,1.4790488874332052e-06
194.791,0.005971037228796135,-0.00026422287405524056,195.062,0.005500456715482699,1.483976032053537e-06
194.891,0.005984855544612045,-0.00026423248218508335,195.162,0.005509668987742376,1.4889113488291855e-06
194.891,0.005984855544612045,-0.00026423248218508335,195.262,0.005518881260054422,1.4938548376577187e-06
195.091,0.005998673861148106,-0.0002642420704212767,195.362,0.0055280935324187935,1.4988064984366641e-06
195.291,0.006014016294060496,-0.0002654773232083495,195.462,0.005537305804835524,1.503766331063593e-06
195.291,0.006014016294060496,-0.0002654773232083495,195.562,0.005546518077304567,1.5087343354360341e-06
195.391,0.00602783461230021,-0.0002654868804224731,195.662,0.00555573034982588,1.513710511451522e-06
195.591,0.00604165291959263,-0.00026549641758998895,195.762,0.005564942622399533,1.518694859007647e-06
195.591,0.00604165291959263,-0.00026549641758998895,195.862,0.00557415489502547,1.5236873780019387e-06
195.691,0.006055471230859333,-0.00026550593803628344,195.962,0.0055833671677036865,1.528688068331952e-06
195.891,0.006069289545538149,-0.0002655154384795498,196.062,0.005592579440434172,1.5336969298952416e-06
195.891,0.006069289545538149,-0.0002655154384795498,196.162,0.005601791713216922,1.5387139625893666e-06
195.991,0.006088912105868743,-0.00026628133188178886,196.262,0.005611003986051932,1.5437391663118868e-06
196.191,0.006102730420992632,-0.00026629078960757076,196.362,0.005620216258939166,1.54877254096035e-06
196.191,0.006102730420992632,-0.00026629078960757076,196.462,0.005629428531878663,1.553814086432342e-06
196.291,0.006116548732085285,-0.0002663002305189102,196.562,0.005638640804870395,1.5588638026254152e-06
196.291,0.006116548732085285,-0.0002663002305189102,196.662,0.005647853077914333,1.5639216894371232e-06
196.491,0.006130367046311225,-0.00026630965143635343,196.762,0.005657065351010538,1.568987746765068e-06
196.591,0.00614566358952605,-0.00026754811346250284,196.862,0.005666277624158907,1.5740619745067654e-06
196.591,0.00614566358952605,-0.00026754811346250284,196.962,0.005675489897359484,1.5791443725598082e-06
196.791,0.0061597587875200045,-0.00026794092876282754,197.062,0.00568470217061222,1.584234940821741e-06
196.991,0.0061735771024194995,-0.0002679502960356383,197.162,0.005693914443917147,1.5893336791901602e-06
196.991,0.0061735771024194995,-0.0002679502960356383,197.262,0.0057031267172742775,1.5944405875626477e-06
197.091,0.00618739543269348,-0.0002679596585127337,197.362,0.005712338990683521,1.599555665836729e-06
197.291,0.006205819850454685,-0.0002679720961481157,197.462,0.005721551264144937,1.6046789139100136e-06
197.291,0.006205819850454685,-0.0002679720961481157,197.562,0.005730763537658489,1.6098103316800657e-06
197.391,0.006220560368982293,-0.0002681701505661729,197.662,0.005739975811224175,1.6149499190444632e-06
197.591,0.00623437868218236,-0.0002681794359454074,197.762,0.005749188084841967,1.6200976759007695e-06
197.591,0.00623437868218236,-0.0002681794359454074,197.862,0.005758400358511879,1.6252536021465765e-06
197.691,0.006248196999904626,-0.0002681887045644349,197.962,0.005767612632233905,1.6304176976794661e-06
197.891,0.006262240586594495,-0.0002682062421896018,198.062,0.005776824906008012,1.635589962397008e-06
197.891,0.006262240586594495,-0.0002682062421896018,198.162,0.005786037179834218,1.6407703961967965e-06
197.991,0.006276058900379406,-0.0002682154641443932,198.262,0.005795249453712471,1.645958998976394e-06
198.191,0.006289884259661149,-0.0002682213511843288,198.362,0.005804461727642847,1.6511557706334354e-06
198.191,0.006289884259661149,-0.0002682213511843288,198.462,0.005813674001625236,1.6563607110654475e-06
198.291,0.0063037025728694025,-0.00026823053645659974,198.562,0.005822886275659691,1.6615738201700533e-06
198.491,0.00631752088550919,-0.00026823970183963267,198.662,0.005832098549746164,1.6667950978448184e-06
198.491,0.00631752088550919,-0.00026823970183963267,198.762,0.005841310823884694,1.6720245439873594e-06
198.591,0.006331339199691197,-0.000268248850319134,198.862,0.005850523098075247,1.677262158495256e-06
198.591,0.006331339199691197,-0.000268248850319134,198.962,0.005859735372317802,1.6825079412660866e-06
198.791,0.006345157517595867,-0.00026825797891455954,199.062,0.005868947646612362,1.687761892197459e-06
198.891,0.00635897583250032,-0.00026826709075614824,199.162,0.005878159920958902,1.6930240111869574e-06
198.891,0.00635897583250032,-0.00026826709075614824,199.262,0.005887372195357419,1.6982942981321795e-06
199.091,0.006372794153610779,-0.00026827618259335815,199.362,0.005896584469807927,1.703572752930735e-06
199.191,0.006386612470866611,-0.0002682852575988196,199.462,0.005905796744310392,1.7088593754802124e-06
199.191,0.006386612470866611,-0.0002682852575988196,199.562,0.005915009018864808,1.7141541656782113e-06
199.391,0.006400430793327959,-0.0002682943126686308,199.662,0.0059242212934711965,1.7194571234223457e-06
199.591,0.006414987693241555,-0.00026823957433030286,199.762,0.005933433568129524,1.724768248610206e-06
199.591,0.006414987693241555,-0.00026823957433030286,199.862,0.005942645842839798,1.7300875411394112e-06
199.691,0.0064280674336267924,-0.0002683123692961987,199.962,0.005951858117601972,1.735415000907542e-06
199.891,0.006442624332864798,-0.0002682575963643685,200.062,0.00596107039241606,1.7407506278122191e-06
199.891,0.006442624332864798,-0.0002682575963643685,200.162,0.00597028266728207,1.7460944217510507e-06
199.991,0.006455704073959873,-0.0002683303524001302,200.262,0.005979494942199977,1.751446382621646e-06
200.191,0.006470260972952316,-0.0002682755449367066,200.362,0.005988707217169759,1.7568065103216016e-06
200.191,0.006470260972952316,-0.0002682755449367066,200.462,0.005997919492191433,1.762174804748545e-06
200.291,0.006485145071684779,-0.0002661100279601461,200.562,0.006007131767264962,1.7675512658000757e-06
200.491,0.006503569494172436,-0.00026612193164540397,200.662,0.006016344042390369,1.7729358933738232e-06
200.491,0.006503569494172436,-0.00026612193164540397,200.762,0.006025556317567613,1.7783286873673884e-06
200.591,0.006516649167541858,-0.00026619457817204104,200.862,0.0060347685927966965,1.7837296476783902e-06
200.791,0.006531206123493829,-0.00026613972587534175,200.962,0.006043980868077638,1.7891387742044602e-06
200.791,0.006531206123493829,-0.00026613972587534175,201.062,0.006053193143410378,1.7945560668431927e-06
200.891,0.006544285806035091,-0.000266212333440252,201.162,0.006062405418794955,1.7999815254922362e-06
200.891,0.006544285806035091,-0.000266212333440252,201.262,0.006071617694231344,1.8054151500491965e-06
201.091,0.006558842768500783,-0.00026615744655549,201.362,0.006080829969719485,1.810856940411674e-06
201.291,0.006572661092935399,-0.00026616627859855154,201.462,0.006090042245259485,1.8163068964773563e-06
201.291,0.006572661092935399,-0.00026616627859855154,201.562,0.006099254520851234,1.821765018143807e-06
201.391,0.006586479409208422,-0.00026617509380899687,201.662,0.0061084667964947615,1.8272313053086774e-06
201.591,0.006600297724698339,-0.0002661838890648612,201.762,0.006117679072190063,1.832705757869599e-06
201.591,0.006600297724698339,-0.0002661838890648612,201.862,0.006126891347937104,1.8381883757241883e-06
201.691,0.006617983512548116,-0.0002662593215668535,201.962,0.006136103623735879,1.8436791587700758e-06
201.891,0.006632540476067288,-0.000266204342484225,202.062,0.006145315899586385,1.8491781069048963e-06
201.891,0.006632540476067288,-0.000266204342484225,202.162,0.0061545281754886594,1.8546852200263092e-06
201.991,0.006646358795976599,-0.0002662130781209149,202.262,0.0061637404514425995,1.8602004980318958e-06
201.991,0.006646358795976599,-0.0002662130781209149,202.362,0.006172952727448296,1.8657239408193458e-06
202.191,0.0066601771173187465,-0.00026622179379000825,202.462,0.006182165003505666,1.8712555482862576e-06
202.291,0.006673995437266666,-0.000266230492605459,202.562,0.006191377279614713,1.8767953203302682e-06
202.291,0.006673995437266666,-0.000266230492605459,202.662,0.006200589555775489,1.8823432568490596e-06
202.491,0.006691811452715128,-0.0002667974568355949,202.762,0.0062098018319878745,1.8878993577402065e-06
202.691,0.006658160676946395,-0.0002681291936692752,202.862,0.006219014108251955,1.8934636229014062e-06
202.691,0.006658160676946395,-0.0002681291936692752,202.962,0.006228226384567679,1.899036052230275e-06
202.791,0.006719448094812192,-0.000266814755761917,203.062,0.00623743866093506,1.9046166456244705e-06
202.991,0.006685797317931462,-0.0002681461849606426,203.162,0.006246650937354065,1.910205402981627e-06
202.991,0.006685797317931462,-0.0002681461849606426,203.262,0.006255863213824717,1.9158023241994054e-06
203.091,0.006747084734265021,-0.00026683198120742844,203.362,0.006265075490346958,1.921407409175429e-06
203.291,0.0067134339561937895,-0.00026816310273302367,203.462,0.006274287766920826,1.9270206578073747e-06
203.291,0.0067134339561937895,-0.00026816310273302367,203.562,0.006283500043546293,1.9326420699928776e-06
203.391,0.006727445057235651,-0.0002670589175377871,203.662,0.006292712320223355,1.938271645629592e-06
203.591,0.006741070595243818,-0.00026817994708644926,203.762,0.006301924596952002,1.9439093846151732e-06
203.591,0.006741070595243818,-0.00026817994708644926,203.862,0.006311136873732231,1.9495552868472754e-06
203.691,0.00675508169362786,-0.00026707572706766055,203.962,0.006320349150564028,1.9552093522235565e-06
203.891,0.006776354338173089,-0.00026901447765054285,204.062,0.0063295614274474065,1.960871580641688e-06
203.891,0.006776354338173089,-0.00026901447765054285,204.162,0.006338773704382312,1.9665419719992846e-06
203.991,0.006837635138456349,-0.00026769998822272044,204.262,0.00634798598136876,1.9722205261940375e-06
204.191,0.0068039909845763955,-0.0002690311692400823,204.362,0.00635719825840674,1.977907243123607e-06
204.191,0.0068039909845763955,-0.0002690311692400823,204.462,0.006366410535496234,1.9836021226856438e-06
204.291,0.0068178093047759035,-0.00026903948826103197,204.562,0.006375622812637211,1.989305164777797e-06
204.291,0.0068178093047759035,-0.00026903948826103197,204.662,0.006384835089829708,1.9950163692977604e-06
204.491,0.006831627631842493,-0.000269047787364714,204.762,0.00639404736707372,2.0007357361432004e-06
204.591,0.006845445953137927,-0.00026905606963532414,204.862,0.006403259644369168,2.006463265211746e-06
204.591,0.006845445953137927,-0.00026905606963532414,204.962,0.006412471921716139,2.012198956401122e-06
204.791,0.006860675301898892,-0.00026949941740669127,205.062,0.006421684199114555,2.0179428096089586e-06
204.891,0.00687468288819084,-0.0002696674428543322,205.162,0.0064308964765644565,2.023694824732951e-06
204.891,0.00687468288819084,-0.0002696674428543322,205.262,0.0064401087540657915,2.0294550016707475e-06
205.091,0.0068885012081343466,-0.0002696756661011775,205.362,0.006449321031618573,2.0352233403200336e-06
205.291,0.0069023195320410445,-0.00026968387093186737,205.462,0.006458533309222799,2.04099984057849e-06
205.291,0.0069023195320410445,-0.00026968387093186737,205.562,0.006467745586878433,2.0467845023437767e-06
205.391,0.006916137849684608,-0.00026969205888747685,205.662,0.0064769578645854945,2.0525773255135864e-06
205.591,0.006931863513944601,-0.00027058279325638805,205.762,0.006486170142343954,2.058378309985584e-06
205.591,0.006931863513944601,-0.00027058279325638805,205.862,0.006495382420153807,2.064187455657448e-06
205.691,0.006945681835647194,-0.0002705909479558247,205.962,0.006504594698015062,2.0700047624268786e-06
205.891,0.00695950016233533,-0.00027059908253850674,206.062,0.006513806975927668,2.0758302301915297e-06
205.891,0.00695950016233533,-0.00027059908253850674,206.162,0.006523019253891642,2.0816638588490966e-06
205.991,0.006973318488673879,-0.0002706072003933563,206.262,0.006532231531906975,2.087505648297272e-06
206.191,0.006988210612679169,-0.00027053749475479725,206.362,0.0065414438099736915,2.093355598433748e-06
206.191,0.006988210612679169,-0.00027053749475479725,206.462,0.006550656088091728,2.0992137091561876e-06
206.291,0.007002028934742568,-0.0002705455674223444,206.562,0.006559868366261108,2.1050799803622978e-06
206.491,0.007015847256834787,-0.0002705536202175846,206.662,0.006569080644481817,2.110954411949767e-06
206.491,0.007015847256834787,-0.0002705536202175846,206.762,0.00657829292275383,2.1168370038162787e-06
206.591,0.007029665582662843,-0.0002705616561794847,206.862,0.006587505201077159,2.1227277558595356e-06
206.791,0.007048090012104722,-0.0002705723411784722,206.962,0.006596717479451805,2.128626667977231e-06
206.791,0.007048090012104722,-0.0002705723411784722,207.062,0.006605929757877731,2.13453374006705e-06
206.891,0.007061908343394598,-0.0002705803342649282,207.162,0.006615142036354931,2.140448972026688e-06
207.091,0.007075726665184254,-0.0002705883074725437,207.262,0.006624354314883395,2.146372363753846e-06
207.091,0.007075726665184254,-0.0002705883074725437,207.362,0.0066335665934631185,2.152303915146216e-06
207.191,0.007089544992150261,-0.00027059626385626763,207.462,0.006642778872094115,2.1582436261015216e-06
207.191,0.007089544992150261,-0.00027059626385626763,207.562,0.00665199115077636,2.164191496517447e-06
207.391,0.007103363310442314,-0.00027060420034861083,207.662,0.006661203429509823,2.1701475262916817e-06
207.591,0.007117181634148128,-0.0002706121185425814,207.762,0.006670415708294541,2.176111715321959e-06
207.591,0.007117181634148128,-0.0002706121185425814,207.862,0.00667962798713046,2.1820840635059533e-06
207.691,0.007130999957234157,-0.0002706200198413392,207.962,0.006688840266017614,2.1880645707414057e-06
207.891,0.007149819852870529,-0.00027075936221015274,208.062,0.00669805254495596,2.194053236925993e-06
207.891,0.007149819852870529,-0.00027075936221015274,208.162,0.00670726482394549,2.2000500619574245e-06
207.991,0.007166768580646835,-0.000272792998527323,208.262,0.006716477102986232,2.2060550457334423e-06
208.191,0.00718058690743459,-0.00027280083913481157,208.362,0.006725689382078119,2.212068188151717e-06
208.191,0.00718058690743459,-0.00027280083913481157,208.462,0.006734901661221165,2.2180894891099714e-06
208.291,0.0071944052301828815,-0.0002728086629888401,208.562,0.0067441139404153866,2.224118948505941e-06
208.491,0.007208223553306919,-0.0002728164669353376,208.662,0.006753326219660775,2.230156566237339e-06
208.491,0.007208223553306919,-0.0002728164669353376,208.762,0.006762538498957303,2.2362023422018718e-06
208.591,0.007222041880837251,-0.0002728242540152963,208.862,0.006771750778304964,2.2422562762972572e-06
208.791,0.007235860204799401,-0.00027283202124483877,208.962,0.006780963057703744,2.2483183684212137e-06
208.791,0.007235860204799401,-0.00027283202124483877,209.062,0.0067901753371536425,2.2543886184714594e-06
208.891,0.007249678526222999,-0.0002728397716659855,209.162,0.006799387616654622,2.260467026345707e-06
208.891,0.007249678526222999,-0.0002728397716659855,209.262,0.006808599896206708,2.266553591941691e-06
209.091,0.007263960122195391,-0.00027280017344466305,209.362,0.006817812175809912,2.272648315157155e-06
209.291,0.007277778439523473,-0.0002728078792355368,209.462,0.006827024455464182,2.278751195889791e-06
209.291,0.007277778439523473,-0.0002728078792355368,209.562,0.006836236735169509,2.2848622340373283e-06
209.391,0.007291596768541028,-0.0002728155681910285,209.662,0.006845449014925883,2.290981429497496e-06
209.591,0.00730541509820898,-0.00027282323726642314,209.762,0.006854661294733329,2.2971087821680377e-06
209.591,0.00730541509820898,-0.00027282323726642314,209.862,0.006863873574591809,2.30324429194667e-06
209.691,0.0073195990845736966,-0.00027567756867762224,209.962,0.006873085854501345,2.309387958731144e-06
209.891,0.007340014655336196,-0.0002736427135841407,210.062,0.0068822981344619175,2.315539782419191e-06
209.891,0.007340014655336196,-0.0002736427135841407,210.162,0.0068915104144734885,2.3216997629085224e-06
209.991,0.0073495930778427546,-0.0002764951902500502,210.262,0.006900722694536044,2.327867900096868e-06
209.991,0.0073495930778427546,-0.0002764951902500502,210.362,0.006909934974649626,2.3340441938820003e-06
210.191,0.0073676513106937114,-0.0002736579117716966,210.462,0.006919147254814197,2.34022864416164e-06
210.291,0.007377229735798443,-0.00027651040788778094,210.562,0.006928359535029734,2.346421250833513e-06
210.291,0.007377229735798443,-0.00027651040788778094,210.662,0.006937571815296253,2.3526220137953756e-06
210.491,0.007396748120233387,-0.00027436222599877894,210.762,0.006946784095613742,2.3588309329449726e-06
210.691,0.007410566448238509,-0.00027436975636761654,210.862,0.006955996375982198,2.3650480081800456e-06
210.691,0.007410566448238509,-0.00027436975636761654,210.962,0.006965208656401589,2.3712732393983224e-06
210.791,0.0074201449181967956,-0.00027722297198866033,211.062,0.006974420936871911,2.3775066264975516e-06
210.991,0.007438569359926382,-0.00027723299795809304,211.162,0.006983633217393173,2.3837481693754942e-06
210.991,0.007438569359926382,-0.00027723299795809304,211.262,0.0069928454979653505,2.3899978679298846e-06
211.091,0.007454232827036914,-0.00027722391944792887,211.362,0.007002057778588437,2.3962557220584727e-06
211.291,0.007468051158711113,-0.0002772313893297148,211.462,0.007011270059262445,2.4025217316590285e-06
211.291,0.007468051158711113,-0.0002772313893297148,211.562,0.0070204823399873245,2.4087958966292723e-06
211.391,0.007481900045287206,-0.00027807067373316566,211.662,0.007029694620763106,2.4150782168669896e-06
211.591,0.007495687813003373,-0.00027724627554083443,211.762,0.007038906901589722,2.421368692269889e-06
211.591,0.007495687813003373,-0.00027724627554083443,211.862,0.007048119182467259,2.42766732273579e-06
211.691,0.007509628759079409,-0.00027839855036292316,211.962,0.007057331463395684,2.4339741081624347e-06
211.891,0.007523447088535811,-0.0002784059482591096,212.062,0.007066543744374899,2.4402890484475233e-06
211.891,0.007523447088535811,-0.0002784059482591096,212.162,0.007075756025404964,2.446612143488862e-06
211.991,0.007537265416348909,-0.00027841332943493255,212.262,0.007084968306485871,2.4529433931842094e-06
211.991,0.007537265416348909,-0.00027841332943493255,212.362,0.00709418058761757,2.459282797431302e-06
212.191,0.007551083748500241,-0.0002784206906721754,212.462,0.00710339286880012,2.4656303561279453e-06
212.291,0.00756490207981973,-0.00027842803510309344,212.562,0.007112605150033449,2.4719860691718604e-06
212.291,0.00756490207981973,-0.00027842803510309344,212.662,0.007121817431317594,2.478349936460847e-06
212.491,0.007578719809038842,-0.00027843429799743964,212.762,0.007131029712652521,2.4847219578926554e-06
212.691,0.007592538140842875,-0.0002784416041467022,212.862,0.007140241994038202,2.491102133365038e-06
212.691,0.007592538140842875,-0.0002784416041467022,212.962,0.0071494542754746765,2.4974904627758014e-06
212.791,0.007606356470173803,-0.0002784488935119406,213.062,0.007158666556961914,2.503886946022696e-06
212.991,0.007620174800329494,-0.00027845616294389834,213.162,0.007167878838499939,2.5102915830035126e-06
212.991,0.007620174800329494,-0.00027845616294389834,213.262,0.007177091120088685,2.5167043736159976e-06
213.091,0.007633993128803355,-0.00027846341561548344,213.362,0.00718630340172817,2.5231253177579406e-06
213.291,0.007652417563531029,-0.00027847305623336676,213.462,0.007195515683418394,2.529554415327119e-06
213.291,0.007652417563531029,-0.00027847305623336676,213.562,0.007204727965159321,2.535991666221294e-06
213.391,0.007666235895283627,-0.0002784802661339892,213.662,0.0072139402469509496,2.542437070338246e-06
213.591,0.007680054222171546,-0.00027848745606779795,213.762,0.007223152528793313,2.5488906275757883e-06
213.591,0.007680054222171546,-0.00027848745606779795,213.862,0.007232364810686335,2.5553523378316537e-06
213.691,0.007689439980130091,-0.0002830020494427103,213.962,0.00724157709263006,2.561822201003655e-06
213.691,0.007689439980130091,-0.0002830020494427103,214.062,0.007250789374624454,2.56830021698956e-06
213.891,0.007708150352860992,-0.0002775613029230476,214.162,0.007260001656669511,2.57478638568716e-06
213.991,0.007717536022645759,-0.00028207585560727845,214.262,0.007269213938765219,2.5812807069942382e-06
213.991,0.007717536022645759,-0.00028207585560727845,214.362,0.007278426220911557,2.5877831808085696e-06
214.191,0.007735787009505667,-0.0002775755561182563,214.462,0.0072876385031085825,2.594293807027987e-06
214.291,0.007745172769983979,-0.0002820900559638468,214.562,0.007296850785356196,2.6008125855502245e-06
214.291,0.007745172769983979,-0.0002820900559638468,214.662,0.007306063067654457,2.607339516273116e-06
214.491,0.007763423757480828,-0.00027758970695374274,214.762,0.007315275350003321,2.6138745990944263e-06
214.691,0.007777242090511824,-0.0002775967685988037,214.862,0.0073244876324027935,2.6204178339119624e-06
214.691,0.007777242090511824,-0.0002775967685988037,214.962,0.007333699914852872,2.6269692206235193e-06
214.791,0.0077866277657677434,-0.00028211126169093935,215.062,0.007342912197353548,2.6335287591269e-06
214.991,0.007805385209480106,-0.00027769515164716624,215.162,0.007352124479904795,2.640096449319883e-06
214.991,0.007805385209480106,-0.00027769515164716624,215.262,0.0073613367625066034,2.646672291100269e-06
215.091,0.007819376761171018,-0.00028221231301790316,215.362,0.007370549045158994,2.6532562843658745e-06
215.291,0.007833195012239993,-0.00028221932469476343,215.462,0.007379761327861928,2.6598484290144853e-06
215.291,0.007833195012239993,-0.00028221932469476343,215.562,0.0073889736106153995,2.6664487249439095e-06
215.391,0.007847013344593392,-0.0002822262906573175,215.662,0.007398185893419405,2.6730571720519442e-06
215.591,0.007860831677012564,-0.0002822332366219,215.762,0.007407398176273948,2.6796737702364e-06
215.591,0.007860831677012564,-0.0002822332366219,215.862,0.00741661045917897,2.6862985193950657e-06
215.691,0.007876863151984463,-0.0002835125956384149,215.962,0.007425822742134486,2.6929314194257503e-06
215.891,0.007888468346638361,-0.0002822470752162155,216.062,0.007435035025140533,2.6995724702262982e-06
215.891,0.007888468346638361,-0.0002822470752162155,216.162,0.007444247308197059,2.7062216716944865e-06
215.991,0.007904499821250287,-0.00028352640688180037,216.262,0.0074534595913040725,2.7128790237281435e-06
215.991,0.007904499821250287,-0.00028352640688180037,216.362,0.007462671874461552,2.7195445262250663e-06
216.191,0.007918318160305025,-0.00028353328422395826,216.462,0.007471884157669527,2.7262181790831014e-06
216.391,0.007929923348492044,-0.0002822676947925085,216.562,0.007481096440927952,2.7328999822000364e-06
216.391,0.007929923348492044,-0.0002822676947925085,216.662,0.0074903087242368365,2.7395899354737015e-06
216.491,0.007946170522760096,-0.0002835081523555724,216.762,0.007499521007596174,2.746288038801916e-06
216.691,0.007963104908109567,-0.0002843883550120969,216.862,0.007508733291005938,2.752994292082484e-06
216.691,0.007963104908109567,-0.0002843883550120969,216.962,0.007517945574466121,2.759708695213228e-06
216.791,0.00798403980518369,-0.0002858406784647582,217.062,0.00752715785797669,2.7664312480919524e-06
216.991,0.007997858139769061,-0.00028584745707631304,217.162,0.007536370141537682,2.7731619506165157e-06
216.991,0.007997858139769061,-0.00028584745707631304,217.262,0.007545582425149079,2.779900802684725e-06
217.091,0.008011676477429551,-0.0002858542189115232,217.362,0.007554794708810864,2.7866478041944054e-06
217.291,0.00802552834944865,-0.00028581859706909205,217.462,0.007564006992523007,2.7934029550433728e-06
217.291,0.00802552834944865,-0.00028581859706909205,217.562,0.007573219276285528,2.8001662551294685e-06
217.391,0.00803934668864477,-0.0002858253222144558,217.662,0.00758243156009842,2.8069377043505227e-06
217.591,0.00805316502218507,-0.00028583202739064555,217.762,0.007591643843961663,2.8137173026043675e-06
217.591,0.00805316502218507,-0.00028583202739064555,217.862,0.007600856127875241,2.820505049788817e-06
217.691,0.008067998025587478,-0.00028385314302851875,217.962,0.007610068411839172,2.827300945801722e-06
217.891,0.008081816358168134,-0.0002838598153971045,218.062,0.007619280695853426,2.8341049905409015e-06
217.891,0.008081816358168134,-0.0002838598153971045,218.162,0.007628492979918031,2.8409171839042254e-06
217.991,0.00809563469496482,-0.00028386647096890545,218.262,0.0076377052640328935,2.847737525789466e-06
217.991,0.00809563469496482,-0.00028386647096890545,218.362,0.007646917548198052,2.8545660160944947e-06
218.191,0.008109453026368414,-0.00028387310666590514,218.462,0.0076561298324135186,2.861402654717169e-06
218.391,0.008123271362630422,-0.0002838797240453646,218.562,0.007665342116679251,2.8682474415552944e-06
218.391,0.008123271362630422,-0.0002838797240453646,218.662,0.007674554400995279,2.8751003765067484e-06
218.491,0.00813708970077851,-0.00028388632468898594,218.762,0.007683766685361576,2.8819614594693593e-06
218.691,0.008150908033102507,-0.0002838929053888051,218.862,0.007692978969778088,2.8888306903409332e-06
218.691,0.008150908033102507,-0.0002838929053888051,218.962,0.007702191254244877,2.8957080690193712e-06
218.791,0.008173162230919321,-0.0002833339564258917,219.062,0.007711403538761912,2.9025935954025055e-06
218.991,0.008186162521806649,-0.00028188097060765255,219.162,0.007720615823329163,2.9094872693881674e-06
218.991,0.008186162521806649,-0.00028188097060765255,219.262,0.0077298281079466015,2.9163890908741945e-06
219.091,0.008201400774546294,-0.0002834678129064362,219.362,0.0077390403926142865,2.9232990597584834e-06
219.291,0.008213799187753721,-0.0002818940133019796,219.462,0.007748252677332168,2.9302171759388522e-06
219.291,0.008213799187753721,-0.0002818940133019796,219.562,0.007757464962100241,2.9371434393131565e-06
219.391,0.008229037440925353,-0.00028348082335804815,219.662,0.0077666772469185165,2.9440778497792673e-06
219.391,0.008229037440925353,-0.00028348082335804815,219.762,0.007775889531786965,2.951020407235027e-06
219.591,0.008242155500108728,-0.0002820265384389242,219.862,0.0077851018167055565,2.9579711115782777e-06
219.691,0.008226704544542884,-0.00029964990578420174,219.962,0.00779431410167431,2.964929962706893e-06
219.691,0.008226704544542884,-0.00029964990578420174,220.062,0.007803526386693218,2.971896960518737e-06
219.891,0.008271785784023615,-0.0002840234830527237,220.162,0.007812738671762293,2.9788721049116857e-06
220.091,0.00828192986594382,-0.00027988603154968,220.262,0.007821950956881485,2.9858553957835675e-06
220.091,0.00828192986594382,-0.00027988603154968,220.362,0.00783116324205079,2.992846833032249e-06
220.191,0.008303503447345083,-0.0002803384830602694,220.462,0.007840375527270217,2.9998464165556103e-06
220.391,0.008309566539499727,-0.0002798987807082606,220.562,0.007849587812539749,3.0068541462515165e-06
220.391,0.008309566539499727,-0.0002798987807082606,220.662,0.007858800097859423,3.0138700220178554e-06
220.491,0.008305655803094582,-0.0002965123031055542,220.762,0.007868012383229157,3.0208940437524446e-06
220.691,0.00832023503405199,-0.00029740980781255063,220.862,0.007877224668648987,3.027926211353188e-06
220.691,0.00832023503405199,-0.00029740980781255063,220.962,0.007886436954118886,3.0349665247179424e-06
220.791,0.008335325014028772,-0.0002965139428781802,221.062,0.007895649239638865,3.042014983744594e-06
220.791,0.008335325014028772,-0.0002965139428781802,221.162,0.00790486152520888,3.049071588330985e-06
220.991,0.008342193804695256,-0.0002975381800472734,221.262,0.007914073810828964,3.056136338375025e-06
221.091,0.008362961690074593,-0.00029652664051733755,221.362,0.007923286096499076,3.0632092337745706e-06
221.091,0.008362961690074593,-0.00029652664051733755,221.462,0.007932498382219223,3.0702902744275036e-06
221.291,0.008369830480244346,-0.00029755080789689185,221.562,0.007941710667989389,3.0773794602317003e-06
221.391,0.008390598364994853,-0.0002965392647357724,221.662,0.007950922953809557,3.0844767910850273e-06
221.391,0.008390598364994853,-0.0002965392647357724,221.762,0.007960135239679755,3.0915822668854014e-06
221.591,0.00839746715171712,-0.0002975633624026914,221.862,0.007969347525599954,3.098695887530686e-06
221.791,0.008411285489846751,-0.00029756961128808875,221.962,0.007978559811570106,3.105817652918733e-06
221.791,0.008411285489846751,-0.00029756961128808875,222.062,0.007987772097590249,3.11294756294746e-06
221.891,0.008425103827820815,-0.00029757584356784466,222.162,0.00799698438366037,3.120085617514757e-06
222.091,0.00843892217131819,-0.00029758205581383425,222.262,0.008006196669780438,3.1272318165184923e-06
222.091,0.00843892217131819,-0.00029758205581383425,222.362,0.008015408955950471,3.1343861598565713e-06
222.191,0.00845274051330977,-0.00029758825153639734,222.462,0.008024621242170446,3.1415486474268723e-06
222.391,0.008471164969959968,-0.00029759648276048584,222.562,0.008033833528440351,3.148719279127283e-06
222.391,0.008471164969959968,-0.00029759648276048584,222.662,0.008043045814760182,3.155898054855697e-06
222.491,0.00848498331325545,-0.00029760263563422245,222.762,0.008052258101129927,3.1630849745100085e-06
222.491,0.00848498331325545,-0.00029760263563422245,222.862,0.008061470387549558,3.1702800379880955e-06
222.691,0.008498801654910682,-0.0002976087684793061,222.962,0.00807068267401912,3.177483245187893e-06
222.791,0.00851261999096273,-0.00029761488473056813,223.062,0.008079894960538554,3.1846945960072613e-06
222.791,0.00851261999096273,-0.00029761488473056813,223.162,0.00808910724710788,3.191914090344119e-06
222.991,0.008526438332008546,-0.00029762098095478454,223.262,0.008098319533727095,3.1991417280963845e-06
223.191,0.008540334896620223,-0.0002976004504482102,223.362,0.00810753182039617,3.2063775091619213e-06
223.191,0.008540334896620223,-0.0002976004504482102,223.462,0.00811674410711511,3.2136214334386552e-06
223.291,0.008554075009982164,-0.00029763312014974335,223.562,0.008125956393883865,3.2208735008244506e-06
223.491,0.008567971579324917,-0.00029761255191471813,223.662,0.008135168680702493,3.2281337112172725e-06
223.491,0.008567971579324917,-0.00029761255191471813,223.762,0.008144380967570943,3.2354020645149904e-06
223.591,0.008581711690445797,-0.0002976451860249422,223.862,0.008153593254489206,3.2426785606155135e-06
223.791,0.008595608256439817,-0.00029762458012805423,223.962,0.008162805541457275,3.2499631994167498e-06
223.791,0.008595608256439817,-0.00029762458012805423,224.062,0.008172017828475172,3.2572559808166263e-06
223.891,0.00861395447892836,-0.000297659171054951,224.162,0.008181230115542844,3.264556904713025e-06
224.091,0.00862820627685316,-0.00029642275359598327,224.262,0.008190442402660304,3.2718659710038776e-06
224.091,0.00862820627685316,-0.00029642275359598327,224.362,0.008199654689827569,3.2791831795871124e-06
224.191,0.008642024616718516,-0.00029642870442501366,224.462,0.008208866977044553,3.286508530360592e-06
224.391,0.008655842958637605,-0.00029643463519885796,224.562,0.008218079264311357,3.2938420232223053e-06
224.391,0.008655842958637605,-0.00029643463519885796,224.662,0.008227291551627899,3.3011836580701174e-06
224.491,0.008669661298165439,-0.00029644054938861915,224.762,0.008236503838994196,3.308533434801967e-06
224.491,0.008669661298165439,-0.00029644054938861915,224.862,0.008245716126410231,3.315891353315776e-06
224.691,0.008683479635807883,-0.00029644644348634613,224.962,0.008254928413875998,3.3232574135094603e-06
224.791,0.008697297970795949,-0.00029645232107394017,225.062,0.008264140701391478,3.3306316152809337e-06
224.791,0.008697297970795949,-0.00029645232107394017,225.162,0.008273352988956685,3.338013958528133e-06
224.991,0.008711194574978065,-0.0002964314895703998,225.262,0.008282565276571584,3.3454044431489705e-06
225.191,0.008725012916364981,-0.00029643732820356777,225.362,0.008291777564236191,3.3528030690413923e-06
225.191,0.008725012916364981,-0.00029643732820356777,225.462,0.008300989851950434,3.3602098361032704e-06
225.291,0.008738831256056671,-0.00029644315028622164,225.562,0.008310202139714371,3.3676247442325878e-06
225.491,0.008752649596955087,-0.0002964489522178801,225.662,0.008319414427527988,3.37504779332728e-06
225.491,0.008752649596955087,-0.0002964489522178801,225.762,0.00832862671539124,3.382478983285238e-06
225.591,0.008766467938264107,-0.0002964547376965193,225.862,0.008337839003304122,3.3899183140043987e-06
225.791,0.008780286281782021,-0.0002964605030746171,225.962,0.00834705129126666,3.397365785382714e-06
225.791,0.008780286281782021,-0.0002964605030746171,226.062,0.008356263579278827,3.404821397318121e-06
225.891,0.008799193518881856,-0.00029747931056005105,226.162,0.008365475867340601,3.4122851497085343e-06
225.891,0.008799193518881856,-0.00029747931056005105,226.262,0.008374688155451998,3.4197570424519104e-06
226.091,0.008813090157516443,-0.0002974583954542853,226.362,0.008383900443613012,3.4272370754461953e-06
226.291,0.008826908494539341,-0.00029746410026944265,226.462,0.008393112731823575,3.434725248589291e-06
226.291,0.008826908494539341,-0.00029746410026944265,226.562,0.0084023250200838,3.442221561779211e-06
226.391,0.008840726833296739,-0.000297469788427174,226.662,0.008411537308393561,3.4497260149138095e-06
226.591,0.008859151291931357,-0.00029747734309088967,226.762,0.008420749596752923,3.457238607891108e-06
226.591,0.008859151291931357,-0.00029747734309088967,226.862,0.008429961885161855,3.4647593406090126e-06
226.691,0.008872891338731826,-0.0002975096294666778,226.962,0.008439174173620292,3.4722882129654564e-06
226.691,0.008872891338731826,-0.0002975096294666778,227.062,0.008448386462128319,3.47982522485842e-06
226.891,0.008886787978409881,-0.0002974886139823016,227.162,0.008457598750685849,3.4873703761858225e-06
226.991,0.008900528023762379,-0.00029752086471309937,227.262,0.008466811039292935,3.4949236668456466e-06
226.991,0.008900528023762379,-0.00029752086471309937,227.362,0.008476023327949538,3.502485096735833e-06
227.191,0.008914424666957334,-0.0002974998116039017,227.462,0.008485235616655635,3.5100546657543094e-06
227.391,0.008928243014789968,-0.0002975053820343828,227.562,0.008494447905411208,3.5176323737990375e-06
227.391,0.008928243014789968,-0.0002975053820343828,227.662,0.008503660194216289,3.5252182207679893e-06
227.491,0.00894206135430712,-0.00029751093597144934,227.762,0.00851287248307088,3.5328122065591446e-06
227.691,0.008955879699103091,-0.0002975164697860004,227.862,0.008522084771974922,3.5404143310704007e-06
227.691,0.008955879699103091,-0.0002975164697860004,227.962,0.00853129706092845,3.548024594199759e-06
227.791,0.008969698041006894,-0.00029752198707578924,228.062,0.008540509349931448,3.555642995845179e-06
227.991,0.008989630776030285,-0.00029778420354188446,228.162,0.008549721638983866,3.563269535904586e-06
227.991,0.008989630776030285,-0.00029778420354188446,228.262,0.008558933928085759,3.5709042142760013e-06
228.091,0.009004998767518717,-0.00029772795582390734,228.362,0.008568146217237081,3.5785470308573518e-06
228.291,0.009018837912731502,-0.00029763340647320346,228.462,0.00857735850643783,3.5861979855466025e-06
228.291,0.009018837912731502,-0.00029763340647320346,228.562,0.008586570795687993,3.593857078241727e-06
228.391,0.009032635451932891,-0.00029773885174464294,228.662,0.008595783084987587,3.6015243088407054e-06
228.591,0.009049554769260655,-0.00029894531981435073,228.762,0.008604995374336531,3.609199677241454e-06
228.591,0.009049554769260655,-0.00029894531981435073,228.862,0.008614207663734923,3.616883183342021e-06
228.691,0.00906337311257131,-0.00029895072699032203,228.962,0.008623419953182655,3.624574827040304e-06
228.691,0.00906337311257131,-0.00029895072699032203,229.062,0.00863263224267979,3.63227460823433e-06
228.891,0.0090771914595809,-0.00029895611417253163,229.162,0.008641844532226257,3.6399825268220385e-06
228.991,0.009091009809293822,-0.0002989614846893088,229.262,0.008651056821822082,3.64769858270141e-06
228.991,0.009091009809293822,-0.0002989614846893088,229.362,0.008660269111467259,3.6554227757704357e-06
229.191,0.0091048281579047,-0.00029896683522819966,229.462,0.008669481401161775,3.663155105927079e-06
229.391,0.009118646497170637,-0.00029897216736937416,229.562,0.00867869369090561,3.670895573069318e-06
229.391,0.009118646497170637,-0.00029897216736937416,229.662,0.008687905980698777,3.6786441770951505e-06
229.491,0.009132464841842847,-0.00029897748302901324,229.762,0.00869711827054123,3.686400917902529e-06
229.691,0.00914628318845206,-0.0002989827786152126,229.862,0.008706330560433004,3.694165795389473e-06
229.691,0.00914628318845206,-0.0002989827786152126,229.962,0.008715542850374076,3.701938809453951e-06
229.791,0.009160101530087658,-0.00029898805761241655,230.062,0.008724755140364433,3.709719959993945e-06
229.991,0.009178674044935595,-0.0002986642513121938,230.162,0.008733967430404076,3.717509246907446e-06
229.991,0.009178674044935595,-0.0002986642513121938,230.262,0.00874317972049299,3.7253066700924426e-06
230.091,0.009192492390821152,-0.0002986694896060471,230.362,0.008752392010631141,3.733112229446903e-06
230.291,0.00920631073536646,-0.0002986747078248933,230.462,0.008761604300818574,3.7409259248688615e-06
230.291,0.00920631073536646,-0.0002986747078248933,230.562,0.008770816591055238,3.748747756256271e-06
230.391,0.00921824973497227,-0.0002998556855360953,230.662,0.008780028881341126,3.7565777235071266e-06
230.391,0.00921824973497227,-0.0002998556855360953,230.762,0.008789241171676268,3.764415826519465e-06
230.591,0.009233947426253913,-0.00029868509116459755,230.862,0.008798453462060585,3.772262065191221e-06
230.691,0.009246261907242098,-0.00030126901095387936,230.962,0.008807665752494143,3.780116439420431e-06
230.691,0.009246261907242098,-0.00030126901095387936,231.062,0.008816878042976857,3.787978949105055e-06
230.891,0.009261959895816171,-0.000300098305381478,231.162,0.008826090333508813,3.7958495941431556e-06
230.991,0.009273898594157627,-0.0003012792902640301,231.262,0.00883530262408996,3.803728374432713e-06
230.991,0.009273898594157627,-0.0003012792902640301,231.362,0.008844514914720217,3.8116152898716544e-06
231.191,0.009287716938055812,-0.000301284401907087,231.462,0.008853727205399701,3.8195103403581e-06
231.391,0.009280008824660629,-0.00030746989770154715,231.562,0.008862939496128307,3.827413525789956e-06
231.391,0.009280008824660629,-0.00030746989770154715,231.662,0.008872151786906056,3.835324846065272e-06
231.491,0.009291947070417254,-0.0003086514983364345,231.762,0.008881364077733,3.843244301082095e-06
231.691,0.009307645525950762,-0.0003074797903357752,231.862,0.008890576368609026,3.851171890738354e-06
231.691,0.009307645525950762,-0.0003074797903357752,231.962,0.008899788659534212,3.8591076149321216e-06
231.791,0.009319583775024419,-0.0003086613562276043,232.062,0.008909000950508538,3.86705147356141e-06
231.991,0.009333402127497597,-0.00030866625692713335,232.162,0.008918213241531954,3.87500346652419e-06
231.991,0.009333402127497597,-0.00030866625692713335,232.262,0.00892742553260445,3.882963593718482e-06
232.091,0.009375233145592791,-0.00030131635547955946,232.362,0.008936637823726029,3.890931855042288e-06
232.291,0.009365644935868903,-0.0003086776233094812,232.462,0.008945850114896688,3.898908250393633e-06
232.291,0.009365644935868903,-0.0003086776233094812,232.562,0.008955062406116451,3.906892779670576e-06
232.391,0.009379440905727822,-0.00030864756695128686,232.662,0.008964274697385225,3.914885442771059e-06
232.591,0.009393259247434787,-0.0003086523882914874,232.762,0.008973486988703075,3.922886239593158e-06
232.591,0.009393259247434787,-0.0003086523882914874,232.862,0.00898269928006999,3.930895170034901e-06
232.691,0.0094070775960051,-0.00030865719290601565,232.962,0.008991911571485926,3.9389122339942645e-06
232.691,0.0094070775960051,-0.00030865719290601565,233.062,0.00900112386295088,3.94693743136929e-06
232.891,0.009420895946850196,-0.000308661977586193,233.162,0.009010336154464879,3.954970762058035e-06
232.991,0.009434714297422816,-0.0003086667455957269,233.262,0.009019548446027864,3.9630122259584785e-06
232.991,0.009434714297422816,-0.0003086667455957269,233.362,0.009028760737639866,3.9710618229686726e-06
233.191,0.009448532649048134,-0.0003086714937739445,233.462,0.009037973029300851,3.979119552986629e-06
233.391,0.009462350997307793,-0.00030867622357465984,233.562,0.009047185321010846,3.98718541591042e-06
233.391,0.009462350997307793,-0.00030867622357465984,233.662,0.009056397612769782,3.99525941163801e-06
233.491,0.009476169350122734,-0.0003086809367178132,233.762,0.009065609904577674,4.00334154006746e-06
233.691,0.009492194480795106,-0.0003066413661112931,233.862,0.00907482219643454,4.011431801096818e-06
233.691,0.009492194480795106,-0.0003066413661112931,233.962,0.00908403448834037,4.019530194624123e-06
233.791,0.009506012831047357,-0.00030664604230445095,234.062,0.009093246780295121,4.027636720547371e-06
233.991,0.00951983118257731,-0.00030665069857776145,234.162,0.009102459072298818,4.0357513787646454e-06
233.991,0.00951983118257731,-0.00030665069857776145,234.262,0.009111671364351434,4.04387416917396e-06
234.091,0.00953387594169819,-0.0003067140509769098,234.362,0.009120883656452982,4.052005091673372e-06
234.091,0.00953387594169819,-0.0003067140509769098,234.462,0.009130095948603423,4.0601441461609e-06
234.291,0.00955230040226555,-0.00030672020495998395,234.562,0.009139308240802767,4.068291332534592e-06
234.391,0.009566118746187076,-0.0003067247998735902,234.662,0.009148520533051027,4.076446650692518e-06
234.391,0.009566118746187076,-0.0003067247998735902,234.762,0.009157732825348147,4.0846101005326825e-06
234.591,0.009579937103436242,-0.0003067293749281647,234.862,0.009166945117694166,4.092781681953178e-06
234.791,0.009593755448008064,-0.00030673393167932956,234.962,0.00917615741008904,4.1009613948520064e-06
234.791,0.009593755448008064,-0.00030673393167932956,235.062,0.00918536970253275,4.109149239127223e-06
234.891,0.009607573793310597,-0.0003067384716966459,235.162,0.009194581995025316,4.117345214676895e-06
235.091,0.009625998258906556,-0.00030674449551378367,235.262,0.009203794287566715,4.125549321399057e-06
235.091,0.009625998258906556,-0.00030674449551378367,235.362,0.009213006580156979,4.1337615591918065e-06
235.191,0.009645200492002267,-0.00030741464475824256,235.462,0.009222218872796043,4.141981927953131e-06
235.391,0.009659018844429558,-0.00030741912704517095,235.562,0.009231431165483904,4.150210427581111e-06
235.391,0.009659018844429558,-0.00030741912704517095,235.662,0.009240643458220593,4.15844705797382e-06
235.491,0.009672837193813486,-0.0003074235925917909,235.762,0.00924985575100605,4.166691819029283e-06
235.691,0.00968665554611834,-0.0003074280383469773,235.862,0.009259068043840333,4.174944710645614e-06
235.691,0.00968665554611834,-0.0003074280383469773,235.962,0.00926828033672336,4.183205732720802e-06
235.791,0.009700473893067019,-0.0003074324673445632,236.062,0.009277492629655198,4.191474885152974e-06
235.991,0.009715507885449266,-0.0003074983379901097,236.162,0.009286704922635764,4.199752167840125e-06
235.991,0.009715507885449266,-0.0003074983379901097,236.262,0.00929591721566511,4.20803758068038e-06
236.091,0.009730784673937167,-0.0003054891495642917,236.362,0.009305129508743208,4.216331123571776e-06
236.091,0.009730784673937167,-0.0003054891495642917,236.462,0.009314341801870015,4.224632796412366e-06
236.291,0.009744017524255029,-0.00030590008881623665,236.562,0.009323554095045561,4.232942599100239e-06
236.391,0.00975842137704564,-0.0003054978903067164,236.662,0.00933276638826985,4.241260531533472e-06
236.391,0.00975842137704564,-0.0003054978903067164,236.762,0.00934197868154283,4.249586593610104e-06
236.591,0.009772239725686926,-0.00030550223249370477,236.862,0.009351190974864514,4.25792078522824e-06
236.691,0.009786451793914635,-0.00030580891477050324,236.962,0.009360403268234872,4.266263106285904e-06
236.691,0.009786451793914635,-0.00030580891477050324,237.062,0.009369615561653928,4.274613556681214e-06
236.891,0.009800383413350912,-0.0003059240139738664,237.162,0.009378827855121634,4.282972136312207e-06
236.991,0.009814201766184505,-0.00030592830201229637,237.262,0.009388040148638034,4.291338845077001e-06
236.991,0.009814201766184505,-0.00030592830201229637,237.362,0.00939725244220311,4.29971368287368e-06
237.191,0.009828370482177351,-0.00030672612969846844,237.462,0.009406464735816812,4.3080966496002706e-06
237.291,0.009842188830645523,-0.00030673038145586447,237.562,0.009415677029479163,4.316487745154887e-06
237.291,0.009842188830645523,-0.00030673038145586447,237.662,0.009424889323190144,4.324886969435603e-06
237.491,0.009856007183462343,-0.0003067346133779031,237.762,0.009434101616949735,4.333294322340486e-06
237.691,0.00986984793683024,-0.00030667614912184863,237.862,0.009443313910757943,4.3417098037676435e-06
237.691,0.00986984793683024,-0.00030667614912184863,237.962,0.00945252620461477,4.3501334136151535e-06
237.791,0.009883643884523674,-0.0003067430239242563,238.062,0.009461738498520226,4.3585651517811325e-06
237.991,0.0098974846413473,-0.0003066845148628289,238.162,0.009470950792474224,4.367005018163589e-06
237.991,0.0098974846413473,-0.0003066845148628289,238.262,0.009480163086476834,4.3754530126606926e-06
238.091,0.009911280596027087,-0.0003067513612417489,238.362,0.00948937538052801,4.383909135170492e-06
238.291,0.009925121350405786,-0.0003066928075348517,238.462,0.00949858767462774,4.392373385591078e-06
238.291,0.009925121350405786,-0.0003066928075348517,238.562,0.009507799968776038,4.400845763820564e-06
238.391,0.009943523420899596,-0.00030676099646645665,238.662,0.009517012262972885,4.409326269757033e-06
238.591,0.0099573641775583,-0.0003067023905442792,238.762,0.009526224557218277,4.417814903298575e-06
238.591,0.0099573641775583,-0.0003067023905442792,238.862,0.009535436851512218,4.426311664343312e-06
238.691,0.0099711601271755,-0.0003067691753491332,238.962,0.009544649145854648,4.4348165527893e-06
238.691,0.0099711601271755,-0.0003067691753491332,239.062,0.009553861440245615,4.443329568534683e-06
238.891,0.009985000886906976,-0.0003067105246064824,239.162,0.009563073734685047,4.451850711477494e-06
238.991,0.00999942267943368,-0.0003072460065862528,239.262,0.009572286029173009,4.4603799815159005e-06
238.991,0.00999942267943368,-0.0003072460065862528,239.362,0.009581498323709435,4.468917378547965e-06
239.191,0.01001355048562595,-0.000307890291292252,239.462,0.009590710618294331,4.4774629024717976e-06
239.391,0.010027368832510675,-0.000307894295158412,239.562,0.009599922912927725,4.48601655318554e-06
239.391,0.010027368832510675,-0.000307894295158412,239.662,0.009609135207609537,4.4945783305872455e-06
239.491,0.010041187184998907,-0.00030789828226489974,239.762,0.009618347502339822,4.503148234575077e-06
239.691,0.010056478417248164,-0.000306871150785911,239.862,0.009627559797118527,4.511726265047094e-06
239.691,0.010056478417248164,-0.000306871150785911,239.962,0.009636772091945727,4.5203124219014605e-06
239.791,0.01007292651793848,-0.000306053249201345,240.062,0.00964598438682135,4.528906705036245e-06
239.991,0.010091350987913474,-0.0003060584985901464,240.162,0.009655196681745356,4.53750911434955e-06
239.991,0.010091350987913474,-0.0003060584985901464,240.262,0.009664408976717808,4.5461196497395275e-06
240.091,0.010104557547346635,-0.000305608248580522,240.362,0.009673621271738674,4.554738311104294e-06
240.291,0.01011839882653517,-0.00030554924247786354,240.462,0.009682833566807913,4.563365098341927e-06
240.291,0.01011839882653517,-0.00030554924247786354,240.562,0.009692045861925546,4.572000011350563e-06
240.391,0.010133493472145419,-0.00030680502495658823,240.662,0.009701258157091552,4.580643050028333e-06
240.591,0.01014603554116606,-0.000305556987383416,240.762,0.009710470452305928,4.589294214273357e-06
240.591,0.01014603554116606,-0.000305556987383416,240.862,0.009719682747568653,4.597953503983727e-06
240.691,0.010161130184513981,-0.0003068127477655983,240.962,0.009728895042879738,4.606620919057597e-06
240.691,0.010161130184513981,-0.0003068127477655983,241.062,0.009738107338239144,4.615296459393072e-06
240.891,0.01017497161817867,-0.0003067537883678508,241.162,0.009747319633646875,4.6239801248882695e-06
240.991,0.010188482827162249,-0.0003060464808147576,241.262,0.009756531929102948,4.632671915441344e-06
240.991,0.010188482827162249,-0.0003060464808147576,241.362,0.009765744224607327,4.641371830950399e-06
241.191,0.010205187417530806,-0.0003075291060168552,241.462,0.00977495652016001,4.6500798713135725e-06
241.291,0.010218202339251416,-0.0003067899749631117,241.562,0.009784168815761005,4.658796036429021e-06
241.291,0.010218202339251416,-0.0003067899749631117,241.662,0.009793381111410286,4.667520326194847e-06
241.491,0.010232020697551898,-0.0003067937201218604,241.762,0.00980259340710785,4.676252740509187e-06
241.591,0.010245839050859995,-0.00030679744851151686,241.862,0.009811805702853704,4.684993279270197e-06
241.591,0.010245839050859995,-0.00030679744851151686,241.962,0.009821017998647824,4.693741942375995e-06
241.791,0.01025965740255838,-0.00030680115709110444,242.062,0.009830230294490202,4.7024987297247165e-06
241.991,0.01027347575886773,-0.0003068048473602136,242.162,0.009839442590380812,4.711263641214485e-06
241.991,0.01027347575886773,-0.0003068048473602136,242.262,0.009848654886319662,4.720036676743463e-06
242.091,0.010287294112778794,-0.00030680852096191173,242.362,0.009857867182306728,4.728817836209761e-06
242.291,0.010301112466441286,-0.00030681217470477566,242.462,0.009867079478342028,4.7376071195115506e-06
242.291,0.010301112466441286,-0.00030681217470477566,242.562,0.00987629177442557,4.746404526546997e-06
242.391,0.01031493082146265,-0.0003068158117043082,242.662,0.009885504070557282,4.755210057214184e-06
242.591,0.010333355294140275,-0.00030682063160942846,242.762,0.009894716366737208,4.764023711411299e-06
242.591,0.010333355294140275,-0.00030682063160942846,242.862,0.009903928662965338,4.772845489036482e-06
242.691,0.010347592169952093,-0.0003081372845571792,242.962,0.009913140959241595,4.781675389987832e-06
242.891,0.010361410527744726,-0.00030814086210265715,243.062,0.009922353255566055,4.790513414163572e-06
242.891,0.010361410527744726,-0.00030814086210265715,243.162,0.00993156555193868,4.799359561461821e-06
242.991,0.010375234277661474,-0.0003081345407879536,243.262,0.009940777848359431,4.808213831780705e-06
242.991,0.010375234277661474,-0.0003081345407879536,243.362,0.009949990144828374,4.817076225018454e-06
243.191,0.010389052631629656,-0.00030813808183659225,243.462,0.009959202441345424,4.8259467410731445e-06
243.291,0.010402870992487469,-0.0003081416061679818,243.562,0.009968414737910661,4.834825379843006e-06
243.291,0.010402870992487469,-0.0003081416061679818,243.662,0.009977627034523972,4.843712141226113e-06
243.491,0.010416806901559076,-0.0003082694921132862,243.762,0.009986839331185375,4.8526070251206415e-06
243.691,0.010430934159146997,-0.00030872562296004784,243.862,0.009996051627894912,4.8615100314248e-06
243.691,0.010430934159146997,-0.00030872562296004784,243.962,0.010005263924652523,4.8704211600367075e-06
243.791,0.01044475251503455,-0.000308729087331749,244.062,0.010014476221458235,4.879340410854542e-06
243.991,0.010458973715241637,-0.0003093399655628482,244.162,0.010023688518312014,4.888267783776452e-06
243.991,0.010458973715241637,-0.0003093399655628482,244.262,0.010032900815213856,4.897203278700599e-06
244.091,0.010472792066760992,-0.0003093433909834761,244.362,0.010042113112163771,4.906146895525177e-06
244.291,0.010486610424331768,-0.0003093467967977092,244.462,0.010051325409161723,4.915098634148328e-06
244.291,0.010486610424331768,-0.0003093467967977092,244.562,0.01006053770620771,4.924058494468228e-06
244.391,0.010505034899800402,-0.0003093513116665639,244.662,0.010069750003301754,4.933026476383059e-06
244.591,0.010518853260524697,-0.0003093546746739936,244.762,0.010078962300443821,4.94200257979098e-06
244.591,0.010518853260524697,-0.0003093546746739936,244.862,0.010088174597633883,4.950986804590134e-06
244.691,0.010532671619624786,-0.0003093580209298993,244.962,0.010097386894871973,4.959979150678746e-06
244.691,0.010532671619624786,-0.0003093580209298993,245.062,0.010106599192158061,4.968979617954971e-06
244.891,0.010546489974594892,-0.0003093613474042672,245.162,0.010115811489492109,4.9779882063169405e-06
244.991,0.010560308333616939,-0.00030936465713853273,245.262,0.010125023786874172,4.987004915662897e-06
244.991,0.010560308333616939,-0.00030936465713853273,245.362,0.010134236084304213,4.9960297458910015e-06
245.191,0.010578735276660938,-0.00031037884392765144,245.462,0.010143448381782202,5.0050626968994126e-06
245.291,0.010592553638149165,-0.000310382109885423,245.562,0.010152660679308182,5.014103768586361e-06
245.291,0.010592553638149165,-0.000310382109885423,245.662,0.010161872976882091,5.0231529608499815e-06
245.491,0.010606371994355802,-0.0003103853560028437,245.762,0.010171085274503947,5.032210273588459e-06
245.691,0.010620190347417808,-0.0003103885838716593,245.862,0.010180297572173737,5.041275706700003e-06
245.691,0.010620190347417808,-0.0003103885838716593,245.962,0.01018950986989142,5.050349260082747e-06
245.791,0.010634469072193313,-0.00030907633394364637,246.062,0.010198722167657038,5.059430933634932e-06
245.991,0.010648287429298953,-0.0003090795290779955,246.162,0.010207934465470555,5.068520727254726e-06
245.991,0.010648287429298953,-0.0003090795290779955,246.262,0.01021714676333197,5.077618640840316e-06
246.091,0.010662105788408259,-0.00030908270745190784,246.362,0.010226359061241303,5.086724674289917e-06
246.291,0.0106761290700304,-0.00030944303536302383,246.462,0.01023557135919848,5.095838827501682e-06
246.291,0.0106761290700304,-0.00030944303536302383,246.562,0.010244783657203516,5.104961100373807e-06
246.391,0.01068994742325189,-0.00030944617822535066,246.662,0.010253995955256468,5.114091492804548e-06
246.591,0.010703812792885087,-0.00030945724821195133,246.762,0.010263208253357253,5.1232300046920415e-06
246.591,0.010703812792885087,-0.00030945724821195133,246.862,0.010272420551505847,5.1323766359344665e-06
246.691,0.010717631157185019,-0.00030946035453074196,246.962,0.010281632849702309,5.141531386430084e-06
246.891,0.01073605563395157,-0.0003094644669415279,247.062,0.010290845147946632,5.1506942560770995e-06
246.891,0.01073605563395157,-0.0003094644669415279,247.162,0.01030005744623874,5.159865244773646e-06
246.991,0.010749873992152197,-0.0003094675307420753,247.262,0.01030926974457868,5.16904435241797e-06
247.191,0.010763692350176162,-0.00030947057470628175,247.362,0.010318482042966377,5.178231578908234e-06
247.191,0.010763692350176162,-0.00030947057470628175,247.462,0.010327694341401916,5.187426924142714e-06
247.291,0.01077751070834219,-0.0003094736018555442,247.562,0.010336906639885242,5.1966303880195775e-06
247.491,0.010791720159102706,-0.00030866349318967934,247.662,0.010346118938416336,5.205841970437023e-06
247.491,0.010791720159102706,-0.00030866349318967934,247.762,0.010355331236995198,5.2150616712932596e-06
247.591,0.010805538518865015,-0.0003086664871272321,247.862,0.010364543535621806,5.224289490486477e-06
247.591,0.010805538518865015,-0.0003086664871272321,247.962,0.010373755834296207,5.2335254279149616e-06
247.791,0.010819356881645984,-0.0003086694612027498,248.062,0.010382968133018334,5.24276948347685e-06
247.891,0.010833120510253603,-0.0003087515443317893,248.162,0.010392180431788191,5.252021657070389e-06
247.891,0.010833120510253603,-0.0003087515443317893,248.262,0.01040139273060578,5.261281948593793e-06
248.091,0.010846993603790971,-0.0003086753562156299,248.362,0.01041060502947109,5.2705503579452805e-06
248.291,0.010860811964665141,-0.0003086782755429418,248.462,0.010419817328384099,5.27982688502304e-06
248.291,0.010860811964665141,-0.0003086782755429418,248.562,0.010429029627344807,5.2891115297253055e-06
248.391,0.010875584864226724,-0.0003074259112148872,248.662,0.010438241926353216,5.298404291950312e-06
248.591,0.010889457964596633,-0.00030734966171055744,248.762,0.010447454225409302,5.307705171596261e-06
248.591,0.010889457964596633,-0.00030734966171055744,248.862,0.010456666524513068,5.317014168561395e-06
248.691,0.010903221588699927,-0.00030743166667473017,248.962,0.010465878823664477,5.326331282743901e-06
248.891,0.010921646068163959,-0.00030743546314545905,249.062,0.01047509112286356,5.335656514042049e-06
248.891,0.010921646068163959,-0.00030743546314545905,249.162,0.010484303422110298,5.344989862354034e-06
248.991,0.010935464428656672,-0.00030743828994405877,249.262,0.010493515721404693,5.354331327578114e-06
249.191,0.010949842514122404,-0.000307778779889804,249.362,0.010502728020746676,5.363680909612451e-06
249.191,0.010949842514122404,-0.000307778779889804,249.462,0.010511940320136302,5.373038608355344e-06
249.291,0.010963660878717299,-0.0003077815676111345,249.562,0.010521152619573591,5.382404423705054e-06
249.491,0.010978834154646849,-0.000308774130333334,249.662,0.010530364919058425,5.391778355559689e-06
249.491,0.010978834154646849,-0.000308774130333334,249.762,0.010539577218590892,5.401160403817589e-06
249.591,0.010992652519495839,-0.0003087768767284549,249.862,0.01054878951817095,5.410550568376957e-06
249.591,0.010992652519495839,-0.0003087768767284549,249.962,0.010558001817798602,5.419948849136035e-06
249.791,0.011006470880124242,-0.0003087796034226647,250.062,0.010567214117473816,5.429355245993043e-06
249.891,0.01102028924309677,-0.00030878231334823203,250.162,0.010576426417196624,5.438769758846256e-06
249.891,0.01102028924309677,-0.00030878231334823203,250.262,0.010585638716966956,5.4481923875938576e-06
250.091,0.011034107614306187,-0.00030878500350252727,250.362,0.010594851016784854,5.457623132134131e-06
250.291,0.011047925979434181,-0.00030878767532667824,250.462,0.010604063316650253,5.467061992365276e-06
250.291,0.011047925979434181,-0.00030878767532667824,250.562,0.010613275616563231,5.476508968185604e-06
250.391,0.01106174434903339,-0.0003087903304801683,250.662,0.010622487916523675,5.485964059493275e-06
250.591,0.01108016882751954,-0.0003087938413035287,250.762,0.01063170021653168,5.4954272661866305e-06
250.591,0.01108016882751954,-0.0003087938413035287,250.862,0.010640912516587175,5.504898588163841e-06
250.691,0.011093987189999476,-0.0003087964538490028,250.962,0.010650124816690185,5.514378025323207e-06
250.691,0.011093987189999476,-0.0003087964538490028,251.062,0.01065933711684066,5.523865577562936e-06
250.891,0.01110878067899179,-0.0003078341839735337,251.162,0.010668549417038622,5.5333612447813064e-06
251.091,0.011122599043113905,-0.0003078367639971207,251.262,0.010677761717284047,5.54286502687657e-06
251.091,0.011122599043113905,-0.0003078367639971207,251.362,0.010686974017576924,5.552376923746957e-06
251.191,0.01113641740845637,-0.00030783932730941825,251.462,0.010696186317917302,5.561896935290795e-06
251.391,0.011151835995830429,-0.00030624455804301604,251.562,0.010705398618305082,5.571425061406226e-06
251.391,0.011151835995830429,-0.00030624455804301604,251.662,0.010714610918740347,5.580961301991622e-06
251.491,0.0111656543591572,-0.00030624709147601757,251.762,0.010723823219223038,5.590505656945176e-06
251.691,0.011183377607255409,-0.0003054472967338724,251.862,0.01073303551975314,5.60005812616515e-06
251.691,0.011183377607255409,-0.0003054472967338724,251.962,0.010742247820330644,5.609618709549808e-06
251.791,0.011186746102434942,-0.00030306625443440063,252.062,0.010751460120955566,5.6191874069974336e-06
251.991,0.011200564465910133,-0.00030306874623053703,252.162,0.010760672421627855,5.628764218406247e-06
251.991,0.011200564465910133,-0.00030306874623053703,252.262,0.010769884722347555,5.638349143674559e-06
252.091,0.01121438283361304,-0.0003030712212944417,252.362,0.010779097023114607,5.647942182700601e-06
252.091,0.01121438283361304,-0.0003030712212944417,252.462,0.010788309323929051,5.657543335382676e-06
252.291,0.01122820119815587,-0.0003030736766017046,252.562,0.010797521624790809,5.66715260161899e-06
252.491,0.011242019566746428,-0.0003030761136472347,252.662,0.010806733925699955,5.676769981307884e-06
252.491,0.011242019566746428,-0.0003030761136472347,252.762,0.010815946226656449,5.686395474347614e-06
252.591,0.01125583793223384,-0.00030307853393825215,252.862,0.010825158527660285,5.6960290806364485e-06
252.591,0.01125583793223384,-0.00030307853393825215,252.962,0.010834370828711427,5.705670800072635e-06
252.791,0.011274085479218213,-0.0003035784724755328,253.062,0.010843583129809911,5.715320632554481e-06
252.891,0.011291607008796464,-0.0003032836064672933,253.162,0.01085279543095567,5.724978577980232e-06
252.891,0.011291607008796464,-0.0003032836064672933,253.262,0.010862007732148755,5.734644636248199e-06
253.091,0.011307018639136931,-0.0003042489181489754,253.362,0.01087122003338912,5.744318807256636e-06
253.291,0.011321740130813237,-0.000304549369377682,253.462,0.010880432334676783,5.754001090903851e-06
253.291,0.011321740130813237,-0.000304549369377682,253.562,0.010889644636011714,5.763691487088101e-06
253.391,0.011334655364381128,-0.0003042535816581281,253.662,0.01089885693739391,5.773389995707671e-06
253.591,0.011348473732813523,-0.0003042558852255676,253.762,0.010908069238823363,5.783096616660848e-06
253.591,0.011348473732813523,-0.0003042558852255676,253.862,0.010917281540300064,5.792811349845917e-06
253.691,0.011362292099736644,-0.0003042581720555565,253.962,0.010926493841824024,5.802534195161186e-06
253.891,0.011376457599297618,-0.00030388384531163733,254.062,0.010935706143395226,5.812265152504924e-06
253.891,0.011376457599297618,-0.00030388384531163733,254.162,0.010944918445013609,5.822004221775379e-06
253.991,0.011390275969619777,-0.0003038860956437941,254.262,0.010954130746679233,5.831751402870907e-06
254.191,0.011409602803503014,-0.00030418686852297773,254.362,0.01096334304839207,5.841506695689782e-06
254.191,0.011409602803503014,-0.00030418686852297773,254.462,0.010972555350152092,5.851270100130272e-06
254.291,0.011423421169463125,-0.0003041890730045737,254.562,0.01098176765195927,5.861041616090653e-06
254.491,0.011437239537448634,-0.00030419125770280516,254.662,0.010990979953813661,5.870821243469287e-06
254.491,0.011437239537448634,-0.00030419125770280516,254.762,0.011000192255715245,5.8806089821644504e-06
254.591,0.01145105790099078,-0.0003041934257168041,254.862,0.011009404557663983,5.890404832074431e-06
254.591,0.01145105790099078,-0.0003041934257168041,254.962,0.011018616859659908,5.900208793097559e-06
254.791,0.011466074403905591,-0.0003048668659931862,255.062,0.01102782916170293,5.910020865132051e-06
254.891,0.011479892768765427,-0.0003048689994042853,255.162,0.011037041463793118,5.91984104807629e-06
254.891,0.011479892768765427,-0.0003048689994042853,255.262,0.01104625376593048,5.929669341828589e-06
255.091,0.011493711131639474,-0.0003048711130793243,255.362,0.011055466068114915,5.939505746287163e-06
255.291,0.011507529498684502,-0.000304873208464205,255.462,0.011064678370346479,5.949350261350393e-06
255.291,0.011507529498684502,-0.000304873208464205,255.562,0.01107389067262516,5.9592028869165635e-06
255.391,0.011521347863775795,-0.00030487528716237756,255.662,0.01108310297495096,5.969063622884008e-06
255.591,0.011535166237049919,-0.0003048773460825211,255.762,0.011092315277323801,5.978932469150961e-06
255.591,0.011535166237049919,-0.0003048773460825211,255.862,0.011101527579743746,5.988809425615809e-06
255.691,0.011548984604374188,-0.0003048793882641526,255.962,0.01111073988221076,5.998694492176819e-06
255.891,0.011562802967866808,-0.00030488141068213767,256.062,0.011119952184724839,6.0085876687323245e-06
255.891,0.011562802967866808,-0.00030488141068213767,256.162,0.011129164487285964,6.018488955180621e-06
255.991,0.011580361247834606,-0.0003055490714376754,256.262,0.0111383767898941,6.028398351420007e-06
256.191,0.011594179614498601,-0.0003055510516082554,256.362,0.01114758909254929,6.038315857348834e-06
256.191,0.011594179614498601,-0.0003055510516082554,256.462,0.011156801395251527,6.048241472865432e-06
256.291,0.011607997985396135,-0.0003055530150400482,256.562,0.011166013698000757,6.058175197868069e-06
256.491,0.011626422477410579,-0.0003055556035268455,256.662,0.011175226000797034,6.068117032255138e-06
256.491,0.011626422477410579,-0.0003055556035268455,256.762,0.01118443830364031,6.078066975924921e-06
256.591,0.01164024084472639,-0.0003055575244228277,256.862,0.011193650606530603,6.088025028775762e-06
256.791,0.011654572223194949,-0.00030562879714044773,256.962,0.011202862909467834,6.097991190705915e-06
256.791,0.011654572223194949,-0.00030562879714044773,257.062,0.011212075212452089,6.1079654616138056e-06
256.891,0.011668390586877964,-0.0003056306769979156,257.162,0.011221287515483295,6.117947841397687e-06
256.891,0.011668390586877964,-0.0003056306769979156,257.262,0.011230499818561477,6.127938329955917e-06
257.091,0.011682208960271565,-0.000305632537025152,257.362,0.011239712121686611,6.137936927186822e-06
257.291,0.011696027332097013,-0.00030563437883614344,257.462,0.011248924424858668,6.147943632988715e-06
257.291,0.011696027332097013,-0.00030563437883614344,257.562,0.0112581367280777,6.1579584472599755e-06
257.391,0.01171445182075656,-0.00030563680872275405,257.662,0.011267349031343644,6.1679813698988855e-06
257.591,0.011728270192857718,-0.00030563860796956353,257.762,0.011276561334656494,6.1780124008037835e-06
257.591,0.011728270192857718,-0.00030563860796956353,257.862,0.011285773638016243,6.188051539873009e-06
257.691,0.011742088567778327,-0.0003056403905245584,257.962,0.011294985941422905,6.198098787004921e-06
257.691,0.011742088567778327,-0.0003056403905245584,258.062,0.011304198244876456,6.2081541420978315e-06
257.891,0.011755906938750652,-0.00030564215327234795,258.162,0.011313410548376902,6.218217605050118e-06
257.991,0.011769725306467143,-0.00030564389929441853,258.262,0.011322622851924214,6.2282891757600685e-06
257.991,0.011769725306467143,-0.00030564389929441853,258.362,0.011331835155518437,6.238368854126096e-06
258.191,0.011785617385148947,-0.0003048304655467056,258.462,0.01134104745915947,6.248456640046455e-06
258.391,0.011799435756234797,-0.00030483218062335346,258.562,0.011350259762847394,6.258552533419581e-06
258.391,0.011799435756234797,-0.00030483218062335346,258.662,0.011359472066582122,6.268656534143735e-06
258.491,0.011813254129025895,-0.0003048338790313618,258.762,0.011368684370363707,6.278768642117329e-06
258.691,0.01182707249947062,-0.0003048355576118131,258.862,0.011377896674192102,6.288888857238658e-06
258.691,0.01182707249947062,-0.0003048355576118131,258.962,0.011387108978067323,6.299017179406113e-06
258.791,0.011840890871348876,-0.00030483721950979887,259.062,0.011396321281989339,6.309153608518009e-06
