MCL_Timestamp,MCL_X,MCL_Y,Odom_Timestamp,Odom_X,Odom_Y
505.881,0.00652972002963042,0.009543796800507735,506.093,0.00028055349467891145,4.821111165922618e-09
505.981,0.006540293646861935,0.00954851545665501,506.193,0.0002897657483724763,5.1094167275524996e-09
505.981,0.006540293646861935,0.00954851545665501,506.293,0.0002989779986200032,5.405952491788124e-09
506.181,0.006555719826671952,0.009547004506921112,506.393,0.00030819024631092854,5.7107183817900616e-09
506.281,0.006567930329657908,0.009548516158843317,506.493,0.00031740249211299927,6.02371431469289e-09
506.281,0.006567930329657908,0.009548516158843317,506.593,0.000326614736527119,6.344940202949599e-09
506.481,0.006583269411579854,0.009546943733749683,506.693,0.0003358269799287579,6.674395955383382e-09
506.481,0.006583269411579854,0.009546943733749683,506.793,0.00034503922259946116,7.0120814780197495e-09
506.581,0.00659556699614392,0.009548516935121163,506.893,0.00035425146474978584,7.3579966747073665e-09
506.781,0.006613885725371408,0.009548197180299929,506.993,0.0003634637065371325,7.71214144762206e-09
506.781,0.006613885725371408,0.009548197180299929,507.093,0.0003726759480791327,8.074515697654009e-09
506.981,0.006630898022392273,0.009548288583366156,507.193,0.0003818881894632207,8.445119324691638e-09
507.081,0.006641522381762329,0.009548198079664144,507.293,0.0003911004307545812,8.823952227868482e-09
507.081,0.006641522381762329,0.009548198079664144,507.393,0.0004003126720014573,9.211014305730954e-09
507.281,0.006658599711984431,0.009548315472872763,507.493,0.0004095249132394132,9.606305456375666e-09
507.281,0.006658599711984431,0.009548315472872763,507.593,0.0004187371544946203,1.0009825577560022e-08
507.381,0.006669163798510769,0.009548177645307694,507.693,0.00042794939578618936,1.0421574566782781e-08
507.581,0.006686236364170406,0.009548316485952604,507.793,0.00043716163712805744,1.0841552321349126e-08
507.581,0.006686236364170406,0.009548316485952604,507.893,0.0004463738785301428,1.1269758738412339e-08
507.681,0.006696800455059495,0.009548178692540306,507.993,0.00045558611999934343,1.1706193715008676e-08
507.881,0.0067138206302652,0.009548039154555776,508.093,0.00046479836154058175,1.2150857148101588e-08
507.881,0.0067138206302652,0.009548039154555776,508.193,0.0004740106031570919,1.2603748934586654e-08
508.081,0.006727869649166267,0.009548446284235998,508.293,0.00048322284485102047,1.3064868971318736e-08
508.181,0.006741582189741394,0.009548126493428025,508.393,0.0004924350866234263,1.3534217155110397e-08
508.181,0.006741582189741394,0.009548126493428025,508.493,0.0005016473284750339,1.4011793382766321e-08
508.381,0.006755506308012601,0.009548447481966192,508.593,0.0005108595704059696,1.4497597551068344e-08
508.481,0.0067704982112893955,0.009548181847220298,508.693,0.0005200718124160703,1.4991629556790302e-08
508.481,0.0067704982112893955,0.009548181847220298,508.793,0.0005292840545048415,1.5493889296692775e-08
508.681,0.006787518385983294,0.00954804241510309,508.893,0.0005384962966719194,1.6004376667549726e-08
508.681,0.006787518385983294,0.00954804241510309,508.993,0.0005477085389165643,1.6523091566118723e-08
508.781,0.00679819516543379,0.009548230554012252,509.093,0.000556920781237991,1.7050033889158038e-08
508.981,0.006815226593697079,0.009548088027115272,509.193,0.0005661330236356158,1.758520353344067e-08
508.981,0.006815226593697079,0.009548088027115272,509.293,0.0005753452661086538,1.812860039573299e-08
509.181,0.006829098273144558,0.009548130656481931,509.393,0.0005845575086563877,1.8680224372809033e-08
509.281,0.006844256273010805,0.009548232916834903,509.493,0.0005937697512780097,1.9240075361440423e-08
509.281,0.006844256273010805,0.009548232916834903,509.593,0.0006029819939729582,1.9808153258416034e-08
509.481,0.006861287701614664,0.009548090454429356,509.693,0.0006121942367404041,2.038445796051049e-08
509.581,0.006871892933955223,0.00954823443324291,509.793,0.0006214064795797402,2.0968989364514664e-08
509.581,0.006871892933955223,0.00954823443324291,509.893,0.0006306187224904035,2.15617473672259e-08
509.781,0.006888924363058888,0.009548092009535023,509.993,0.0006398309654716555,2.2162731865433724e-08
509.781,0.006888924363058888,0.009548092009535023,510.093,0.0006490432085229994,2.2771942755944803e-08
509.881,0.006899529593968564,0.009548236023715793,510.193,0.0006582554516438506,2.338937993556237e-08
510.081,0.0069165770790411436,0.009548104372403282,510.293,0.0006674676948337577,2.4015043301100672e-08
510.081,0.0069165770790411436,0.009548104372403282,510.393,0.0006766799380921807,2.4648932749370514e-08
510.181,0.006927307155915538,0.009548334577753954,510.493,0.000685892181418601,2.5291048177186478e-08
510.381,0.0069466369513451086,0.00954897180710251,510.593,0.0006951044248126565,2.5941389481374848e-08
510.381,0.0069466369513451086,0.00954897180710251,510.693,0.0007043166682738735,2.6599956558756966e-08
510.581,0.006960455276892187,0.009548972686076613,510.793,0.0007135289118018452,2.72667493061609e-08
510.681,0.006976935493497107,0.009549506397970661,510.843,0.0007181350335906865,2.76032302738772e-08
510.681,0.006976935493497107,0.009549506397970661,510.993,0.0007319533990564236,2.8625011398360584e-08
510.881,0.006988091942524685,0.009548974499496179,511.093,0.0007411656427824612,2.9316480536840853e-08
510.981,0.007004572141234871,0.009549508257142195,511.193,0.0007503778865737571,3.001617493268681e-08
510.981,0.007004572141234871,0.009549508257142195,511.293,0.0007595901304300398,3.0724094482748516e-08
511.181,0.007021479669267532,0.00954928006991062,511.393,0.000768802374350968,3.144023908387015e-08
511.181,0.007021479669267532,0.00954928006991062,511.493,0.0007780146183363786,3.216460863291169e-08
511.281,0.00703220879464781,0.009549510190340465,511.593,0.000787226862385931,3.289720302672073e-08
511.481,0.007049116324394747,0.009549282042447482,511.693,0.0007964391064992403,3.36380221621422e-08
511.481,0.007049116324394747,0.009549282042447482,511.793,0.0008056513506762557,3.438706593605098e-08
511.681,0.007061789678870779,0.009548979697174597,511.893,0.0008148635949165257,3.5144334245289665e-08
511.781,0.007078269886688213,0.009549513576808248,511.993,0.0008240758392200203,3.590982698673713e-08
511.781,0.007078269886688213,0.009549513576808248,512.093,0.0008332880835864435,3.668354405725387e-08
511.981,0.007095177409851946,0.009549285494456163,512.193,0.0008425003280155657,3.746548535370711e-08
512.081,0.007105903282241596,0.00954953462348608,512.293,0.0008517125725070918,3.8255650772958205e-08
512.081,0.007105903282241596,0.00954953462348608,512.393,0.0008609248170609916,3.9054040211895793e-08
512.281,0.007122814072190333,0.00954928766436263,512.493,0.0008701370616769912,3.986065356738922e-08
512.281,0.007122814072190333,0.00954928766436263,512.593,0.0008793493063549504,4.067549073631984e-08
512.381,0.007133539946570769,0.009549536828214822,512.693,0.0008885615510946629,4.1498551615564637e-08
512.581,0.007150447477067136,0.009549308828079238,512.793,0.0008977737958959416,4.2329836102002874e-08
512.581,0.007150447477067136,0.009549308828079238,512.893,0.0009069860407586694,4.31693440925225e-08
512.681,0.007179130579549374,0.009520627246383234,512.993,0.00091619828568275,4.401707548401536e-08
512.881,0.007178084145825123,0.009549311146155277,513.093,0.0009254105306678657,4.4873030173353224e-08
512.881,0.007178084145825123,0.009549311146155277,513.193,0.0009346227757140308,4.573720805744106e-08
513.081,0.007191977709892364,0.009549364457139674,513.293,0.0009438350208209045,4.660960903315249e-08
513.181,0.00722730458372685,0.009521231877592497,513.393,0.0009530472659886354,4.749023299740748e-08
513.181,0.00722730458372685,0.009521231877592497,513.493,0.00096225951121695,4.837907984708762e-08
513.381,0.0072432328641086,0.009520291392989724,513.593,0.0009714717565056848,4.927614947908687e-08
513.481,0.0072549412435134126,0.00952123406044127,513.693,0.000980684001854766,5.018144179030912e-08
513.481,0.0072549412435134126,0.00952123406044127,513.793,0.0009898962472641205,5.109495667765967e-08
513.681,0.007270869532433599,0.00952029361832422,513.893,0.0009991084927334962,5.201669403802781e-08
513.681,0.007270869532433599,0.00952029361832422,513.993,0.001008320738262998,5.294665376834056e-08
513.781,0.00728164429015768,0.009521520312820279,514.093,0.0010175329838523518,5.3884835765487933e-08
513.981,0.0072994992195775195,0.009521002049206863,514.193,0.0010267452295015472,5.483123992638766e-08
513.981,0.0072994992195775195,0.009521002049206863,514.293,0.001035957475210402,5.578586614794066e-08
514.181,0.007312400143523042,0.009520349157064456,514.393,0.0010451697209788854,5.674871432706604e-08
514.281,0.007330914937378771,0.00952019726328697,514.493,0.0010543819668069694,5.771978436068281e-08
514.281,0.007330914937378771,0.00952019726328697,514.593,0.0010635942126944672,5.8699076145696456e-08
514.481,0.00734462640331516,0.009521290072185497,514.693,0.0010728064586412623,5.968658957902063e-08
514.481,0.00734462640331516,0.009521290072185497,514.793,0.0010820187046474124,6.068232455759123e-08
514.581,0.007358551599156612,0.009520199689974675,514.893,0.001091230950712689,6.168628097831252e-08
514.781,0.007372338687446533,0.009521344620331612,514.993,0.0011004431968371286,6.26984587381201e-08
514.781,0.007372338687446533,0.009521344620331612,515.093,0.0011096554430205252,6.371885773392403e-08
514.981,0.007385965596081477,0.009521106597750847,515.193,0.0011188676892629366,6.47474778626639e-08
515.081,0.007399975352947783,0.009521347173180312,515.293,0.0011280799355643124,6.578431902126869e-08
515.081,0.007399975352947783,0.009521347173180312,515.393,0.0011372921819244675,6.68293811066544e-08
515.281,0.007421609533196,0.009520021673364227,515.493,0.0011465044283433493,6.788266401575426e-08
515.381,0.007432151127276077,0.009520491696879213,515.593,0.0011557166748209279,6.894416764550322e-08
515.381,0.007432151127276077,0.009520491696879213,515.693,0.0011649289213571967,7.001389189284153e-08
515.581,0.007449271851780913,0.00952044200593861,515.793,0.0011741411679520156,7.109183665469465e-08
515.681,0.007460034375597887,0.009519708584246396,515.893,0.0011833534146053323,7.217800182799992e-08
515.681,0.007460034375597887,0.009519708584246396,515.993,0.0011925656613170957,7.327238730969683e-08
515.881,0.00747678464255364,0.009520312295904549,516.093,0.001201777908087232,7.437499299672353e-08
515.881,0.00747678464255364,0.009520312295904549,516.193,0.0012109901549158214,7.548581878603748e-08
515.981,0.007490850344751841,0.009519524933616727,516.293,0.0012202024018025694,7.660486457455285e-08
516.181,0.007506828879814568,0.00952046745950025,516.393,0.0012294146487475779,7.773213025923267e-08
516.181,0.007506828879814568,0.00952046745950025,516.493,0.0012386268957507306,7.886761573701308e-08
516.281,0.00752211515297036,0.009519492287588601,516.593,0.0012478391428121297,8.001132090486096e-08
516.481,0.007536080152887773,0.009519930945824647,516.693,0.0012570513899315243,8.116324565969954e-08
516.481,0.007536080152887773,0.009519930945824647,516.793,0.0012662636371089735,8.232338989849316e-08
516.681,0.0075513935764394855,0.009520303106188918,516.893,0.0012754758843444038,8.349175351819059e-08
516.781,0.007573981037015898,0.009520092924182991,516.993,0.0012846881316376981,8.466833641573662e-08
516.781,0.007573981037015898,0.009520092924182991,517.093,0.0012939003789889773,8.585313848810699e-08
516.981,0.007585000649262498,0.009519626683068964,517.193,0.0013031126263980592,8.704615963223974e-08
517.081,0.007598387404583621,0.009520199122320227,517.293,0.0013123248738649176,8.824739974509376e-08
517.081,0.007598387404583621,0.009520199122320227,517.393,0.0013215371213896301,8.945685872364557e-08
517.281,0.007615370883737758,0.009520142610044368,517.493,0.0013307493689720129,9.067453646483684e-08
517.281,0.007615370883737758,0.009520142610044368,517.593,0.0013399616166121472,9.190043286564394e-08
517.381,0.007629254372146206,0.009520099016991338,517.693,0.0013491738643098715,9.313454782301393e-08
517.581,0.007644979598323032,0.009519944187448911,517.793,0.001358386112065221,9.437688123392317e-08
517.581,0.007644979598323032,0.009519944187448911,517.893,0.0013675983598781022,9.562743299533022e-08
517.781,0.0076540923229672,0.009519634482749501,517.993,0.0013768106077485718,9.688620300421609e-08
517.881,0.007672452942842498,0.009519685292639728,518.093,0.0013860228556765337,9.815319115754114e-08
517.881,0.007672452942842498,0.009519685292639728,518.193,0.0013952351036619153,9.942839735226977e-08
518.081,0.00769087739959668,0.009519687456953824,518.293,0.0014044473517046871,1.0071182148537442e-07
518.181,0.007704695741502718,0.009519689101668147,518.393,0.0014136595998049306,1.0200346345384378e-07
518.181,0.007704695741502718,0.009519689101668147,518.493,0.0014228718479624815,1.0330332315463315e-07
518.381,0.007718514072841191,0.009519690765022324,518.593,0.0014320840961774008,1.0461140048473172e-07
518.481,0.0077274825281486315,0.00952034660485832,518.693,0.001441296344449592,1.0592769534110888e-07
518.481,0.0077274825281486315,0.00952034660485832,518.793,0.0014505085927790711,1.0725220762075038e-07
518.681,0.007746152103480286,0.009519690603188033,518.893,0.001459720841165783,1.085849372206323e-07
518.781,0.007758226878074184,0.009520110840793688,518.993,0.001468933089609678,1.0992588403773416e-07
518.781,0.007758226878074184,0.009520110840793688,519.093,0.001478145338110793,1.1127504796905e-07
518.981,0.007773788776604448,0.009519694059189484,519.193,0.0014873575866689874,1.1263242891154789e-07
518.981,0.007773788776604448,0.009519694059189484,519.293,0.0014965698352843659,1.1399802676223283e-07
519.081,0.007784500060460489,0.009519931572960027,519.393,0.001505782083956787,1.1537184141807495e-07
519.281,0.007801425460793946,0.009519697589136733,519.493,0.0015149943326863327,1.1675387277607866e-07
519.281,0.007801425460793946,0.009519697589136733,519.593,0.0015242065814729065,1.1814412073322396e-07
519.481,0.007815813641240345,0.009519839374235974,519.693,0.001533418830316412,1.1954258518649204e-07
519.581,0.00782906213701498,0.00951970119302689,519.793,0.0015426310792169557,1.2094926603289383e-07
519.581,0.00782906213701498,0.00951970119302689,519.893,0.001551843328174437,1.223641631694118e-07
519.781,0.007847486582265346,0.009519703636706718,519.993,0.0015610555771888954,1.2378727649305125e-07
519.881,0.00785819786513694,0.009519941243089924,520.093,0.0015702678262602336,1.2521860590079876e-07
519.881,0.00785819786513694,0.009519941243089924,520.193,0.0015794800753883996,1.2665815128964764e-07
520.081,0.00787512325507426,0.00951970736385466,520.293,0.0015886923245734329,1.2810591255660618e-07
520.081,0.00787512325507426,0.00951970736385466,520.393,0.0015979045738153488,1.2956188959868228e-07
520.181,0.007885834530137623,0.00951994500494837,520.493,0.0016071168231140472,1.3102608231286616e-07
520.381,0.007902759927331669,0.009519711164942019,520.593,0.0016163290724695023,1.3249849059616135e-07
520.381,0.007902759927331669,0.009519711164942019,520.693,0.0016255413218817934,1.3397911434558884e-07
520.581,0.007917456042664868,0.009520045393033047,520.793,0.001634753571350758,1.3546795345813214e-07
520.681,0.00794033066579339,0.009518392465302911,520.893,0.0016439658208764326,1.3696500783080825e-07
520.681,0.00794033066579339,0.009518392465302911,520.993,0.0016531780704588128,1.3847027736062777e-07
520.881,0.007948821062827278,0.009519717664396157,521.093,0.001662390320097889,1.3998376194460436e-07
520.981,0.007967967345571104,0.009518396396358361,521.193,0.0016716025697935866,1.415054614797419e-07
520.981,0.007967967345571104,0.009518396396358361,521.293,0.0016808148195459009,1.430353758630544e-07
521.181,0.007981785690707453,0.009518398389727805,521.393,0.0016900270693548664,1.445735049915654e-07
521.181,0.007981785690707453,0.009518398389727805,521.493,0.0016992393192203662,1.4611984876227281e-07
521.281,0.007995604032351535,0.00951840040134555,521.593,0.0017084515691424156,1.4767440707220005e-07
521.481,0.008012395561517515,0.009516630392594497,521.693,0.001717663819121116,1.4923717981838663e-07
521.481,0.008012395561517515,0.009516630392594497,521.793,0.0017268760691563074,1.5080816689782719e-07
521.581,0.008023240699344675,0.009518404480277354,521.893,0.001736088319247982,1.5238736820754513e-07
521.781,0.008037059040747715,0.009518406547539281,521.993,0.0017453005693961305,1.5397478364456495e-07
521.781,0.008037059040747715,0.009518406547539281,522.093,0.0017545128196008151,1.5557041310592359e-07
521.981,0.008055483494851766,0.009518409332549133,522.193,0.001763725069861849,1.5717425648861617e-07
522.081,0.008069301838136065,0.009518411442777113,522.293,0.001772937320179336,1.5878631368969083e-07
522.081,0.008069301838136065,0.009518411442777113,522.393,0.0017821495705532897,1.6040658460618216e-07
522.281,0.008086401432204229,0.009516833689043271,522.493,0.0017913618209835947,1.6203506913510125e-07
522.281,0.008086401432204229,0.009516833689043271,522.593,0.001800574071470287,1.636717671734883e-07
522.381,0.008096938515215577,0.009518415718826091,522.693,0.0018097863220132915,1.6531667861836528e-07
522.581,0.008114038110691222,0.00951683800006668,522.793,0.0018189985726127583,1.6696980336679377e-07
522.581,0.008114038110691222,0.00951683800006668,522.893,0.0018282108232684348,1.686311413157654e-07
522.781,0.008127856452141731,0.009516840183392892,522.993,0.0018374230739804688,1.7030069236234537e-07
522.881,0.008142999656383605,0.009518423009880811,523.093,0.0018466353247487645,1.7197845640355682e-07
522.881,0.008142999656383605,0.009518423009880811,523.193,0.0018558475755733144,1.7366443333643844e-07
523.081,0.008160099255435073,0.00951684534936645,523.293,0.0018650598264541335,1.7535862305803495e-07
523.181,0.008171261602336482,0.009518594317305258,523.393,0.0018742720773911915,1.7706102546538543e-07
523.181,0.008171261602336482,0.009518594317305258,523.493,0.0018834843283845276,1.787716404555414e-07
523.381,0.008188361376056266,0.009517016714011275,523.593,0.0018926965794340237,1.8049046792552733e-07
523.381,0.008188361376056266,0.009517016714011275,523.693,0.0019019088305397365,1.822175077724026e-07
523.481,0.008201301490810274,0.009516686943999151,523.793,0.0019111210817015936,1.839527598932021e-07
523.681,0.008215998059318412,0.009517021295932767,523.893,0.0019203333329196079,1.8569622418497706e-07
523.681,0.008215998059318412,0.009517021295932767,523.993,0.0019295455841937526,1.874479005447733e-07
523.781,0.008229246226421218,0.00951688368577439,524.093,0.0019387578355240188,1.8920778886964304e-07
523.981,0.008243634737039035,0.009517025951737633,524.193,0.0019479700869103334,1.9097588905662531e-07
523.981,0.008243634737039035,0.009517025951737633,524.293,0.001957182338352822,1.9275220100279965e-07
524.181,0.008265825710445098,0.00951676598632081,524.393,0.0019663945898513,1.9453672460518855e-07
524.281,0.008279073546280996,0.009516628409477375,524.493,0.0019756068414059583,1.963294597608893e-07
524.281,0.008279073546280996,0.009516628409477375,524.593,0.0019848190930165928,1.9813040636692078e-07
524.481,0.008293462396588068,0.009516770783997926,524.693,0.0019940313446832622,1.9993956432035504e-07
524.581,0.008307480365924096,0.009516842676882778,524.793,0.002003243596405979,2.017569335182567e-07
524.581,0.008307480365924096,0.009516842676882778,524.893,0.0020124558481846924,2.0358251385767894e-07
524.781,0.008322529179170066,0.00951748081678323,524.993,0.0020216681000193516,2.0541630523567684e-07
524.781,0.008322529179170066,0.00951748081678323,525.093,0.002030880351909948,2.0725830754931393e-07
524.881,0.008335776917696087,0.009517343260308592,525.193,0.0020400926038565874,2.0910852069567827e-07
525.081,0.008350165876160798,0.00951748576260718,525.293,0.0020493048558591965,2.1096694457182376e-07
525.081,0.008350165876160798,0.00951748576260718,525.393,0.0020585171079176507,2.1283357907479658e-07
525.181,0.008363984223538828,0.009517488263134075,525.493,0.002067729360031993,2.1470842410167315e-07
525.381,0.008378122722403129,0.009517820536804288,525.593,0.002076941612202348,2.1659147954955214e-07
525.381,0.008378122722403129,0.009517820536804288,525.693,0.0020861538644284423,2.1848274531545216e-07
525.581,0.008392222697528031,0.009517866379782797,525.793,0.0020953661167105353,2.203822212965001e-07
525.681,0.008408844507002407,0.009518003503622554,525.893,0.0021045783690484413,2.2228990738973354e-07
525.681,0.008408844507002407,0.009518003503622554,525.993,0.0021137906214421303,2.2420580349222375e-07
525.881,0.008424183858618548,0.009517829055451996,526.093,0.00212300287389184,2.2612990950109923e-07
525.981,0.00843742477872241,0.009518891490082183,526.193,0.0021322151263972076,2.2806222531336377e-07
525.981,0.00843742477872241,0.009518891490082183,526.293,0.0021414273789584024,2.300027508261338e-07
526.181,0.00845147191947971,0.00951852447861435,526.393,0.0021506396315754414,2.319514859364967e-07
526.181,0.00845147191947971,0.00951852447861435,526.493,0.0021598518842481603,2.3390843054150192e-07
526.281,0.008464490811137404,0.009518756607617527,526.593,0.00216906413697675,2.3587358453827621e-07
526.481,0.00847882696824224,0.009518486438097995,526.693,0.002178276389761008,2.3784694782386106e-07
526.481,0.00847882696824224,0.009518486438097995,526.793,0.002187488642601103,2.398285202953795e-07
526.581,0.008493018324424539,0.009519231888412501,526.893,0.002196700895496803,2.4181830184987184e-07
526.781,0.008508337617841,0.009519084903198577,526.993,0.0022059131484483047,2.438162923844701e-07
526.781,0.008508337617841,0.009519084903198577,527.093,0.0022151254014554657,2.458224917962354e-07
526.981,0.008522304894805493,0.009518363932139715,527.193,0.002224337654518299,2.4783689998226287e-07
527.081,0.008535936931185404,0.009519046214623938,527.293,0.0022335499076368646,2.498595168396605e-07
527.081,0.008535936931185404,0.009519046214623938,527.393,0.0022427621608110708,2.5189034226550146e-07
527.281,0.008554361379726278,0.009519049873988182,527.493,0.0022519744140409273,2.539293761568851e-07
527.381,0.008568322407063681,0.009518497774971381,527.593,0.002261186667326407,2.5597661841090183e-07
527.381,0.008568322407063681,0.009518497774971381,527.693,0.002270398920667544,2.5803206892465915e-07
527.581,0.008582944527661665,0.009518563017231483,527.793,0.002279611174064221,2.60095727595232e-07
527.581,0.008582944527661665,0.009518563017231483,527.893,0.002288823427516566,2.621675943197512e-07
527.681,0.008595959094034076,0.009518503359797282,527.993,0.0022980356810244616,2.642476689952956e-07
527.881,0.008610059119373757,0.009518549507053267,528.093,0.002307247934587986,2.663359515189877e-07
527.881,0.008610059119373757,0.009518549507053267,528.193,0.0023164601882069793,2.684324417878946e-07
528.081,0.008624012564355667,0.009519127160921887,528.293,0.002325672441881608,2.7053713969916327e-07
528.181,0.008637695814177289,0.00951855520323741,528.393,0.002334884695611715,2.72650045149865e-07
528.181,0.008637695814177289,0.00951855520323741,528.493,0.0023440969493974,2.7477115803713295e-07
528.381,0.008656120281486936,0.009518559041746947,528.593,0.0023533092032385463,2.769004782580515e-07
528.481,0.008669924490902058,0.009518356299832558,528.693,0.002362521457135235,2.790380057097507e-07
528.481,0.008669924490902058,0.009518356299832558,528.793,0.00237173371108737,2.81183740289322e-07
528.681,0.008684279062938362,0.009518583965927332,528.893,0.0023809459650950093,2.833376818938926e-07
528.781,0.00869756117581075,0.009518362155889724,528.993,0.002390158219158149,2.854998304205774e-07
528.781,0.00869756117581075,0.009518362155889724,529.093,0.0023993704732766657,2.8767018576646684e-07
528.981,0.008712219666724924,0.009518757605437078,529.193,0.00240858272745067,2.898487478287033e-07
528.981,0.008712219666724924,0.009518757605437078,529.293,0.0024177949816801035,2.9203551650439547e-07
529.081,0.008725197867823357,0.009518368085800786,529.393,0.0024270072359650293,2.942304916906789e-07
529.281,0.008739575673592914,0.009518434271136094,529.493,0.002436219490305283,2.964336732846374e-07
529.281,0.008739575673592914,0.009518434271136094,529.593,0.0024454317447009247,2.9864506118340907e-07
529.481,0.008755180916419539,0.009518942450798958,529.693,0.0024546439991519693,3.008646552841223e-07
529.581,0.008768255423220494,0.009518894778544234,529.793,0.002463856253658408,3.0309245548390093e-07
529.581,0.008768255423220494,0.009518894778544234,529.893,0.002473068508220214,3.053284616798648e-07
529.781,0.008787446933315343,0.009518787977097876,529.993,0.002482280762837356,3.0757267376913514e-07
529.881,0.00880018012568106,0.009518528492523767,530.093,0.0024914930175098508,3.098250916488464e-07
529.881,0.00880018012568106,0.009518528492523767,530.193,0.002500705272237644,3.1208571521611797e-07
530.081,0.008815083627809769,0.009518794132653692,530.293,0.002509917527020774,3.1435454436809185e-07
530.081,0.008815083627809769,0.009518794132653692,530.393,0.0025191297818592346,3.1663157900189974e-07
530.181,0.008827854201294968,0.00951857880503493,530.493,0.002528342036752972,3.1891681901466415e-07
530.381,0.008842720330322995,0.009518800362066218,530.593,0.0025375542917019343,3.212102643035074e-07
530.381,0.008842720330322995,0.009518800362066218,530.693,0.002546766546706185,3.235119147655823e-07
530.581,0.008856538680927993,0.009518803504557917,530.793,0.0025559788017657788,3.2582177029804374e-07
530.681,0.008870357028063451,0.009518806665332705,530.893,0.0025651910568805546,3.281398307979907e-07
530.681,0.008870357028063451,0.009518806665332705,530.993,0.0025744033120505957,3.304660961625851e-07
530.881,0.008888781491503522,0.009518810908525436,531.093,0.002583615567275871,3.328005662889631e-07
530.981,0.008902507732177803,0.009519071945909965,531.193,0.002592827822556418,3.351432410742802e-07
530.981,0.008902507732177803,0.009519071945909965,531.293,0.002602040077892113,3.374941204156516e-07
531.181,0.008916326078758,0.009519075166063689,531.393,0.0026112523332829586,3.398532042102221e-07
531.281,0.008929398908398873,0.009519258776223827,531.493,0.0026204645887290745,3.4222049235517197e-07
531.281,0.008929398908398873,0.009519258776223827,531.593,0.0026296768442302994,3.4459598474760827e-07
531.481,0.008943962770383616,0.009519081661566769,531.693,0.00263888909978676,3.46979681284715e-07
531.481,0.008943962770383616,0.009519081661566769,531.793,0.0026481013553983387,3.493715818636139e-07
531.581,0.008957802684446762,0.009519154461857748,531.893,0.002657313611065047,3.5177168638146246e-07
531.781,0.008971599466339958,0.009519088230918907,531.993,0.0026665258667869026,3.541799947354186e-07
531.781,0.008971599466339958,0.009519088230918907,532.093,0.0026757381225638297,3.565965068226204e-07
531.881,0.008986076575488776,0.009517783515953301,532.193,0.002684950378396,3.5902122254026957e-07
532.081,0.008999236166403742,0.009519094874074603,532.293,0.002694162634283141,3.614541417854523e-07
532.081,0.008999236166403742,0.009519094874074603,532.393,0.0027033748902254204,3.6389526445537295e-07
532.281,0.009013054507647852,0.009519098223466064,532.493,0.002712587146222742,3.6634459044716845e-07
532.381,0.00903213772606222,0.009517794673491432,532.593,0.0027217994022751438,3.6880211965801043e-07
532.381,0.00903213772606222,0.009517794673491432,532.693,0.002731011658382663,3.712678519850725e-07
532.581,0.009045318880988147,0.009519175632698247,532.793,0.0027402239145451813,3.737417873254872e-07
532.681,0.009059774429019602,0.009517801466462897,532.893,0.0027494361707627152,3.76223925576424e-07
532.681,0.009059774429019602,0.009517801466462897,532.993,0.0027586484270353015,3.7871426663506115e-07
532.881,0.009072955582396474,0.009519182471994306,533.093,0.002767860683362978,3.812128103985776e-07
532.881,0.009072955582396474,0.009519182471994306,533.193,0.0027770729397455568,3.8371955676409405e-07
532.981,0.00908741112763322,0.00951780833325641,533.293,0.0027862851961832297,3.862345056288335e-07
533.181,0.009101229469653332,0.009517811794416176,533.393,0.002795497452675794,3.887576568899123e-07
533.181,0.009101229469653332,0.009517811794416176,533.493,0.0028047097092233513,3.91289010444531e-07
533.281,0.009115354368460175,0.009517937163023692,533.593,0.002813921965825893,3.938285661898615e-07
533.481,0.009129172710640027,0.009517940661437376,533.693,0.0028231342224833912,3.9637632402307187e-07
533.481,0.009129172710640027,0.009517940661437376,533.793,0.0028323464791957954,3.9893228384132517e-07
533.681,0.009147597175967548,0.009517945354571481,533.893,0.0028415587359631182,4.014964455418052e-07
533.681,0.009147597175967548,0.009517945354571481,533.993,0.002850770992785418,4.040688090217104e-07
533.781,0.009160686806517727,0.00951876183688131,534.093,0.002859983249662624,4.0664937417820177e-07
533.981,0.009175233875276703,0.009517952455784864,534.193,0.0028691955065946596,4.0923814090844057e-07
533.981,0.009175233875276703,0.009517952455784864,534.293,0.0028784077635816752,4.1183510910965255e-07
534.081,0.009188323503357623,0.00951876896949087,534.393,0.0028876200206235307,4.1444027867898283e-07
534.281,0.009202141855587436,0.00951877256355523,534.493,0.002896832277720329,4.170536495136477e-07
534.281,0.009202141855587436,0.00951877256355523,534.593,0.002906044534871927,4.196752215107958e-07
534.481,0.009220566316149184,0.009518777384239842,534.693,0.0029152567920784087,4.2230499456763926e-07
534.581,0.009234384666953697,0.009518781021168824,534.793,0.00292446904933968,4.249429685813401e-07
534.581,0.009234384666953697,0.009518781021168824,534.893,0.0029336813066558184,4.275891434491147e-07
534.781,0.009248203021143686,0.009518784676760907,534.993,0.002942893564026842,4.302435190681611e-07
534.781,0.009248203021143686,0.009518784676760907,535.093,0.002952105821452585,4.3290609533562574e-07
534.881,0.009262021372842079,0.00951878835062126,535.193,0.0029613180789331544,4.3557687214873334e-07
535.081,0.00927614553985756,0.009518949098508794,535.293,0.0029705303364685395,4.382558494046786e-07
535.081,0.00927614553985756,0.009518949098508794,535.393,0.0029797425940586908,4.409430270006446e-07
535.281,0.00929118041226157,0.0095199496259637,535.493,0.002988954851703558,4.436384048338155e-07
535.381,0.009307084855753604,0.009520730666183395,535.593,0.002998167109403246,4.463419828014223e-07
535.381,0.009307084855753604,0.009520730666183395,535.693,0.003007379367157741,4.490537608006666e-07
535.581,0.009322206712739053,0.009518961539835537,535.793,0.003016591624966927,4.517737387287179e-07
535.681,0.009334721564243014,0.009520738191442127,535.893,0.0030258038828308675,4.545019164827974e-07
535.681,0.009334721564243014,0.009520738191442127,535.993,0.0030350161407494843,4.5723829396008843e-07
535.881,0.009351059943773927,0.009519965920723938,536.093,0.0030442283987228602,4.599828710578226e-07
535.881,0.009351059943773927,0.009519965920723938,536.193,0.0030534406567509003,4.6273564767318035e-07
535.981,0.009362358263888046,0.009520745790473814,536.293,0.003062652914833686,4.6549662370339576e-07
536.181,0.009376176614594948,0.009520749617780891,536.393,0.0030718651729710793,4.682657990456374e-07
536.181,0.009376176614594948,0.009520749617780891,536.493,0.003081077431163176,4.710431735971495e-07
536.381,0.009394601075534132,0.009520754749387295,536.593,0.0030902896894099093,4.738287472551241e-07
536.481,0.009408419434236225,0.009520758619551645,536.693,0.003099501947711357,4.7662251991679963e-07
536.481,0.009408419434236225,0.009520758619551645,536.793,0.003108714206067447,4.794244914793685e-07
536.681,0.009422237784442221,0.00952076250834047,536.893,0.003117926464478083,4.822346618400188e-07
536.681,0.009422237784442221,0.00952076250834047,536.993,0.003127138722943457,4.850530308960286e-07
536.781,0.009436056141957805,0.009520766415383271,537.093,0.003136350981463382,4.878795985445597e-07
536.981,0.00945109104036652,0.009521767381889933,537.193,0.0031455632400379245,4.907143646828508e-07
536.981,0.00945109104036652,0.009521767381889933,537.293,0.003154775498667093,4.935573292081312e-07
537.181,0.009464886363675743,0.009521814273086855,537.393,0.0031639877573508154,4.964084920176012e-07
537.281,0.009478727744313154,0.009521775288956624,537.493,0.003173200016089085,4.992678530084825e-07
537.281,0.009478727744313154,0.009521775288956624,537.593,0.003182412274881939,5.021354120780117e-07
537.481,0.009497129186940163,0.00952182354836802,537.693,0.0031916245337293694,5.050111691234164e-07
537.581,0.009510916399650318,0.009522018059042337,537.793,0.003200836792631392,5.078951240419314e-07
537.581,0.009510916399650318,0.009522018059042337,537.893,0.0032100490515878867,5.107872767307498e-07
537.781,0.009525842981533713,0.009522714330061213,537.993,0.0032192613105988923,5.136876270871141e-07
537.781,0.009525842981533713,0.009522714330061213,538.093,0.0032284735696644236,5.165961750082616e-07
537.881,0.009538553254105535,0.009522026245305073,538.193,0.003237685828784497,5.195129203914322e-07
538.081,0.009553518746301178,0.009522737983895331,538.293,0.003246898087959012,5.224378631338292e-07
538.081,0.009553518746301178,0.009522737983895331,538.393,0.003256110347188029,5.253710031327091e-07
538.281,0.009567298044302956,0.009522726514581909,538.493,0.0032653226064715884,5.283123402853199e-07
538.381,0.009581085271822701,0.009522921139345336,538.593,0.0032745348658096106,5.312618744888803e-07
538.381,0.009581085271822701,0.009522921139345336,538.693,0.003283747125202007,5.342196056405966e-07
538.581,0.009599509741594904,0.009522926631907474,538.793,0.003292959384649012,5.371855336377881e-07
538.681,0.009613328101049347,0.00952293077320342,538.893,0.003302171644150305,5.401596583775961e-07
538.681,0.009613328101049347,0.00952293077320342,538.993,0.003311383903706081,5.431419797573278e-07
538.881,0.009627146453839368,0.009522934932287343,539.093,0.0033205961633163087,5.461324976742168e-07
538.881,0.009627146453839368,0.009522934932287343,539.193,0.00332980842298094,5.491312120254929e-07
538.981,0.009640964811026546,0.009522939110438923,539.293,0.0033390206826999173,5.521381227083882e-07
539.181,0.009654783163843947,0.00952294330682472,539.393,0.0033482329424733503,5.551532296201875e-07
539.181,0.009654783163843947,0.00952294330682472,539.493,0.0033574452023011395,5.581765326581102e-07
539.281,0.00966859967199186,0.009522942743723783,539.593,0.0033666574621833228,5.612080317194204e-07
539.481,0.009682419867137654,0.009522951754732965,539.693,0.0033758697221198497,5.642477267013542e-07
539.481,0.009682419867137654,0.009522951754732965,539.793,0.0033850819821107784,5.672956175011882e-07
539.681,0.009696297586608206,0.009523056878779653,539.893,0.003394294242156013,5.703517040161417e-07
539.781,0.009710056573717095,0.009522960276399756,539.993,0.003403506502255591,5.734159861434863e-07
539.781,0.009710056573717095,0.009522960276399756,540.093,0.003412718762409505,5.764884637804765e-07
539.981,0.00972853856996266,0.009523062093785645,540.193,0.0034219310226177454,5.795691368243716e-07
540.081,0.009742298517263106,0.009523048471419906,540.293,0.003431143282880284,5.826580051724232e-07
540.081,0.009742298517263106,0.009523048471419906,540.393,0.0034403555431971166,5.857550687218896e-07
540.281,0.009756176240430821,0.009523153677574033,540.493,0.003449567803568233,5.888603273700313e-07
540.281,0.009756176240430821,0.009523153677574033,540.593,0.0034587800639936717,5.919737810141246e-07
540.381,0.009769646512077032,0.009522909789651614,540.693,0.003467992324473314,5.950954295513959e-07
540.581,0.009783812955010263,0.009523162396646011,540.793,0.0034772045850072412,5.982252728791403e-07
540.581,0.009783812955010263,0.009523162396646011,540.893,0.0034864168455954457,6.013633108946242e-07
540.681,0.00979728322461423,0.00952291854413541,540.993,0.0034956291062378745,6.045095434950985e-07
540.881,0.009811449663389135,0.009523171189518983,541.093,0.003504841366934523,6.076639705778328e-07
540.881,0.009811449663389135,0.009523171189518983,541.193,0.003514053627685427,6.108265920401116e-07
541.081,0.009825268018681993,0.009523175613657618,541.293,0.0035232658884905145,6.139974077791818e-07
541.181,0.009839086378103481,0.009523180056103161,541.393,0.003532478149349843,6.171764176923383e-07
541.181,0.009839086378103481,0.009523180056103161,541.493,0.0035416904102633156,6.20363621676824e-07
541.381,0.009858886082340063,0.009523786220401754,541.593,0.003550902671230951,6.235590196299254e-07
541.481,0.009872704434394631,0.009523790705345307,541.693,0.003560114932252828,6.267626114489495e-07
541.481,0.009872704434394631,0.009523790705345307,541.793,0.0035693271933288496,6.299743970311451e-07
541.681,0.009886522787942177,0.009523795208884257,541.893,0.003578539454459054,6.331943762738055e-07
541.681,0.009886522787942177,0.009523795208884257,541.993,0.003587751715643411,6.36422549074202e-07
541.781,0.009900341149959985,0.0095237997306988,542.093,0.0035969639768818956,6.396589153296061e-07
541.981,0.009914399788111108,0.00952395840465008,542.193,0.0036061762381744706,6.42903474937294e-07
541.981,0.009914399788111108,0.00952395840465008,542.293,0.0036153884995212236,6.461562277945822e-07
542.181,0.00992850690180296,0.009524110352554953,542.393,0.0036246007609220567,6.494171737987227e-07
542.281,0.009942036501055842,0.009523967540727511,542.493,0.0036338130223770053,6.526863128470172e-07
542.281,0.009942036501055842,0.009523967540727511,542.593,0.003643025283886065,6.55963644836754e-07
542.481,0.009960460987996689,0.009523973672412414,542.693,0.003652237545449252,6.592491696652299e-07
542.481,0.009960460987996689,0.009523973672412414,542.793,0.003661449807066449,6.625428872296955e-07
542.581,0.009951316584761687,0.009498506665695412,542.893,0.0036706620687377086,6.658447974274645e-07
542.781,0.00998833254883909,0.009524135083766224,542.993,0.0036798743304630906,6.691549001558558e-07
542.781,0.00998833254883909,0.009524135083766224,543.093,0.0036890865922424147,6.724731953121005e-07
542.981,0.01000215090421718,0.009524139741042626,543.193,0.0036982988540758726,6.757996827935647e-07
543.081,0.009992771650250464,0.009498520347955338,543.293,0.0037075111159633224,6.79134362497499e-07
543.081,0.009992771650250464,0.009498520347955338,543.393,0.00371672337790478,6.824772343212093e-07
543.281,0.010029787615872043,0.009524149110726545,543.493,0.003725935639900283,6.858282981620082e-07
543.281,0.010029787615872043,0.009524149110726545,543.593,0.003735147901949778,6.891875539171814e-07
543.381,0.01002488364404147,0.009495529159266292,543.693,0.003744360164053239,6.925550014840237e-07
543.581,0.010043984405225454,0.00949617280378494,543.793,0.0037535724262106984,6.959306407598525e-07
543.581,0.010043984405225454,0.00949617280378494,543.893,0.003762784688422108,6.993144716419538e-07
543.681,0.01005252035333012,0.009495538452993266,543.993,0.003771996950687479,7.027064940276425e-07
543.881,0.010068106592175621,0.009496211521790587,544.093,0.0037812092130068095,7.061067078142274e-07
543.881,0.010068106592175621,0.009496211521790587,544.193,0.0037904214753801332,7.095151128990295e-07
544.081,0.010084535550139702,0.009498783168486714,544.293,0.003799633737807354,7.129317091793266e-07
544.181,0.010093975423966034,0.009495552531933748,544.393,0.003808846000288579,7.163564965524707e-07
544.181,0.010093975423966034,0.009495552531933748,544.493,0.003818058262823643,7.19789474915716e-07
544.381,0.010115899702636669,0.009495614990985599,544.593,0.0038272705254126056,7.232306441664002e-07
544.481,0.010126022080382104,0.009494748840536195,544.693,0.0038364827880555037,7.266800042018558e-07
544.481,0.010126022080382104,0.009494748840536195,544.793,0.0038456950507522857,7.301375549193816e-07
544.681,0.01014353641414818,0.009495624480095331,544.893,0.003854907313502965,7.336032962163023e-07
544.781,0.010153719861260055,0.00949480089664276,544.993,0.003864119576307446,7.370772279899024e-07
544.781,0.010153719861260055,0.00949480089664276,545.093,0.0038733318391659007,7.405593501375682e-07
544.981,0.010170977033585573,0.009494821565549453,545.193,0.0038825441020781445,7.440496625565529e-07
544.981,0.010170977033585573,0.009494821565549453,545.293,0.003891756365044214,7.475481651441982e-07
545.081,0.010181356576911722,0.009494810530726696,545.393,0.0039009686280641045,7.510548577978267e-07
545.281,0.010198613401736847,0.009494828579055035,545.493,0.00391018089113789,7.54569740414797e-07
545.281,0.010198613401736847,0.009494828579055035,545.593,0.003919393154265462,7.580928128923914e-07
545.381,0.010212492856067663,0.00949487593560235,545.693,0.003928605417446855,7.616240751279553e-07
545.581,0.010226311210154942,0.009494880798222664,545.793,0.003937817680682033,7.651635270188071e-07
545.581,0.010226311210154942,0.009494880798222664,545.893,0.003947029943970993,7.687111684622767e-07
545.781,0.010240543122490885,0.009496197814467148,545.993,0.003956242207313771,7.72266999355714e-07
545.881,0.010259541479538172,0.009495505253802463,546.093,0.003965454470710275,7.75831019596418e-07
545.881,0.010259541479538172,0.009495505253802463,546.193,0.00397466673416063,7.794032290817721e-07
546.081,0.01027301167421558,0.009495368442750488,546.293,0.00398387899766467,7.829836277090502e-07
546.181,0.010287178198207198,0.009495515109962384,546.393,0.0039930912612224515,7.865722153756151e-07
546.181,0.010287178198207198,0.009495515109962384,546.493,0.0040023035248339936,7.901689919788137e-07
546.381,0.01030064839340753,0.009495378346175915,546.593,0.004011515788499289,7.937739574159838e-07
546.381,0.01030064839340753,0.009495378346175915,546.693,0.00402072805221831,7.973871115844564e-07
546.481,0.010315190365598994,0.009495688448881226,546.793,0.004029940315990935,8.010084543815281e-07
546.681,0.010328300318817539,0.009495423560697255,546.893,0.004039152579817342,8.046379857046108e-07
546.681,0.010328300318817539,0.009495423560697255,546.993,0.004048364843697494,8.082757054510417e-07
546.781,0.010345483781505214,0.009496521069392541,547.093,0.004057577107631274,8.119216135181204e-07
546.981,0.010356995077380981,0.009495873172762986,547.193,0.004066789371618656,8.155757098031852e-07
546.981,0.010356995077380981,0.009495873172762986,547.293,0.004076001635659717,8.192379942036177e-07
547.181,0.010371068901705905,0.00949607996818515,547.393,0.004085213899754538,8.229084666168009e-07
547.281,0.010391175913532618,0.009495712754012507,547.493,0.004094426163902939,8.26587126940014e-07
547.281,0.010391175913532618,0.009495712754012507,547.593,0.0041036384281049314,8.302739750706193e-07
547.481,0.010405217891192016,0.009496659149812868,547.693,0.004112850692360665,8.339690109060321e-07
547.581,0.010418812634159618,0.009495722933975754,547.793,0.004122062956669909,8.376722343435182e-07
547.581,0.010418812634159618,0.009495722933975754,547.893,0.004131275221032789,8.413836452804851e-07
547.781,0.01043313371467582,0.009496838846866997,547.993,0.004140487485449349,8.451032436143073e-07
547.781,0.01043313371467582,0.009496838846866997,548.093,0.00414969974991942,8.488310292422789e-07
547.881,0.010446449356263486,0.009495733187635504,548.193,0.004158912014443169,8.525670020618299e-07
548.081,0.010460703856612723,0.009496072542019276,548.293,0.004168124279020415,8.563111619702482e-07
548.081,0.010460703856612723,0.009496072542019276,548.393,0.004177336543651177,8.600635088649039e-07
548.181,0.010474522220320536,0.009496077714867376,548.493,0.004186548808335553,8.638240426432065e-07
548.381,0.010490331417029933,0.009497074663184342,548.593,0.00419576107307347,8.67592763202492e-07
548.381,0.010490331417029933,0.009497074663184342,548.693,0.004204973337864945,8.713696704401336e-07
548.581,0.010508771079709227,0.009496510225010937,548.793,0.004214185602709927,8.751547642534806e-07
548.681,0.010521970415770252,0.009496743325436253,548.893,0.004223397867608408,8.789480445399007e-07
548.681,0.010521970415770252,0.009496743325436253,548.993,0.0042326101325604005,8.82749511196772e-07
548.881,0.010536392625607304,0.009497092104148733,549.093,0.004241822397565968,8.86559164121493e-07
548.881,0.010536392625607304,0.009497092104148733,549.193,0.004251034662624923,8.90377003211363e-07
548.981,0.01055100402211021,0.009497154182477253,549.293,0.004260246927737437,8.942030283638278e-07
549.181,0.010567839775438756,0.009495931346736599,549.393,0.0042694591929033875,8.980372394762163e-07
549.181,0.010567839775438756,0.009495931346736599,549.493,0.004278671458122839,9.018796364459325e-07
549.381,0.010582569152887387,0.009495770687647731,549.593,0.004287883723395733,9.057302191703342e-07
549.481,0.010596461337276075,0.009496828349319322,549.693,0.004297095988722071,9.095889875467979e-07
549.481,0.010596461337276075,0.009496828349319322,549.793,0.00430630825410182,9.134559414726942e-07
549.681,0.010614694293206413,0.009496005898609024,549.893,0.0043155205195351065,9.173310808454588e-07
549.781,0.010624701948011796,0.009497182607822275,549.993,0.004324732785021632,9.21214405562352e-07
549.781,0.010624701948011796,0.009497182607822275,550.093,0.004333945050561707,9.25105915520888e-07
549.981,0.010642331018796363,0.009496016649362796,550.193,0.004343157316155144,9.290056106183763e-07
549.981,0.010642331018796363,0.009496016649362796,550.293,0.004352369581801951,9.329134907522125e-07
550.081,0.010656149380781571,0.009496022052221716,550.393,0.004361581847502216,9.368295558198196e-07
550.281,0.010669967748221902,0.0094960274738079,550.493,0.004370794113255798,9.407538057185284e-07
550.281,0.010669967748221902,0.0094960274738079,550.593,0.0043800063790628,9.446862403457765e-07
550.481,0.010683786112881212,0.009496032913740012,550.693,0.004389218644923127,9.486268595989156e-07
550.581,0.010697604474188781,0.009496038371873393,550.793,0.004398430910836811,9.525756633753566e-07
550.581,0.010697604474188781,0.009496038371873393,550.893,0.004407643176803783,9.56532651572464e-07
550.781,0.01071602895811588,0.009496045678149205,550.993,0.004416855442824121,9.604978240876733e-07
550.881,0.010729847328232305,0.009496051179258584,551.093,0.004426067708897867,9.644711808183966e-07
550.881,0.010729847328232305,0.009496051179258584,551.193,0.00443527997502488,9.684527216619751e-07
551.081,0.01074366569265947,0.009496056699002112,551.293,0.004444492241205085,9.724424465157764e-07
551.081,0.01074366569265947,0.009496056699002112,551.393,0.004453704507438698,9.764403552772958e-07
551.181,0.010757484064000412,0.009496062236965018,551.493,0.004462916773725554,9.804464478438705e-07
551.381,0.01077130242365815,0.009496067793510478,551.593,0.004472129040065691,9.84460724112921e-07
551.381,0.01077130242365815,0.009496067793510478,551.693,0.004481341306459125,9.8848318398186e-07
551.581,0.010785120785382005,0.009496073368506209,551.793,0.0044905535729058465,9.925138273480915e-07
551.681,0.010798939146593724,0.009496078961665834,551.893,0.0044997658394056944,9.96552654108954e-07
551.681,0.010798939146593724,0.009496078961665834,551.993,0.004508978105958883,1.000599664161951e-06
551.881,0.010817902823657882,0.009497111823036627,552.093,0.004518190372565318,1.0046548574044516e-06
551.981,0.010831721189326541,0.00949711745867757,552.193,0.004527402639224921,1.008718233733836e-06
551.981,0.010831721189326541,0.00949711745867757,552.293,0.004536614905937712,1.0127897930475266e-06
552.181,0.010845539550594804,0.009497123113007882,552.393,0.00454582717270381,1.016869535242994e-06
552.181,0.010845539550594804,0.009497123113007882,552.493,0.004555039439523083,1.020957460217594e-06
552.281,0.010859357918142529,0.009497128785513023,552.593,0.004564251706395429,1.0250535678687015e-06
552.481,0.010874134420372453,0.009497484257370634,552.693,0.004573463973321046,1.0291578580938197e-06
552.481,0.010874134420372453,0.009497484257370634,552.793,0.004582676240299834,1.0332703307903284e-06
552.681,0.010888863999225862,0.009497324029287909,552.893,0.004591888507331762,1.0373909858556363e-06
552.781,0.0109064835780849,0.009497453261515134,552.993,0.004601100774416829,1.0415198231871629e-06
552.781,0.0109064835780849,0.009497453261515134,553.093,0.0046103130415551166,1.04565684268237e-06
552.981,0.01092019563939456,0.009497503362049716,553.193,0.004619525308746477,1.04980204423862e-06
552.981,0.01092019563939456,0.009497503362049716,553.293,0.004628737575990952,1.0539554277533574e-06
553.081,0.010936769746461109,0.009497903782959524,553.393,0.004637949843288577,1.058116993124027e-06
553.281,0.01095041051118784,0.00949798346177368,553.493,0.00464716211063926,1.0622867402480116e-06
553.281,0.01095041051118784,0.00949798346177368,553.593,0.0046563743780430955,1.0664646690227927e-06
553.381,0.010965055257702283,0.009498258664245893,553.693,0.004665586645499974,1.0706507793457468e-06
553.581,0.01098347975293685,0.00949826643266134,553.793,0.004674798913009953,1.0748450711143348e-06
553.581,0.01098347975293685,0.00949826643266134,553.893,0.0046840111805730245,1.0790475442259876e-06
553.781,0.010997164966431544,0.009498067033727648,553.993,0.004693223448189158,1.0832581985781265e-06
553.781,0.010997164966431544,0.009498067033727648,554.093,0.004702435715858395,1.087477034068206e-06
553.881,0.011011116480532648,0.009498278146628321,554.193,0.004711647983580616,1.09170405059361e-06
554.081,0.011024801699467273,0.009498078790849619,554.293,0.004720860251355898,1.095939248051815e-06
554.081,0.011024801699467273,0.009498078790849619,554.393,0.004730072519184169,1.1001826263402304e-06
554.281,0.011039531776887835,0.009497918709202632,554.493,0.004739284787065508,1.1044341853563347e-06
554.381,0.011057177704007982,0.009498297833542424,554.593,0.004748497054999845,1.1086939249975391e-06
554.381,0.011057177704007982,0.009498297833542424,554.693,0.0047577093229872166,1.112961845161305e-06
554.581,0.011070996068734764,0.009498303779602537,554.793,0.004766921591027507,1.1172379457450226e-06
554.681,0.01108558502222037,0.009498345298975324,554.893,0.004776133859120861,1.121522226646208e-06
554.681,0.01108558502222037,0.009498345298975324,554.993,0.004785346127267121,1.1258146877622347e-06
554.881,0.011100706073187947,0.009498077851289375,555.093,0.004794558395466433,1.130115328990622e-06
554.881,0.011100706073187947,0.009498077851289375,555.193,0.004803770663718588,1.1344241502287254e-06
554.981,0.011115295283456832,0.009498119391951049,555.293,0.004812982932023803,1.1387411513740973e-06
555.181,0.011128342812542519,0.009498089883510159,555.393,0.004822195200381908,1.1430663323241154e-06
555.181,0.011128342812542519,0.009498089883510159,555.493,0.004831407468792929,1.1473996929762412e-06
555.381,0.011145052665405433,0.009499455543591148,555.593,0.004840619737256898,1.1517412332279494e-06
555.481,0.011156750387564992,0.009498137509673715,555.693,0.004849832005773806,1.1560909529766928e-06
555.481,0.011156750387564992,0.009498137509673715,555.793,0.004859044274343603,1.1604488521199078e-06
555.681,0.011175174882179353,0.009498145615075837,555.893,0.004868256542966258,1.1648149305550387e-06
555.781,0.011188993253081932,0.009498151715515804,555.993,0.004877468811641809,1.169189188179566e-06
555.781,0.011188993253081932,0.009498151715515804,556.093,0.004886681080370228,1.173571624890936e-06
555.981,0.011204706356579008,0.009499647482392355,556.193,0.004895893349151512,1.1779622405866114e-06
555.981,0.011204706356579008,0.009499647482392355,556.293,0.004905105617985686,1.182361035164074e-06
556.081,0.011216723296244006,0.009498970455005177,556.393,0.004914317886872778,1.1867680085207978e-06
556.281,0.011234463629169392,0.009499623822601286,556.493,0.004923530155812598,1.1911831605541629e-06
556.281,0.011234463629169392,0.009499623822601286,556.593,0.004932742424805308,1.1956064911617176e-06
556.481,0.011250941546220949,0.009499629699565349,556.693,0.004941954693850845,1.200038000240899e-06
556.581,0.01126376248700606,0.009499765841445606,556.793,0.004951166962949131,1.2044776876891413e-06
556.581,0.01126376248700606,0.009499765841445606,556.893,0.004960379232100316,1.2089255534039915e-06
556.781,0.011282280970048526,0.009500581005754773,556.993,0.004969591501304214,1.2133815972828348e-06
556.881,0.011294437020066907,0.00950045750084599,557.093,0.004978803770560911,1.2178458192231842e-06
556.881,0.011294437020066907,0.00950045750084599,557.193,0.0049880160398704165,1.2223182191225249e-06
557.081,0.011308255390669715,0.00950046375527093,557.293,0.00499722830923268,1.2267987968783083e-06
557.081,0.011308255390669715,0.00950046375527093,557.393,0.005006440578647743,1.2312875523880327e-06
557.181,0.011322073756978326,0.009500470027875093,557.493,0.005015652848115546,1.2357844855491512e-06
557.381,0.011338467136657857,0.009500440048374009,557.593,0.005024865117636042,1.240289596259122e-06
557.381,0.011338467136657857,0.009500440048374009,557.693,0.005034077387209333,1.2448028844154794e-06
557.581,0.011352370364105083,0.009500482434878398,557.793,0.005043289656835368,1.2493243499156813e-06
557.681,0.011365191186385369,0.009500618692228334,557.893,0.005052501926514122,1.2538539926571978e-06
557.681,0.011365191186385369,0.009500618692228334,557.993,0.005061714196245563,1.2583918125375007e-06
557.881,0.011383615674728878,0.009500627156945012,558.093,0.005070926466029702,1.2629378094540868e-06
557.981,0.011395771729622505,0.009500503793096577,558.193,0.005080138735866604,1.2674919833044738e-06
557.981,0.011395771729622505,0.009500503793096577,558.293,0.005089351005756101,1.2720543339860748e-06
558.181,0.011412249969049637,0.009500509980505127,558.393,0.005098563275698369,1.2766248613964648e-06
558.181,0.011412249969049637,0.009500509980505127,558.493,0.005107775545693216,1.2812035654330458e-06
558.281,0.01142340847062659,0.00950051658995118,558.593,0.005116987815740728,1.2857904459933539e-06
558.481,0.011439886708092643,0.00950052281043227,558.693,0.005126200085840833,1.2903855029748471e-06
558.481,0.011439886708092643,0.00950052281043227,558.793,0.00513541235599372,1.294988736275117e-06
558.681,0.011457313650541177,0.009500661342902414,558.893,0.00514462462619914,1.2996001457915394e-06
558.781,0.011468904195578496,0.009500213548432527,558.993,0.005153836896457173,1.3042197314216535e-06
558.781,0.011468904195578496,0.009500213548432527,559.093,0.005163049166767838,1.3088474930629666e-06
558.981,0.011486264439603844,0.009500725750587989,559.193,0.005172261437131188,1.3134834306130137e-06
558.981,0.011486264439603844,0.009500725750587989,559.293,0.005181473707547041,1.3181275439692033e-06
559.081,0.01149654094373463,0.009500226512534977,559.393,0.0051906859780154815,1.3227798330290838e-06
559.281,0.01151390588841134,0.009500775641586313,559.493,0.005199898248536523,1.327440297690166e-06
559.281,0.01151390588841134,0.009500775641586313,559.593,0.005209110519110109,1.3321089378499326e-06
559.481,0.011527724254043937,0.009500782182270306,559.693,0.0052183227897363476,1.3367857534059439e-06
559.581,0.011537988391210273,0.009500308928072585,559.793,0.005227535060415036,1.3414707442556068e-06
559.581,0.011537988391210273,0.009500308928072585,559.893,0.005236747331146313,1.3461639102965063e-06
559.781,0.011557410616734919,0.009500187684619814,559.993,0.005245959601930067,1.3508652514260935e-06
559.881,0.011571118298936216,0.00950038160230788,560.093,0.0052551718727664246,1.3555747675419472e-06
559.881,0.011571118298936216,0.00950038160230788,560.193,0.005264384143655247,1.360292458541512e-06
560.081,0.011584049638779617,0.009500330881959744,560.293,0.005273596414596586,1.3650183243223342e-06
560.181,0.011598759746581042,0.009500431706629961,560.393,0.005282808685590388,1.3697523647819012e-06
560.181,0.011598759746581042,0.009500431706629961,560.493,0.005292020956636789,1.374494579817798e-06
560.381,0.011614177737435616,0.00950014208208335,560.593,0.005301233227735557,1.379244969327427e-06
560.381,0.011614177737435616,0.00950014208208335,560.693,0.005310445498886859,1.3840035332083983e-06
560.481,0.011627890070434625,0.009500372958089424,560.793,0.005319657770090578,1.388770271358172e-06
560.681,0.011642706324232031,0.009500249628360146,560.893,0.005328870041346771,1.3935451836743038e-06
560.681,0.011642706324232031,0.009500249628360146,560.993,0.005338082312655435,1.3983282700543137e-06
560.781,0.011655526812251777,0.009500386340555757,561.093,0.005347294584016494,1.4031195303956907e-06
560.981,0.011669430068001608,0.009500429143143389,561.193,0.005356506855430082,1.407918964596031e-06
560.981,0.011669430068001608,0.009500429143143389,561.293,0.005365719126896024,1.4127265725527755e-06
561.181,0.011688767576695477,0.009500272031256921,561.393,0.0053749313984143175,1.4175423541634523e-06
561.281,0.011701587545425666,0.009500409826258393,561.493,0.005384143669985111,1.4223663093256674e-06
561.281,0.011701587545425666,0.009500409826258393,561.593,0.005393355941608242,1.4271984379368705e-06
561.481,0.011716404323412932,0.00950028557108782,561.693,0.00540256821328379,1.43203873989464e-06
561.481,0.011716404323412932,0.00950028557108782,561.793,0.005411780485011801,1.4368872150965281e-06
561.581,0.011729224292812434,0.009500423404886476,561.893,0.005420992756792037,1.4417438634399513e-06
561.781,0.011744040549783221,0.009500300202524998,561.993,0.0054302050286246925,1.4466086848225482e-06
561.781,0.011744040549783221,0.009500300202524998,562.093,0.005439417300509722,1.451481679141832e-06
561.981,0.011758596561818905,0.009500309547771004,562.193,0.005448629572447045,1.4563628462953043e-06
562.081,0.011772414417367011,0.00950031741777859,562.293,0.005457841844436739,1.4612521861805494e-06
562.081,0.011772414417367011,0.00950031741777859,562.393,0.00546705411647869,1.4661496986950468e-06
562.281,0.011790101797815807,0.009500323054916607,562.493,0.005476266388573003,1.4710553837363967e-06
562.381,0.011803007169280642,0.009500496055978464,562.593,0.005485478660719669,1.4759692412021432e-06
562.381,0.011803007169280642,0.009500496055978464,562.693,0.005494690932918557,1.4808912709897565e-06
562.581,0.011818475665112637,0.009500340390573559,562.793,0.005503903205169826,1.4858214729968788e-06
562.581,0.011818475665112637,0.009500340390573559,562.893,0.005513115477473271,1.4907598471209458e-06
562.681,0.011830643919039615,0.00950050990392541,562.993,0.005522327749829041,1.495706393259589e-06
562.881,0.011846112412790969,0.00950035427227949,563.093,0.005531540022237045,1.5006611113103086e-06
562.881,0.011846112412790969,0.00950035427227949,563.193,0.005540752294697405,1.5056240011707273e-06
563.081,0.011859930784162882,0.009500361240862008,563.293,0.005549964567209893,1.5105950627382748e-06
563.181,0.011873749154635316,0.00950036822758473,563.393,0.005559176839774609,1.5155742959105615e-06
563.181,0.011873749154635316,0.00950036822758473,563.493,0.005568389112391637,1.5205617005851872e-06
563.381,0.011892684977292303,0.009500630976719843,563.593,0.005577601385060835,1.5255572766596348e-06
563.481,0.011905078943075765,0.009500550720757903,563.693,0.005586813657782225,1.5305610240314712e-06
563.481,0.011905078943075765,0.009500550720757903,563.793,0.0055960259305558565,1.5355729425982882e-06
563.681,0.011919810391942037,0.009500391649809753,563.893,0.005605238203381596,1.5405930322575724e-06
563.681,0.011919810391942037,0.009500391649809753,563.993,0.005614450476259565,1.545621292906956e-06
563.781,0.011931281895832712,0.009500400140380264,564.093,0.00562366274918976,1.5506577244439996e-06
563.981,0.011947958471150788,0.009500659208149973,564.193,0.005632875022172034,1.5557023267661936e-06
563.981,0.011947958471150788,0.009500659208149973,564.293,0.005642087295206527,1.5607550997711748e-06
564.181,0.011961776848498721,0.009500666312099256,564.393,0.005651299568293127,1.5658160433564604e-06
564.281,0.01197867630150227,0.009500716822862127,564.493,0.005660511841431967,1.5708851574196886e-06
564.281,0.01197867630150227,0.009500716822862127,564.593,0.005669724114622774,1.5759624418582778e-06
564.481,0.011994019727462236,0.00950068295905071,564.693,0.005678936387865855,1.5810478965699694e-06
564.581,0.01200631305354618,0.009500731134532356,564.793,0.005688148661161021,1.5861415214522331e-06
564.581,0.01200631305354618,0.009500731134532356,564.893,0.0056973609345082835,1.591243316402654e-06
564.781,0.012021044500856237,0.009500572196290786,564.993,0.00570657320790764,1.5963532813188026e-06
564.781,0.012021044500856237,0.009500572196290786,565.093,0.005715785481359086,1.6014714160982515e-06
564.881,0.01203440643239118,0.009500193429909126,565.193,0.005724997754862542,1.6065977206385396e-06
565.081,0.012049649337687929,0.009500287913891731,565.293,0.005734210028418178,1.6117321948373427e-06
565.081,0.012049649337687929,0.009500287913891731,565.393,0.0057434223020258355,1.6168748385921486e-06
565.281,0.012064079759736588,0.009500420275888077,565.493,0.005752634575685529,1.622025651800549e-06
565.381,0.012077286091987825,0.009500302416116789,565.593,0.005761846849397231,1.6271846343601104e-06
565.381,0.012077286091987825,0.009500302416116789,565.693,0.005771059123161018,1.632351786168465e-06
565.581,0.01209571058901931,0.00950031212509071,565.793,0.00578027139697684,1.6375271071231698e-06
565.681,0.012108615764314835,0.009500485582932467,565.893,0.00578948367084467,1.6427105971217959e-06
565.681,0.012108615764314835,0.009500485582932467,565.993,0.005798695944764455,1.647902256061904e-06
565.881,0.012123347336001542,0.009500326749819718,566.093,0.0058079082187363585,1.6531020838411816e-06
565.981,0.012136796973575212,0.009500572915973598,566.193,0.005817120492760187,1.6583100803571038e-06
565.981,0.012136796973575212,0.009500572915973598,566.293,0.005826332766836033,1.6635262455073194e-06
566.181,0.012150984092548238,0.009500341448113023,566.393,0.005835545040963785,1.668750579189357e-06
566.181,0.012150984092548238,0.009500341448113023,566.493,0.005844757315143499,1.6739830813008461e-06
566.281,0.012164433725128529,0.009500587650041544,566.593,0.0058539695893752184,1.6792237517394035e-06
566.481,0.012178620844396934,0.009500356219893046,566.693,0.00586318186365886,1.684472590402583e-06
566.481,0.012178620844396934,0.009500356219893046,566.793,0.00587239413799442,1.6897295971879805e-06
566.681,0.01219243974348347,0.009500365347389817,566.893,0.005881606412381935,1.6949947719932199e-06
566.781,0.012210494976583048,0.009500612370140694,566.993,0.005890818686821381,1.7002681147158843e-06
566.781,0.012210494976583048,0.009500612370140694,567.093,0.0059000309613127045,1.7055496252535463e-06
566.981,0.012224313873529192,0.009500621540021162,567.193,0.005909243235855959,1.7108393035038456e-06
567.081,0.01223820324089637,0.009500097720827863,567.293,0.005918455510451116,1.716137149364369e-06
567.081,0.01223820324089637,0.009500097720827863,567.393,0.0059276677850981134,1.7214431627326801e-06
567.281,0.012251950102054264,0.009500634792937054,567.493,0.005936880059796996,1.7267573435064218e-06
567.281,0.012251950102054264,0.009500634792937054,567.593,0.005946092334547786,1.7320796915832127e-06
567.381,0.01226889987384772,0.009503078735329358,567.693,0.005955304609350444,1.7374102068606452e-06
567.581,0.012279587365199589,0.009500651547164146,567.793,0.005964516884204914,1.7427488892362915e-06
567.581,0.012279587365199589,0.009500651547164146,567.893,0.0059737291591112456,1.7480957386077964e-06
567.681,0.012297354914357869,0.009503734025141585,567.993,0.00598294143406941,1.7534507548727574e-06
567.881,0.01230820830071818,0.009499969185106477,568.093,0.005992153709079428,1.758813937928798e-06
567.881,0.01230820830071818,0.009499969185106477,568.193,0.006001365984141328,1.7641852876735588e-06
568.081,0.012321042490968312,0.00950067424559869,568.293,0.006010578259254932,1.769564804004547e-06
568.181,0.012337992266846828,0.009503118265362234,568.393,0.00601979053442036,1.7749524868194594e-06
568.181,0.012337992266846828,0.009503118265362234,568.493,0.006029002809637516,1.7803483360158583e-06
568.381,0.012357235069261141,0.009503768629298515,568.593,0.006038215084906576,1.7857523514914654e-06
568.481,0.012370139354056101,0.00950394061751467,568.693,0.006047427360227288,1.7911645331437575e-06
568.481,0.012370139354056101,0.00950394061751467,568.793,0.006056639635599845,1.7965848808704734e-06
568.681,0.012384871830418281,0.00950378392554218,568.893,0.006065851911024189,1.802013394569207e-06
568.681,0.012384871830418281,0.00950378392554218,568.993,0.006075064186500228,1.8074500741375275e-06
568.781,0.012398690207520192,0.00950379160106732,569.093,0.006084276462027995,1.8128949194730869e-06
568.981,0.012412508590317459,0.009503799295224699,569.193,0.006093488737607536,1.8183479304735353e-06
568.981,0.012412508590317459,0.009503799295224699,569.293,0.006102701013238752,1.8238091070364473e-06
569.081,0.01242632644694497,0.009503805293168013,569.393,0.006111913288921724,1.8292784490595035e-06
569.281,0.012441297434111568,0.009504475954309035,569.493,0.006121125564656375,1.834755956440295e-06
569.281,0.012441297434111568,0.009504475954309035,569.593,0.006130337840442743,1.8402416290764774e-06
569.481,0.01246119684272633,0.009503195736667394,569.693,0.006139550116280818,1.845735466865683e-06
569.581,0.01247198714238723,0.00950411669213308,569.793,0.006148762392170517,1.8512374697054938e-06
569.581,0.01247198714238723,0.00950411669213308,569.893,0.006157974668111905,1.856747637493594e-06
569.781,0.012490411646129667,0.009504127091941787,569.993,0.006167186944104987,1.8622659701276213e-06
569.881,0.012504230026267025,0.009504134913100162,570.093,0.006176399220149657,1.8677924675051565e-06
569.881,0.012504230026267025,0.009504134913100162,570.193,0.006185611496246097,1.8733271295239462e-06
570.081,0.012518726093142385,0.009504254701891462,570.293,0.006194823772394052,1.8788699560814824e-06
570.081,0.012518726093142385,0.009504254701891462,570.393,0.0062040360485936885,1.8844209470755123e-06
570.281,0.012535572784268402,0.009503349431615429,570.493,0.006213248324844888,1.889980102403612e-06
570.381,0.012547473636063074,0.009504487637264386,570.593,0.006222460601147738,1.8955474219634787e-06
570.381,0.012547473636063074,0.009504487637264386,570.693,0.006231672877502112,1.9011229056526877e-06
570.581,0.01256589815150347,0.009504498169194207,570.793,0.006240885153908164,1.906706553368979e-06
570.681,0.012579716534383067,0.009504506089450245,570.893,0.006250097430365795,1.9122983650099478e-06
570.681,0.012579716534383067,0.009504506089450245,570.993,0.006259309706874938,1.9178983404731986e-06
570.881,0.01259419499640303,0.00950469624591885,571.093,0.006268521983435729,1.9235064796564774e-06
570.881,0.01259419499640303,0.00950469624591885,571.193,0.006277734260048038,1.9291227824573543e-06
570.981,0.012608013381090964,0.009504704203453646,571.293,0.006286946536711832,1.9347472487734645e-06
571.181,0.012621831762345504,0.009504712179561454,571.393,0.006296158813427194,1.9403798785025177e-06
571.181,0.012621831762345504,0.009504712179561454,571.493,0.006305371090194076,1.9460206715421394e-06
571.381,0.012638678993273448,0.009503807155654301,571.593,0.006314583367012557,1.951669627790042e-06
571.481,0.012649468747433425,0.00950472835475936,571.693,0.006323795643882576,1.957326747143855e-06
571.481,0.012649468747433425,0.00950472835475936,571.793,0.006333007920804052,1.96299202950118e-06
571.681,0.012667893252303459,0.009504739067002553,571.893,0.006342220197777021,1.968665474759704e-06
571.781,0.012681001006088212,0.009508607625899015,571.993,0.006351432474801485,1.9743470828171037e-06
571.781,0.012681001006088212,0.009508607625899015,572.093,0.006360644751877369,1.980036853570997e-06
571.981,0.012695530013341467,0.009504755196587876,572.193,0.006369857029004811,1.985734786919133e-06
571.981,0.012695530013341467,0.009504755196587876,572.293,0.0063790693061836394,1.991440882759078e-06
572.081,0.012708637768569927,0.009508623788770898,572.393,0.006388281583413923,1.9971551409885396e-06
572.281,0.012723166774057852,0.009504771399610569,572.493,0.00639749386069565,2.002877561505186e-06
572.281,0.012723166774057852,0.009504771399610569,572.593,0.006406706138028859,2.008608144206714e-06
572.481,0.012740014001627543,0.009503866568305042,572.693,0.006415918415413452,2.014346888990738e-06
572.581,0.0127546990301786,0.009508650890138243,572.793,0.006425130692849464,2.0200937957549554e-06
572.581,0.0127546990301786,0.009508650890138243,572.893,0.006434342970336916,2.0258488643970555e-06
572.781,0.01277154679748653,0.009507746806825644,572.993,0.006443555247875799,2.031612094814708e-06
572.881,0.01278233578765768,0.00950866724890244,573.093,0.006452767525466015,2.037383486905531e-06
572.881,0.01278233578765768,0.00950866724890244,573.193,0.006461979803107628,2.0431630405672473e-06
573.081,0.012799183555158326,0.009507763218114956,573.293,0.0064711920808006,2.0489507556975176e-06
573.081,0.012799183555158326,0.009507763218114956,573.393,0.006480404358544955,2.0547466321940347e-06
573.181,0.01280915997559965,0.009510194697833051,573.493,0.0064896166363406825,2.060550669954478e-06
573.381,0.012830457787536604,0.009509024728185485,573.593,0.0064988289141877775,2.0663628688765264e-06
573.381,0.012830457787536604,0.009509024728185485,573.693,0.00650804119208612,2.0721832288577966e-06
573.581,0.01284427617301015,0.009509033007959503,573.793,0.006517253470035849,2.078011749796067e-06
573.681,0.012858857406270283,0.009511467920503355,573.893,0.00652646574803688,2.0838484315889673e-06
573.681,0.012858857406270283,0.009511467920503355,573.993,0.006535678026089273,2.0896932741342277e-06
573.881,0.012872675794555786,0.009511476229152159,574.093,0.00654489030419295,2.0955462773294875e-06
573.881,0.012872675794555786,0.009511476229152159,574.193,0.006554102582347901,2.1014074410724392e-06
573.981,0.012886494178959004,0.009511484555923494,574.293,0.0065633148605541095,2.1072767652607574e-06
574.181,0.012903344043440042,0.009510580931684885,574.393,0.006572527138811636,2.113154249792193e-06
574.181,0.012903344043440042,0.009510580931684885,574.493,0.0065817394171204455,2.119039894564413e-06
574.381,0.012917974225769915,0.009509077476109755,574.593,0.0065909516954805025,2.12493369947509e-06
574.481,0.012930980808520651,0.009510597693030361,574.693,0.006600163973891787,2.130835664421907e-06
574.481,0.012930980808520651,0.009510597693030361,574.793,0.006609376252354302,2.1367457893025773e-06
574.681,0.012949405322029827,0.00951060890808545,574.893,0.006618588530868128,2.142664074014853e-06
574.781,0.012960192219612374,0.009511529276015899,574.993,0.006627800809433132,2.1485905184563464e-06
574.781,0.012960192219612374,0.009511529276015899,575.093,0.006637013088049413,2.1545251225248273e-06
574.981,0.012977042087903925,0.009510625791836246,575.193,0.006646225366716789,2.1604678861178863e-06
574.981,0.012977042087903925,0.009510625791836246,575.293,0.006655437645435458,2.166418809133353e-06
575.081,0.012987828987016769,0.00951154618069615,575.393,0.0066646499242052695,2.172377891468849e-06
575.281,0.013004678852113214,0.009510642748994944,575.493,0.006673862203026269,2.1783451330220996e-06
575.281,0.013004678852113214,0.009510642748994944,575.593,0.00668307448189851,2.1843205336908602e-06
575.381,0.013017292313115372,0.009512062046051286,575.693,0.00669228676082185,2.190304093372752e-06
575.581,0.013034142777546751,0.009511158734241854,575.793,0.006701499039796361,2.1962958119655263e-06
575.581,0.013034142777546751,0.009511158734241854,575.893,0.006710711318822049,2.2022956893669054e-06
575.781,0.013047961153971263,0.009511167278479555,575.993,0.006719923597898883,2.2083037254745904e-06
575.881,0.013063353590676131,0.00951209051037708,576.093,0.006729135877026834,2.2143199201862795e-06
575.881,0.013063353590676131,0.00951209051037708,576.193,0.006738348156205855,2.220344273399653e-06
576.081,0.013080204051101966,0.009511187286092666,576.293,0.006747560435435981,2.2263767850124645e-06
576.181,0.013090990360099504,0.00951210768689036,576.393,0.00675677271471734,2.232417454922509e-06
576.181,0.013090990360099504,0.00951210768689036,576.493,0.006765984994049701,2.238466283027367e-06
576.381,0.01310784082729429,0.009511204515124272,576.593,0.006775197273433236,2.244523269224869e-06
576.381,0.01310784082729429,0.009511204515124272,576.693,0.006784409552867734,2.2505884134126053e-06
576.581,0.013121681151136771,0.009511312687275144,576.793,0.006793621832353342,2.256661715488396e-06
576.681,0.013135477594891594,0.009511221817554975,576.893,0.006802834111890013,2.2627431753499385e-06
576.681,0.013135477594891594,0.009511221817554975,576.993,0.0068120463914777855,2.2688327928949866e-06
576.881,0.013149295971595124,0.009511230496419673,577.093,0.006821258671116607,2.2749305680212346e-06
576.981,0.013167841421624376,0.009511433078780962,577.193,0.006830470950806424,2.2810365006263763e-06
576.981,0.013167841421624376,0.009511433078780962,577.293,0.0068396832305473165,2.287150590608204e-06
577.181,0.013181659801902156,0.009511441800438497,577.393,0.006848895510339168,2.293272837864369e-06
577.281,0.013195597283245342,0.009511552418047582,577.493,0.006858107790182065,2.2994032422926622e-06
577.281,0.013195597283245342,0.009511552418047582,577.593,0.006867320070075947,2.305541803790785e-06
577.481,0.013209296570420826,0.00951145929859163,577.693,0.00687653235002084,2.311688522256489e-06
577.581,0.013223234058544359,0.009511569952354623,577.793,0.006885744630016681,2.317843397587477e-06
577.581,0.013223234058544359,0.009511569952354623,577.893,0.006894956910063534,2.3240064296815338e-06
577.781,0.013237052437557947,0.009511578747165145,577.993,0.006904169190161305,2.33017761843633e-06
577.781,0.013237052437557947,0.009511578747165145,578.093,0.00691338147031012,2.336356963749697e-06
577.881,0.013247838641322568,0.009512499213835469,578.193,0.006922593750509814,2.34254446551927e-06
578.081,0.013264689212463873,0.009511596391611496,578.293,0.006931806030760468,2.3487401236428455e-06
578.081,0.013264689212463873,0.009511596391611496,578.393,0.006941018311062081,2.3549439380181697e-06
578.281,0.013278410440119338,0.009511602891906681,578.493,0.006950230591414529,2.3611559085429084e-06
578.381,0.013292347923099353,0.009511713637080818,578.593,0.006959442871818007,2.3673760351149402e-06
578.381,0.013292347923099353,0.009511713637080818,578.693,0.006968655152272328,2.3736043176318916e-06
578.581,0.013307533209565408,0.009510480248961926,578.793,0.006977867432777553,2.3798407559915514e-06
578.681,0.013321536681504756,0.009512546484593555,578.893,0.0069870797133337196,2.3860853500916976e-06
578.681,0.013321536681504756,0.009512546484593555,578.993,0.006996291993940665,2.3923380998299764e-06
578.881,0.013338409198764155,0.00951174332835323,579.093,0.007005504274598581,2.398599005104272e-06
578.981,0.01335222758820612,0.009511752275366516,579.193,0.007014716555307308,2.4048680658122374e-06
578.981,0.01335222758820612,0.009511752275366516,579.293,0.0070239288360668985,2.411145281851665e-06
579.181,0.013366045969894614,0.009511761240957458,579.393,0.007033141116877369,2.417430653120325e-06
579.281,0.013379864358934956,0.00951177022467812,579.493,0.0070423533977386306,2.423724179515915e-06
579.281,0.013379864358934956,0.00951177022467812,579.593,0.007051565678650783,2.4300258609362685e-06
579.481,0.013393682744940046,0.00951177922698228,579.693,0.00706077795961369,2.436335697279051e-06
579.481,0.013393682744940046,0.00951177922698228,579.793,0.00706999024062743,2.4426536884420856e-06
579.581,0.013407501132034037,0.009511788247388277,579.893,0.007079202521691971,2.4489798343231173e-06
579.781,0.013423610455792361,0.009510941564941637,579.993,0.00708841480280733,2.4553141348199222e-06
579.781,0.013423610455792361,0.009510941564941637,580.093,0.007097627083973364,2.461656589830172e-06
579.981,0.013437428841597229,0.009510950618393877,580.193,0.007106839365190273,2.4680071992517686e-06
580.081,0.013455853358636735,0.009510962717849543,580.293,0.007116051646457934,2.4743659629824006e-06
580.081,0.013455853358636735,0.009510962717849543,580.393,0.0071252639277763884,2.4807328809198694e-06
580.281,0.013469671743172327,0.009510971814115135,580.493,0.0071344762091455505,2.4871079529618922e-06
580.281,0.013469671743172327,0.009510971814115135,580.593,0.007143688490565468,2.493491179006274e-06
580.381,0.013481640515246902,0.009512725105679399,580.693,0.007152900772036111,2.499882558950768e-06
580.581,0.013497308518811119,0.009510990061503431,580.793,0.007162113053557491,2.50628209269316e-06
580.581,0.013497308518811119,0.009510990061503431,580.893,0.007171325335129585,2.5126897801312108e-06
580.781,0.01351124793153242,0.00951108769670909,580.993,0.007180537616752397,2.5191056211627118e-06
580.881,0.013524945298236049,0.009511008382288062,581.093,0.00718974989842591,2.5255296156854235e-06
580.881,0.013524945298236049,0.009511008382288062,581.193,0.007198962180150126,2.531961763597139e-06
581.081,0.013538884704393938,0.009511106054459066,581.293,0.007208174461924985,2.5384020647955863e-06
581.181,0.013555741944974982,0.009510960923871,581.393,0.007217386743750515,2.544850519178579e-06
581.181,0.013555741944974982,0.009510960923871,581.493,0.007226599025626734,2.5513071266439164e-06
581.381,0.013571006591631862,0.009511039079912598,581.593,0.007235811307553631,2.557771887089376e-06
581.481,0.013583222623206605,0.009510859918434172,581.693,0.0072450235895310956,2.5642448004126633e-06
581.481,0.013583222623206605,0.009510859918434172,581.793,0.007254235871559296,2.5707258665116886e-06
581.681,0.013597197109576645,0.009510988649148022,581.893,0.007263448153638128,2.577215085284178e-06
581.681,0.013597197109576645,0.009510988649148022,581.993,0.007272660435767506,2.5837124566278558e-06
581.881,0.0136125827784415,0.009511155367202442,582.093,0.007281872717947505,2.5902179804405713e-06
581.981,0.013624954894622574,0.009511095705308024,582.193,0.007291085000178101,2.5967316566201015e-06
581.981,0.013624954894622574,0.009511095705308024,582.293,0.007300297282459349,2.603253485064282e-06
582.181,0.013645179941596454,0.009512092888857395,582.393,0.007309509564791154,2.6097834656708425e-06
582.281,0.01365884220093258,0.009511982734855859,582.493,0.007318721847173534,2.616321598337595e-06
582.281,0.01365884220093258,0.009511982734855859,582.593,0.007327934129606481,2.6228678829623316e-06
582.481,0.01367281671855434,0.00951211158824334,582.693,0.007337146412090006,2.629422319442863e-06
582.581,0.013686478976668836,0.009512001469475215,582.793,0.007346358694624104,2.635984907676992e-06
582.581,0.013686478976668836,0.009512001469475215,582.893,0.007355570977208727,2.6425556475624825e-06
582.781,0.013700453488123862,0.009512130360989933,582.993,0.007364783259843864,2.649134538997133e-06
582.781,0.013700453488123862,0.009512130360989933,583.093,0.007373995542529574,2.6557215818787942e-06
582.881,0.013713994727289071,0.00951193178536089,583.193,0.007383207825265764,2.6623167761052068e-06
583.081,0.013728090265497685,0.009512149207117706,583.293,0.007392420108052492,2.6689201215742236e-06
583.081,0.013728090265497685,0.009512149207117706,583.393,0.007401632390889682,2.675531618183596e-06
583.181,0.013741752528012668,0.009512039158816264,583.493,0.007410844673777399,2.68215126583118e-06
583.381,0.013759175576217952,0.009514724807660066,583.593,0.007420056956715536,2.688779064414722e-06
583.381,0.013759175576217952,0.009514724807660066,583.693,0.0074292692397041615,2.695415013832076e-06
583.581,0.013773955476929056,0.009515520330363904,583.793,0.0074384815227432925,2.70205911398107e-06
583.681,0.013786812346185824,0.00951474381310254,583.893,0.007447693805832879,2.708711364759484e-06
583.681,0.013786812346185824,0.00951474381310254,583.993,0.007456906088972885,2.715371766065113e-06
583.881,0.013806198386056873,0.00951554255366439,584.093,0.007466118372163346,2.722040317795803e-06
583.981,0.013818899049810365,0.009514646517339645,584.193,0.007475330655404266,2.7287170198493693e-06
583.981,0.013818899049810365,0.009514646517339645,584.293,0.00748454293869554,2.735401872123568e-06
584.181,0.013832717441754495,0.009514656089747536,584.393,0.007493755222037313,2.7420948745163252e-06
584.181,0.013832717441754495,0.009514656089747536,584.493,0.007502967505429515,2.748796026925412e-06
584.281,0.01384653583274634,0.009514665680261932,584.593,0.007512179788872098,2.7555053292486176e-06
584.481,0.013864960355931136,0.00951467849627325,584.693,0.007521392072365009,2.762222781383732e-06
584.481,0.013864960355931136,0.00951467849627325,584.793,0.007530604355908344,2.7689483832286584e-06
584.681,0.013879740244322437,0.009515474145367,584.893,0.007539816639502014,2.7756821346811582e-06
584.781,0.013893558639522238,0.00951548379722149,584.993,0.007549028923146087,2.7824240356391015e-06
584.781,0.013893558639522238,0.00951548379722149,585.093,0.0075582412068404764,2.7891740860002682e-06
584.981,0.01390737702966138,0.009515493467621153,585.193,0.007567453490585269,2.7959322856625525e-06
584.981,0.01390737702966138,0.009515493467621153,585.293,0.007576665774380387,2.8026986345237342e-06
585.081,0.013920233921203074,0.009514717139970309,585.393,0.007585878058225852,2.809473132481659e-06
585.281,0.013935013809260141,0.009515512863248992,585.493,0.007595090342121582,2.8162557794341093e-06
585.281,0.013935013809260141,0.009515512863248992,585.593,0.0076043026260676425,2.823046575278966e-06
585.481,0.013948988431044031,0.009515642171905378,585.693,0.007613514910064009,2.8298455199140473e-06
585.581,0.01396265059728431,0.009515532332197688,585.793,0.007622727194110715,2.836652613237222e-06
585.581,0.01396265059728431,0.009515532332197688,585.893,0.007631939478207659,2.843467855146263e-06
585.781,0.013976625215469175,0.009515661678991122,585.993,0.007641151762354901,2.8502912455390564e-06
585.881,0.01399028738231391,0.009515551874477658,586.093,0.007650364046552415,2.857122784313425e-06
585.881,0.01399028738231391,0.009515551874477658,586.193,0.007659576330800127,2.8639624713671603e-06
586.081,0.014008711900876533,0.009515564943414134,586.293,0.007668788615098121,2.8708103065981683e-06
586.181,0.014023570743778906,0.009515235634536094,586.393,0.007678000899446409,2.8776662899043114e-06
586.181,0.014023570743778906,0.009515235634536094,586.493,0.007687213183844942,2.8845304211833964e-06
586.381,0.014037310935791806,0.009515807833736008,586.593,0.007696425468293552,2.8914027003331537e-06
586.381,0.014037310935791806,0.009515807833736008,586.693,0.0077056377527925275,2.8982831272516486e-06
586.481,0.01405143747696358,0.009515271906407054,586.793,0.0077148500373416555,2.9051717018365783e-06
586.681,0.014064947720020817,0.009515827572616459,586.893,0.007724062321940953,2.9120684239858125e-06
586.681,0.014064947720020817,0.009515827572616459,586.993,0.007733274606590479,2.918973293597249e-06
586.881,0.014078766114841955,0.009515837469662827,587.093,0.007742486891290228,2.92588631056874e-06
586.981,0.01409640998444917,0.009516237568421225,587.193,0.007751699176040019,2.932807474798002e-06
586.981,0.01409640998444917,0.009516237568421225,587.293,0.007760911460840105,2.9397367861830923e-06
587.181,0.014111317181664817,0.009515314834071567,587.393,0.007770123745690233,2.9466742446216814e-06
587.281,0.014123714059839235,0.009516226339233123,587.493,0.0077793360305906,2.95361985001178e-06
587.281,0.014123714059839235,0.009516226339233123,587.593,0.007788548315541065,2.960573602251146e-06
587.481,0.014138657077594584,0.009515589063845932,587.693,0.007797760600541643,2.9675355012376523e-06
587.581,0.01415146290284003,0.009516155012042579,587.793,0.007806972885592353,2.974505546869183e-06
587.581,0.01415146290284003,0.009516155012042579,587.893,0.007816185170693274,2.9814837390436643e-06
587.781,0.014165169231981955,0.009516256270702659,587.993,0.007825397455844166,2.9884700776587897e-06
587.781,0.014165169231981955,0.009516256270702659,588.093,0.007834609741045155,2.995464562612509e-06
587.881,0.01417909969004324,0.009516175019032328,588.193,0.007843822026296321,3.0024671938027695e-06
588.081,0.014192806023487752,0.009516276316601345,588.293,0.007853034311597487,3.009477971127305e-06
588.081,0.014192806023487752,0.009516276316601345,588.393,0.007862246596948815,3.016496894484103e-06
588.281,0.01421236747808405,0.009514881344766864,588.493,0.007871458882350201,3.0235239637709657e-06
588.381,0.014226906777499793,0.009516691342675156,588.593,0.007880671167801546,3.0305591788856972e-06
588.381,0.014226906777499793,0.009516691342675156,588.693,0.007889883453303066,3.037602539726338e-06
588.581,0.014243301780407393,0.00951571508894626,588.793,0.007899095738854486,3.044654046190555e-06
588.681,0.014254543562068128,0.009516711546109047,588.893,0.007908308024456027,3.051713698176395e-06
588.681,0.014254543562068128,0.009516711546109047,588.993,0.007917520310107565,3.0587814955816467e-06
588.881,0.01426836195104006,0.009516721675439795,589.093,0.007926732595809087,3.06585743830419e-06
588.881,0.01426836195104006,0.009516721675439795,589.193,0.007935944881560622,3.072941526241919e-06
588.981,0.014282180345221615,0.0095167318228925,589.293,0.007945157167362198,3.080033759292746e-06
589.181,0.01429857534744673,0.009515755651858776,589.393,0.007954369453213718,3.0871341373544876e-06
589.181,0.01429857534744673,0.009515755651858776,589.493,0.007963581739115225,3.0942426603250604e-06
589.381,0.014312441728869606,0.009515819122652746,589.593,0.00797279402506667,3.10135932810231e-06
589.481,0.014326212134420683,0.009515776043281554,589.693,0.007982006311068105,3.108484140584176e-06
589.481,0.014326212134420683,0.009515776043281554,589.793,0.00799121859711955,3.11561709766856e-06
589.681,0.014340078516363286,0.009515839550615765,589.893,0.008000430883220836,3.122758199253227e-06
589.781,0.01435631558310921,0.009517144367012662,589.993,0.008009643169372046,3.1299074452361372e-06
589.781,0.01435631558310921,0.009517144367012662,590.093,0.008018855455573286,3.1370648355152654e-06
589.981,0.014372273451681546,0.009515810191855741,590.193,0.008028067741824333,3.1442303699883314e-06
589.981,0.014372273451681546,0.009515810191855741,590.293,0.008037280028125414,3.1514040485534156e-06
590.081,0.014383952372654092,0.00951716490176563,590.393,0.008046492314476265,3.1585858711082036e-06
590.281,0.014402376892786055,0.009517178632313293,590.493,0.008055704600877052,3.1657758375507295e-06
590.281,0.014402376892786055,0.009517178632313293,590.593,0.008064916887327703,3.1729739477788375e-06
590.481,0.014419002565202944,0.009516434795529535,590.693,0.008074129173828255,3.18018020169046e-06
590.581,0.014432449163210502,0.00951615241929636,590.793,0.00808334146037866,3.1873945991834603e-06
590.581,0.014432449163210502,0.00951615241929636,590.893,0.008092553746978896,3.1946171401557395e-06
590.781,0.014446639355874523,0.009516455495302825,590.993,0.00810176603362901,3.2018478245052334e-06
590.781,0.014446639355874523,0.009516455495302825,591.093,0.008110978320328973,3.2090866521298254e-06
590.881,0.014457650472981618,0.009517220019445551,591.193,0.00812019060707876,3.216333622927402e-06
591.081,0.014474372574683262,0.009516419230644401,591.293,0.008129402893878349,3.223588736795868e-06
591.081,0.014474372574683262,0.009516419230644401,591.393,0.008138615180727775,3.2308519936331534e-06
591.281,0.014488476392259265,0.009516735494446022,591.493,0.00814782746762702,3.2381233933371615e-06
591.381,0.014502057356687267,0.00951649336493719,591.593,0.008157039754576066,3.2454029358057977e-06
591.381,0.014502057356687267,0.00951649336493719,591.693,0.008166252041574812,3.252690620936891e-06
591.581,0.014522084312389993,0.009516360655217162,591.793,0.008175464328623448,3.2599864486285057e-06
591.581,0.014522084312389993,0.009516360655217162,591.893,0.008184676615721769,3.267290418778401e-06
591.681,0.014536301386633742,0.009516419233430105,591.993,0.008193888902869826,3.274602531284542e-06
591.881,0.014549728109400563,0.00951640200976903,592.093,0.008203101190067688,3.281922786044894e-06
591.881,0.014549728109400563,0.00951640200976903,592.193,0.008212313477315294,3.2892511829573397e-06
592.081,0.014568592322001042,0.009516497047376326,592.293,0.00822152576461269,3.2965877219198305e-06
592.081,0.014568592322001042,0.009516497047376326,592.393,0.008230738051959782,3.3039324028302183e-06
592.181,0.014583086642294029,0.009516497679403296,592.493,0.008239950339356577,3.311285225586438e-06
592.381,0.014596229125071088,0.00951651814273189,592.593,0.008249162626803126,3.318646190086464e-06
592.381,0.014596229125071088,0.00951651814273189,592.693,0.008258374914299321,3.32601529622813e-06
592.481,0.014610675426541356,0.009516465512247364,592.793,0.008267587201845296,3.333392543909467e-06
592.681,0.014623872915113748,0.009516559689856203,592.893,0.008276799489440836,3.3407779330282415e-06
592.681,0.014623872915113748,0.009516559689856203,592.993,0.008286011777086178,3.3481714634825745e-06
592.781,0.014638360230376679,0.009516540010624047,593.093,0.00829522406478113,3.3555731351702576e-06
592.981,0.014652185628778139,0.009516571018067962,593.193,0.008304436352525695,3.362982947989207e-06
592.981,0.014652185628778139,0.009516571018067962,593.293,0.008313648640319951,3.3704009018374354e-06
593.181,0.01466802660211751,0.009517868378656874,593.393,0.008322860928163816,3.3778269966128184e-06
593.281,0.01468150970861403,0.0095179177800646,593.493,0.008332073216057369,3.3852612322133392e-06
593.281,0.01468150970861403,0.0095179177800646,593.593,0.008341285504000547,3.3927036085368996e-06
593.481,0.014696339490976562,0.009517879833791593,593.693,0.008350497791993212,3.400154125481323e-06
593.581,0.014709146498799872,0.009517939168524543,593.793,0.008359710080035615,3.4076127829447634e-06
593.581,0.014709146498799872,0.009517939168524543,593.893,0.008368922368127519,3.4150795808249578e-06
593.781,0.014723976279093096,0.009517901249580341,593.993,0.008378134656269073,3.422554519019973e-06
593.881,0.0147377946800643,0.009517911984816269,594.093,0.008387346944460155,3.43003759742768e-06
593.881,0.0147377946800643,0.009517911984816269,594.193,0.008396559232700844,3.4375288159460707e-06
594.081,0.014751613077488835,0.009517922738595554,594.293,0.008405771520991104,3.445028174473055e-06
594.181,0.01476895756125005,0.009518522449243129,594.393,0.008414983809330956,3.4525356729066126e-06
594.181,0.01476895756125005,0.009518522449243129,594.493,0.008424196097720302,3.460051311144616e-06
594.381,0.014783855999121236,0.009517947901619535,594.593,0.008433408386159197,3.4675750890850686e-06
594.481,0.014796613799157648,0.009518605972650848,594.693,0.00844262067464764,3.4751070066259173e-06
594.481,0.014796613799157648,0.009518605972650848,594.793,0.008451832963185586,3.482647063665074e-06
594.681,0.014811492789717908,0.009517969549359823,594.893,0.008461045251773078,3.4901952601005456e-06
594.681,0.014811492789717908,0.009517969549359823,594.993,0.008470257540410052,3.4977515958302114e-06
594.781,0.014823254969450177,0.009517268725285332,595.093,0.00847946982909651,3.5053160707520596e-06
594.981,0.014839060982895797,0.009518527980681073,595.193,0.00848868211783244,3.5128886847640435e-06
594.981,0.014839060982895797,0.009518527980681073,595.293,0.008497894406617846,3.5204694377641033e-06
595.081,0.014850911213068387,0.009517352381110341,595.393,0.008507106695452748,3.5280583296502304e-06
595.281,0.01486669777986605,0.009518549768749081,595.493,0.008516318984337043,3.535655360320313e-06
595.281,0.01486669777986605,0.009518549768749081,595.593,0.00852553127327087,3.5432605296723967e-06
595.481,0.014880584779850048,0.009518023989345616,595.693,0.008534743562254133,3.5508738376044093e-06
595.581,0.014897164558337452,0.009517130609505701,595.793,0.008543955851286861,3.5584952840143108e-06
595.581,0.014897164558337452,0.009517130609505701,595.893,0.008553168140368977,3.566124868800025e-06
595.781,0.01491178278015153,0.009517289117615124,595.993,0.008562380429500522,3.57376259185956e-06
595.881,0.014924457715794093,0.009517040761337919,596.093,0.00857159271868149,3.581408453090874e-06
595.881,0.014924457715794093,0.009517040761337919,596.193,0.008580805007911863,3.5890624523919224e-06
596.081,0.014938619741819339,0.009517163552807443,596.293,0.008590017297191601,3.5967245896606505e-06
596.081,0.014938619741819339,0.009517163552807443,596.393,0.008599229586520719,3.604394864795043e-06
596.181,0.01495209451187348,0.009517062776921955,596.493,0.00860844187589922,3.612073277693076e-06
596.381,0.014966256542628927,0.009517185606517008,596.593,0.00861765416532711,3.6197598282527373e-06
596.381,0.014966256542628927,0.009517185606517008,596.693,0.008626866454804412,3.6274545163720183e-06
596.581,0.01498087476564818,0.009517344208778023,596.793,0.008636078744330967,3.6351573419487825e-06
596.681,0.014993910219108182,0.009517225423504997,596.893,0.00864529103390689,3.642868304881099e-06
596.681,0.014993910219108182,0.009517225423504997,596.993,0.0086545033235322,3.650587405066965e-06
596.881,0.015007828644200088,0.009517306820453306,597.093,0.008663715613206753,3.658314642404243e-06
596.981,0.015026497551882905,0.009517513991101878,597.193,0.008672927902930627,3.666050016790972e-06
596.981,0.015026497551882905,0.009517513991101878,597.293,0.008682140192703873,3.673793528125203e-06
597.181,0.015040071583990488,0.009517332770556584,597.393,0.008691352482526367,3.6815451763048076e-06
597.281,0.0150541343512347,0.00951753627501931,597.493,0.008700564772398146,3.689304961227812e-06
597.281,0.0150541343512347,0.00951753627501931,597.593,0.008709777062319216,3.6970728827922158e-06
597.481,0.015067364748117207,0.009517243291662505,597.693,0.008718989352289517,3.7048489408959505e-06
597.481,0.015067364748117207,0.009517243291662505,597.793,0.008728201642309167,3.712633135437111e-06
597.581,0.015081771152186327,0.009517558632165725,597.893,0.008737413932378008,3.72042546631356e-06
597.781,0.015095589542136686,0.009517569838306138,597.993,0.008746626222496185,3.7282259334234132e-06
597.781,0.015095589542136686,0.009517569838306138,598.093,0.00875583851266349,3.736034536664494e-06
597.981,0.015109163575286718,0.009517388713993892,598.193,0.008765050802880094,3.743851275934946e-06
598.081,0.0151232263396011,0.009517592305311504,598.293,0.008774263093145903,3.7516761511326877e-06
598.081,0.0151232263396011,0.009517592305311504,598.393,0.008783475383460951,3.759509162155754e-06
598.281,0.015136856916578938,0.00951744776712762,598.493,0.008792687673825142,3.767350308902062e-06
598.381,0.015155469273167497,0.009517618609248596,598.593,0.008801899964238559,3.775199591269684e-06
598.381,0.015155469273167497,0.009517618609248596,598.693,0.008811112254701112,3.7830570091565423e-06
598.581,0.015169287674238814,0.009517629913020902,598.793,0.00882032454521292,3.7909225624607507e-06
598.681,0.015184458920452597,0.009517711736027591,598.893,0.00882953683577389,3.798796251080236e-06
598.681,0.015184458920452597,0.009517711736027591,598.993,0.008838749126383967,3.8066780749129615e-06
598.881,0.015196924485665052,0.009517652575292824,599.093,0.00884796141704321,3.8145680338569892e-06
598.981,0.015212095720266189,0.009517734430720435,599.193,0.008857173707751666,3.822466127810361e-06
598.981,0.015212095720266189,0.009517734430720435,599.293,0.00886638599850923,3.830372356671007e-06
599.181,0.01522456128188308,0.009517675310729749,599.393,0.0088755982893159,3.838286720336934e-06
599.281,0.015239732520021901,0.009517757198594875,599.493,0.008884810580171711,3.84620921870619e-06
599.281,0.015239732520021901,0.009517757198594875,599.593,0.008894022871076603,3.854139851676751e-06
599.481,0.015253779331621921,0.009517861060396562,599.693,0.008903235162030562,3.8620786191466e-06
599.481,0.015253779331621921,0.009517861060396562,599.793,0.00891244745303375,3.870025521013912e-06
599.581,0.015267369319467934,0.009517780039716857,599.893,0.008921659744085911,3.877980557176483e-06
599.781,0.01528141613608004,0.009517883934991585,599.993,0.008930872035187219,3.885943727532484e-06
599.781,0.01528141613608004,0.009517883934991585,600.093,0.008940084326337545,3.893915031979808e-06
599.881,0.015295006124545025,0.009517802954043114,600.193,0.008949296617536939,3.901894470416535e-06
600.081,0.01530905293836586,0.009517906882790247,600.293,0.00895850890878542,3.9098820427407095e-06
600.081,0.01530905293836586,0.009517906882790247,600.393,0.008967721200082884,3.917877748850267e-06
600.281,0.015327477478190873,0.009517922222009312,600.493,0.008976933491429466,3.925881588643349e-06
600.381,0.015340437996863061,0.009517873096560067,600.593,0.008986145782825004,3.933893562017839e-06
600.381,0.015340437996863061,0.009517873096560067,600.693,0.008995358074269615,3.941913668871876e-06
600.581,0.015355114279573982,0.009517945291823472,600.793,0.00900457036576316,3.94994190910337e-06
600.681,0.015369580045821292,0.00951909856427686,600.893,0.009013782657305723,3.957978282610425e-06
600.681,0.015369580045821292,0.00951909856427686,600.993,0.009022994948897314,3.966022789291092e-06
600.881,0.015383975940587238,0.009519252774013125,601.093,0.009032207240537856,3.974075429043319e-06
600.881,0.015383975940587238,0.009519252774013125,601.193,0.009041419532227375,3.982136201765177e-06
600.981,0.015396806241856301,0.009521345552334727,601.293,0.009050631823965899,3.990205107354737e-06
601.181,0.015411612748051938,0.00951927599140941,601.393,0.00905984411575333,3.99828214570993e-06
601.181,0.015411612748051938,0.00951927599140941,601.493,0.009069056407589699,4.006367316728854e-06
601.381,0.015426250496762559,0.009519512108669323,601.593,0.009078268699475027,4.014460620309534e-06
601.481,0.015439788435265361,0.00951960571573841,601.693,0.009087480991409269,4.022562056349995e-06
601.481,0.015439788435265361,0.00951960571573841,601.793,0.009096693283392404,4.030671624748252e-06
601.681,0.015453606841379794,0.00951961738927798,601.893,0.009105905575424506,4.038789325402425e-06
601.781,0.01546643715898818,0.009521710324000163,601.993,0.009115117867505502,4.0469151582104905e-06
601.781,0.01546643715898818,0.009521710324000163,602.093,0.009124330159635366,4.055049123070473e-06
601.981,0.015484861702833565,0.00952172593602843,602.193,0.009133542451814155,4.06319121988048e-06
602.081,0.015498680110383198,0.009521737666269299,602.293,0.009142754744041828,4.071341448538507e-06
602.081,0.015498680110383198,0.009521737666269299,602.393,0.00915196703631837,4.079499808942603e-06
602.281,0.015512498507270406,0.009521749415007707,602.493,0.009161179328643793,4.087666300990835e-06
602.281,0.015512498507270406,0.009521749415007707,602.593,0.009170391621018065,4.095840924581229e-06
602.381,0.015526316913624391,0.009521761181879473,602.693,0.009179603913441144,4.104023679611794e-06
602.581,0.015541678754822675,0.009522195352585503,602.793,0.009188816205913082,4.112214565980644e-06
602.581,0.015541678754822675,0.009522195352585503,602.893,0.009198028498433809,4.1204135835857675e-06
602.681,0.015555497163178193,0.009522207162362852,602.993,0.009207240791003405,4.128620732325296e-06
602.881,0.015569315569599328,0.009522218990618371,603.093,0.009216453083621847,4.136836012097273e-06
602.881,0.015569315569599328,0.009522218990618371,603.193,0.009225665376289032,4.14505942279966e-06
603.081,0.015584531294790724,0.009522510013399906,603.293,0.009234877669005043,4.1532909643306e-06
603.181,0.015597229142619191,0.009522302417406354,603.393,0.009244089961769788,4.161530636588074e-06
603.181,0.015597229142619191,0.009522302417406354,603.493,0.009253302254583323,4.169778439470198e-06
603.381,0.015611047548954217,0.009522314301047134,603.593,0.009262514547445672,4.178034372875072e-06
603.481,0.01562486595394911,0.009522326202788653,603.693,0.009271726840356789,4.186298436700697e-06
603.481,0.01562486595394911,0.009522326202788653,603.793,0.00928093913331663,4.194570630845111e-06
603.681,0.0156432904996406,0.009522342100327288,603.893,0.009290151426325218,4.202850955206404e-06
603.781,0.01565710891298395,0.009522354044746302,603.993,0.00929936371938258,4.21113940968268e-06
603.781,0.01565710891298395,0.009522354044746302,604.093,0.009308576012488535,4.219435994171843e-06
603.981,0.015670927314100365,0.009522366007629224,604.193,0.009317788305643355,4.227740708572223e-06
604.081,0.015684745716688115,0.009522377988634622,604.293,0.009327000598846847,4.236053552781711e-06
604.081,0.015684745716688115,0.009522377988634622,604.393,0.009336212892098983,4.2443745266983555e-06
604.281,0.015698564125041295,0.009522389988124168,604.493,0.009345425185399873,4.252703630220344e-06
604.281,0.015698564125041295,0.009522389988124168,604.593,0.009354637478749433,4.261040863245683e-06
604.381,0.015712382528789398,0.009522402005686091,604.693,0.009363849772147605,4.2693862256723956e-06
604.581,0.015726200925392748,0.00952241404176554,604.793,0.009373062065594547,4.277739717398699e-06
604.581,0.015726200925392748,0.00952241404176554,604.893,0.009382274359090097,4.286101338322533e-06
604.781,0.01574141668954345,0.009522705332054949,604.993,0.009391486652634262,4.294471088341993e-06
604.881,0.015753837729693597,0.009522438168555124,605.093,0.00940069894622715,4.302848967355258e-06
604.881,0.015753837729693597,0.009522438168555124,605.193,0.00940991123986852,4.311234975260206e-06
605.081,0.01577226227813301,0.009522454293740512,605.293,0.00941912353355868,4.319629111955187e-06
605.181,0.015786639593454475,0.009522615365479794,605.393,0.009428335827297397,4.328031377338095e-06
605.181,0.015786639593454475,0.009522615365479794,605.493,0.009437548121084657,4.3364417713069975e-06
605.381,0.015799899092634427,0.009522478542509625,605.593,0.009446760414920595,4.344860293760122e-06
605.481,0.01582123898651313,0.009522362818758708,605.693,0.00945597270880506,4.353286944595411e-06
605.481,0.01582123898651313,0.009522362818758708,605.793,0.009465185002738153,4.36172172371106e-06
605.681,0.015828933260574034,0.009522782128716153,605.893,0.009474397296719825,4.370164631005114e-06
605.681,0.015828933260574034,0.009522782128716153,605.993,0.00948360959075003,4.378615666375622e-06
605.781,0.015848875802200697,0.009522387084256687,606.093,0.009492821884828853,4.387074829720779e-06
605.981,0.015857127207640355,0.009523012704681666,606.193,0.009502034178956119,4.395542120938512e-06
605.981,0.015857127207640355,0.009523012704681666,606.293,0.009511246473132019,4.404017539927103e-06
606.181,0.01587038848584037,0.009522818762272223,606.393,0.009520458767356335,4.412501086584441e-06
606.281,0.015890331017404506,0.009522423619760304,606.493,0.009529671061629321,4.420992760808867e-06
606.281,0.015890331017404506,0.009522423619760304,606.593,0.009538883355950782,4.4294925624983235e-06
606.481,0.015898582424682308,0.00952304944774925,606.693,0.00954809565032067,4.438000491550863e-06
606.581,0.01592073180234296,0.009523480739475381,606.793,0.009557307944739071,4.446516547864667e-06
606.581,0.01592073180234296,0.009523480739475381,606.893,0.009566520239205976,4.455040731337838e-06
606.781,0.01594148252869864,0.009523808746467242,606.993,0.009575732533721357,4.463573041868457e-06
606.881,0.01595135998010611,0.009524747226081345,607.093,0.009584944828285216,4.47211347935463e-06
606.881,0.01595135998010611,0.009524747226081345,607.193,0.009594157122897577,4.4806620436945075e-06
607.081,0.015967737241979873,0.009523455892844828,607.293,0.009603369417558343,4.4892187347861115e-06
607.181,0.015980787469637266,0.00952499158108831,607.393,0.009612581712267497,4.497783552527551e-06
607.181,0.015980787469637266,0.00952499158108831,607.493,0.009621794007025149,4.506356496817038e-06
607.381,0.015996005618050084,0.009525283736028914,607.593,0.009631006301831186,4.514937567552562e-06
607.481,0.016008424280860304,0.009525016278774983,607.693,0.00964021859668573,4.523526764632358e-06
607.481,0.016008424280860304,0.009525016278774983,607.793,0.009649430891588625,4.532124087954407e-06
607.681,0.016023642431138962,0.009525308479256187,607.893,0.009658643186539929,4.540729537416896e-06
607.681,0.016023642431138962,0.009525308479256187,607.993,0.00966785548153964,4.549343112917933e-06
607.781,0.01603606110176495,0.009525041049597373,608.093,0.009677067776587708,4.557964814355603e-06
607.981,0.016051279248837712,0.009525333295623276,608.193,0.009686280071684211,4.566594641628096e-06
607.981,0.016051279248837712,0.009525333295623276,608.293,0.009695492366829029,4.575232594633438e-06
608.081,0.016063697919064472,0.009525065893593494,608.393,0.00970470466202232,4.583878673269895e-06
608.281,0.016078916068479557,0.009525358185127154,608.493,0.009713916957263863,4.592532877435402e-06
608.281,0.016078916068479557,0.009525358185127154,608.593,0.009723129252553678,4.601195207028095e-06
608.481,0.016092734474675217,0.009525370657389514,608.693,0.009732341547891928,4.609865661946255e-06
608.581,0.016106552889750776,0.00952538314773187,608.793,0.009741553843278425,4.618544242087859e-06
608.581,0.016106552889750776,0.00952538314773187,608.893,0.009750766138713306,4.627230947351148e-06
608.781,0.016124977426215305,0.009525399830107036,608.993,0.009759978434196466,4.635925777634155e-06
608.881,0.016138522614597226,0.009525261299898023,609.093,0.009769190729727931,4.644628732835051e-06
608.881,0.016138522614597226,0.009525261299898023,609.193,0.009778403025307716,4.653339812851993e-06
609.081,0.016152614234345206,0.009525424914625888,609.293,0.009787615320935717,4.662059017583031e-06
609.181,0.01616615942021787,0.009525286420202271,609.393,0.009796827616612032,4.670786346926369e-06
609.181,0.01616615942021787,0.009525286420202271,609.493,0.00980603991233662,4.6795218007801285e-06
609.381,0.01618029363365712,0.009525497310907238,609.593,0.009815252208109432,4.6882653790423995e-06
609.481,0.01619379624207694,0.00952531161360789,609.693,0.009824464503930532,4.69701708161139e-06
609.481,0.01619379624207694,0.00952531161360789,609.793,0.009833676799799932,4.705776908385254e-06
609.681,0.016207614646762434,0.009525324237818754,609.893,0.009842889095717467,4.714544859261988e-06
609.681,0.016207614646762434,0.009525324237818754,609.993,0.00985210139168322,4.723320934139817e-06
609.781,0.01622143305835959,0.009525336880111736,610.093,0.009861313687697215,4.7321051329168975e-06
609.981,0.016235251465324032,0.009525349540892509,610.193,0.009870525983759412,4.740897455491357e-06
609.981,0.016235251465324032,0.009525349540892509,610.293,0.009879738279869802,4.7496979017613415e-06
610.181,0.016253676015272812,0.009525366450220377,610.393,0.009888950576028413,4.75850647162502e-06
610.281,0.016267727510536158,0.009524867629169789,610.493,0.009898162872235225,4.76732316498053e-06
610.281,0.016267727510536158,0.009524867629169789,610.593,0.009907375168490174,4.776147981725965e-06
610.481,0.01628131283878989,0.009525391875167927,610.693,0.009916587464793203,4.784980921759427e-06
610.581,0.01629536432732338,0.0095248930893717,610.793,0.009925799761144502,4.793821984979262e-06
610.581,0.01629536432732338,0.0095248930893717,610.893,0.009935012057543895,4.802671171283448e-06
610.781,0.016309182732704357,0.00952490584696858,610.993,0.00994422435399139,4.811528480570168e-06
610.781,0.016309182732704357,0.00952490584696858,611.093,0.009953436650487119,4.8203939127377034e-06
610.881,0.016323001143105264,0.009524918622673914,611.193,0.009962648947030892,4.829267467684032e-06
611.081,0.01633681955040749,0.009524931416837626,611.293,0.009971861243622815,4.838149145307424e-06
611.081,0.01633681955040749,0.009524931416837626,611.393,0.009981073540262859,4.847038945506021e-06
611.181,0.01635063796455654,0.00952494422910132,611.493,0.009990285836950927,4.855936868177888e-06
611.381,0.016364456371193794,0.009524957059818581,611.593,0.009999498133687166,4.864842913221347e-06
611.381,0.016364456371193794,0.009524957059818581,611.693,0.010008710430471395,4.8737570805343795e-06
611.581,0.0163782747743379,0.009524969908825438,611.793,0.010017922727303747,4.88267937001528e-06
611.681,0.01639647374599335,0.00952478527104631,611.893,0.010027135024184177,4.891609781562194e-06
611.681,0.01639647374599335,0.00952478527104631,611.993,0.010036347321112625,4.900548315073218e-06
611.881,0.016412880257195114,0.009527061266243801,612.093,0.010045559618089119,4.90949497044657e-06
611.981,0.016426473006623993,0.009526872308774866,612.193,0.010054771915113652,4.9184497475804144e-06
611.981,0.016426473006623993,0.009526872308774866,612.293,0.010063984212186215,4.927412646372925e-06
612.181,0.016440517073800977,0.009527087116368823,612.393,0.010073196509306808,4.9363836667222655e-06
612.281,0.01645410982339607,0.009526898194268458,612.493,0.010082408806475426,4.945362808526611e-06
612.281,0.01645410982339607,0.009526898194268458,612.593,0.010091621103691965,4.954350071684051e-06
612.481,0.016467981512980637,0.009526943757480309,612.693,0.01010083340095653,4.963345456092864e-06
612.581,0.016480238075963004,0.009525719520087484,612.793,0.010110045698269118,4.972348961651236e-06
612.581,0.016480238075963004,0.009525719520087484,612.893,0.010119257995629662,4.981360588257272e-06
612.781,0.01649561833391508,0.009526969752670748,612.993,0.010128470293038212,4.9903803358092214e-06
612.881,0.01650787489444002,0.009525745548146662,613.093,0.010137682590494652,4.999408204205148e-06
612.881,0.01650787489444002,0.009525745548146662,613.193,0.010146894887999101,5.008444193343376e-06
613.081,0.01652320187363079,0.00952696322783275,613.293,0.010156107185551478,5.017488303121993e-06
613.081,0.01652320187363079,0.00952696322783275,613.393,0.010165319483151768,5.026540533439189e-06
613.181,0.016534918741481486,0.009525117211489726,613.493,0.010174531780799983,5.035600884193165e-06
613.381,0.016549330132249386,0.00952578472739207,613.593,0.01018374407849611,5.044669355282103e-06
613.381,0.016549330132249386,0.00952578472739207,613.693,0.0101929563762402,5.053745946604237e-06
613.581,0.01656499437987015,0.00952692036286188,613.793,0.010202168674032088,5.062830658057604e-06
613.681,0.01658098011527043,0.00952516083518718,613.893,0.010211380971871985,5.071923489540619e-06
613.681,0.01658098011527043,0.00952516083518718,613.993,0.010220593269759649,5.081024440951221e-06
613.881,0.016594798519341696,0.009525173961972036,614.093,0.010229805567695278,5.090133512187833e-06
613.981,0.016608616937152956,0.009525187106828533,614.193,0.010239017865678744,5.0992507031485095e-06
613.981,0.016608616937152956,0.009525187106828533,614.293,0.010248230163710015,5.108376013731429e-06
614.181,0.016622435347526263,0.009525200270141218,614.393,0.010257442461789197,5.1175094438348935e-06
614.181,0.016622435347526263,0.009525200270141218,614.493,0.010266654759916236,5.126650993357062e-06
614.281,0.01663625376310193,0.009525213451566778,614.593,0.010275867058091033,5.1358006621960476e-06
614.481,0.016650072174526773,0.009525226651440791,614.693,0.010285079356313672,5.144958450250135e-06
614.481,0.016650072174526773,0.009525226651440791,614.793,0.010294291654584153,5.1541243574175225e-06
614.681,0.0166644585839719,0.009525010379417827,614.893,0.010303503952902412,5.163298383596373e-06
614.781,0.01668008598318425,0.009521889906040972,614.993,0.010312716251268545,5.1724805286849775e-06
614.781,0.01668008598318425,0.009521889906040972,615.093,0.01032192854968239,5.181670792581412e-06
614.981,0.0166961335470555,0.009525270782630805,615.193,0.01033114084814405,5.1908691751839716e-06
615.081,0.016711640751593544,0.00952423463591281,615.293,0.010340353146653491,5.200075676390841e-06
615.081,0.016711640751593544,0.00952423463591281,615.393,0.010349565445210684,5.2092902961002055e-06
615.281,0.016726252897863947,0.009524122377557611,615.493,0.010358777743815576,5.2185130342102265e-06
615.281,0.016726252897863947,0.009524122377557611,615.593,0.010367990042468314,5.227743890619281e-06
615.381,0.01673950311231984,0.009524365283955045,615.693,0.01037720234116876,5.236982865225435e-06
615.581,0.016755940987892504,0.009524235230903252,615.793,0.010386414639916904,5.246229957926913e-06
615.581,0.016755940987892504,0.009524235230903252,615.893,0.010395626938712776,5.255485168621979e-06
615.681,0.016769759400179513,0.00952424860641809,615.993,0.010404839237556392,5.264748497208861e-06
615.881,0.01678357780988418,0.009524262000391442,616.093,0.010414051536447694,5.274019943585718e-06
615.881,0.01678357780988418,0.009524262000391442,616.193,0.01042326383538667,5.2832995076507685e-06
616.081,0.016797995789734885,0.009524079986269368,616.293,0.010432476134373314,5.292587189302232e-06
616.181,0.016816289791334794,0.009524030734151225,616.393,0.010441688433407679,5.301882988438398e-06
616.181,0.016816289791334794,0.009524030734151225,616.493,0.010450900732489717,5.311186904957442e-06
616.381,0.016829639177068347,0.009524306778579841,616.593,0.01046011303161935,5.3204989387575264e-06
616.481,0.016843926627003694,0.009524057654386532,616.693,0.010469325330796682,5.329819089736984e-06
616.481,0.016843926627003694,0.009524057654386532,616.793,0.010478537630021675,5.339147357793996e-06
616.681,0.01685909415839834,0.009525043879898514,616.893,0.010487749929294313,5.34848374282679e-06
616.681,0.01685909415839834,0.009525043879898514,616.993,0.010496962228614489,5.357828244733503e-06
616.881,0.016877518706076053,0.009525061898590818,617.093,0.01050617452798241,5.367180863412572e-06
616.981,0.016891806078644253,0.009524812769479097,617.193,0.01051538682739784,5.376541598762004e-06
616.981,0.016891806078644253,0.009524812769479097,617.293,0.01052459912686097,5.385910450680239e-06
617.181,0.016905155531807565,0.009525088987437695,617.393,0.010533811426371586,5.395287419065273e-06
617.181,0.016905155531807565,0.009525088987437695,617.493,0.010543023725929862,5.404672503815558e-06
617.281,0.01691879424469261,0.009525170518910138,617.593,0.010552236025535698,5.414065704829208e-06
617.481,0.016933829735348127,0.009524623860131563,617.693,0.010561448325189137,5.423467022004536e-06
617.481,0.016933829735348127,0.009524623860131563,617.793,0.010570660624890097,5.432876455239686e-06
617.581,0.016946431073965602,0.009525197706044208,617.893,0.010579872924638644,5.442294004432991e-06
617.781,0.016961466562298612,0.00952465108288218,617.993,0.01058908522443469,5.4517196694826046e-06
617.781,0.016961466562298612,0.00952465108288218,618.093,0.010598297524278275,5.461153450286812e-06
617.981,0.016974816033957958,0.009524927405294495,618.193,0.010607509824169388,5.47059534674386e-06
618.081,0.01698845473492221,0.00952500900567745,618.293,0.010616722124108007,5.480045358751967e-06
618.081,0.01698845473492221,0.00952500900567745,618.393,0.010625934424094177,5.489503486209459e-06
618.281,0.01700245286708988,0.009524954748180207,618.493,0.01063514672412782,5.498969729014484e-06
618.381,0.017020129280152316,0.009525270559155965,618.593,0.010644359024208966,5.508444087065338e-06
618.381,0.017020129280152316,0.009525270559155965,618.693,0.01065357132433752,5.517926560260183e-06
618.581,0.01703451611867643,0.00952505465971704,618.793,0.010662783624513715,5.527417148497516e-06
618.681,0.017046892155177393,0.009527178196892677,618.893,0.010671995924737174,5.536915851675237e-06
618.681,0.017046892155177393,0.009527178196892677,618.993,0.010681208225008254,5.546422669691936e-06
618.881,0.017062152945512297,0.009525082149545309,619.093,0.01069042052532671,5.555937602445639e-06
618.981,0.01707509749006797,0.009526976086370938,619.193,0.010699632825692607,5.565460649834698e-06
618.981,0.01707509749006797,0.009526976086370938,619.293,0.01070884512610597,5.574991811757345e-06
619.181,0.01708978977848232,0.009525109712377312,619.393,0.0107180574265668,5.584531088111909e-06
619.181,0.01708978977848232,0.009525109712377312,619.493,0.01072726972707499,5.594078478796512e-06
619.281,0.01710273432015816,0.009527003656863974,619.593,0.01073648202763056,5.603633983709463e-06
619.481,0.017116552736975706,0.009527017471086158,619.693,0.010745694328233578,5.613197602749099e-06
619.481,0.017116552736975706,0.009527017471086158,619.793,0.010754906628883945,5.622769335813582e-06
619.581,0.017129802647922264,0.009527260919267498,619.893,0.010764118929581727,5.632349182801251e-06
619.781,0.0171441895684497,0.009527045154089479,619.993,0.010773331230326892,5.641937143610355e-06
619.781,0.0171441895684497,0.009527045154089479,620.093,0.010782543531119376,5.651533218139116e-06
619.981,0.017159683074370588,0.009526070562450582,620.193,0.010791755831959193,5.661137406285795e-06
620.081,0.017176749627310195,0.009527054281608209,620.293,0.010800968132846383,5.670749707948737e-06
620.081,0.017176749627310195,0.009527054281608209,620.393,0.010810180433780913,5.680370123026172e-06
620.281,0.01719056805091962,0.009527068193839612,620.493,0.010819392734762776,5.689998651416372e-06
620.381,0.017203817941318957,0.00952731174763249,620.593,0.010828605035792029,5.699635293017698e-06
620.381,0.017203817941318957,0.00952731174763249,620.693,0.010837817336868491,5.7092800477282246e-06
620.581,0.017218204877604823,0.009527096072885686,620.793,0.010847029637992335,5.718932915446431e-06
620.581,0.017218204877604823,0.009527096072885686,620.893,0.010856241939163451,5.7285938960704795e-06
620.681,0.017231454772842568,0.00952733966482945,620.993,0.01086545424038186,5.738262989498675e-06
620.881,0.01724584171191629,0.009527124024932871,621.093,0.010874666541647525,5.747940195629281e-06
620.881,0.01724584171191629,0.009527124024932871,621.193,0.010883878842960467,5.757625514360601e-06
620.981,0.017259660132470434,0.009527138028237899,621.293,0.010893091144320669,5.767318945590912e-06
621.181,0.017273774242100564,0.009527215390421305,621.393,0.010902303445728113,5.7770204892184795e-06
621.181,0.017273774242100564,0.009527215390421305,621.493,0.010911515747182831,5.786730145141638e-06
621.381,0.01728844825349017,0.009527928070330944,621.593,0.010920728048684734,5.7964479132585786e-06
621.481,0.01730572151156897,0.009527184838054557,621.693,0.010929940350233936,5.806173793467729e-06
621.481,0.01730572151156897,0.009527184838054557,621.793,0.01093915265183037,5.815907785667309e-06
621.681,0.01731983562565862,0.00952726225782698,621.893,0.010948364953474012,5.825649889755589e-06
621.781,0.01733335834390954,0.009527213021290646,621.993,0.010957577255164762,5.835400105630767e-06
621.781,0.01733335834390954,0.009527213021290646,622.093,0.010966789556902735,5.8451584331912785e-06
621.981,0.01734747246013358,0.009527290475613376,622.193,0.01097600185868794,5.854924872335415e-06
622.081,0.017361063539334243,0.009527349556390584,622.293,0.010985214160520299,5.864699422961407e-06
622.081,0.017361063539334243,0.009527349556390584,622.393,0.010994426462399846,5.8744820849675895e-06
622.281,0.0173751092968409,0.009527318766421858,622.493,0.01100363876432656,5.884272858252251e-06
622.281,0.0173751092968409,0.009527318766421858,622.593,0.01101285106630038,5.894071742713636e-06
622.381,0.0173889960771542,0.009527441220670594,622.693,0.011022063368321412,5.903878738250163e-06
622.581,0.017403703640539912,0.00952819350600765,622.793,0.011031275670389536,5.9136938447600265e-06
622.581,0.017403703640539912,0.00952819350600765,622.893,0.011040487972504795,5.923517062141573e-06
622.781,0.017417420153606415,0.009528059982199423,622.993,0.011049700274667205,5.933348390293124e-06
622.881,0.01743481823525137,0.009527470677927556,623.093,0.011058912576876733,5.9431878291129645e-06
622.881,0.01743481823525137,0.009527470677927556,623.193,0.011068124879133326,5.953035378499358e-06
623.081,0.017448909417423525,0.009527542285887324,623.293,0.011077337181437025,5.962891038350662e-06
623.181,0.01746275076848078,0.009527562532740376,623.393,0.011086549483787796,5.972754808565161e-06
623.181,0.01746275076848078,0.009527562532740376,623.493,0.01109576178618563,5.982626689041161e-06
623.381,0.01747745833711239,0.009528314920596777,623.593,0.011104974088630573,5.992506679677026e-06
623.381,0.01747745833711239,0.009528314920596777,623.693,0.011114186391122568,6.002394780371021e-06
623.481,0.01749038761121868,0.009527591127500715,623.793,0.011123398693661612,6.0122909910214605e-06
623.681,0.01750509518257698,0.009528343552228896,623.893,0.011132610996247655,6.022195311526612e-06
623.681,0.01750509518257698,0.009528343552228896,623.993,0.011141823298880773,6.0321077417849e-06
623.781,0.017518024459519808,0.00952761979523634,624.093,0.01115103560156087,6.0420282816945275e-06
623.981,0.017532698484651242,0.009528332814073788,624.193,0.011160247904288042,6.051956931153919e-06
623.981,0.017532698484651242,0.009528332814073788,624.293,0.011169460207062198,6.061893690061329e-06
624.181,0.01754750820396716,0.009528156305619253,624.393,0.011178672509883348,6.071838558315091e-06
624.281,0.017564085857115164,0.009527667737024422,624.493,0.011187884812751436,6.081791535813472e-06
624.281,0.017564085857115164,0.009527667737024422,624.593,0.011197097115666629,6.091752622454978e-06
624.481,0.017578759879085033,0.009528380817280243,624.693,0.011206309418628737,6.101721818137751e-06
624.581,0.017592578301470492,0.009528395257686562,624.793,0.01121552172163779,6.1116991227601615e-06
624.581,0.017592578301470492,0.009528395257686562,624.893,0.011224734024693846,6.1216845362205886e-06
624.781,0.01760639671492458,0.009528409716481901,624.993,0.011233946327796803,6.131678058417268e-06
624.781,0.01760639671492458,0.009528409716481901,625.093,0.011243158630946729,6.141679689248621e-06
624.881,0.017620215134310148,0.009528424193400055,625.193,0.011252370934143628,6.15168942861299e-06
625.081,0.017634033550653613,0.009528438688687484,625.293,0.011261583237387449,6.161707276408652e-06
625.081,0.017634033550653613,0.009528438688687484,625.393,0.011270795540678157,6.171733232533922e-06
625.281,0.01764880972877552,0.009528222857411109,625.493,0.01128000784401577,6.181767296887157e-06
625.381,0.0176616703930075,0.009528467733872933,625.593,0.011289220147400256,6.19180946936667e-06
625.381,0.0176616703930075,0.009528467733872933,625.693,0.011298432450831609,6.201859749870805e-06
625.581,0.017681052711902207,0.009528256789155353,625.793,0.011307644754309891,6.211918138297967e-06
625.681,0.01769391337230964,0.009528501712054348,625.893,0.011316857057835052,6.22198463454646e-06
625.681,0.01769391337230964,0.009528501712054348,625.993,0.01132606936140702,6.232059238514548e-06
