MCL_Timestamp,MCL_X,MCL_Y,Odom_Timestamp,Odom_X,Odom_Y
507.085,0.006640131121331785,0.009548288876176368,507.301,0.0003914689204050553,8.83927671150674e-09
507.085,0.006640131121331785,0.009548288876176368,507.401,0.0004006811616509627,9.226667954239578e-09
507.285,0.006654878192738015,0.009548742003247911,507.501,0.00040989340288910434,9.622288265668558e-09
507.385,0.006667886199819915,0.009548357746771041,507.601,0.0004191056441454961,1.0026137543546338e-08
507.385,0.006667886199819915,0.009548357746771041,507.701,0.00042831788543884903,1.0438215685356253e-08
507.585,0.006682427734394615,0.009548681453382522,507.801,0.0004375301267829669,1.0858522588398433e-08
507.685,0.006695522858197455,0.009548358783789413,507.901,0.00044674236818756824,1.1287058149817976e-08
507.685,0.006695522858197455,0.009548358783789413,508.001,0.0004559546096595732,1.1723822266653306e-08
507.885,0.006713841517123114,0.009548039140155031,508.101,0.0004651668512038155,1.216881483586402e-08
507.985,0.006724518294574851,0.00954822718648618,508.201,0.0004743790928233514,1.2622035754337883e-08
507.985,0.006724518294574851,0.00954822718648618,508.301,0.0004835913345203944,1.3083484918933282e-08
508.185,0.006741603073680017,0.00954812647813341,508.401,0.000492803576295981,1.3553162226462083e-08
508.285,0.006752094656339457,0.00954818099342961,508.501,0.0005020158181507466,1.403106757372497e-08
508.285,0.006752094656339457,0.00954818099342961,508.601,0.0005112280600848624,1.4517200857506251e-08
508.485,0.006769114831030816,0.009548041534388822,508.701,0.0005204403020980762,1.501156197457524e-08
508.485,0.006769114831030816,0.009548041534388822,508.801,0.0005296525441900493,1.551415082170117e-08
508.585,0.006779731315139321,0.009548182261924389,508.901,0.0005388647863602397,1.602496729564862e-08
508.785,0.006796876388477103,0.009548129019183645,509.001,0.0005480770286079524,1.6544011293177647e-08
508.785,0.006796876388477103,0.009548129019183645,509.101,0.0005572892709324467,1.7071282711049082e-08
508.885,0.006807428270134963,0.009548230992553725,509.201,0.0005665015133331389,1.760678144603625e-08
509.085,0.006824459701933127,0.009548088478110962,509.301,0.0005757137558091772,1.8150507394901805e-08
509.085,0.006824459701933127,0.009548088478110962,509.401,0.0005849259983598669,1.870246045442119e-08
509.285,0.006838331378959343,0.009548131119395715,509.501,0.0005941382409844442,1.9262640521368687e-08
509.385,0.0068520963627680224,0.009548089933591108,509.601,0.0006033504836822813,1.9831047492529366e-08
509.385,0.0068520963627680224,0.009548089933591108,509.701,0.0006125627264525709,2.0407681264679016e-08
509.585,0.006865968040620247,0.009548132612088336,509.801,0.0006217749692947948,2.0992541734614424e-08
509.685,0.006881126034046014,0.009548234935195486,509.901,0.000630987212208257,2.1585628799124647e-08
509.685,0.006881126034046014,0.009548234935195486,510.001,0.0006401994551923297,2.2186942355006358e-08
509.885,0.006898157463564872,0.009548092523959923,510.101,0.000649411698246494,2.279648229906493e-08
509.985,0.00690890359612454,0.009548333439357015,510.201,0.0006586239413701653,2.3414248528103824e-08
509.985,0.00690890359612454,0.009548333439357015,510.301,0.0006678361845627813,2.4040240938929748e-08
510.185,0.0069258101809164165,0.009548104910610596,510.401,0.0006770484278238903,2.467445942835947e-08
510.285,0.006938837954615287,0.00954911453180924,510.501,0.0006862606711530634,2.5316903893214123e-08
510.285,0.006938837954615287,0.00954911453180924,510.601,0.0006954729145497824,2.596757423030894e-08
510.485,0.0069558700512434984,0.00954897236875272,510.701,0.0007046851580137292,2.662647033647654e-08
510.585,0.0069677441514561685,0.0095495057720219,510.801,0.0007138974015442973,2.729359210853068e-08
510.585,0.0069677441514561685,0.0095495057720219,510.901,0.0007231096451412563,2.7968939443315688e-08
510.785,0.006983506704925819,0.009548974168938731,511.001,0.0007323218888042006,2.8652512237663782e-08
510.785,0.006983506704925819,0.009548974168938731,511.101,0.0007415341325328335,2.9344310388417676e-08
510.885,0.006995380799956446,0.009549507605593841,511.201,0.0007507463763267469,3.004433379241369e-08
511.085,0.007011143358671241,0.009548976043129693,511.301,0.0007599586201855578,3.075258234649337e-08
511.085,0.007011143358671241,0.009548976043129693,511.401,0.0007691708641091917,3.146905594752173e-08
511.185,0.0070230174559604945,0.00954950951321733,511.501,0.0007783831080971299,3.219375449233097e-08
511.385,0.007039924983275758,0.009549281351750812,511.601,0.0007875953521492096,3.292667787778259e-08
511.385,0.007039924983275758,0.009549281351750812,511.701,0.0007968075962651126,3.366782600072712e-08
511.585,0.0070525983396312756,0.009548978993266479,511.801,0.0008060198404446548,3.441719875802881e-08
511.685,0.007067561632076698,0.009549283372724883,511.901,0.0008152320846874956,3.5174796046539104e-08
511.685,0.007067561632076698,0.009549283372724883,512.001,0.0008244443289934941,3.594061776312812e-08
511.885,0.007085986071265099,0.009549284761145268,512.101,0.0008336565733623987,3.6714663804659876e-08
511.985,0.0070967152031407065,0.009549514962096986,512.201,0.00084286881779398,3.7496934068001566e-08
511.985,0.0070967152031407065,0.009549514962096986,512.301,0.000852081062288098,3.828742845002814e-08
512.185,0.0071136227337640565,0.00954928690551016,512.401,0.0008612933068444337,3.9086146847603474e-08
512.285,0.007124348605104399,0.009549536057250601,512.501,0.0008705055514629359,3.989308915761611e-08
512.285,0.007124348605104399,0.009549536057250601,512.601,0.000879717796143331,4.070825527693585e-08
512.485,0.007141256139272102,0.009549308043581483,512.701,0.0008889300408855231,4.153164510244943e-08
512.485,0.007141256139272102,0.009549308043581483,512.801,0.0008981422856892368,4.2363258531028456e-08
512.585,0.007169939248035542,0.00952062654729982,512.901,0.0009073545305544437,4.32030954595687e-08
512.785,0.007168892807659076,0.009549310336080532,513.001,0.0009165667754809365,4.4051155784952164e-08
512.785,0.007168892807659076,0.009549310336080532,513.101,0.0009257790204685529,4.4907439404064995e-08
512.885,0.0071975759066731535,0.009520628581513854,513.201,0.0009349912655171076,4.5771946213793436e-08
513.085,0.007196529463298933,0.009549312702612042,513.301,0.0009442035106264813,4.664467611103226e-08
513.085,0.007196529463298933,0.009549312702612042,513.401,0.000953415755796601,4.752562899268028e-08
513.285,0.007211464198703936,0.009549210608056271,513.501,0.0009626280010273042,4.841480475562984e-08
513.385,0.007243253753540181,0.009520291361806973,513.601,0.0009718402463184493,4.931220329677693e-08
513.385,0.007243253753540181,0.009520291361806973,513.701,0.0009810524916700073,5.021782451303007e-08
513.585,0.007239176108123703,0.009549265212213446,513.801,0.000990264737081683,5.1131668301272637e-08
513.685,0.007272010335795122,0.009520961431991212,513.901,0.000999476982553624,5.2053734558433766e-08
513.685,0.007272010335795122,0.009520961431991212,514.001,0.001008689228085424,5.2984023181389396e-08
513.885,0.007289314861366042,0.009520295110285293,514.101,0.0010179014736771644,5.3922534067065365e-08
513.985,0.007300089622326613,0.009521521816385105,514.201,0.0010271137193287464,5.486926711237024e-08
513.985,0.007300089622326613,0.009521521816385105,514.301,0.0010363259650399872,5.582422221420543e-08
514.185,0.007318020174036225,0.009521055657817568,514.401,0.0010455382108108787,5.6787399269492084e-08
514.185,0.007318020174036225,0.009521055657817568,514.501,0.001054750456641304,5.77587981751399e-08
514.285,0.007334038684668605,0.009519961644985931,514.601,0.001063962702531165,5.8738418828064095e-08
514.485,0.007344407638108108,0.009520970346816796,514.701,0.0010731749484803892,5.972626112518298e-08
514.485,0.007344407638108108,0.009520970346816796,514.801,0.0010823871944888796,6.072232496341582e-08
514.685,0.0073594751706981595,0.009521059311709408,514.901,0.0010915994405564964,6.172661023967653e-08
514.785,0.0073723595739099935,0.009521344584913709,515.001,0.001100811686683298,6.273911685090336e-08
514.785,0.0073723595739099935,0.009521344584913709,515.101,0.0011100239328690562,6.375984469400363e-08
514.985,0.0073872357087391444,0.00952119431544548,515.201,0.0011192361791138733,6.478879366592224e-08
515.085,0.007403205983727806,0.009520019903397063,515.301,0.0011284484254175883,6.58259636635757e-08
515.085,0.007403205983727806,0.009520019903397063,515.401,0.001137660671780104,6.687135458389008e-08
515.285,0.007421630420189795,0.009520021636408848,515.501,0.0011468729182013907,6.792496632380119e-08
515.385,0.007435350531743064,0.009520308187200207,515.601,0.0011560851646813294,6.8986798780234e-08
515.385,0.007435350531743064,0.009520308187200207,515.701,0.0011652974112198247,7.005685185011822e-08
515.585,0.007449292737715624,0.009520441968074998,515.801,0.0011745096578170036,7.113512543041035e-08
515.585,0.007449292737715624,0.009520441968074998,515.901,0.0011837219044726127,7.222161941802453e-08
515.685,0.007463158934327113,0.009519470084566136,516.001,0.0011929341511867572,7.331633370991872e-08
515.885,0.007476805531306823,0.009520312257152158,516.101,0.0012021463979592522,7.441926820301797e-08
515.885,0.007476805531306823,0.009520312257152158,516.201,0.0012113586447901558,7.553042279427702e-08
515.985,0.007487692798635971,0.009519708518057968,516.301,0.001220570891679284,7.664979738062364e-08
516.185,0.007506849772820229,0.009520467419835922,516.401,0.0012297831386265618,7.7777391858999e-08
516.185,0.007506849772820229,0.009520467419835922,516.501,0.0012389953856320943,7.891320612636681e-08
516.285,0.0075180787183802425,0.009519880762438414,516.601,0.0012482076326957618,8.005724007966644e-08
516.485,0.007536101047616849,0.009519930905257903,516.701,0.001257419879817491,8.12094936158431e-08
516.485,0.007536101047616849,0.009519930905257903,516.801,0.001266632126997297,8.236996663185594e-08
516.685,0.007551414463298762,0.009520303065162012,516.901,0.001275844374235017,8.353865902464262e-08
516.785,0.007565480018139984,0.00951951552095201,517.001,0.0012850566215306673,8.471557069116461e-08
516.785,0.007565480018139984,0.00951951552095201,517.101,0.001294268868884236,8.590070152838087e-08
516.985,0.007579051131234599,0.009520306055976178,517.201,0.001303481116295629,8.709405143324087e-08
517.085,0.007592491080534233,0.009520046050271354,517.301,0.0013126933637648201,8.829562030270349e-08
517.085,0.007592491080534233,0.009520046050271354,517.401,0.0013219056112918207,8.950540803373672e-08
517.285,0.00761091552692026,0.009520048107157677,517.501,0.0013311178588765583,9.072341452329681e-08
517.385,0.0076292752538098295,0.00952009897353166,517.601,0.001340330106518936,9.19496396683366e-08
517.385,0.0076292752538098295,0.00952009897353166,517.701,0.001349542354218992,9.318408336582987e-08
517.585,0.007645000483926492,0.009519944143525114,517.801,0.001358754601976629,9.442674551273527e-08
517.685,0.007653805615116863,0.009520337785222384,517.901,0.001367966849791819,9.567762600602027e-08
517.685,0.007653805615116863,0.009520337785222384,518.001,0.001377179097664553,9.693672474265702e-08
517.885,0.0076724738364267195,0.009519685247812121,518.101,0.001386391345594801,9.820404161961479e-08
517.985,0.007686292169711522,0.009519686867422987,518.201,0.0013956035935824686,9.947957653385513e-08
517.985,0.007686292169711522,0.009519686867422987,518.301,0.0014048158416276372,1.0076332938236597e-07
518.185,0.007700110502482517,0.009519688505694223,518.401,0.0014140280897301438,1.020553000621021e-07
518.185,0.007700110502482517,0.009519688505694223,518.501,0.0014232403378900463,1.0335548847004993e-07
518.285,0.007709078961288015,0.009520344315531098,518.601,0.0014324525861072062,1.0466389450317037e-07
518.485,0.007727747177860014,0.009519691837502012,518.701,0.0014416648343817042,1.0598051805845823e-07
518.485,0.007727747177860014,0.009519691837502012,518.801,0.001450877082713445,1.0730535903288339e-07
518.685,0.007741730199106786,0.009519952071349265,518.901,0.0014600893311024184,1.0863841732342822e-07
518.785,0.007755385214215037,0.009519691699404063,519.001,0.0014693015795485972,1.0997969282707565e-07
518.785,0.007755385214215037,0.009519691699404063,519.101,0.0014785138280519956,1.1132918544081655e-07
518.985,0.007769773394744977,0.009519833411921948,519.201,0.0014877260766124954,1.126868950616224e-07
519.085,0.007787628007767806,0.009519695766186855,519.301,0.0014969383252301785,1.1405282158649486e-07
519.085,0.007787628007767806,0.009519695766186855,519.401,0.0015061505739049044,1.1542696491240412e-07
519.285,0.0078014463440984755,0.009519697540051575,519.501,0.0015153628226366879,1.1680932493634461e-07
519.285,0.0078014463440984755,0.009519697540051575,519.601,0.0015245750714255213,1.1819990155530983e-07
519.385,0.00781526468023916,0.009519699332203082,519.701,0.0015337873202713528,1.1959869466628767e-07
519.585,0.007829083020830426,0.009519701143049114,519.801,0.0015429995691741336,1.2100570416626556e-07
519.585,0.007829083020830426,0.009519701143049114,519.901,0.00155221181813394,1.2242092995225306e-07
519.785,0.007843471192373708,0.009519842970983683,520.001,0.001561424067150635,1.2384437192122843e-07
519.885,0.0078567196851581,0.009519704819993972,520.101,0.0015706363162242534,1.2527602997019857e-07
519.885,0.0078567196851581,0.009519704819993972,520.201,0.001579848565354766,1.2671590399616075e-07
520.085,0.00787110786440065,0.009519846691185396,520.301,0.001589060814542057,1.2816399389609882e-07
520.185,0.007884356363574966,0.009519708570893204,520.401,0.0015982730637862303,1.2962029956703445e-07
520.185,0.007884356363574966,0.009519708570893204,520.501,0.0016074853130871635,1.3108482090595467e-07
520.385,0.007901455836967877,0.00951813038423721,520.601,0.0016166975624449197,1.3255755780987694e-07
520.485,0.007916599156312312,0.009519713040290619,520.701,0.0016259098118594673,1.3403851017580475e-07
520.485,0.007916599156312312,0.009519713040290619,520.801,0.0016351220613307102,1.3552767790073234e-07
520.685,0.007930417496373571,0.009519714986689737,520.901,0.0016443343108586627,1.3702506088167324e-07
520.785,0.007949563782559876,0.00951839371367654,521.001,0.0016535465604432763,1.3853065901563071e-07
520.785,0.007949563782559876,0.00951839371367654,521.101,0.0016627588100845856,1.4004447219962584e-07
520.985,0.007958054180204191,0.009519718934743938,521.201,0.0016719710597825606,1.4156650033066962e-07
520.985,0.007958054180204191,0.009519718934743938,521.301,0.0016811833095371962,1.4309674330577653e-07
521.085,0.007977200457567554,0.009518397668461341,521.401,0.0016903955593483716,1.4463520102194402e-07
521.285,0.0079910187886676,0.009518399673666661,521.501,0.0016996078092162143,1.46181873376211e-07
521.285,0.0079910187886676,0.009518399673666661,521.601,0.0017088200591405618,1.477367602655713e-07
521.485,0.008002790323858217,0.009518144898332354,521.701,0.0017180323091214491,1.4929986158705293e-07
521.585,0.008021628665934408,0.009516631700891362,521.801,0.0017272445591588275,1.508711772376693e-07
521.585,0.008021628665934408,0.009516631700891362,521.901,0.001736456809252799,1.5245070711446294e-07
521.785,0.008037079925822555,0.009518406490894799,522.001,0.0017456690594032226,1.5403845111443567e-07
521.885,0.008050898265499623,0.009518408576022066,522.101,0.0017548813096100928,1.5563440913461284e-07
521.885,0.008050898265499623,0.009518408576022066,522.201,0.00176409355987349,1.5723858107203603e-07
522.085,0.008065286510797806,0.009518550619123387,522.301,0.001773305810193273,1.5885096682371088e-07
522.185,0.008078534943431423,0.009518412801884672,522.401,0.0017825180605694781,1.6047156628667592e-07
522.185,0.008078534943431423,0.009518412801884672,522.501,0.001791730311002012,1.6210037935794604e-07
522.385,0.008095634541958142,0.009516835059364716,522.601,0.001800942561490911,1.6373740593456146e-07
522.385,0.008095634541958142,0.009516835059364716,522.701,0.0018101548120362106,1.6538264591356392e-07
522.485,0.008106171628954564,0.009518417101695393,522.801,0.0018193670626378386,1.6703609919197536e-07
522.685,0.008122393055454464,0.009516507364633144,522.901,0.0018285793132958319,1.6869776566683938e-07
522.685,0.008122393055454464,0.009516507364633144,523.001,0.0018377915640100935,1.7036764523517736e-07
522.885,0.008137089569522504,0.009516841589320058,523.101,0.0018470038147806163,1.7204573779402814e-07
522.985,0.008150337777288753,0.009516703901165232,523.201,0.00185621606560746,1.7373204324044296e-07
522.985,0.008150337777288753,0.009516703901165232,523.301,0.001865428316490572,1.7542656147145443e-07
523.185,0.008169957796356615,0.00951701363955395,523.401,0.0018746405674299007,1.771292923840975e-07
523.285,0.008180494711292221,0.009518595763389844,523.501,0.0018838528184254187,1.7884023587541134e-07
523.285,0.008180494711292221,0.009518595763389844,523.601,0.0018930650694771625,1.8055939184244945e-07
523.485,0.008197594479905536,0.009517018171296236,523.701,0.0019022773205851452,1.822867601822628e-07
523.585,0.00821053459502036,0.009516688412306002,523.801,0.0019114895717492275,1.8402234079187402e-07
523.585,0.00821053459502036,0.009516688412306002,523.901,0.0019207018229694666,1.857661335683425e-07
523.785,0.008225231161960469,0.009517022776934619,524.001,0.0019299140742458805,1.875181384087229e-07
523.885,0.008238479336221348,0.009516885176537536,524.101,0.0019391263255783711,1.8927835521005033e-07
523.885,0.008238479336221348,0.009516885176537536,524.201,0.0019483385769669763,1.910467838693852e-07
524.085,0.00825663436098128,0.009516764339935882,524.301,0.001957550828411711,1.9282342428378582e-07
524.085,0.00825663436098128,0.009516764339935882,524.401,0.0019667630799124563,1.946082763502876e-07
524.185,0.008269882191015111,0.009516626752380873,524.501,0.0019759753314692713,1.96401339965962e-07
524.385,0.008284271043446785,0.009516769112057668,524.601,0.0019851875830821947,1.9820261502787546e-07
524.385,0.008284271043446785,0.009516769112057668,524.701,0.0019943998347511094,2.0001210143306534e-07
524.585,0.008298859577848155,0.009516980977862131,524.801,0.002003612086476004,2.0182979907859197e-07
524.685,0.008313337839240046,0.009517479119185959,524.901,0.0020128243382569397,2.036557078615304e-07
524.685,0.008313337839240046,0.009517479119185959,525.001,0.002022036590093887,2.0548982767894027e-07
524.885,0.00832719354395749,0.009517525673628813,525.101,0.0020312488419867722,2.0733215842787209e-07
524.985,0.008345010029448522,0.009517344844451579,525.201,0.0020404610939356764,2.0918270000540928e-07
524.985,0.008345010029448522,0.009517344844451579,525.301,0.0020496733459404175,2.1104145230858365e-07
525.185,0.008359398978645459,0.009517487360712054,525.401,0.00205888559800107,2.1290841523448123e-07
525.285,0.008373217321125833,0.009517489873113622,525.501,0.002068097850117743,2.147835886801924e-07
525.285,0.008373217321125833,0.009517489873113622,525.601,0.002077310102290274,2.1666697254275748e-07
525.485,0.008387035664027733,0.009517492404156608,525.701,0.002086522354518677,2.1855856671925364e-07
525.585,0.00839965315973712,0.009518001728142607,525.801,0.0020957346068029886,2.204583711067625e-07
525.585,0.00839965315973712,0.009518001728142607,525.901,0.002104946859143114,2.223663856023397e-07
525.785,0.008415236779544987,0.009517826468567166,526.001,0.0021141591115390445,2.2428261010306148e-07
525.785,0.008415236779544987,0.009517826468567166,526.101,0.0021233713639909058,2.2620704450603292e-07
525.885,0.008427289843828888,0.009518006873472852,526.201,0.002132583616498602,2.2813968870831382e-07
526.085,0.008441998930878334,0.009518479343569882,526.301,0.0021417958690620373,2.3008054260696492e-07
526.085,0.008441998930878334,0.009518479343569882,526.401,0.0021510081216812495,2.3202960609907807e-07
526.185,0.00845529946076265,0.009518754782829214,526.501,0.002160220374356252,2.3398687908174035e-07
526.385,0.008469635619721059,0.00951848459901119,526.601,0.0021694326270870145,2.359523614520316e-07
526.385,0.008469635619721059,0.00951848459901119,526.701,0.002178644879873556,2.3792605310704023e-07
526.585,0.008484365858350091,0.009517883676371214,526.801,0.002187857132715845,2.3990795394384703e-07
526.685,0.008499480549278248,0.009519347998122586,526.901,0.002197069385613828,2.418980638595305e-07
526.685,0.008499480549278248,0.009519347998122586,527.001,0.0022062816385674784,2.438963827511746e-07
526.885,0.008512591494092066,0.00951834291600774,527.101,0.002215493891576922,2.4590291051589825e-07
526.985,0.00853092359396588,0.009518350239166697,527.201,0.002224706144642015,2.479176470507629e-07
526.985,0.00853092359396588,0.009518350239166697,527.301,0.0022339183977627512,2.499405922528619e-07
527.185,0.008545207404922435,0.00951909208335952,527.401,0.0022431306509392386,2.5197174601931254e-07
527.285,0.008559131060234869,0.009518495856354036,527.501,0.002252342904171243,2.540111082471603e-07
527.285,0.008559131060234869,0.009518495856354036,527.601,0.002261555157458981,2.5605867883354924e-07
527.485,0.008572806720702474,0.009519053492290454,527.701,0.0022707674108023088,2.5811445767554816e-07
527.585,0.008586767749510919,0.009518501415641539,527.801,0.002279979664201289,2.601784446702714e-07
527.585,0.008586767749510919,0.009518501415641539,527.901,0.0022891919176557807,2.622506397147903e-07
527.785,0.008600867778836691,0.009518547549940977,528.001,0.0022984041711659334,2.643310427062434e-07
527.785,0.008600867778836691,0.009518547549940977,528.101,0.0023076164247316264,2.6641965354170837e-07
527.885,0.008614648759980638,0.009518506262595504,528.201,0.0023168286783529202,2.685164721183023e-07
528.085,0.008628504474364043,0.009518553220594188,528.301,0.0023260409320297166,2.706214983331121e-07
528.085,0.008628504474364043,0.009518553220594188,528.401,0.002335253185762058,2.727347320832545e-07
528.285,0.008643505604366842,0.009519349393895324,528.501,0.002344465439549954,2.748561732658422e-07
528.385,0.008656663253547614,0.009518578077544807,528.601,0.0023536776933933343,2.7698582177797025e-07
528.385,0.008656663253547614,0.009518578077544807,528.701,0.002362889947292278,2.7912367751676837e-07
528.585,0.008675087714122426,0.009518581943228632,528.801,0.0023721022012466236,2.812697403793127e-07
528.685,0.008688369827877294,0.009518360117973282,528.901,0.0023813144552565398,2.8342401026275673e-07
528.685,0.008688369827877294,0.009518360117973282,529.001,0.002390526709321779,2.8558648706415774e-07
528.885,0.008702724405282048,0.009518587803357455,529.101,0.0023997389634425716,2.877571706806899e-07
528.985,0.008716565980376519,0.009518429221217487,529.201,0.0024089512176188295,2.8993606100944846e-07
528.985,0.008716565980376519,0.009518429221217487,529.301,0.0024181634718505166,2.921231579475476e-07
529.185,0.008730384323672033,0.009518432197453554,529.401,0.0024273757261375623,2.9431846139209106e-07
529.185,0.008730384323672033,0.009518432197453554,529.501,0.0024365879804800245,2.965219712402158e-07
529.285,0.008743643204899197,0.009518372000602028,529.601,0.002445800234877942,2.987336873890543e-07
529.485,0.008759064069840164,0.00951889268000691,529.701,0.002455012489331216,3.0095360973570886e-07
529.485,0.008759064069840164,0.00951889268000691,529.801,0.002464224743839818,3.0318173817729765e-07
529.685,0.008773626257226958,0.009518946408568424,529.901,0.0024734369984038534,3.054180726109729e-07
529.785,0.008787467823099276,0.009518787896249891,530.001,0.0024826492530231805,3.0766261293382877e-07
529.785,0.008787467823099276,0.009518787896249891,530.101,0.0024918615076979047,3.0991535904302166e-07
529.985,0.008801286172460098,0.009518790964452257,530.201,0.0025010737624279267,3.121763108356601e-07
530.085,0.008818662871117409,0.009518576649865317,530.301,0.0025102860172132846,3.144454682088861e-07
530.085,0.008818662871117409,0.009518576649865317,530.401,0.002519498272053907,3.1672283105981513e-07
530.285,0.00883352899213799,0.009518798195014909,530.501,0.00252871052694985,3.190083992855968e-07
530.385,0.008846488160934404,0.009519170019886081,530.601,0.0025379227819010398,3.213021727833482e-07
530.385,0.008846488160934404,0.009519170019886081,530.701,0.0025471350369074956,3.236041514502113e-07
530.585,0.00886116568542931,0.009518804472762868,530.801,0.0025563472919692496,3.2591433518333524e-07
530.685,0.008874891926930303,0.009519065477446966,530.901,0.0025655595470862966,3.2823272387985817e-07
530.685,0.008874891926930303,0.009519065477446966,531.001,0.0025747718022585634,3.3055931743690306e-07
530.885,0.008888802379347395,0.009518810824337063,531.101,0.002583984057486065,3.3289411575161734e-07
530.885,0.008888802379347395,0.009518810824337063,531.201,0.002593196312768772,3.3523711872113945e-07
530.985,0.008901761545679367,0.009519182711029696,531.301,0.002602408568106647,3.3758832624260724e-07
531.185,0.008916346969107257,0.009519075080973008,531.401,0.002611620823499785,3.399477382131884e-07
531.185,0.008916346969107257,0.009519075080973008,531.501,0.0026208330789481257,3.4231535453001784e-07
531.285,0.008929419797698358,0.00951925869067486,531.601,0.002630045334451531,3.4469117509020813e-07
531.485,0.008943983665310285,0.009519081575573544,531.701,0.0026392575900101947,3.4707519979096065e-07
531.485,0.008943983665310285,0.009519081575573544,531.801,0.00264846984562393,3.494674285293797e-07
531.685,0.008957894117001985,0.009518827026422674,531.901,0.0026576821012928623,3.5186786120265185e-07
531.785,0.008971620353475826,0.009519088143991645,532.001,0.0026668943570169407,3.542764977079177e-07
531.785,0.008971620353475826,0.009519088143991645,532.101,0.002676106612796114,3.5669333794232144e-07
531.985,0.008985438697683801,0.009519091455993074,532.201,0.0026853188686303954,3.5911838180302366e-07
531.985,0.008985438697683801,0.009519091455993074,532.301,0.0026945311245197587,3.6155162918717484e-07
532.085,0.009004521923949533,0.009517787866361822,532.401,0.0027037433804642606,3.639930799919504e-07
532.285,0.009017703078785482,0.009519168778791056,532.501,0.00271295563646376,3.6644273411447545e-07
532.285,0.009017703078785482,0.009519168778791056,532.601,0.0027221678925184057,3.6890059145195116e-07
532.485,0.009031499865948487,0.009519102628964804,532.701,0.0027313801486281465,3.713666519015276e-07
532.585,0.009045339778432585,0.009519175543362736,532.801,0.0027405924047927974,3.7384091536031924e-07
532.585,0.009045339778432585,0.009519175543362736,532.901,0.0027498046610125743,3.763233817255495e-07
532.785,0.009059136560411822,0.009519109431209672,533.001,0.002759016917287448,3.788140508943787e-07
532.885,0.009078219791030632,0.00951780594570785,533.101,0.002768229173617212,3.8131292276392e-07
532.885,0.009078219791030632,0.00951780594570785,533.201,0.0027774414300020546,3.8381999723139616e-07
533.085,0.009092038134112225,0.009517809394119645,533.301,0.0027866536864418357,3.863352741939397e-07
533.185,0.009105856485584835,0.009517812860799899,533.401,0.0027958659429366197,3.888587535487398e-07
533.185,0.009105856485584835,0.009517812860799899,533.501,0.0028050781994863735,3.9139043519296046e-07
533.385,0.009119981376116953,0.009517938235414919,533.601,0.0028142904560911563,3.9393031902379207e-07
533.385,0.009119981376116953,0.009517938235414919,533.701,0.0028235027127507845,3.9647840493836e-07
533.485,0.009134051935891887,0.009518041748565027,533.801,0.0028327149694654286,3.9903469283388855e-07
533.685,0.009147618071773089,0.009517945261905778,533.901,0.0028419272262349914,4.015991826075312e-07
533.685,0.009147618071773089,0.009517945261905778,534.001,0.0028511394830594426,4.0417187415646135e-07
533.785,0.009160707702647371,0.009518761743752024,534.101,0.0028603517399388434,4.0675276737787717e-07
533.985,0.009175254772592421,0.00951795236221278,534.201,0.0028695639968730965,4.0934186216893407e-07
533.985,0.009175254772592421,0.00951795236221278,534.301,0.0028787762538622845,4.119391584268389e-07
534.185,0.009190289567057192,0.009518952597026727,534.401,0.002887988510906401,4.1454465604877433e-07
534.285,0.009202162750688905,0.009518772469060329,534.501,0.0028972007680053264,4.1715835493189434e-07
534.285,0.009202162750688905,0.009518772469060329,534.601,0.0029064130251591183,4.197802549734035e-07
534.485,0.009216709823974227,0.00951796315116157,534.701,0.0029156252823678156,4.2241035607050226e-07
534.585,0.00923440556057529,0.009518780925625405,534.801,0.002924837539631258,4.2504865812033295e-07
534.585,0.00923440556057529,0.009518780925625405,534.901,0.002934049796949611,4.2769516102013807e-07
534.785,0.009248223906976936,0.009518784580752917,535.001,0.0029432620543228052,4.3034986466708966e-07
534.885,0.00926204226052851,0.009518788254161649,535.101,0.002952474311750763,4.330127689583602e-07
534.885,0.00926204226052851,0.009518788254161649,535.201,0.002961686569233524,4.3568387379115483e-07
535.085,0.00927616643478635,0.009518949001594309,535.301,0.002970898826771056,4.383631790626621e-07
535.085,0.00927616643478635,0.009518949001594309,535.401,0.0029801110843633988,4.4105068467009077e-07
535.185,0.009289984791924001,0.00951895271193179,535.501,0.0029893233420105686,4.4374639051064506e-07
535.385,0.009303803138249448,0.009518956440904646,535.601,0.002998535599712447,4.4645029648149047e-07
535.385,0.009303803138249448,0.009518956440904646,535.701,0.003007747857469022,4.49162402479829e-07
535.485,0.009316317984791782,0.009520733068116823,535.801,0.0030169601152804644,4.5188270840291475e-07
535.685,0.009331439839380968,0.009518963953978526,535.901,0.003026172373146506,4.546112141478709e-07
535.685,0.009331439839380968,0.009518963953978526,536.001,0.0030353846310674014,4.573479196119794e-07
535.885,0.009346474712075626,0.009519964555905433,536.101,0.003044596889042878,4.6009282469236654e-07
535.985,0.009359076543554534,0.009518971540864394,536.201,0.0030538091470731733,4.6284592928631174e-07
535.985,0.009359076543554534,0.009518971540864394,536.301,0.003063021405158126,4.656072332909765e-07
536.185,0.009377414055075304,0.009521746556899184,536.401,0.0030722336632976856,4.6837673660355574e-07
536.285,0.009390015863092455,0.009520753362636658,536.501,0.003081445921491993,4.7115443912130734e-07
536.285,0.009390015863092455,0.009520753362636658,536.601,0.003090658179740958,4.7394034074141666e-07
536.485,0.009405050761147084,0.009521754266279034,536.701,0.0030998704380445488,4.767344413610886e-07
536.485,0.009405050761147084,0.009521754266279034,536.801,0.003109082696402782,4.795367408775422e-07
536.585,0.009417652563647044,0.009520761108361076,536.901,0.0031182949548156937,4.823472391880066e-07
536.785,0.009432687464303369,0.009521762049459575,537.001,0.0031275072132831874,4.851659361896717e-07
536.785,0.009432687464303369,0.009521762049459575,537.101,0.003136719471805322,4.87992831779774e-07
536.885,0.009445289267803476,0.009520768927897211,537.201,0.0031459317303820507,4.908279258555183e-07
537.085,0.00946032416692248,0.009521769906424444,537.301,0.00315514398901336,4.93671218314127e-07
537.085,0.00946032416692248,0.009521769906424444,537.401,0.003164356247699312,4.965227090528416e-07
537.185,0.009472965020539995,0.009520792366944988,537.501,0.0031735685064398114,4.993823979688564e-07
537.385,0.009487960871640055,0.009521777837178126,537.601,0.0031827807652348066,5.022502849593807e-07
537.385,0.009487960871640055,0.009521777837178126,537.701,0.0031919930240843775,5.051263699216696e-07
537.585,0.009501756200060184,0.00952182477741595,537.801,0.0032012052829885613,5.080106527529644e-07
537.685,0.009515613609318596,0.009521844336595,537.901,0.003210417541947218,5.109031333504519e-07
537.685,0.009515613609318596,0.009521844336595,538.001,0.0032196298009604524,5.138038116113956e-07
537.885,0.009530469998808636,0.009522715570557238,538.101,0.0032288420600281894,5.167126874330047e-07
537.985,0.009547786388688723,0.009522028844593218,538.201,0.0032380543191504233,5.19629760712512e-07
537.985,0.009547786388688723,0.009522028844593218,538.301,0.003247266578327121,5.225550313471425e-07
538.185,0.009562712825732851,0.009522725046186316,538.401,0.003256478837558366,5.254884992341591e-07
538.285,0.009576500055266677,0.009522919664459173,538.501,0.003265691096844063,5.284301642707678e-07
538.285,0.009576500055266677,0.009522919664459173,538.601,0.003274903356184267,5.313800263542299e-07
538.485,0.009590318407987785,0.009522923774309442,538.701,0.0032841156155788676,5.343380853817444e-07
538.485,0.009590318407987785,0.009522923774309442,538.801,0.0032933278750279654,5.37304341250588e-07
538.585,0.009604136765270442,0.00952292790285298,538.901,0.0033025401345314837,5.402787938579808e-07
538.785,0.009617955115724275,0.00952293204918874,539.001,0.003311752394089485,5.43261443101187e-07
538.785,0.009617955115724275,0.00952293204918874,539.101,0.003320964653701827,5.462522888774044e-07
538.985,0.009636379578213122,0.00952293760674897,539.201,0.0033301769133686388,5.492513310839199e-07
538.985,0.009636379578213122,0.00952293760674897,539.301,0.00333938917308984,5.522585696179594e-07
539.085,0.009650197936763912,0.009522941796768939,539.401,0.0033486014328654307,5.552740043767709e-07
539.285,0.009664016285748528,0.009522946004996395,539.501,0.0033578136926954217,5.582976352576105e-07
539.285,0.009664016285748528,0.009522946004996395,539.601,0.0033670259525796957,5.613294621576907e-07
539.485,0.009677894005917368,0.009523051103132816,539.701,0.0033762382125184457,5.643694849743288e-07
539.585,0.009691712363741889,0.009523055348787415,539.801,0.0033854504725115754,5.674177036047498e-07
539.585,0.009691712363741889,0.009523055348787415,539.901,0.003394662732558988,5.70474117946173e-07
539.785,0.009705530720394267,0.009523059612634372,540.001,0.003403874992660766,5.735387278958849e-07
539.885,0.009723894937229896,0.009523042613061024,540.101,0.003413087252816813,5.766115333511109e-07
539.885,0.009723894937229896,0.009523042613061024,540.201,0.003422299513027187,5.79692534209132e-07
540.085,0.00973777170601802,0.00952306485527219,540.301,0.003431511773291947,5.827817303672294e-07
540.185,0.009751531648895058,0.009523051244574957,540.401,0.0034407240336109335,5.858791217226096e-07
540.185,0.009751531648895058,0.009523051244574957,540.501,0.00344993629398425,5.889847081725707e-07
540.385,0.009765409369136247,0.009523156462784862,540.601,0.0034591485544118203,5.920984896143511e-07
540.385,0.009765409369136247,0.009523156462784862,540.701,0.003468360814893639,5.952204659452156e-07
540.485,0.009779083366792878,0.009523087141580297,540.801,0.003477573075429741,5.983506370624435e-07
540.685,0.009793046084378264,0.009523165205551345,540.901,0.0034867853360200764,6.014890028632866e-07
540.685,0.009793046084378264,0.009523165205551345,541.001,0.0034959975966647027,6.046355632450333e-07
540.885,0.00980686443669432,0.009523169604688964,541.101,0.0035052098573635036,6.077903181049158e-07
540.985,0.009820682787113321,0.009523174022076778,541.201,0.0035144221181165596,6.109532673402334e-07
540.985,0.009820682787113321,0.009523174022076778,541.301,0.0035236343789238657,6.141244108482562e-07
541.185,0.009839107261185802,0.009523179940732377,541.401,0.0035328466397853025,6.17303748526218e-07
541.285,0.009852636901369212,0.009523037033200139,541.501,0.003542058900700926,6.204912802714154e-07
541.285,0.009852636901369212,0.009523037033200139,541.601,0.003551271161670824,6.236870059811579e-07
541.485,0.009868263580762246,0.009523862783496916,541.701,0.0035604834226948072,6.268909255526605e-07
541.485,0.009868263580762246,0.009523862783496916,541.801,0.0035696956837730238,6.301030388832565e-07
541.585,0.009881937563197548,0.00952379358886074,541.901,0.0035789079449053563,6.333233458701852e-07
541.785,0.00989575591845247,0.009523798104240182,542.001,0.003588120206091886,6.365518464107567e-07
541.785,0.00989575591845247,0.009523798104240182,542.101,0.003597332467332542,6.397885404022271e-07
541.985,0.00990986303075498,0.009523950023040037,542.201,0.003606544728627333,6.430334277418884e-07
542.085,0.00992363292685696,0.009523961323725636,542.301,0.0036157569899762355,6.462865083270178e-07
542.085,0.00992363292685696,0.009523961323725636,542.401,0.0036249692513792616,6.495477820549066e-07
542.285,0.009937740039299729,0.009524113283747004,542.501,0.0036341815128363587,6.528172488228253e-07
542.385,0.009932677879149946,0.009498348306718609,542.601,0.003643393774347611,6.560949085280936e-07
542.385,0.009932677879149946,0.009498348306718609,542.701,0.003652606035912858,6.593807610679447e-07
542.585,0.009969928956613939,0.00952412878324317,542.801,0.0036618182975322686,6.62674806339733e-07
542.685,0.009960549706091193,0.009498509571635057,542.901,0.0036710305592056753,6.659770442406926e-07
542.685,0.009960549706091193,0.009498509571635057,543.001,0.0036802428209331823,6.692874746681582e-07
542.885,0.009974368059595458,0.009498514125862658,543.101,0.0036894550827147425,6.726060975194088e-07
542.985,0.009989076810040144,0.009496009355702238,543.201,0.003698667344550369,6.759329126917467e-07
542.985,0.009989076810040144,0.009496009355702238,543.301,0.003707879606439965,6.792679200824389e-07
543.185,0.0100020047691737,0.009498523289378408,543.401,0.0037170918683835904,6.826111195888068e-07
543.185,0.0100020047691737,0.009498523289378408,543.501,0.003726304130381195,6.859625111081314e-07
543.285,0.01001671352096198,0.009496018551951828,543.601,0.0037355163924328804,6.893220945377543e-07
543.485,0.010030402041991964,0.009498622513306363,543.701,0.0037447286545385077,6.926898697749305e-07
543.485,0.010030402041991964,0.009498622513306363,543.801,0.00375394091669809,6.960658367169689e-07
543.685,0.010070905638159107,0.009524405622836678,543.901,0.00376315317891171,6.994499952612048e-07
543.785,0.010058915241087776,0.009496208278939268,544.001,0.0037723654411792257,7.028423453048958e-07
543.785,0.010058915241087776,0.009496208278939268,544.101,0.003781577703500745,7.062428867453918e-07
543.985,0.010077339706803272,0.009496214525481706,544.201,0.00379078996587619,7.096516194799721e-07
543.985,0.010077339706803272,0.009496214525481706,544.301,0.0038000022283055986,7.130685434059651e-07
544.085,0.010089261810543242,0.009495814811852143,544.401,0.0038092144907888995,7.16493658420656e-07
544.285,0.010106708339142463,0.009495611719399246,544.501,0.0038184267533261733,7.199269644213904e-07
544.285,0.010106708339142463,0.009495611719399246,544.601,0.0038276390159173003,7.233684613054395e-07
544.385,0.010116831067813779,0.009494748163182139,544.701,0.0038368512785623182,7.268181489701362e-07
544.585,0.010134345055634146,0.009495621182989949,544.801,0.0038460635412613095,7.30276027312829e-07
544.585,0.010134345055634146,0.009495621182989949,544.901,0.0038552758040140854,7.337420962307677e-07
544.785,0.010149932216845818,0.00949629462215348,545.001,0.0038644880668207517,7.372163556213117e-07
544.885,0.010161853394575485,0.00949589480318957,545.101,0.003873700329681325,7.406988053817894e-07
544.885,0.010161853394575485,0.00949589480318957,545.201,0.0038829125925957993,7.441894454095209e-07
545.085,0.010180210143740607,0.00949482464100477,545.301,0.003892124855563987,7.476882756017638e-07
545.085,0.010180210143740607,0.00949482464100477,545.401,0.0039013371185860845,7.511952958559166e-07
545.185,0.010190589683820434,0.009494813630654316,545.501,0.003910549381661943,7.547105060692536e-07
545.385,0.010207846506633018,0.009494831678183397,545.601,0.003919761644791699,7.5823390613915e-07
545.385,0.010207846506633018,0.009494831678183397,545.701,0.003928973907975209,7.617654959628831e-07
545.585,0.010221732939644542,0.009495915717991008,545.801,0.003938186171212547,7.653052754378149e-07
545.685,0.010235950875668347,0.009495159342217148,545.901,0.003947398434503691,7.688532444612658e-07
545.685,0.010235950875668347,0.009495159342217148,546.001,0.003956610697848629,7.724094029305695e-07
545.885,0.010254375360986171,0.009495165870230596,546.101,0.00396582296124725,7.75973750743016e-07
545.985,0.010268774606973334,0.009495508400742996,546.201,0.00397503522469972,7.795462877960058e-07
545.985,0.010268774606973334,0.009495508400742996,546.301,0.0039842474882059425,7.83127013986839e-07
546.185,0.010282244798852506,0.00949537160501663,546.401,0.003993459751765883,7.867159292128438e-07
546.285,0.010296411322868258,0.009495518280584325,546.501,0.004002672015379562,7.903130333713672e-07
546.285,0.010296411322868258,0.009495518280584325,546.601,0.004011884279047038,7.939183263597729e-07
546.485,0.010309881521615095,0.009495381532104915,546.701,0.004021096542768128,7.975318080753312e-07
546.485,0.010309881521615095,0.009495381532104915,546.801,0.004030308806542956,8.011534784154345e-07
546.585,0.01032622476464816,0.009496332515228223,546.901,0.004039521070371545,8.047833372774341e-07
546.785,0.010338591485379718,0.009495866337651933,547.001,0.004048733334253811,8.084213845586495e-07
546.785,0.010338591485379718,0.009495866337651933,547.101,0.00405794559818968,8.120676201563972e-07
546.985,0.010352665304816008,0.009496073100009095,547.201,0.004067157862179286,8.15722043968078e-07
547.085,0.010366228207625828,0.009495876402907942,547.301,0.0040763701262225265,8.193846558910029e-07
547.085,0.010366228207625828,0.009495876402907942,547.401,0.004085582390319438,8.23055455822537e-07
547.285,0.010380302025155382,0.0094960832141391,547.501,0.004094794654469973,8.267344436600125e-07
547.385,0.010400409040363509,0.009495716004609656,547.601,0.004104006918674165,8.304216193008012e-07
547.385,0.010400409040363509,0.009495716004609656,547.701,0.004113219182932033,8.34116982642265e-07
547.585,0.010414451017328118,0.009496662419110466,547.801,0.004122431447243432,8.378205335817047e-07
547.585,0.010414451017328118,0.009496662419110466,547.901,0.0041316437116084,8.415322720164933e-07
547.685,0.010428045762798486,0.009495726208244258,548.001,0.004140855976027136,8.45252197844067e-07
547.885,0.01044251230839132,0.009496725983186313,548.101,0.004150068240499362,8.489803109616755e-07
547.885,0.01044251230839132,0.009496725983186313,548.201,0.004159280505025243,8.527166112667484e-07
547.985,0.010456118628322748,0.009496070685376458,548.301,0.004168492769604622,8.564610986565833e-07
548.185,0.010470540770829168,0.009496419338065078,548.401,0.004177705034237516,8.6021377302855e-07
548.185,0.010470540770829168,0.009496419338065078,548.501,0.004186917298924066,8.639746342800762e-07
548.385,0.010490692427375763,0.009496677286513584,548.601,0.004196129563664114,8.677436823084619e-07
548.485,0.010503566821117161,0.0094967362122686,548.701,0.0042053418284577196,8.715209170110981e-07
548.485,0.010503566821117161,0.0094967362122686,548.801,0.004214554093304854,8.753063382853438e-07
548.685,0.010517989027999811,0.009497084964872992,548.901,0.004223766358205488,8.790999460285574e-07
548.685,0.010517989027999811,0.009497084964872992,549.001,0.004232978623159633,8.82901740138117e-07
548.785,0.010532600423877485,0.009497147019249606,549.101,0.004242190888167284,8.86711720511393e-07
548.985,0.010545625752877777,0.00949709547767619,549.201,0.004251403153228389,8.905298870457408e-07
548.985,0.010545625752877777,0.00949709547767619,549.301,0.004260615418343056,8.943562396385787e-07
549.185,0.010563254536234053,0.009495929442753093,549.401,0.004269827683511135,8.98190778187226e-07
549.285,0.01057707290252729,0.009495934741592294,549.501,0.004279039948732714,9.020335025890958e-07
549.285,0.01057707290252729,0.009495934741592294,549.601,0.004288252214007736,9.058844127415462e-07
549.485,0.010595497381677327,0.009495941835513612,549.701,0.004297464479336224,9.097435085419629e-07
549.485,0.010595497381677327,0.009495941835513612,549.801,0.004306676744718079,9.13610789887689e-07
549.585,0.010610109058016943,0.009496003972661645,549.901,0.004315889010153515,9.174862566761974e-07
549.785,0.010623927425310783,0.009496009332358234,550.001,0.004325101275642213,9.213699088047389e-07
549.785,0.010623927425310783,0.009496009332358234,550.101,0.0043343135411844135,9.252617461707995e-07
549.885,0.010633935082452275,0.009497186055746787,550.201,0.004343525806779977,9.291617686717087e-07
550.085,0.010651564150239495,0.009496020106765885,550.301,0.0043527380724289536,9.330699762048791e-07
550.085,0.010651564150239495,0.009496020106765885,550.401,0.0043619503381313665,9.36986368667707e-07
550.285,0.010664589196693762,0.00949596872941081,550.501,0.004371162603887097,9.409109459575318e-07
550.385,0.010679200879967796,0.009496030954808134,550.601,0.00438037486969618,9.448437079717638e-07
550.385,0.010679200879967796,0.009496030954808134,550.701,0.004389587135558631,9.487846546078005e-07
550.585,0.010697625370556504,0.009496038227800896,550.801,0.004398799401474461,9.527337857630446e-07
550.585,0.010697625370556504,0.009496038227800896,550.901,0.004408011667443557,9.566911013348415e-07
550.685,0.010711443741042426,0.009496043703889373,551.001,0.004417223933466086,9.606566012206648e-07
550.885,0.010725262098871972,0.009496049198641728,551.101,0.004426436199541867,9.64630285317831e-07
550.885,0.010725262098871972,0.009496049198641728,551.201,0.004435648465671047,9.686121535238052e-07
551.085,0.010739080461408562,0.009496054711783322,551.301,0.0044448607318534426,9.726022057359089e-07
551.185,0.010752898820949488,0.00949606024311345,551.401,0.004454072998089156,9.766004418515871e-07
551.185,0.010752898820949488,0.00949606024311345,551.501,0.004463285264378179,9.806068617682464e-07
551.385,0.010771323312560175,0.009496067646986454,551.601,0.00447249753072046,9.846214653832677e-07
551.485,0.01078568086267771,0.009497098597380751,551.701,0.004481709797115973,9.886442525940445e-07
551.485,0.01078568086267771,0.009497098597380751,551.801,0.004490922063564794,9.9267522329802e-07
551.685,0.010798960038760278,0.009496078814238255,551.901,0.004500134330066806,9.967143773925518e-07
551.685,0.010798960038760278,0.009496078814238255,552.001,0.004509346596622137,1.0007617147751042e-06
551.785,0.010813317591932197,0.009497109800513017,552.101,0.004518558863230672,1.0048172353430376e-06
551.985,0.010827135954543179,0.009497115429863801,552.201,0.004527771129892396,1.0088809389937607e-06
551.985,0.010827135954543179,0.009497115429863801,552.301,0.004536983396607439,1.0129528256247454e-06
552.185,0.010841326199078806,0.009495929722270388,552.401,0.004546195663375569,1.0170328951333052e-06
552.285,0.010854772682304057,0.009497126743498289,552.501,0.004555407930196917,1.0211211474169136e-06
552.285,0.010854772682304057,0.009497126743498289,552.601,0.004564620197071494,1.0252175823729956e-06
552.485,0.01087415531200505,0.00949748410754082,552.701,0.004573832463999229,1.0293221998989355e-06
552.585,0.010887973684656282,0.009497489816905976,552.801,0.004583044730980114,1.0334349998921526e-06
552.585,0.010887973684656282,0.009497489816905976,552.901,0.004592256998014139,1.0375559822500662e-06
552.785,0.010901792049578538,0.009497495544893679,553.001,0.0046014692651013675,1.0416851468701242e-06
552.785,0.010901792049578538,0.009497495544893679,553.101,0.004610681532241686,1.0458224936497007e-06
552.885,0.010915787603651627,0.009497427368930663,553.201,0.004619893799435251,1.0499680224862962e-06
553.085,0.010932006923905424,0.009497975584407035,553.301,0.004629106066681843,1.054121733277236e-06
553.085,0.010932006923905424,0.009497975584407035,553.401,0.004638318333981584,1.0582836259200054e-06
553.185,0.010946002888024194,0.009497907488446118,553.501,0.004647530601334363,1.0624537003119768e-06
553.385,0.010960159201404866,0.009498125194733918,553.601,0.004656742868740338,1.0666319563506617e-06
553.385,0.010960159201404866,0.009498125194733918,553.701,0.004665955136199332,1.0708183939334071e-06
553.585,0.010974889138531443,0.00949796506595342,553.801,0.004675167403711449,1.0750130129576934e-06
553.685,0.010987973610988173,0.009498062977607368,553.901,0.004684379671276658,1.0792158133209417e-06
553.685,0.010987973610988173,0.009498062977607368,554.001,0.004693591938894886,1.0834267949205534e-06
553.885,0.011002525871145693,0.009497976774929104,554.101,0.004702804206566192,1.0876459576539926e-06
553.985,0.011020349616572316,0.009498281913123192,554.201,0.004712016474290593,1.0918733014187044e-06
553.985,0.011020349616572316,0.009498281913123192,554.301,0.0047212287420680355,1.0961088261121052e-06
554.185,0.01103403483231721,0.009498082571283307,554.401,0.00473044100989842,1.1003525316315935e-06
554.285,0.011047986345784194,0.009498293724352158,554.501,0.004739653277781873,1.1046044178746678e-06
554.285,0.011047986345784194,0.009498293724352158,554.601,0.0047488655457183235,1.10886448473874e-06
554.485,0.011061804712176647,0.009498299657697228,554.701,0.004758077813707764,1.1131327321212512e-06
554.485,0.011061804712176647,0.009498299657697228,554.801,0.004767290081750256,1.1174091599196736e-06
554.585,0.011075623084284891,0.009498305609212093,554.901,0.004776502349845701,1.1216937680314093e-06
554.785,0.011091514720782165,0.009498073700097311,555.001,0.004785714617994096,1.1259865563539052e-06
554.785,0.011091514720782165,0.009498073700097311,555.101,0.004794926886195453,1.1302875247846181e-06
554.885,0.011106103931492589,0.009498115231064405,555.201,0.004804139154449831,1.1345966732210284e-06
555.085,0.011121045972682533,0.009499575233124948,555.301,0.004813351422757113,1.138914001560532e-06
555.085,0.011121045972682533,0.009499575233124948,555.401,0.00482256369111735,1.1432395097006112e-06
555.285,0.011137523086253953,0.009499580979271843,555.501,0.004831775959530507,1.1475731975386965e-06
555.385,0.011152165168204031,0.009498135329525531,555.601,0.004840988227996563,1.1519150649722409e-06
555.385,0.011152165168204031,0.009498135329525531,555.701,0.004850200496515559,1.1562651118987191e-06
555.585,0.011165983535786657,0.00949814139903161,555.801,0.0048594127650874435,1.1606233382155668e-06
555.685,0.011179801904600084,0.009498147486741899,555.901,0.004868625033712254,1.1649897438202606e-06
555.685,0.011179801904600084,0.009498147486741899,556.001,0.004877837302389936,1.169364328610239e-06
555.885,0.011193620274304773,0.00949815359309218,556.101,0.004887049571120464,1.173747092482947e-06
555.885,0.011193620274304773,0.00949815359309218,556.201,0.004896261839903946,1.1781380353359013e-06
555.985,0.011207438645955022,0.00949815971758904,556.301,0.004905474108740207,1.1825371570664888e-06
556.185,0.011225272279364493,0.009499619552719218,556.401,0.004914686377629341,1.1869444575722148e-06
556.185,0.011225272279364493,0.009499619552719218,556.501,0.0049238986465713125,1.1913599367505333e-06
556.385,0.01124175019473311,0.009499625418183718,556.601,0.004933110915566129,1.1957835944989192e-06
556.485,0.01125290901850766,0.0094996319028768,556.701,0.004942323184613753,1.2002154307148198e-06
556.485,0.01125290901850766,0.0094996319028768,556.801,0.004951535453714167,1.204655445295701e-06
556.685,0.011269386930451064,0.009499637801448664,556.901,0.004960747722867438,1.2091036381390683e-06
556.785,0.011280639540825343,0.009500451102197672,557.001,0.004969959992073442,1.2135600091423375e-06
556.785,0.011280639540825343,0.009500451102197672,557.101,0.004979172261332312,1.2180245582030443e-06
556.985,0.011299064031511145,0.009500459420238768,557.201,0.004988384530643923,1.2224972852186092e-06
557.085,0.011310987087056865,0.009498975663019415,557.301,0.004997596800008314,1.2269781900865267e-06
557.085,0.011310987087056865,0.009498975663019415,557.401,0.005006809069425417,1.2314672727042406e-06
557.285,0.011329275779490245,0.009500435689005077,557.501,0.00501602133889537,1.2359645329693021e-06
557.385,0.01134051914278414,0.00950047825527764,557.601,0.005025233608418015,1.2404699707791148e-06
557.385,0.01134051914278414,0.00950047825527764,557.701,0.005034445877993343,1.2449835860311593e-06
557.585,0.011355999831495678,0.009500614306847975,557.801,0.005043658147621528,1.2495053786230021e-06
557.585,0.011355999831495678,0.009500614306847975,557.901,0.005052870417302364,1.2540353484520256e-06
557.685,0.011366260565990435,0.009499000879660569,558.001,0.005062082687035953,1.2585734954157674e-06
557.885,0.011384549260642933,0.009500460979870139,558.101,0.005071294956822173,1.2631198194116595e-06
557.885,0.011384549260642933,0.009500460979870139,558.201,0.005080507226661178,1.2676743203372629e-06
558.085,0.011398452489647161,0.009500503426588121,558.301,0.005089719496552778,1.27223699808998e-06
558.185,0.011412270863835063,0.009500509813390061,558.401,0.005098931766497126,1.2768078525673741e-06
558.185,0.011412270863835063,0.009500509813390061,558.501,0.005108144036494098,1.2813868836668812e-06
558.385,0.011429697814477604,0.009500648294136957,558.601,0.005117356306543712,1.2859740912860038e-06
558.485,0.011441853868625316,0.0095005249939166,558.701,0.0051265685766459625,1.2905694753222335e-06
558.485,0.011441853868625316,0.0095005249939166,558.801,0.005135780846800953,1.2951730356731174e-06
558.685,0.011457334554646585,0.009500661174274647,558.901,0.00514499311700845,1.2997847722360432e-06
558.785,0.011468925092185087,0.00950021337933035,559.001,0.005154205387268629,1.304404684908593e-06
558.785,0.011468925092185087,0.00950021337933035,559.101,0.005163417657581394,1.30903277358822e-06
558.985,0.011486290037223143,0.009500762446148536,559.201,0.005172629927946778,1.3136690381724472e-06
559.085,0.011496561836009287,0.00950022634252319,559.301,0.005181842198364731,1.3183134785587507e-06
559.085,0.011496561836009287,0.00950022634252319,559.401,0.005191054468835316,1.3229660946446674e-06
559.285,0.011513926783723722,0.009500775471127904,559.501,0.0052002667393584116,1.3276268863276411e-06
559.285,0.011513926783723722,0.009500775471127904,559.601,0.005209479009934186,1.3322958535052662e-06
559.385,0.011524198578775546,0.00950023937926763,559.701,0.005218691280562414,1.336972996074936e-06
559.585,0.0115390070167036,0.009500178757567956,559.801,0.005227903551243266,1.3416583139342476e-06
559.585,0.0115390070167036,0.009500178757567956,559.901,0.005237115821976664,1.3463518069806734e-06
559.785,0.011555381893311959,0.009500795146723515,560.001,0.005246328092762515,1.3510534751116758e-06
559.885,0.011565646032266962,0.009500321903588673,560.101,0.005255540363600949,1.3557633182248336e-06
559.885,0.011565646032266962,0.009500321903588673,560.201,0.005264752634491868,1.3604813362176146e-06
560.085,0.011584983373891345,0.009500164622493847,560.301,0.005273964905435305,1.3652075289875534e-06
560.185,0.011598775930787628,0.009500394661681186,560.401,0.005283177176431314,1.3699418964321947e-06
560.185,0.011598775930787628,0.009500394661681186,560.501,0.005292389447479656,1.3746844384489296e-06
560.385,0.011614198630354936,0.009500141908236616,560.601,0.005301601718580653,1.3794351549354453e-06
560.385,0.011614198630354936,0.009500141908236616,560.701,0.005310813989733963,1.3841940457890903e-06
560.485,0.011627910970450257,0.009500372783794895,560.801,0.005320026260939822,1.388961110907507e-06
560.685,0.011640922430609178,0.009500321349715868,560.901,0.005329238532198109,1.3937363501881595e-06
560.685,0.011640922430609178,0.009500321349715868,561.001,0.005338450803508847,1.3985197635285802e-06
560.885,0.011655653752622721,0.009500161951880614,561.101,0.005347663074872045,1.4033113508263027e-06
560.985,0.011670363970646221,0.009500262869923127,561.201,0.00535687534628764,1.4081111119788203e-06
560.985,0.011670363970646221,0.009500262869923127,561.301,0.005366087617755674,1.4129190468836895e-06
561.185,0.011688788467167876,0.009500271854985433,561.401,0.005375299889276195,1.4177351554384617e-06
561.285,0.01170160843695774,0.00950040964952928,561.501,0.00538451216084906,1.4225594375405926e-06
561.285,0.01170160843695774,0.00950040964952928,561.601,0.005393724432474306,1.4273918930876355e-06
561.485,0.011716425215645787,0.009500285393881334,561.701,0.0054029367041519265,1.4322325219771225e-06
561.585,0.011729245185670895,0.009500423227269256,561.801,0.005412148975881963,1.4370813241066063e-06
561.585,0.011729245185670895,0.009500423227269256,561.901,0.0054213612476643365,1.4419382993735845e-06
561.785,0.011744798560357527,0.00950030355407513,562.001,0.005430573519499106,1.446803447675627e-06
561.785,0.011744798560357527,0.00950030355407513,562.101,0.005439785791386161,1.45167676891021e-06
561.885,0.011756881933436984,0.009500436878551488,562.201,0.005448998063325619,1.456558262974942e-06
562.085,0.0117716981906144,0.009500313710412128,562.301,0.0054582103353173605,1.4614479297673015e-06
562.085,0.0117716981906144,0.009500313710412128,562.401,0.005467422607361447,1.4663457691848617e-06
562.285,0.011786253679974112,0.009500324108804525,562.501,0.005476634879457918,1.4712517811251884e-06
562.385,0.0117993349345322,0.009500327470006682,562.601,0.00548584715160663,1.4761659654857542e-06
562.385,0.0117993349345322,0.009500327470006682,562.701,0.0054950594238075854,1.4810883221641004e-06
562.585,0.01181775942339195,0.00950033668392801,562.801,0.005504271696060945,1.486018851057869e-06
562.685,0.011830579909723292,0.009500473641554354,562.901,0.005513483968366458,1.4909575520644723e-06
562.685,0.011830579909723292,0.009500473641554354,563.001,0.005522696240724362,1.4959044250815896e-06
562.885,0.01184613328518245,0.009500354090854451,563.101,0.0055319085131344545,1.5008594700066611e-06
562.985,0.011858301535745628,0.009500523643546633,563.201,0.005541120785596881,1.505822686737322e-06
562.985,0.011858301535745628,0.009500523643546633,563.301,0.005550333058111523,1.5107940751710615e-06
563.185,0.011873770025192524,0.009500368045214785,563.401,0.005559545330678283,1.5157736352053821e-06
563.185,0.011873770025192524,0.009500368045214785,563.501,0.005568757603297421,1.5207613667379802e-06
563.285,0.011886675328433101,0.009500541167959604,563.601,0.005577969875968664,1.5257572696662663e-06
563.485,0.011901918113328178,0.00950063547827088,563.701,0.0055871821486922066,1.5307613438879036e-06
563.485,0.011901918113328178,0.00950063547827088,563.801,0.005596394421467881,1.5357735893003632e-06
563.685,0.011915736488682422,0.009500642520472308,563.901,0.005605606694295729,1.540794005801229e-06
563.785,0.011929043531790685,0.009500396174610902,564.001,0.005614818967175762,1.545822593288072e-06
563.785,0.011929043531790685,0.009500396174610902,564.101,0.005624031240108022,1.5508593516584784e-06
563.985,0.011947979367702937,0.009500659023390099,564.201,0.005633243513092426,1.555904280809973e-06
564.085,0.011959761421823163,0.00950045374442435,564.301,0.005642455786129004,1.5609573806401334e-06
564.085,0.011959761421823163,0.00950045374442435,564.401,0.005651668059217689,1.5660186510465012e-06
564.285,0.011975616106392825,0.009500673248510127,564.501,0.005660880332358547,1.5710880919266777e-06
564.385,0.011987909429165963,0.009500721399139697,564.601,0.005670092605551529,1.5761657031782033e-06
564.385,0.011987909429165963,0.009500721399139697,564.701,0.005679304878796671,1.581251484698672e-06
564.585,0.012002740420964992,0.00950063242547722,564.801,0.005688517152093877,1.5863454363856042e-06
564.585,0.012002740420964992,0.00950063242547722,564.901,0.005697729425443268,1.5914475581366457e-06
564.685,0.012015034920583305,0.009500482339261847,565.001,0.005706941698844687,1.5965578498492805e-06
564.885,0.01203124572660759,0.009500278099128194,565.101,0.005716153972298194,1.601676311421119e-06
564.885,0.01203124572660759,0.009500278099128194,565.201,0.005725366245803821,1.6068029427497608e-06
565.085,0.012045676661048214,0.009500412148853802,565.301,0.005734578519361452,1.611937743732722e-06
565.185,0.012062575394295309,0.009500461119137788,565.401,0.00574379079297119,1.6170807142676388e-06
565.185,0.012062575394295309,0.009500461119137788,565.501,0.005753003066632966,1.6222318542520531e-06
565.385,0.01207730697581045,0.009500302227093575,565.601,0.005762215340346794,1.6273911635835565e-06
565.385,0.01207730697581045,0.009500302227093575,565.701,0.005771427614112709,1.6325586421597565e-06
565.485,0.01209021214845623,0.009500475658874848,565.801,0.0057806398879305665,1.6377342898781597e-06
565.685,0.012104943724692271,0.009500316801920873,565.901,0.0057898521618004566,1.6429181066364006e-06
565.685,0.012104943724692271,0.009500316801920873,566.001,0.005799064435722409,1.6481100923320893e-06
565.885,0.012118762617290224,0.009500325830895986,566.101,0.005808276709696305,1.653310246862751e-06
565.985,0.012132580481162109,0.009500331450277,566.201,0.005817488983722191,1.6585185701259977e-06
565.985,0.012132580481162109,0.009500331450277,566.301,0.005826701257800051,1.6637350620194174e-06
566.185,0.012151004975807046,0.009500341256671258,566.401,0.00583591353192995,1.6689597224406376e-06
566.285,0.012164454610398698,0.00950058745813684,566.501,0.00584512580611181,1.6741925512872132e-06
566.285,0.012164454610398698,0.00950058745813684,566.601,0.00585433808034554,1.6794335484566843e-06
566.485,0.012178641728223876,0.009500356027527964,566.701,0.005863550354631284,1.6846827138467325e-06
566.485,0.012178641728223876,0.009500356027527964,566.801,0.005872762628968989,1.6899400473549278e-06
566.585,0.012191178157846644,0.009500768416610196,566.901,0.005881974903358559,1.6952055488788182e-06
566.785,0.012206278990552984,0.009500372585780115,567.001,0.005891187177800016,1.700479218316012e-06
566.785,0.012206278990552984,0.009500372585780115,567.101,0.005900399452293439,1.7057610555641582e-06
566.885,0.012219728100657414,0.009500617144929266,567.201,0.0059096117268387935,1.7110510605208458e-06
567.085,0.012233546471446406,0.009500624612695923,567.301,0.00591882400143596,1.7163492330836106e-06
567.085,0.012233546471446406,0.009500624612695923,567.401,0.005928036276085079,1.7216555731501307e-06
567.285,0.01224773410920786,0.00950039499030223,567.501,0.005937248550786038,1.7269700806179603e-06
567.385,0.012261183224342881,0.009500639603098103,567.601,0.005946460825538904,1.7322927553847433e-06
567.385,0.012261183224342881,0.009500639603098103,567.701,0.005955673100343639,1.7376235973480728e-06
567.585,0.012279608242324928,0.009500651351427514,567.801,0.005964885375200206,1.7429626064055327e-06
567.685,0.012296557504943927,0.00950309361032108,567.901,0.005974097650108612,1.7483097824547427e-06
567.685,0.012296557504943927,0.00950309361032108,568.001,0.005983309925068874,1.753665125393326e-06
567.885,0.01230822970677948,0.009499970702245543,568.101,0.0059925222000809,1.7590286351188423e-06
567.985,0.0123250125568503,0.009503748965002848,568.201,0.0060017344751448305,1.7644003115289958e-06
567.985,0.0123250125568503,0.009503748965002848,568.301,0.006010946750260509,1.7697801545213068e-06
568.185,0.0123380131577796,0.009503118067813109,568.401,0.006020159025428032,1.7751681639934602e-06
568.185,0.0123380131577796,0.009503118067813109,568.501,0.006029371300647306,1.7805643398430177e-06
568.285,0.012351735740813776,0.009503930237249254,568.601,0.006038583575918373,1.7859686819676226e-06
568.485,0.012366468208839758,0.009503773521400955,568.701,0.006047795851241181,1.7913811902648702e-06
568.485,0.012366468208839758,0.009503773521400955,568.801,0.006057008126615877,1.7968018646324722e-06
568.685,0.012377321603484034,0.009500008800275865,568.901,0.006066220402042204,1.802230704967905e-06
568.785,0.012394104968197654,0.009503788841193314,569.001,0.006075432677520315,1.8076677111688826e-06
568.785,0.012394104968197654,0.009503788841193314,569.101,0.006084644953050176,1.8131128831330165e-06
568.985,0.012412529476621309,0.009503799095220805,569.201,0.0060938572286317666,1.8185662207579184e-06
569.085,0.012426347856178695,0.009503806807095979,569.301,0.006103069504265076,1.8240277239412155e-06
569.085,0.012426347856178695,0.009503806807095979,569.401,0.006112281779950121,1.8294973925805488e-06
569.285,0.012441318317557876,0.009504475753421804,569.501,0.006121494055686819,1.834975226573509e-06
569.285,0.012441318317557876,0.009504475753421804,569.601,0.006130706331475234,1.8404612258177657e-06
569.385,0.012454222504504437,0.009504647834933636,569.701,0.00613991860731538,1.845955390210964e-06
569.585,0.01247200802513795,0.009504116490363736,569.801,0.006149130883207192,1.851457719650699e-06
569.585,0.01247200802513795,0.009504116490363736,569.901,0.006158343159150607,1.8569682140345766e-06
569.685,0.012484911875701929,0.009504288675582048,570.001,0.0061675554351457796,1.8624868732603261e-06
569.885,0.012499644792177267,0.00950413210137641,570.101,0.006176767711192519,1.8680136972254763e-06
569.885,0.012499644792177267,0.00950413210137641,570.201,0.006185979987291005,1.8735486858277723e-06
570.085,0.012517169174894874,0.009503338743731644,570.301,0.006195192263441006,1.8790918389647207e-06
570.185,0.012532565366914706,0.009504262356684513,570.401,0.00620440453964271,1.8846431565340816e-06
570.185,0.012532565366914706,0.009504262356684513,570.501,0.006213616815896044,1.8902026384334585e-06
570.385,0.012547494520393858,0.009504487433008382,570.601,0.006222829092200874,1.895770284560414e-06
570.485,0.012561312905647251,0.009504495328335744,570.701,0.0062320413685573815,1.901346094812712e-06
570.485,0.012561312905647251,0.009504495328335744,570.801,0.006241253644965455,1.9069300690879307e-06
570.685,0.01257513128247447,0.009504503242238367,570.901,0.006250465921425175,1.912522207283773e-06
570.685,0.01257513128247447,0.009504503242238367,571.001,0.006259678197936362,1.9181225092977767e-06
570.785,0.012588949666147181,0.009504511174278652,571.101,0.006268890474499197,1.9237309750277146e-06
570.985,0.012603428131156285,0.009504701342909153,571.201,0.006278102751113571,1.929347604371169e-06
570.985,0.012603428131156285,0.009504701342909153,571.301,0.006287315027779409,1.9349723972257506e-06
571.185,0.012620275365206934,0.009503796283533946,571.401,0.006296527304496925,1.9406053534892487e-06
571.285,0.01263567124343483,0.00950472013479505,571.501,0.006305739581265894,1.9462464730591805e-06
571.285,0.01263567124343483,0.00950472013479505,571.601,0.006314951858086396,1.9518957558332588e-06
571.485,0.012649489624497382,0.00950472814718483,571.701,0.006324164134958411,1.9575532017091403e-06
571.585,0.012663308003142242,0.009504736177719958,571.801,0.0063333764118819755,1.9632188105844946e-06
571.585,0.012663308003142242,0.009504736177719958,571.901,0.006342588688857029,1.9688925823569544e-06
571.785,0.012680155230537837,0.00950383123217639,572.001,0.006351800965883534,1.9745745169241684e-06
571.785,0.012680155230537837,0.00950383123217639,572.101,0.00636101324296146,1.980264614183784e-06
571.885,0.012690234130156882,0.009508612796404964,572.201,0.0063702255200909635,1.985962874033561e-06
572.085,0.01270476313798847,0.009504760380009301,572.301,0.006379437797271833,1.9916692963710406e-06
572.085,0.01270476313798847,0.009504760380009301,572.401,0.006388650074504246,1.997383881093998e-06
572.285,0.012721610366712871,0.009503855513258365,572.501,0.006397862351787969,2.0031066280999645e-06
572.385,0.012731689265457436,0.00950863710372034,572.601,0.006407074629123261,2.0088375372867755e-06
572.385,0.012731689265457436,0.00950863710372034,572.701,0.006416286906509916,2.0145766085519745e-06
572.585,0.012753143167402973,0.009507735695844132,572.801,0.006425499183948033,2.0203238417933018e-06
572.685,0.012763932163816945,0.009508656123518823,572.901,0.006434711461437501,2.0260792369083632e-06
572.685,0.012763932163816945,0.009508656123518823,573.001,0.006443923738978401,2.031842793794883e-06
572.885,0.01278077993648586,0.00950775205726442,573.101,0.006453136016570699,2.037614512350524e-06
572.885,0.01278077993648586,0.00950775205726442,573.201,0.006462348294214328,2.0433943924729224e-06
572.985,0.01279156893230911,0.009508672505850373,573.301,0.006471560571909361,2.0491824340598105e-06
573.185,0.012808416707425007,0.009507768492126721,573.401,0.00648077284965582,2.054978637008879e-06
573.185,0.012808416707425007,0.009507768492126721,573.501,0.0064899851274535835,2.06078300121774e-06
573.385,0.012825872553222097,0.009509021759336725,573.601,0.0064991974053027375,2.0665955265841274e-06
573.485,0.01283665981353137,0.009509942225807439,573.701,0.006508409683203182,2.072416213005672e-06
573.485,0.01283665981353137,0.009509942225807439,573.801,0.006517621961154882,2.07824506038004e-06
573.685,0.012853509320254534,0.00950903832382542,573.901,0.0065268342391579925,2.0840820686050147e-06
573.785,0.012868090547583715,0.009511473242741863,574.001,0.006536046517212354,2.089927237578187e-06
573.785,0.012868090547583715,0.009511473242741863,574.101,0.006545258795318111,2.0957805671973373e-06
573.985,0.012881908929471522,0.00951148156315112,574.201,0.0065544710734751635,2.1016420573601007e-06
573.985,0.012881908929471522,0.00951148156315112,574.301,0.00656368335168343,2.1075117079641102e-06
574.085,0.01289572730962886,0.009511489901703897,574.401,0.006572895629942991,2.113389518907131e-06
574.285,0.012912577177323952,0.009510586294526816,574.501,0.006582107908253811,2.119275490086829e-06
574.285,0.012912577177323952,0.009510586294526816,574.601,0.006591320186615947,2.1251696214009344e-06
574.385,0.01292336407596769,0.009511506634090063,574.701,0.006600532465029286,2.1310719127470733e-06
574.585,0.0129402139412897,0.009510603079409357,574.801,0.006609744743493946,2.1369823640230313e-06
574.585,0.0129402139412897,0.009510603079409357,574.901,0.00661895702200976,2.142900975126402e-06
574.785,0.012954032324341513,0.009510611499535242,575.001,0.006628169300576841,2.1488277459549554e-06
574.885,0.01296785071483299,0.009510619937804696,575.101,0.0066373815791950655,2.154762676406319e-06
574.885,0.01296785071483299,0.009510619937804696,575.201,0.006646593857864563,2.1607057663782835e-06
575.085,0.012986275219106499,0.009510631217501944,575.301,0.006655806136585286,2.166657015768521e-06
575.185,0.012997062118273828,0.009511551612875466,575.401,0.00666501841535713,2.1726164244746807e-06
575.185,0.012997062118273828,0.009511551612875466,575.501,0.006674230694180227,2.178583992394547e-06
575.385,0.013013911985944876,0.00951064819825216,575.601,0.006683442973054409,2.1845597194257297e-06
575.385,0.013013911985944876,0.00951064819825216,575.701,0.006692655251979803,2.190543605466025e-06
575.485,0.013026525444521703,0.009512067502713148,575.801,0.006701867530956411,2.19653565041314e-06
575.685,0.013043375909003719,0.009511164207935265,575.901,0.00671107980998415,2.202535854164739e-06
575.685,0.013043375909003719,0.009511164207935265,576.001,0.006720292089062992,2.208544216618524e-06
575.785,0.013054162215909349,0.009512084580369338,576.101,0.006729504368192928,2.2145607376722067e-06
575.985,0.013071012676738655,0.009511181338144742,576.201,0.00673871664737409,2.2205854172235844e-06
575.985,0.013071012676738655,0.009511181338144742,576.301,0.0067479289266062885,2.226618255170265e-06
576.185,0.013084831051699256,0.009511189930888717,576.401,0.006757141205889655,2.2326592514100443e-06
576.285,0.013100223486949256,0.009512113206368045,576.501,0.006766353485224088,2.2387084058405876e-06
576.285,0.013100223486949256,0.009512113206368045,576.601,0.006775565764609563,2.2447657183595977e-06
576.485,0.013117073943496219,0.009511210051649777,576.701,0.006784778044046199,2.2508311888648822e-06
576.585,0.013130332727565745,0.009511587495163848,576.801,0.006793990323533857,2.256904817254071e-06
576.585,0.013130332727565745,0.009511587495163848,576.901,0.006803202603072643,2.2629866034249653e-06
576.785,0.013144717315616571,0.009511252216312195,577.001,0.0068124148826623765,2.2690765472751707e-06
576.785,0.013144717315616571,0.009511252216312195,577.101,0.006821627162303202,2.2751746487025145e-06
576.885,0.013158650037177314,0.009511427050469007,577.201,0.006830839441995091,2.2812809076047057e-06
577.085,0.013172468415761411,0.009511435759416665,577.301,0.006840051721737964,2.2873953238794324e-06
577.085,0.013172468415761411,0.009511435759416665,577.401,0.006849264001531843,2.2935178974244352e-06
577.285,0.013186194409454776,0.00951137787110534,577.501,0.006858476281376832,2.2996486281375206e-06
577.385,0.013204830420685792,0.009511558028928472,577.601,0.006867688561272739,2.3057875159162996e-06
577.385,0.013204830420685792,0.009511558028928472,577.701,0.006876900841219634,2.3119345606585553e-06
577.585,0.013218529702775327,0.009511464921473327,577.801,0.006886113121217521,2.318089762262033e-06
577.685,0.013229435000301938,0.009512487251098765,577.901,0.0068953254012664444,2.3242531206245044e-06
577.685,0.013229435000301938,0.009512487251098765,578.001,0.006904537681366306,2.3304246356436403e-06
577.885,0.013246166470512695,0.009511482516598427,578.101,0.006913749961517078,2.336604307217166e-06
577.885,0.013246166470512695,0.009511482516598427,578.201,0.006922962241718863,2.342792135242897e-06
577.985,0.013257071764656524,0.009512504866610838,578.301,0.006932174521971539,2.3489881196184955e-06
578.185,0.013273922334183593,0.009511602061462725,578.401,0.0069413868022751525,2.3551922602417375e-06
578.185,0.013273922334183593,0.009511602061462725,578.501,0.006950599082629735,2.3614045570103934e-06
578.385,0.01329236879874498,0.009511713408519787,578.601,0.0069598113630351685,2.3676250098221327e-06
578.485,0.013306187182756802,0.009511722293915297,578.701,0.006969023643491534,2.373853618574761e-06
578.485,0.013306187182756802,0.009511722293915297,578.801,0.006978235923998802,2.3800903831660073e-06
578.685,0.013320005568488667,0.009511731197886699,578.901,0.006987448204556968,2.386335303493621e-06
578.685,0.013320005568488667,0.009511731197886699,579.001,0.006996660485166047,2.392588379455367e-06
578.785,0.013333802010210165,0.00951164059385691,579.101,0.007005872765825916,2.3988496109489187e-06
578.985,0.013347642341554595,0.009511749060664125,579.201,0.007015085046536709,2.4051189978721266e-06
578.985,0.013347642341554595,0.009511749060664125,579.301,0.007024297327298297,2.4113965401226606e-06
579.185,0.013362827630897725,0.009510515727514355,579.401,0.0070335096081108085,2.417682237598368e-06
579.285,0.013376646019038808,0.009510524700168095,579.501,0.007042721888974158,2.423976090196947e-06
579.285,0.013376646019038808,0.009510524700168095,579.601,0.007051934169888287,2.4302780978161233e-06
579.485,0.01339507053255805,0.009510536692402972,579.701,0.007061146450853256,2.436588260353699e-06
579.585,0.013407522019135667,0.009511788015005719,579.801,0.00707035873186906,2.442906577707438e-06
579.585,0.013407522019135667,0.009511788015005719,579.901,0.007079571012935574,2.449233049775023e-06
579.785,0.013423631341641018,0.009510941332087736,580.001,0.007088783294052996,2.455567676454353e-06
579.885,0.013436082675162601,0.009512192696841447,580.101,0.007097995575221094,2.4619104576430384e-06
579.885,0.013436082675162601,0.009512192696841447,580.201,0.007107207856440065,2.4682613932389825e-06
580.085,0.013451268116344787,0.00951095945624546,580.301,0.007116420137709721,2.474620483139825e-06
580.085,0.013451268116344787,0.00951095945624546,580.401,0.007125632419030215,2.4809877272434463e-06
580.185,0.013465086506629028,0.00951096854571437,580.501,0.007134844700401306,2.4873631254474554e-06
580.385,0.013478904887048792,0.009510977653773926,580.601,0.0071440569818233485,2.4937466776498727e-06
580.385,0.013478904887048792,0.009510977653773926,580.701,0.007153269263295964,2.500138383748205e-06
580.485,0.013490873658638401,0.009512730958179463,580.801,0.007162481544819361,2.506538243640378e-06
580.685,0.013506541665446844,0.009510995924673001,580.901,0.0071716938263934925,2.5129462572241356e-06
580.685,0.013506541665446844,0.009510995924673001,581.001,0.0071809061080183425,2.5193624243972547e-06
580.885,0.013520360048635466,0.009511005087773262,581.101,0.007190118389693892,2.525786745057495e-06
580.985,0.013537338315318736,0.009510948417897118,581.201,0.007199330671420079,2.5322192191026037e-06
580.985,0.013537338315318736,0.009510948417897118,581.301,0.007208542953197019,2.5386598464304335e-06
581.185,0.013552602960595914,0.009511026539267982,581.401,0.007217755235024588,2.5451086269386893e-06
581.185,0.013552602960595914,0.009511026539267982,581.501,0.007226967516902819,2.5515655605251844e-06
581.285,0.01356497509143104,0.009510966833174718,581.601,0.007236179798831775,2.5580306470877448e-06
581.485,0.013579757181149114,0.009511546833964065,581.701,0.007245392080811253,2.5645038865240128e-06
581.485,0.013579757181149114,0.009511546833964065,581.801,0.007254604362841511,2.5709852787319616e-06
581.685,0.013594179145600249,0.009511142751622516,581.901,0.007263816644922311,2.5774748236092235e-06
581.785,0.01361088028914452,0.009510878216369053,582.001,0.007273028927053701,2.5839725210536167e-06
581.785,0.01361088028914452,0.009510878216369053,582.101,0.007282241209235736,2.5904783709629745e-06
581.985,0.01362497577974467,0.009511095465755548,582.201,0.007291453491468388,2.5969923732350746e-06
582.085,0.013640317536095965,0.009511881554616285,582.301,0.007300665773751669,2.60351452776772e-06
582.085,0.013640317536095965,0.009511881554616285,582.401,0.007309878056085464,2.610044834458627e-06
582.285,0.013654413080059593,0.009512098873362143,582.501,0.007319090338469855,2.616583293205653e-06
582.285,0.013654413080059593,0.009512098873362143,582.601,0.007328302620904858,2.623129903906606e-06
582.385,0.013667954312769525,0.0095119002390719,582.701,0.0073375149033903945,2.6296846664592355e-06
582.585,0.013682049854153788,0.009512117596295768,582.801,0.007346727185926479,2.6362475807613578e-06
582.585,0.013682049854153788,0.009512117596295768,582.901,0.007355939468513156,2.642818646710801e-06
582.785,0.013696829311683026,0.009512912661290507,583.001,0.007365151751150348,2.6493978642053164e-06
582.885,0.013714015601390264,0.00951193154290379,583.101,0.007374364033838001,2.655985233142675e-06
582.885,0.013714015601390264,0.00951193154290379,583.201,0.007383576316576245,2.662580753420777e-06
583.085,0.013728111137931917,0.00951214896419829,583.301,0.007392788599365026,2.6691844249373945e-06
583.085,0.013728111137931917,0.00951214896419829,583.401,0.007402000882204247,2.675796247590265e-06
583.185,0.013741773402042749,0.009512038915419721,583.501,0.007411213165093994,2.682416221277259e-06
583.385,0.013759196445737518,0.00951472456384978,583.601,0.00742042544803414,2.6890443458961073e-06
583.385,0.013759196445737518,0.00951472456384978,583.701,0.007429637731024773,2.695680621344679e-06
583.585,0.0137739763547713,0.009515520086078096,583.801,0.007438850014065889,2.7023250475207883e-06
583.685,0.01379128315439535,0.009514627182878994,583.901,0.007448062297157484,2.7089776243222464e-06
583.685,0.01379128315439535,0.009514627182878994,584.001,0.007457274580299539,2.7156383516468636e-06
583.885,0.013806219267462116,0.00951554230832246,584.101,0.00746648686349203,2.7223072293924384e-06
583.985,0.013818919933897235,0.009514646271527287,584.201,0.007475699146734913,2.728984257456754e-06
583.985,0.013818919933897235,0.009514646271527287,584.301,0.00748491143002828,2.7356694357377103e-06
584.185,0.013832738326526591,0.009514655843496849,584.401,0.007494123713372015,2.742362764133042e-06
584.185,0.013832738326526591,0.009514655843496849,584.501,0.007503335996766222,2.749064242540648e-06
584.285,0.013846556719424405,0.009514665433549268,584.601,0.00751254828021081,2.7557738708582864e-06
584.485,0.013861336605803829,0.009515461057420373,584.701,0.0075217605637057944,2.7624916489837953e-06
584.485,0.013861336605803829,0.009515461057420373,584.801,0.007530972847251112,2.7692175768149633e-06
584.685,0.013875311218125758,0.00951559026398405,584.901,0.00754018513084683,2.7759516542496667e-06
584.785,0.013888973392153716,0.009515480329897517,585.001,0.007549397414492884,2.7826938811856774e-06
584.785,0.013888973392153716,0.009515480329897517,585.101,0.007558609698189323,2.789444257520874e-06
584.985,0.013907397913670837,0.009515493218944668,585.201,0.007567821981936141,2.7962027831530856e-06
585.085,0.01392025481044361,0.009514716890825628,585.301,0.007577034265733284,2.8029694579801066e-06
585.085,0.01392025481044361,0.009514716890825628,585.401,0.007586246549580706,2.8097442818997357e-06
585.285,0.013935034696875289,0.00951551261365922,585.501,0.007595458833478462,2.816527254809853e-06
585.385,0.013947891587795823,0.009514736321777281,585.601,0.00760467111742657,2.8233183766083055e-06
585.385,0.013947891587795823,0.009514736321777281,585.701,0.007613883401424938,2.8301176471928634e-06
585.585,0.013962671474263562,0.009515532081680425,585.801,0.0076230956854736465,2.836925066461429e-06
585.585,0.013962671474263562,0.009515532081680425,585.901,0.007632307969572547,2.8437406343117405e-06
585.685,0.013975606665087308,0.009514193575412852,586.001,0.007641520253721879,2.8505643506418167e-06
585.885,0.013990308258810957,0.009515551623061674,586.101,0.007650732537921328,2.8573962153492667e-06
585.885,0.013990308258810957,0.009515551623061674,586.201,0.007659944822171107,2.864236228332096e-06
585.985,0.014004204899649318,0.009514999091658656,586.301,0.007669157106471123,2.8710843894880785e-06
586.185,0.014018907299498699,0.009515794462867481,586.401,0.007678369390821346,2.877940698715044e-06
586.185,0.014018907299498699,0.009515794462867481,586.501,0.007687581675221856,2.8848051559108976e-06
586.385,0.01403531654999086,0.009514877107152176,586.601,0.007696793959672599,2.8916777609734547e-06
586.485,0.014046544084285443,0.009515814151959165,586.701,0.0077060062441735066,2.898558513800513e-06
586.485,0.014046544084285443,0.009515814151959165,586.801,0.007715218528724677,2.905447414290003e-06
586.685,0.014060362474923267,0.009515824024106653,586.901,0.007724430813325997,2.9123444623396947e-06
586.785,0.014078006331530796,0.009516224111574182,587.001,0.00773364309797752,2.9192496578474878e-06
586.785,0.014078006331530796,0.009516224111574182,587.101,0.007742855382679179,2.9261630007111812e-06
586.985,0.014092683585850444,0.009515284760945503,587.201,0.007752067667431078,2.93308449082871e-06
586.985,0.014092683585850444,0.009515284760945503,587.301,0.007761279952233117,2.9400141280978643e-06
587.085,0.014105643115989325,0.009516243926556572,587.401,0.007770492237085332,2.946951912416533e-06
587.285,0.014120550317757344,0.009515321213113484,587.501,0.007779704521987651,2.953897843682524e-06
587.285,0.014120550317757344,0.009515321213113484,587.601,0.007788916806940114,2.9608519217937316e-06
587.485,0.0141366364544347,0.009514890740520993,587.701,0.007798129091942732,2.9678141466480264e-06
587.485,0.0141366364544347,0.009514890740520993,587.801,0.007807341376995459,2.9747845181432433e-06
587.685,0.014155060972488887,0.009514904065237305,587.901,0.007816553662098286,2.9817630361772414e-06
587.785,0.014165522819661339,0.009516287110653221,588.001,0.007825765947251198,2.9887497006478825e-06
587.785,0.014165522819661339,0.009516287110653221,588.101,0.007834978232454291,2.9957445114530984e-06
587.985,0.014183614632978438,0.009516269368606417,588.201,0.007844190517707409,3.0027474684906535e-06
588.085,0.014199290858692546,0.009516670954164523,588.301,0.00785340280301066,3.0097585716585e-06
588.085,0.014199290858692546,0.009516670954164523,588.401,0.00786261508836396,3.0167778208544378e-06
588.285,0.014212997208640141,0.00951677228837193,588.501,0.007871827373767229,3.0238052159762886e-06
588.285,0.014212997208640141,0.00951677228837193,588.601,0.007881039659220677,3.030840756922092e-06
588.385,0.014226927638650182,0.00951669108339399,588.701,0.007890251944724145,3.0378844435896e-06
588.585,0.014240746029680828,0.009516701175595204,588.801,0.007899464230277584,3.044936275876652e-06
588.585,0.014240746029680828,0.009516701175595204,588.901,0.007908676515881072,3.051996253681189e-06
588.785,0.014257077009533079,0.009515869507710478,589.001,0.007917888801534647,3.0590643769011215e-06
588.885,0.014268382815654538,0.009516721414797664,589.101,0.007927101087238164,3.0661406454342278e-06
588.885,0.014268382815654538,0.009516721414797664,589.201,0.007936313372991735,3.0732250591784673e-06
589.085,0.014289383950774292,0.009515748609754194,589.301,0.0079455256587953,3.0803176180316864e-06
589.185,0.014300625736965155,0.009516745119709048,589.401,0.00795473794464879,3.0874183218917183e-06
589.185,0.014300625736965155,0.009516745119709048,589.501,0.007963950230552378,3.0945271706565834e-06
589.385,0.014314585447918835,0.009516815849232065,589.601,0.007973162516505813,3.1016441642239714e-06
589.385,0.014314585447918835,0.009516815849232065,589.701,0.007982374802509217,3.108769302491874e-06
589.485,0.01432893000607237,0.009517355792580826,589.801,0.007991587088562607,3.115902585358193e-06
589.685,0.01434451616796127,0.009515728875739982,589.901,0.008000799374665928,3.1230440127207784e-06
589.685,0.01434451616796127,0.009515728875739982,590.001,0.008010011660819194,3.130193584477541e-06
589.885,0.014358523911248587,0.009515852946428224,590.101,0.008019223947022336,3.137351300526316e-06
589.985,0.014372294317173812,0.009515809927854602,590.201,0.008028436233275461,3.1445171607650826e-06
589.985,0.014372294317173812,0.009515809927854602,590.301,0.008037648519578442,3.1516911650916454e-06
590.185,0.01438616070097582,0.009515873495672317,590.401,0.00804686080593137,3.1588733134039653e-06
590.285,0.014402397760099186,0.009517178367254854,590.501,0.0080560730923341,3.1660636055998353e-06
590.285,0.014402397760099186,0.009517178367254854,590.601,0.008065285378786742,3.173262041577238e-06
590.485,0.014419023432093921,0.009516434530002258,590.701,0.008074497665289324,3.1804686212341054e-06
590.585,0.014430034548022675,0.009517199023247843,590.801,0.008083709951841694,3.1876833444682145e-06
590.585,0.014430034548022675,0.009517199023247843,590.901,0.008092922238443939,3.194906211177555e-06
590.785,0.01444647778620861,0.009516276343131807,591.001,0.008102134525096021,3.2021372212599896e-06
590.885,0.014460248189681054,0.009516233430903926,591.101,0.008111346811798037,3.209376374613509e-06
590.885,0.014460248189681054,0.009516233430903926,591.201,0.00812055909854981,3.216623671135877e-06
591.085,0.014474393441305447,0.009516418963298502,591.301,0.008129771385351429,3.223879110725084e-06
591.085,0.014474393441305447,0.009516418963298502,591.401,0.008138983672202841,3.231142693278994e-06
591.185,0.014488211841039766,0.00951642937614438,591.501,0.008148195959104048,3.2384144186955235e-06
591.385,0.014502078231312355,0.009516493096676562,591.601,0.00815740824605499,3.2456942868725464e-06
591.385,0.014502078231312355,0.009516493096676562,591.701,0.00816662053305581,3.2529822977080815e-06
591.585,0.014518728152845172,0.009516498923448032,591.801,0.008175832820106364,3.2602784510999323e-06
591.685,0.014536180865230524,0.009516358414736883,591.901,0.008185045107206716,3.2675827469460695e-06
591.685,0.014536180865230524,0.009516358414736883,592.001,0.008194257394356821,3.2748951851443856e-06
591.885,0.014549741987304073,0.009516381361640187,592.101,0.008203469681556667,3.282215765592776e-06
591.985,0.014564007067497761,0.00951649326825349,592.201,0.008212681968806305,3.289544488189213e-06
591.985,0.014564007067497761,0.00951649326825349,592.301,0.008221894256105616,3.2968813528315223e-06
592.185,0.01457782546285908,0.00951650380030541,592.401,0.008231106543454712,3.304226359417717e-06
592.185,0.01457782546285908,0.00951650380030541,592.501,0.008240318830853511,3.31157950784566e-06
592.285,0.014592271770917141,0.009516451146902994,592.601,0.008249531118301952,3.318940798013238e-06
592.485,0.014605462260715331,0.009516524919171088,592.701,0.0082587434058002,3.3263102298184976e-06
592.485,0.014605462260715331,0.009516524919171088,592.801,0.008267955693348157,3.3336878031592903e-06
592.685,0.014619832549081368,0.009516343895186508,592.901,0.0082771679809457,3.341073517933456e-06
592.785,0.014633781970880218,0.009516556578285,593.001,0.00828638026859302,3.3484673740390806e-06
592.785,0.014633781970880218,0.009516556578285,593.101,0.008295592556289956,3.355869371373971e-06
592.985,0.014652206491107059,0.009516570744929351,593.201,0.008304804844036546,3.363279509836082e-06
593.085,0.014666017887471393,0.009516561012566756,593.301,0.008314017131832762,3.370697789323334e-06
593.085,0.014666017887471393,0.009516561012566756,593.401,0.008323229419678628,3.378124209733695e-06
593.285,0.014681530570764226,0.00951791750600853,593.501,0.008332441707574113,3.3855587709650564e-06
593.285,0.014681530570764226,0.00951791750600853,593.601,0.00834165399551925,3.393001472915392e-06
593.385,0.014695341966278096,0.009517907808867831,593.701,0.00835086628351394,3.400452315482564e-06
593.585,0.014709167364564317,0.00951793889355632,593.801,0.008360078571558321,3.407911298564633e-06
593.585,0.014709167364564317,0.00951793889355632,593.901,0.008369290859652228,3.4153784220593925e-06
593.785,0.014723997140004122,0.009517900974127988,594.001,0.008378503147795714,3.4228536858648358e-06
593.885,0.014736804145751238,0.009517960354373332,594.101,0.008387715435988818,3.430337089878961e-06
593.885,0.014736804145751238,0.009517960354373332,594.201,0.008396927724231486,3.4378286339996504e-06
594.085,0.014756240068938494,0.009517926050576542,594.301,0.00840614001252377,3.4453283181248885e-06
594.185,0.01476897841906689,0.009518522172258508,594.401,0.008415352300865554,3.452836142152545e-06
594.185,0.01476897841906689,0.009518522172258508,594.501,0.008424564589256922,3.460352105980638e-06
594.385,0.01478387686118713,0.009517947624176177,594.601,0.008433776877697837,3.4678762095070973e-06
594.385,0.01478387686118713,0.009517947624176177,594.701,0.00844298916618821,3.4754084526297986e-06
594.485,0.014796615212181168,0.00951854378557366,594.801,0.008452201454728133,3.482948835246762e-06
594.685,0.014811513656677804,0.009517969271014873,594.901,0.00846141374331756,3.4904973572559225e-06
594.685,0.014811513656677804,0.009517969271014873,595.001,0.008470626031956552,3.4980540185552672e-06
594.885,0.014825332055622458,0.00951798012201367,595.101,0.008479838320644964,3.5056188190426584e-06
594.985,0.014839150452899123,0.009517990991119139,595.201,0.008489050609382959,3.5131917586161958e-06
594.985,0.014839150452899123,0.009517990991119139,595.301,0.00849826289817025,3.520772837173579e-06
595.185,0.014852968848271397,0.009518001878737218,595.401,0.008507475187007145,3.5283620546130403e-06
595.285,0.0148685568477274,0.009517219112357691,595.501,0.00851668747589346,3.5359594108323946e-06
595.285,0.0148685568477274,0.009517219112357691,595.601,0.008525899764829262,3.54356490572963e-06
595.485,0.014884166841325808,0.009517266928580558,595.701,0.008535112053814478,3.551178539202695e-06
595.585,0.014897185414725995,0.009517130328234164,595.801,0.008544324342849154,3.5588003111495666e-06
595.585,0.014897185414725995,0.009517130328234164,595.901,0.008553536631933265,3.5664302214682086e-06
595.785,0.01491180364095379,0.009517288835932676,596.001,0.008562748921066761,3.5740682700565523e-06
595.785,0.01491180364095379,0.009517288835932676,596.101,0.008571961210249768,3.581714456812667e-06
595.885,0.014924822211612803,0.009517152271172254,596.201,0.008581173499482068,3.589368781634342e-06
596.085,0.014938640610959081,0.009517163270189125,596.301,0.008590385788763845,3.597031244419708e-06
596.085,0.014938640610959081,0.009517163270189125,596.401,0.008599598078094935,3.604701845066601e-06
596.285,0.0149570651425366,0.009517177963922999,596.501,0.008608810367475407,3.6123805834730564e-06
596.385,0.014970539915666057,0.009517077211000891,596.601,0.008618022656905224,3.6200674595370186e-06
596.385,0.014970539915666057,0.009517077211000891,596.701,0.008627234946384475,3.6277624731565397e-06
596.585,0.014984701941975188,0.009517200065503668,596.801,0.008636447235913065,3.6354656242295366e-06
596.685,0.014998193591538376,0.009517117037504626,596.901,0.008645659525490982,3.643176912653968e-06
596.685,0.014998193591538376,0.009517117037504626,597.001,0.008654871815118198,3.650896338327794e-06
596.885,0.015012455647798283,0.009517310236351868,597.101,0.008664084104794741,3.6586239011490246e-06
596.885,0.015012455647798283,0.009517310236351868,597.201,0.008673296394520672,3.6663596010156824e-06
596.985,0.015026518414081605,0.009517513705589259,597.301,0.008682508684295844,3.6741034378256485e-06
597.185,0.015040092441608892,0.009517332484588326,597.401,0.008691720974120284,3.6818554114769266e-06
597.185,0.015040092441608892,0.009517332484588326,597.501,0.00870093326399403,3.6896155218675427e-06
597.385,0.015054139202871556,0.00951743609807479,597.601,0.008710145553917092,3.697383768895497e-06
597.485,0.015067385602493742,0.00951724300477975,597.701,0.008719357843889405,3.705160152458719e-06
597.485,0.015067385602493742,0.00951724300477975,597.801,0.008728570133910958,3.7129446724551946e-06
597.685,0.015081776001328803,0.009517458453055804,597.901,0.00873778242398183,3.7207373287829885e-06
597.785,0.015100216534787231,0.009517573289670506,598.001,0.008746994714101909,3.728538121339995e-06
597.785,0.015100216534787231,0.009517573289670506,598.101,0.008756207004271203,3.7363470500242234e-06
597.985,0.01511403493502849,0.009517584519786803,598.201,0.008765419294489795,3.744164114733742e-06
598.085,0.015127853340814476,0.009517595767956365,598.301,0.00877463158475755,3.7519893153664338e-06
598.085,0.015127853340814476,0.009517595767956365,598.401,0.008783843875074561,3.7598226518203888e-06
598.285,0.015141671744433911,0.009517607034667528,598.501,0.008793056165440696,3.767664123993485e-06
598.285,0.015141671744433911,0.009517607034667528,598.601,0.008802268455856124,3.7755137317838727e-06
598.385,0.015155490142014432,0.009517618319458982,598.701,0.008811480746320642,3.78337147508938e-06
598.585,0.015169536912676794,0.009517722076340284,598.801,0.008820693036834394,3.7912373538081364e-06
598.585,0.015169536912676794,0.009517722076340284,598.901,0.008829905327397348,3.799111367838129e-06
598.685,0.01518447977869109,0.009517711445293417,599.001,0.00883911761800939,3.8069935170772628e-06
598.885,0.015196945336053074,0.009517652284085382,599.101,0.008848329908670599,3.814883801423619e-06
598.885,0.015196945336053074,0.009517652284085382,599.201,0.008857542199381018,3.82278222077524e-06
599.085,0.015210992109342129,0.009517756091215605,599.301,0.008866754490140545,3.830688775030053e-06
599.185,0.015224582140440153,0.009517675018642669,599.401,0.008875966780949178,3.838603464086069e-06
599.185,0.015224582140440153,0.009517675018642669,599.501,0.008885179071806951,3.846526287841335e-06
599.385,0.015244587924967537,0.009517853159105558,599.601,0.008894391362713784,3.8544572461938065e-06
599.485,0.015258177914743362,0.009517772124732399,599.701,0.008903603653669793,3.862396339041583e-06
599.485,0.015258177914743362,0.009517772124732399,599.801,0.008912815944674898,3.870343566282627e-06
599.685,0.015272224729742165,0.009517876008380392,599.901,0.008922028235729067,3.8782989278149285e-06
599.785,0.015286043132792285,0.009517887460362683,600.001,0.008931240526832291,3.886262423536502e-06
599.785,0.015286043132792285,0.009517887460362683,600.101,0.008940452817984623,3.894234053345397e-06
599.985,0.015299861531980756,0.00951789893085661,600.201,0.008949665109185979,3.9022138171395785e-06
599.985,0.015299861531980756,0.00951789893085661,600.301,0.008958877400436353,3.910201714817068e-06
600.085,0.015313399420394402,0.009517992322571018,600.401,0.008968089691735799,3.918197746275941e-06
600.285,0.015327498326224305,0.00951792192656636,600.501,0.008977301983084295,3.9262019114142004e-06
600.285,0.015327498326224305,0.00951792192656636,600.601,0.008986514274481841,3.934214210129867e-06
600.485,0.015341316724470514,0.009517933451987738,600.701,0.008995726565928409,3.942234642320961e-06
600.585,0.015355135132976172,0.009517944995477774,600.801,0.009004938857423957,3.9502632078854715e-06
600.585,0.015355135132976172,0.009517944995477774,600.901,0.009014151148968459,3.958299906721408e-06
600.785,0.015374784542813687,0.009519244754212852,601.001,0.009023363440562007,3.966344738726896e-06
600.785,0.015374784542813687,0.009519244754212852,601.101,0.009032575732204506,3.974397703799865e-06
600.885,0.015388025458233475,0.00951911370837075,601.201,0.009041788023896007,3.9824588018384054e-06
601.085,0.015402421362516792,0.009519267946293545,601.301,0.009051000315636467,3.9905280327405315e-06
601.085,0.015402421362516792,0.009519267946293545,601.401,0.009060212607425832,3.998605396404211e-06
601.285,0.01541705910312855,0.009519504049602388,601.501,0.009069424899264178,4.006690892727581e-06
601.385,0.015430597034853272,0.009519597644819727,601.601,0.009078637191151422,4.0147845216085705e-06
601.385,0.015430597034853272,0.009519597644819727,601.701,0.00908784948308762,4.0228862829453015e-06
601.585,0.0154484440367536,0.00951947053160299,601.801,0.009097061775072756,4.030996176635791e-06
601.685,0.015461851894138973,0.009521706126100715,601.901,0.009106274067106747,4.039114202578019e-06
601.685,0.015461851894138973,0.009521706126100715,602.001,0.009115486359189766,4.047240360670177e-06
601.885,0.015475670294893221,0.009521717825627317,602.101,0.009124698651321584,4.055374650810117e-06
601.885,0.015475670294893221,0.009521717825627317,602.201,0.00913391094350233,4.063517072896003e-06
601.985,0.015489488700873,0.009521729543231166,602.301,0.009143123235731911,4.071667626825791e-06
602.185,0.015503307105310471,0.009521741279325893,602.401,0.009152335528010433,4.0798263124976285e-06
602.185,0.015503307105310471,0.009521741279325893,602.501,0.00916154782033783,4.087993129809524e-06
602.385,0.01551770310778904,0.009521895839681799,602.601,0.009170760112714012,4.096168078659443e-06
602.485,0.015530943918809192,0.00952176480619584,602.701,0.00917997240513911,4.104351158945557e-06
602.485,0.015530943918809192,0.00952176480619584,602.801,0.009189184697613002,4.1125423705658165e-06
602.685,0.015547703084825564,0.009522478148974087,602.901,0.009198396990135662,4.120741713418253e-06
602.785,0.015560124171003518,0.009522210800094045,603.001,0.009207609282707231,4.128949187401054e-06
602.785,0.015560124171003518,0.009522210800094045,603.101,0.00921682157532756,4.137164792412148e-06
602.985,0.01557854871054749,0.009522226582533905,603.201,0.009226033867996742,4.145388528349674e-06
603.085,0.015592367118305063,0.009522238440632876,603.301,0.009235246160714684,4.153620395111615e-06
603.085,0.015592367118305063,0.009522238440632876,603.401,0.009244458453481423,4.161860392596071e-06
603.285,0.015606462288099253,0.009522310033152565,603.501,0.009253670746296933,4.170108520701081e-06
603.285,0.015606462288099253,0.009522310033152565,603.601,0.009262883039161165,4.178364779324684e-06
603.385,0.01562028069541413,0.0095223219283165,603.701,0.009272095332074256,4.186629168365039e-06
603.585,0.01563870522601612,0.00952233781714997,603.801,0.009281307625036027,4.194901687720066e-06
603.585,0.01563870522601612,0.00952233781714997,603.901,0.009290519918046585,4.203182337287935e-06
603.785,0.01565252363336891,0.009522349755195919,604.001,0.009299732211105832,4.21147111696663e-06
603.785,0.01565252363336891,0.009522349755195919,604.101,0.009308944504213825,4.219768026654273e-06
603.885,0.01566634203549323,0.009522361711332106,604.201,0.009318156797370527,4.2280730662489164e-06
604.085,0.015680160432991582,0.009522373685959951,604.301,0.009327369090576014,4.236386235648691e-06
604.085,0.015680160432991582,0.009522373685959951,604.401,0.009336581383830098,4.244707534751505e-06
604.285,0.015695376197102644,0.00952266489990617,604.501,0.009345793677132983,4.253036963455628e-06
604.385,0.01571240337231649,0.00952240169756794,604.601,0.009355005970484467,4.26137452165896e-06
604.385,0.01571240337231649,0.00952240169756794,604.701,0.009364218263884588,4.269720209259611e-06
604.585,0.015726221780988876,0.009522413733193524,604.801,0.009373430557333412,4.278074026155715e-06
604.685,0.01574004018793372,0.009522425786903497,604.901,0.00938264285083091,4.286435972245333e-06
604.685,0.01574004018793372,0.009522425786903497,605.001,0.009391855144377065,4.2948060474265425e-06
604.885,0.015753858593395544,0.009522437859091938,605.101,0.009401067437971856,4.3031842515973965e-06
604.985,0.015767676997696496,0.009522449949372503,605.201,0.009410279731615262,4.31157058465598e-06
604.985,0.015767676997696496,0.009522449949372503,605.301,0.009419492025307279,4.319965046500357e-06
605.185,0.01578149539626562,0.009522462058139856,605.401,0.009428704319047963,4.328367637028686e-06
605.185,0.01578149539626562,0.009522462058139856,605.501,0.009437916612837147,4.336778356138892e-06
605.285,0.015795872715606764,0.009522623141583749,605.601,0.009447128906675054,4.345197203729285e-06
605.485,0.015809132213950108,0.009522486330362975,605.701,0.009456341200561443,4.353624179697723e-06
605.485,0.015809132213950108,0.009522486330362975,605.801,0.009465553494496525,4.362059283942509e-06
605.685,0.015824347984724537,0.009522777756831007,605.901,0.009474765788480095,4.370502516361539e-06
605.785,0.015836767179328016,0.009522567868304662,606.001,0.009483978082512268,4.37895387685301e-06
605.785,0.015836767179328016,0.009522567868304662,606.101,0.009493190376592967,4.387413365314971e-06
605.985,0.015851984794115013,0.009522802147728484,606.201,0.009502402670722243,4.3958809816455535e-06
606.085,0.01587515221471814,0.009522033905254404,606.301,0.009511614964900042,4.404356725742817e-06
606.085,0.01587515221471814,0.009522033905254404,606.401,0.009520827259126369,4.412840597504854e-06
606.285,0.015883387437734018,0.009522757563557914,606.501,0.009530039553401256,4.421332596829801e-06
606.385,0.015902789029045517,0.009522058309377033,606.601,0.00953925184772468,4.429832723615763e-06
606.385,0.015902789029045517,0.009522058309377033,606.701,0.009548464142096487,4.438340977760688e-06
606.585,0.015920752649527282,0.009523480424722557,606.801,0.009557676436516853,4.446857359162847e-06
606.585,0.015920752649527282,0.009523480424722557,606.901,0.0095668887309857,4.455381867720275e-06
606.685,0.015934082134977014,0.00952310787551003,607.001,0.009576101025503023,4.463914503331075e-06
606.885,0.01595071564866938,0.009523816623068143,607.101,0.0095853133200688,4.472455265893332e-06
606.885,0.01595071564866938,0.009523816623068143,607.201,0.009594525614683058,4.481004155305198e-06
607.085,0.015964534052138577,0.009523828926332257,607.301,0.009603737909345763,4.489561171464756e-06
607.185,0.015980808320015333,0.009524991264358502,607.401,0.009612950204056924,4.4981263142701355e-06
607.185,0.015980808320015333,0.009524991264358502,607.501,0.009622162498816474,4.5066995836193855e-06
607.385,0.01599602647199531,0.009525283418856235,607.601,0.009631374793624494,4.515280979410677e-06
607.385,0.01599602647199531,0.009525283418856235,607.701,0.009640587088480866,4.523870501542019e-06
607.485,0.016008445137463172,0.009525015961143251,607.801,0.009649799383385744,4.532468149911686e-06
607.685,0.01602366328734717,0.00952530816118356,607.901,0.009659011678339014,4.5410739244176985e-06
607.685,0.01602366328734717,0.00952530816118356,608.001,0.009668223973340684,4.549687824958181e-06
607.885,0.016040023226764757,0.009524114569188918,608.101,0.009677436268390691,4.5583098514312e-06
607.985,0.016055906241877367,0.0095253371195469,608.201,0.009686648563489131,4.5669400037349694e-06
607.985,0.016055906241877367,0.0095253371195469,608.301,0.009695860858635887,4.57557828176751e-06
608.185,0.016069724655074093,0.009525349560888643,608.401,0.009705073153831048,4.584224685427029e-06
608.185,0.016069724655074093,0.009525349560888643,608.501,0.009714285449074508,4.5928792146115644e-06
608.285,0.016083543059366785,0.009525362020311115,608.601,0.009723497744366327,4.601541869219296e-06
608.485,0.016097361465994966,0.009525374498228085,608.701,0.00973271003970647,4.610212649148313e-06
608.485,0.016097361465994966,0.009525374498228085,608.801,0.009741922335094924,4.6188915542967635e-06
608.685,0.01611117986184864,0.009525386994390416,608.901,0.009751134630531674,4.627578584562736e-06
608.785,0.016124998270129167,0.009525399508676225,609.001,0.009760346926016792,4.636273739844442e-06
608.785,0.016124998270129167,0.009525399508676225,609.101,0.009769559221550237,4.644977020039979e-06
608.985,0.016138816678078236,0.00952541204143107,609.201,0.009778771517131912,4.653688425047406e-06
609.085,0.01615263509099671,0.009525424592274545,609.301,0.009787983812761827,4.662407954764873e-06
609.085,0.01615263509099671,0.009525424592274545,609.401,0.009797196108440098,4.671135609090608e-06
609.285,0.01617110221687019,0.009525488593950356,609.501,0.009806408404166623,4.679871387922669e-06
609.385,0.016183205120171875,0.009525023024707467,609.601,0.009815620699941411,4.688615291159208e-06
609.385,0.016183205120171875,0.009525023024707467,609.701,0.009824832995764449,4.697367318698351e-06
609.585,0.016198739034951937,0.009525513799299438,609.801,0.009834045291635648,4.7061274704381655e-06
609.585,0.016198739034951937,0.009525513799299438,609.901,0.009843257587555205,4.71489574627699e-06
609.685,0.01621224164312287,0.009525328125449572,610.001,0.009852469883522869,4.723672146112725e-06
609.685,0.01621224164312287,0.009525328125449572,610.101,0.009861682179538795,4.732456669843662e-06
609.885,0.016230666200173088,0.009525344993566923,610.201,0.009870894475602925,4.741249317367902e-06
610.085,0.01624448460425312,0.009525357666055211,610.301,0.009880106771715292,4.750050088583635e-06
610.085,0.01624448460425312,0.009525357666055211,610.401,0.00988931906787579,4.758858983388904e-06
610.285,0.016258618818771213,0.009525568661861217,610.501,0.009898531364084468,4.767676001681907e-06
610.385,0.016272121422314833,0.009525383065704898,610.601,0.009907743660341306,4.7765011433607864e-06
610.385,0.016272121422314833,0.009525383065704898,610.701,0.009916955956646307,4.7853344083237005e-06
610.585,0.016290501920575687,0.009525786031771868,610.801,0.009926168252999537,4.794175796468872e-06
610.585,0.016290501920575687,0.009525786031771868,610.901,0.009935380549400817,4.803025307694277e-06
610.685,0.016304597451296598,0.0095249012649196,611.001,0.009944592845850354,4.811882941898293e-06
610.885,0.016318415861056194,0.009524914034260437,611.101,0.009953805142347923,4.820748698978858e-06
610.885,0.016318415861056194,0.009524914034260437,611.201,0.009963017438893648,4.829622578834249e-06
611.085,0.01633200119114185,0.009525438349156477,611.301,0.009972229735487568,4.838504581362673e-06
611.185,0.016346052673661005,0.009524939627579677,611.401,0.009981442032129473,4.8473947064621e-06
611.185,0.016346052673661005,0.009524939627579677,611.501,0.009990654328819517,4.856292954030831e-06
611.385,0.01635959396224702,0.009525849971128934,611.601,0.009999866625557595,4.8651993239669514e-06
611.485,0.016378242355073264,0.00952493699560821,611.701,0.010009078922343774,4.874113816168679e-06
611.485,0.016378242355073264,0.00952493699560821,611.801,0.010018291219178075,4.8830364305342e-06
611.685,0.016392114031982208,0.00952498244556222,611.901,0.01002750351606041,4.891967166961618e-06
611.785,0.01640812259435509,0.009526887354472418,612.001,0.010036715812990786,4.900906025349097e-06
611.785,0.01640812259435509,0.009526887354472418,612.101,0.010045928109969208,4.909853005594827e-06
611.985,0.016422113377142694,0.009527069543618387,612.201,0.010055140406995688,4.918808107597002e-06
611.985,0.016422113377142694,0.009527069543618387,612.301,0.010064352704070132,4.9277713312537016e-06
612.085,0.01643570612536646,0.009526880597463856,612.401,0.01007356500119261,4.936742676463161e-06
612.285,0.016449750194062477,0.009527095417198629,612.501,0.010082777298363108,4.94572214312355e-06
612.285,0.016449750194062477,0.009527095417198629,612.601,0.010091989595581706,4.954709731133134e-06
612.485,0.016463568602873877,0.009527108381503188,612.701,0.010101201892848131,4.963705440389823e-06
612.585,0.016477214637840968,0.009526952081361579,612.801,0.01011041419016262,4.972709270792043e-06
612.585,0.016477214637840968,0.009526952081361579,612.901,0.010119626487525091,4.981721222237874e-06
612.785,0.01649563919138245,0.009526969418989234,613.001,0.010128838784935519,4.990741294625502e-06
612.885,0.01650789575567036,0.00952574521403986,613.101,0.010138051082393908,4.999769487853101e-06
612.885,0.01650789575567036,0.00952574521403986,613.201,0.010147263379900259,5.008805801818885e-06
613.085,0.016523222731389946,0.009526962893247674,613.301,0.010156475677454535,5.017850236420986e-06
613.085,0.016523222731389946,0.009526962893247674,613.401,0.010165687975056728,5.026902791557592e-06
613.185,0.016534939599029613,0.009525116876463157,613.501,0.010174900272706889,5.035963467126949e-06
613.385,0.01654935098903943,0.009525784391890417,613.601,0.010184112570404961,5.045032263027196e-06
613.385,0.01654935098903943,0.009525784391890417,613.701,0.01019332486815095,5.054109179156522e-06
613.585,0.016565299226815464,0.00952680532602382,613.801,0.010202537165944828,5.063194215413099e-06
613.685,0.01657698780907057,0.009525810601770823,613.901,0.010211749463786536,5.072287371695073e-06
613.685,0.01657698780907057,0.009525810601770823,614.001,0.010220961761676188,5.081388647900739e-06
613.885,0.016592936055619154,0.009526831574441445,614.101,0.010230174059613649,5.090498043928188e-06
613.985,0.016604031655672445,0.009525182385895914,614.201,0.010239386357599037,5.0996155596757185e-06
613.985,0.016604031655672445,0.009525182385895914,614.301,0.010248598655632296,5.108741195041485e-06
614.185,0.01662245620732893,0.00952519993221116,614.401,0.010257810953713378,5.117874949923635e-06
614.285,0.016636274615333128,0.009525213113158147,614.501,0.010267023251842266,5.1270168242203745e-06
614.285,0.016636274615333128,0.009525213113158147,614.601,0.010276235550018987,5.136166817829925e-06
614.485,0.01665009302769771,0.00952522631257254,614.701,0.010285447848243612,5.145324930650571e-06
614.585,0.016661682290782236,0.00952187191677625,614.801,0.01029466014651599,5.1544911625803585e-06
614.585,0.016661682290782236,0.00952187191677625,614.901,0.01030387244483619,5.16366551351758e-06
614.785,0.016677729858505276,0.009525252766004147,615.001,0.010313084743204241,5.172847983360461e-06
614.785,0.016677729858505276,0.009525252766004147,615.101,0.010322297041619938,5.182038572007035e-06
614.885,0.016689319119126925,0.009521898402908272,615.201,0.01033150934008352,5.191237279355728e-06
615.085,0.0167092863549363,0.009527599395314673,615.301,0.010340721638594834,5.200444105304617e-06
615.085,0.0167092863549363,0.009527599395314673,615.401,0.010349933937153919,5.209659049751949e-06
615.285,0.016723929961667,0.00952752142798206,615.501,0.01035914623576082,5.218882112595977e-06
615.385,0.016734917828427093,0.009524360496690823,615.601,0.010368358534415364,5.228113293734768e-06
615.385,0.016734917828427093,0.009524360496690823,615.701,0.01037757083311777,5.237352593066742e-06
615.585,0.016755961838583886,0.009524234888703319,615.801,0.01038678313186781,5.246600010489904e-06
615.685,0.016769780249652547,0.00952424826376777,615.901,0.010395995430665597,5.255855545902602e-06
615.685,0.016769780249652547,0.00952424826376777,616.001,0.01040520772951113,5.265119199203047e-06
615.885,0.016783598656403765,0.009524261657270003,616.101,0.010414420028404304,5.27439097028935e-06
615.885,0.016783598656403765,0.009524261657270003,616.201,0.010423632327345217,5.283670859059841e-06
615.985,0.016797417073675457,0.009524275068881509,616.301,0.01043284462633382,5.292958865412699e-06
616.185,0.016811235490782145,0.009524288498955213,616.401,0.010442056925370013,5.302254989246051e-06
616.185,0.016811235490782145,0.009524288498955213,616.501,0.010451269224453942,5.311559230458281e-06
616.385,0.016825653473052996,0.00952410651875797,616.601,0.01046048152358551,5.3208715889475216e-06
616.485,0.01683947188669958,0.009524119987083976,616.701,0.01046969382276478,5.330192064612069e-06
616.485,0.01683947188669958,0.009524119987083976,616.801,0.010478906121991689,5.339520657350073e-06
616.685,0.016855077308836786,0.009524809418136139,616.901,0.01048811842126617,5.348857367059721e-06
616.785,0.016873371160350197,0.009524760192720952,617.001,0.01049733072058833,5.3582021936393545e-06
616.785,0.016873371160350197,0.009524760192720952,617.101,0.010506543019958074,5.3675551369871135e-06
616.985,0.016886751837825852,0.009525070573602601,617.201,0.010515755319375526,5.37691619700137e-06
616.985,0.016886751837825852,0.009525070573602601,617.301,0.010524967618840461,5.386285373580131e-06
617.085,0.016901007985296517,0.009524787261372415,617.401,0.010534179918353054,5.395662666621802e-06
617.285,0.01691542604432539,0.00952460540280049,617.501,0.010543392217913198,5.4050480760245405e-06
617.285,0.01691542604432539,0.00952460540280049,617.601,0.010552604517520879,5.41444160168655e-06
617.385,0.016928644814515042,0.009524814403090108,617.701,0.010561816817176252,5.423843243506259e-06
617.585,0.016943062871532705,0.009524632575967727,617.801,0.010571029116879124,5.433253001381696e-06
617.585,0.016943062871532705,0.009524632575967727,617.901,0.010580241416629577,5.442670875211217e-06
617.785,0.01695641234252844,0.009524908868499334,618.001,0.010589453716427558,5.452096864892999e-06
617.885,0.016974088766799428,0.00952522461681861,618.101,0.01059866601627301,5.461530970325239e-06
617.885,0.016974088766799428,0.00952522461681861,618.201,0.010607878316166032,5.470973191406292e-06
618.085,0.016988475594485145,0.00952500865581491,618.301,0.010617090616106516,5.480423528034291e-06
618.085,0.016988475594485145,0.00952500865581491,618.401,0.010626302916094572,5.489881980107626e-06
618.185,0.0170017255978282,0.009525251949102993,618.501,0.01063551521613017,5.499348547524494e-06
618.385,0.017016112426921474,0.00952503602297687,618.601,0.01064472751621318,5.508823230183025e-06
618.385,0.017016112426921474,0.00952503602297687,618.701,0.010653939816343685,5.5183060279815715e-06
618.485,0.017029362426038853,0.009525279354441397,618.801,0.010663152116521682,5.527796940818379e-06
618.685,0.0170437492554589,0.0095250634631802,618.901,0.010672364416747158,5.5372959685917305e-06
618.685,0.0170437492554589,0.0095250634631802,619.001,0.010681576717020056,5.546803111199783e-06
618.885,0.01706217381535266,0.009525081797241304,619.101,0.010690789017340442,5.556318368540887e-06
618.985,0.01707454985126754,0.009527205346205301,619.201,0.010700001317708225,5.565841740513229e-06
618.985,0.01707454985126754,0.009527205346205301,619.301,0.010709213618123494,5.575373227015115e-06
619.185,0.017089810645692732,0.009525109359177638,619.401,0.010718425918586186,5.5849128279448e-06
619.185,0.017089810645692732,0.009525109359177638,619.501,0.010727638219096261,5.594460543200478e-06
619.285,0.01710275518866722,0.009527003303170679,619.601,0.01073685051965376,5.604016372680481e-06
619.485,0.01711657360441623,0.009527017116941367,619.701,0.010746062820258636,5.613580316283031e-06
619.485,0.01711657360441623,0.009527017116941367,619.801,0.01075527512091093,5.623152373906427e-06
619.685,0.017131265899322904,0.009525150839099003,619.901,0.01076448742161062,5.632732545448916e-06
619.785,0.017144210444353093,0.009527044799034573,620.001,0.010773699722357621,5.642320830808703e-06
619.785,0.017144210444353093,0.009527044799034573,620.101,0.010782912023152035,5.651917229884167e-06
619.985,0.017159999634787072,0.009526133523968562,620.201,0.010792124323993775,5.661521742573482e-06
620.085,0.017176770491314296,0.009527053925489616,620.301,0.01080133662488285,5.671134368774946e-06
620.085,0.017176770491314296,0.009527053925489616,620.401,0.010810548925819284,5.680755108386856e-06
620.285,0.01719058890566763,0.00952706783725155,620.501,0.010819761226803068,5.690383961307484e-06
620.385,0.017203838800740837,0.009527311390579885,620.601,0.010828973527834183,5.700020927435101e-06
620.385,0.017203838800740837,0.009527311390579885,620.701,0.010838185828912569,5.709666006667918e-06
620.585,0.017218225740115674,0.009527095715376197,620.801,0.01084739813003823,5.71931919890423e-06
620.585,0.017218225740115674,0.009527095715376197,620.901,0.01085661043121129,5.728980504042456e-06
620.685,0.017231475638820402,0.009527339306860007,621.001,0.01086582273243156,5.738649921980668e-06
620.885,0.017245862572471203,0.009527123666493395,621.101,0.010875035033699078,5.748327452617217e-06
620.885,0.017245862572471203,0.009527123666493395,621.201,0.010884247335013964,5.758013095850509e-06
621.085,0.017259976682928214,0.00952720101095389,621.301,0.010893459636376092,5.767706851578698e-06
621.185,0.017278105538345766,0.009527156368308247,621.401,0.010902671937785394,5.777408719700007e-06
621.185,0.017278105538345766,0.009527156368308247,621.501,0.010911884239242012,5.787118700112884e-06
621.385,0.01729221965110615,0.00952723375307,621.601,0.010921096540745858,5.796836792715519e-06
621.385,0.01729221965110615,0.00952723375307,621.701,0.010930308842296918,5.806562997406205e-06
621.485,0.01730574237120139,0.00952718447762742,621.801,0.010939521143895183,5.816297314083226e-06
621.685,0.017319856486229853,0.009527261896945454,621.901,0.010948733445540681,5.826039742644905e-06
621.685,0.017319856486229853,0.009527261896945454,622.001,0.010957945747233397,5.83579028298953e-06
621.885,0.017333674901641553,0.009527275996345659,622.101,0.01096715804897327,5.84554893501535e-06
621.985,0.017347493322521106,0.009527290113824284,622.201,0.010976370350760396,5.85531569862075e-06
621.985,0.017347493322521106,0.009527290113824284,622.301,0.01098558265259454,5.865090573703795e-06
622.185,0.017365917879256353,0.009527308965629278,622.401,0.010994794954476056,5.874873560163153e-06
622.285,0.017379508961577337,0.009527368071511992,622.501,0.011004007256404555,5.884664657896732e-06
622.285,0.017379508961577337,0.009527368071511992,622.601,0.011013219558380381,5.8944638668032024e-06
622.485,0.017393656616742567,0.009527485024830806,622.701,0.0110224318604032,5.904271186780512e-06
622.585,0.017407202261898777,0.00952744186345453,622.801,0.011031644162473223,5.914086617727208e-06
622.585,0.017407202261898777,0.00952744186345453,622.901,0.011040856464590423,5.923910159541566e-06
622.785,0.017421293443936885,0.0095275134362684,623.001,0.011050068766754663,5.933741812121743e-06
622.785,0.017421293443936885,0.0095275134362684,623.101,0.011059281068966063,5.943581575366187e-06
622.885,0.017434839092074075,0.009527470313243268,623.201,0.011068493371224574,5.953429449173167e-06
623.085,0.017448930282576245,0.009527541920755741,623.301,0.011077705673530147,5.963285433440941e-06
623.085,0.017448930282576245,0.009527541920755741,623.401,0.011086917975882812,5.973149528067865e-06
623.285,0.017463604312259184,0.00952825484641905,623.501,0.011096130278282565,5.983021732952247e-06
623.385,0.017481196202364897,0.009527581221591001,623.601,0.011105342580729358,5.992902047992355e-06
623.385,0.017481196202364897,0.009527581221591001,623.701,0.011114554883223226,6.002790473086551e-06
623.585,0.017495903774733576,0.009528333633587535,623.801,0.011123767185764142,6.012687008133123e-06
623.685,0.017508833044450868,0.009527609864075554,623.901,0.0111329794883521,6.022591653030387e-06
623.685,0.017508833044450868,0.009527609864075554,624.001,0.011142191790987065,6.032504407676647e-06
623.885,0.017523507074548483,0.009528322870153908,624.101,0.011151404093669081,6.042425271970254e-06
623.885,0.017523507074548483,0.009528322870153908,624.201,0.011160616396398058,6.0523542458094355e-06
623.985,0.017536469884616313,0.009527638579575266,624.301,0.011169828699174171,6.062291329092739e-06
624.185,0.01755114390776697,0.009528351622501083,624.401,0.01117904100199717,6.072236521718206e-06
624.185,0.01755114390776697,0.009528351622501083,624.501,0.011188253304867196,6.082189823584321e-06
624.385,0.017565953625486623,0.009528175135773568,624.601,0.01119746560778419,6.092151234589349e-06
624.485,0.017578780742687098,0.009528380447833306,624.701,0.011206677910748211,6.102120754631699e-06
624.485,0.017578780742687098,0.009528380447833306,624.801,0.011215890213759112,6.112098383609545e-06
624.685,0.01759720529475248,0.009528399705262022,624.901,0.011225102516817038,6.122084121421367e-06
624.685,0.01759720529475248,0.009528399705262022,625.001,0.01123431481992193,6.132077967965447e-06
624.785,0.017611023717023666,0.009528414169519215,625.101,0.011243527123073744,6.142079923140083e-06
624.985,0.017624842135163375,0.009528428652213016,625.201,0.011252739426272468,6.1520899868436e-06
624.985,0.017624842135163375,0.009528428652213016,625.301,0.011261951729518136,6.162108158974366e-06
625.085,0.017638660559545202,0.009528443152984564,625.401,0.011271164032810688,6.172134439430672e-06
625.285,0.017652478977061004,0.00952845767215394,625.501,0.011280376336150193,6.182168828110926e-06
625.285,0.017652478977061004,0.00952845767215394,625.601,0.01128958863953659,6.192211324913415e-06
625.485,0.017667918438252075,0.009528375256959863,625.701,0.011298800942969851,6.202261929736459e-06
625.485,0.017667918438252075,0.009528375256959863,625.801,0.01130801324645,6.212320642478417e-06
625.585,0.017684721943375767,0.009528491620861276,625.901,0.011317225549977071,6.222387463037688e-06
625.785,0.017698540359813827,0.009528506200851702,626.001,0.011326437853550905,6.232462391312438e-06
625.785,0.017698540359813827,0.009528506200851702,626.101,0.01133565015717166,6.242545427201182e-06
625.985,0.0177139798300604,0.00952842384300475,626.201,0.011344862460839229,6.252636570602194e-06
626.085,0.017726177203620297,0.009528535415364726,626.301,0.011354074764553738,6.262735821413947e-06
626.085,0.017726177203620297,0.009528535415364726,626.401,0.011363287068314933,6.272843179534512e-06
626.285,0.01774555952168229,0.009528324575796216,626.501,0.011372499372123063,6.2829586448625075e-06
626.385,0.017758417750333648,0.009528563248905093,626.601,0.011381711675977917,6.293082217296088e-06
626.385,0.017758417750333648,0.009528563248905093,626.701,0.011390923979879647,6.303213896733759e-06
626.585,0.017773196357657,0.00952835390860697,626.801,0.011400136283828141,6.3133536830737675e-06
626.685,0.017786143127817546,0.0095288670421128,626.901,0.011409348587823422,6.323501576214493e-06
626.685,0.017786143127817546,0.0095288670421128,627.001,0.011418560891865496,6.333657576054318e-06
626.885,0.0178008307715102,0.00952837697195622,627.101,0.011427773195954304,6.343821682491521e-06
626.885,0.0178008307715102,0.00952837697195622,627.201,0.011436985500089916,6.3539938954245635e-06
