MCL_Timestamp,MCL_X,MCL_Y,Odom_Timestamp,Odom_X,Odom_Y
138.192,0.0006195352711230297,-0.00026857761377278443,138.489,0.00028871469189175464,5.076107047284968e-09
138.392,0.0006333535500442479,-0.0002685940477501487,138.589,0.00029792693477262677,5.3717035532372415e-09
138.392,0.0006333535500442479,-0.0002685940477501487,138.689,0.00030713917545137,5.675530195106609e-09
138.492,0.000649232143982007,-0.00026784353840772794,138.789,0.00031635141458305304,5.987586890632096e-09
138.692,0.0006630504043281086,-0.0002678599354242379,138.889,0.0003255636526536796,6.3078735527245836e-09
138.692,0.0006630504043281086,-0.0002678599354242379,138.989,0.0003347758900226,6.636390090551077e-09
138.792,0.0006768686597505382,-0.00026787631540973035,139.089,0.0003439881269543728,6.973136410378155e-09
138.992,0.0006919453556418736,-0.0002668292713676445,139.189,0.0003532003636429461,7.318112416239382e-09
138.992,0.0006919453556418736,-0.0002668292713676445,139.289,0.0003624126002293559,7.671318010438596e-09
139.092,0.0007076420130419688,-0.00026673698368896855,139.389,0.00037162483681533516,8.032753093948693e-09
139.292,0.0007214602672167498,-0.0002667533076951204,139.489,0.00038083707347339694,8.402417566719212e-09
139.292,0.0007214602672167498,-0.0002667533076951204,139.589,0.00039004931025444844,8.780311327915701e-09
139.392,0.000735106769487114,-0.00026686786392677404,139.689,0.0003992615471933876,9.166434276102354e-09
139.592,0.0007490967737400526,-0.0002667859017507041,139.789,0.00040847378431332237,9.560786309382928e-09
139.592,0.0007490967737400526,-0.0002667859017507041,139.889,0.0004176860216287888,9.963367325512556e-09
139.692,0.0007627432750414358,-0.0002669004225684471,139.989,0.0004268982591480618,1.0374177221980698e-08
139.892,0.00077656153341295,-0.0002669166733615089,140.089,0.00043611049687488653,1.0793215896074342e-08
139.892,0.00077656153341295,-0.0002669166733615089,140.189,0.0004453227348098111,1.1220483244929568e-08
139.992,0.0007903797894065577,-0.00026693290718027984,140.289,0.0004545349729512071,1.1655979165571924e-08
140.192,0.0008041980481832524,-0.00026694912094304274,140.389,0.00046374721129575886,1.2099703554937529e-08
140.192,0.0008041980481832524,-0.00026694912094304274,140.489,0.0004729594498393066,1.2551656309907202e-08
140.292,0.0008180163058925364,-0.0002669653177167354,140.589,0.00048217168857689157,1.3011837327308402e-08
140.292,0.0008180163058925364,-0.0002669653177167354,140.689,0.0004913839275033327,1.348024650394543e-08
140.492,0.0008332896640570028,-0.00026726975777512796,140.789,0.0005005961666131602,1.3956883736595001e-08
140.692,0.0008524650352851292,-0.0002672527274826136,140.889,0.0005098084059009265,1.4441748922021382e-08
140.692,0.0008524650352851292,-0.0002672527274826136,140.989,0.0005190206453612726,1.4934841956981556e-08
140.792,0.0008662832926390915,-0.0002672688623339785,141.089,0.00052823288498893,1.5436162738223937e-08
140.992,0.0008847076386338891,-0.00026729034560775584,141.189,0.0005374451247788506,1.5945711162498182e-08
140.992,0.0008847076386338891,-0.00026729034560775584,141.289,0.0005466573647261636,1.6463487126552013e-08
141.092,0.0008988256950485982,-0.0002672376447259842,141.389,0.0005558696048261766,1.6989490527132427e-08
141.092,0.0008988256950485982,-0.0002672376447259842,141.489,0.0005650818450744865,1.752372126099179e-08
141.292,0.0009126439547499923,-0.00026725371454761846,141.589,0.0005742940854669109,1.806617922488762e-08
141.492,0.0009264622191316862,-0.0002672697659381977,141.689,0.0005835063259994461,1.8616864315579568e-08
141.492,0.0009264622191316862,-0.0002672697659381977,141.789,0.0005927185666683096,1.917577642983216e-08
141.592,0.0009402804779106661,-0.0002672858002821982,141.889,0.0006019308074699194,1.9742915464413768e-08
141.792,0.0009540987416893982,-0.0002673018146141776,141.989,0.0006111430484009153,2.0318281316098806e-08
141.792,0.0009540987416893982,-0.0002673018146141776,142.089,0.0006203552894580921,2.090187388166409e-08
141.892,0.0009688898258988951,-0.00026745706287755995,142.189,0.0006295675306384887,2.1493693057897063e-08
142.092,0.000982708088294081,-0.00026747304069022436,142.289,0.0006387797719391906,2.2093738741582873e-08
142.092,0.000982708088294081,-0.00026747304069022436,142.389,0.0006479920133575693,2.270201082951922e-08
142.192,0.0009965263481614554,-0.0002674890015806794,142.489,0.0006572042548909978,2.3318509218499237e-08
142.392,0.0010103446098770736,-0.0002675049423866801,142.589,0.0006664164965370926,2.3943233805326613e-08
142.392,0.0010103446098770736,-0.0002675049423866801,142.689,0.000675628738293626,2.457618448681211e-08
142.492,0.00102416287288966,-0.00026752086628550035,142.789,0.0006848409801583478,2.5217361159760786e-08
142.692,0.0010401834307407906,-0.00026838156648288154,142.889,0.0006940532221292523,2.5866763720989948e-08
142.692,0.0010401834307407906,-0.00026838156648288154,142.989,0.000703265464204423,2.652439206731999e-08
142.792,0.001054001693839199,-0.0002683974594786515,143.089,0.0007124777063819651,2.719024609556995e-08
142.992,0.001068615045282525,-0.0002681712405560628,143.189,0.0007216899486601384,2.7864325702568052e-08
142.992,0.001068615045282525,-0.0002681712405560628,143.289,0.0007309021910372939,2.854663078514549e-08
143.092,0.0010824332999318325,-0.00026818708929925595,143.389,0.0007401144335118256,2.923716124013428e-08
143.092,0.0010824332999318325,-0.00026818708929925595,143.489,0.0007493266760822586,2.993591696437339e-08
143.292,0.0010962515595280907,-0.00026820291809611404,143.589,0.0007585389187471439,3.064289785470393e-08
143.492,0.0011161015752953452,-0.00026674580049589937,143.689,0.0007677511615050976,3.135810380796755e-08
143.492,0.0011161015752953452,-0.00026674580049589937,143.789,0.000776963404354868,3.208153472101403e-08
143.592,0.001129919833359186,-0.00026676159078865033,143.889,0.0007861756472951604,3.2813190490688024e-08
143.792,0.001145720756976747,-0.00026690272774941115,143.989,0.0007953878903248345,3.3553071013843465e-08
143.792,0.001145720756976747,-0.00026690272774941115,144.089,0.0008046001334427287,3.430117618733316e-08
143.892,0.001159777954639348,-0.0002655092486123482,144.189,0.0008138123766477706,3.5057505908014085e-08
144.092,0.0011733572707468408,-0.00026693421031901744,144.289,0.0008230246199389309,3.582206007274512e-08
144.092,0.0011733572707468408,-0.00026693421031901744,144.389,0.0008322368633152692,3.6594838578393595e-08
144.192,0.0011874144706531273,-0.00026554069658545363,144.489,0.0008414491067757796,3.7375841321819966e-08
144.392,0.0012012327369285347,-0.0002655563919874506,144.589,0.0008506613503195883,3.81650681998931e-08
144.392,0.0012012327369285347,-0.0002655563919874506,144.689,0.000859873593945845,3.896251910948575e-08
144.492,0.0012184948009673188,-0.00026586794491279014,144.789,0.0008690858376536976,3.976819394747006e-08
144.692,0.001233783312499752,-0.00026608803065476176,144.889,0.0008782980814423623,4.0582092610722437e-08
144.692,0.001233783312499752,-0.00026608803065476176,144.989,0.0008875103253110555,4.1404214996118125e-08
144.792,0.0012476015790151209,-0.00026610366652219254,145.089,0.0008967225692590793,4.2234561000539364e-08
144.992,0.001261909764331344,-0.0002659475924965776,145.189,0.0009059348132857389,4.307313052086822e-08
144.992,0.001261909764331344,-0.0002659475924965776,145.289,0.0009151470573903394,4.3919923453987085e-08
145.092,0.0012732315720740703,-0.00026519382193021106,145.389,0.0009243593015722288,4.477493969678112e-08
145.292,0.001289546287866883,-0.0002659787623430234,145.489,0.0009335715458307792,4.563817914613768e-08
145.292,0.001289546287866883,-0.0002659787623430234,145.589,0.000942783790165426,4.6509641698951066e-08
145.392,0.0013008680935070898,-0.00026522497691279306,145.689,0.0009519960345755639,4.738932725210984e-08
145.592,0.0013160334798269543,-0.00026519656748906403,145.789,0.0009612082790606523,4.827723570250888e-08
145.592,0.0013160334798269543,-0.00026519656748906403,145.889,0.0009704205236201729,4.9173366947045784e-08
145.692,0.0013285046278508814,-0.0002652560578700544,145.989,0.0009796327682535637,5.007772088261325e-08
145.892,0.001342322888723899,-0.000265271569832094,146.089,0.0009888450129604172,5.099029740611984e-08
145.892,0.001342322888723899,-0.000265271569832094,146.189,0.0009980572577401492,5.191109641445638e-08
145.992,0.001356141158575952,-0.0002652870648331323,146.289,0.0010072695025923767,5.284011780453449e-08
146.192,0.0013699594251329779,-0.00026530253978239784,146.389,0.001016481747516647,5.377736147325923e-08
146.192,0.0013699594251329779,-0.00026530253978239784,146.489,0.0010256939925125284,5.472282731753735e-08
146.292,0.0013837776882636113,-0.0002653179978361726,146.589,0.0010349062375795712,5.567651523427322e-08
146.492,0.0013975959545625806,-0.00026533343579841204,146.689,0.0010441184827174128,5.6638425120381905e-08
146.492,0.0013975959545625806,-0.00026533343579841204,146.789,0.0010533307279256916,5.7608556872776774e-08
146.592,0.0014120034853897403,-0.0002652869040466678,146.889,0.0010625429732039988,5.8586910388368575e-08
146.792,0.0014304278423276284,-0.0002653074302099056,146.989,0.0010717552185519957,5.957348556407512e-08
146.792,0.0014304278423276284,-0.0002653074302099056,147.089,0.0010809674639693405,6.05682822968166e-08
146.892,0.0014442461070145267,-0.0002653228040844787,147.189,0.0010901797094556714,6.157130048350945e-08
146.892,0.0014442461070145267,-0.0002653228040844787,147.289,0.0010993919550106698,6.25825400210763e-08
147.092,0.0014580643749075122,-0.00026533815786192324,147.389,0.0011086042006340404,6.360200080644252e-08
147.292,0.0014737059408353897,-0.00026559075575558123,147.489,0.001117816446325486,6.46296827365333e-08
147.292,0.0014737059408353897,-0.00026559075575558123,147.589,0.0011270286920846678,6.566558570826893e-08
147.392,0.0014875242104849928,-0.00026560607443183964,147.689,0.0011362409379113785,6.670970961858616e-08
147.592,0.001501342475302763,-0.0002656213730063459,147.789,0.0011454531838052762,6.776205436440827e-08
147.592,0.001501342475302763,-0.0002656213730063459,147.889,0.0011546654297660875,6.882261984266484e-08
147.692,0.0015151607402656949,-0.0002656366546869821,147.989,0.0011638776757935832,6.989140595029188e-08
147.892,0.0015289790059623363,-0.00026565191636856143,148.089,0.001173089921887535,7.096841258422569e-08
147.892,0.0015289790059623363,-0.00026565191636856143,148.189,0.0011823021680476462,7.205363964139571e-08
147.992,0.001539075962543819,-0.0002649322273716383,148.289,0.0011915144142737313,7.314708701874592e-08
148.192,0.0015579049032621519,-0.0002648525247939814,148.389,0.0012007266605654958,7.424875461320777e-08
148.192,0.0015579049032621519,-0.0002648525247939814,148.489,0.0012099389069227977,7.53586423217313e-08
148.292,0.0015726079373993278,-0.0002641377591787532,148.589,0.0012191511533453424,7.647675004124955e-08
148.492,0.0015864262093064564,-0.00026415295240651723,148.689,0.0012283633998329871,7.760307766871438e-08
148.492,0.0015864262093064564,-0.00026415295240651723,148.789,0.0012375756463854826,7.873762510106366e-08
148.692,0.0016002444812191464,-0.000264168127019821,148.889,0.0012467878930026428,7.988039223524603e-08
148.792,0.0016140627531327325,-0.00026418328476192636,148.989,0.0012560001396842598,8.103137896820732e-08
148.792,0.0016140627531327325,-0.00026418328476192636,149.089,0.0012652123864301942,8.219058519690373e-08
148.992,0.0016281359758996332,-0.0002641690344658099,149.189,0.0012744246332401952,8.335801081827807e-08
148.992,0.0016281359758996332,-0.0002641690344658099,149.289,0.0012836368801141004,8.453365572928564e-08
149.092,0.0016419542417362989,-0.0002641841536715882,149.389,0.0012928491270517873,8.571751982688667e-08
149.292,0.0016557725136177562,-0.00026419925286940717,149.489,0.0013020613740530277,8.690960300802882e-08
149.292,0.0016557725136177562,-0.00026419925286940717,149.589,0.0013112736211177078,8.810990516967467e-08
149.392,0.001669590780973093,-0.0002642143351268654,149.689,0.001320485868245639,8.93184262087804e-08
149.592,0.001683409051252107,-0.00026422939736521527,149.789,0.0013296981154367258,9.053516602231408e-08
149.592,0.001683409051252107,-0.00026422939736521527,149.889,0.0013389103626907156,9.176012450722216e-08
149.692,0.001697227318638088,-0.00026424444266763964,149.989,0.0013481226100075145,9.299330156047406e-08
149.892,0.001711045592314854,-0.0002642594678577974,150.089,0.0013573348573870023,9.423469707903878e-08
149.892,0.001711045592314854,-0.0002642594678577974,150.189,0.0013665471048290188,9.548431095987968e-08
149.992,0.00172486386787242,-0.0002642744761394313,150.289,0.0013757593523333982,9.67421430999604e-08
150.192,0.0017386821440221823,-0.00026428946439608606,150.389,0.0013849715999000455,9.800819339625379e-08
150.192,0.0017386821440221823,-0.00026428946439608606,150.489,0.0013941838475287972,9.92824617457249e-08
150.292,0.0017525004091675381,-0.0002643044357136519,150.589,0.0014033960952195591,1.0056494804534907e-07
150.492,0.0017663186817315941,-0.00026431938700669714,150.689,0.0014126083429721902,1.0185565219209592e-07
150.492,0.0017663186817315941,-0.00026431938700669714,150.789,0.0014218205907865922,1.0315457408294212e-07
150.592,0.0017801369520460486,-0.0002643343213385535,150.889,0.0014310328386626051,1.0446171361485664e-07
150.792,0.0017939552235082686,-0.0002643492356172177,150.989,0.0014402450866001532,1.0577707068482318e-07
150.792,0.0017939552235082686,-0.0002643492356172177,151.089,0.00144945733459912,1.0710064518981996e-07
150.892,0.001807773494629512,-0.00026436413299533144,151.189,0.0014586695826593846,1.0843243702682404e-07
151.092,0.0018215917709630144,-0.0002643790103201115,151.289,0.001467881830780852,1.0977244609281918e-07
151.092,0.0018215917709630144,-0.0002643790103201115,151.389,0.001477094078963404,1.1112067228478712e-07
151.192,0.0018354238741965566,-0.0002643103830123004,151.489,0.0014863063272069436,1.12477115499713e-07
151.392,0.0018492421483843444,-0.00026432522135908746,151.589,0.001495518575511421,1.1384177563458889e-07
151.392,0.0018492421483843444,-0.00026432522135908746,151.689,0.0015047308238766498,1.1521465258638815e-07
151.492,0.0018630604203577342,-0.00026434004269676394,151.789,0.0015139430723026012,1.1659574625210821e-07
151.692,0.0018768786905983127,-0.00026435484400000065,151.889,0.0015231553207891344,1.1798505652873203e-07
151.692,0.0018768786905983127,-0.00026435484400000065,151.989,0.0015323675693361975,1.193825833132568e-07
151.792,0.001890696965922388,-0.0002643696283893797,152.089,0.001541579817943696,1.207883265026725e-07
151.992,0.0019045152351093873,-0.00026438439269640344,152.189,0.001550792066611509,1.2220228599396712e-07
151.992,0.0019045152351093873,-0.00026438439269640344,152.289,0.001560004315339586,1.2362446168414073e-07
152.092,0.0019183335058914324,-0.00026439914014533345,152.389,0.0015692165641278519,1.2505485347019222e-07
152.292,0.00193215177762565,-0.0002644138675119982,152.489,0.0015784288129761664,1.2649346124910995e-07
152.292,0.00193215177762565,-0.0002644138675119982,152.589,0.0015876410618845015,1.279402849178999e-07
152.392,0.0019473786530468838,-0.00026365668438755853,152.689,0.0015968533108527397,1.293953243735571e-07
152.592,0.0019618044354990454,-0.000261274618157114,152.789,0.0016060655598808488,1.3085857951309045e-07
152.592,0.0019618044354990454,-0.000261274618157114,152.889,0.0016152778089687564,1.3233005023350445e-07
152.692,0.0019770316761365423,-0.0002605170579374575,152.989,0.0016244900581163211,1.3380973643179246e-07
152.892,0.0019908499526455677,-0.0002605317256364835,153.089,0.0016337023073235357,1.352976380049704e-07
152.892,0.0019908499526455677,-0.0002605317256364835,153.189,0.001642914556590281,1.3679375485003783e-07
152.992,0.0020046682324542085,-0.0002605463763498267,153.289,0.0016521268059165527,1.382980868640129e-07
153.192,0.002018486507259451,-0.00026056100706665756,153.389,0.001661339055302208,1.3981063394389418e-07
153.192,0.002018486507259451,-0.00026056100706665756,153.489,0.0016705513047472165,1.413313959867005e-07
153.292,0.002032304778034543,-0.00026057562085558816,153.589,0.0016797635542515075,1.4286037288944192e-07
153.492,0.0020461230479856206,-0.0002605902145991623,153.689,0.001688975803815048,1.4439756454913755e-07
153.492,0.0020461230479856206,-0.0002605902145991623,153.789,0.001698188053437744,1.459429708627962e-07
153.592,0.0020599413259888596,-0.0002606047913791144,153.889,0.0017074003031194993,1.4749659172742913e-07
153.792,0.002073759601139868,-0.00026061934815189037,153.989,0.0017166125528603271,1.490584270400674e-07
153.792,0.002073759601139868,-0.00026061934815189037,154.089,0.0017258248026601108,1.506284766977194e-07
153.892,0.0020830145287343126,-0.0002615078073752952,154.189,0.0017350370525188435,1.5220674059741521e-07
154.092,0.0021013961472090615,-0.00026064840776205626,154.289,0.0017442493024364273,1.5379321863617013e-07
154.092,0.0021013961472090615,-0.00026064840776205626,154.389,0.001753461552412812,1.5538791071100844e-07
154.192,0.002110651076402074,-0.00026153684721435427,154.489,0.0017626738024479236,1.5699081671895037e-07
154.392,0.002124469352071994,-0.00026155133867052674,154.589,0.001771886052541754,1.5860193655703077e-07
154.392,0.002124469352071994,-0.00026155133867052674,154.689,0.0017810983026942048,1.602212701222704e-07
154.492,0.0021384226714768204,-0.0002617442730621761,154.789,0.0017903105529052286,1.6184881731169805e-07
154.692,0.0021522409484733933,-0.00026175872826728937,154.889,0.0017995228031747945,1.634845780223477e-07
154.692,0.0021522409484733933,-0.00026175872826728937,154.989,0.0018087350535028498,1.6512855215125098e-07
154.792,0.002166059225619068,-0.00026177316656404747,155.089,0.0018179473038893441,1.6678073959543928e-07
154.992,0.0021798775047877036,-0.000261787584814737,155.189,0.0018271595543342027,1.6844114025194148e-07
154.992,0.0021798775047877036,-0.000261787584814737,155.289,0.001836371804837396,1.7010975401779618e-07
155.092,0.0021936957756316013,-0.00026180201078983566,155.389,0.0018455840553989167,1.7178658079004763e-07
155.292,0.002207828905680182,-0.0002623784729683384,155.489,0.0018547963060186687,1.734716204657238e-07
155.292,0.002207828905680182,-0.0002623784729683384,155.589,0.001864008556696623,1.751648729418665e-07
155.392,0.0022220721762569815,-0.0002610570052448063,155.689,0.0018732208074327037,1.7686633811551115e-07
155.592,0.0022358904525696275,-0.00026107135932271924,155.789,0.0018824330582269287,1.7857601588371045e-07
155.592,0.0022358904525696275,-0.00026107135932271924,155.889,0.0018916453090792014,1.8029390614349783e-07
155.692,0.002249708724564951,-0.0002610856964676465,155.989,0.0019008575599894916,1.8202000879192058e-07
155.892,0.0022635270035861513,-0.0002611000135777248,156.089,0.0019100698109577464,1.8375432372602293e-07
155.892,0.0022635270035861513,-0.0002611000135777248,156.189,0.0019192820619839137,1.8549685084284815e-07
155.992,0.0022791597090865146,-0.00026214710080303406,156.289,0.0019284943130679893,1.8724759003945046e-07
156.192,0.002292182647845664,-0.0002615748729665824,156.389,0.0019377065642098962,1.8900654121287407e-07
156.192,0.002292182647845664,-0.0002615748729665824,156.489,0.0019469188154096287,1.9077370426017543e-07
156.292,0.0023078168305980733,-0.00026257956153105276,156.589,0.0019561310666671343,1.9254907907840426e-07
156.492,0.002322267412894045,-0.0002621033988995485,156.689,0.001965343317982363,1.9433266556461265e-07
156.492,0.002322267412894045,-0.0002621033988995485,156.789,0.001974555569355305,1.961244636158638e-07
156.592,0.002336087203045224,-0.00026207525928365283,156.889,0.0019837678207858893,1.9792447312920653e-07
156.792,0.002349905487773647,-0.00026208947191296765,156.989,0.0019929800722741074,1.9973269400170426e-07
156.792,0.002349905487773647,-0.00026208947191296765,157.089,0.002002192323819862,2.0154912613040377e-07
156.892,0.002373397488509091,-0.00026204500811110416,157.189,0.002011404575423191,2.0337376941237957e-07
157.092,0.0023872157662031324,-0.00026205917175523913,157.289,0.0020206168270840417,2.0520662374469093e-07
157.092,0.0023872157662031324,-0.00026205917175523913,157.389,0.0020298290788023647,2.0704768902439645e-07
157.292,0.002401034041000719,-0.00026207331697810553,157.489,0.002039041330578083,2.0889696514855256e-07
157.292,0.002401034041000719,-0.00026207331697810553,157.589,0.0020482535824112615,2.1075445201424348e-07
157.392,0.0024148523161374087,-0.00026208744519416716,157.689,0.0020574658343017736,2.126201495185191e-07
157.592,0.0024286706000197764,-0.0002621015534741174,157.789,0.0020666780862496404,2.144940575584558e-07
157.592,0.0024286706000197764,-0.0002621015534741174,157.889,0.0020758903382548065,2.1637617603111867e-07
157.692,0.0024427012942113318,-0.00026086624143889514,157.989,0.0020851025903172466,2.182665048335805e-07
157.892,0.0024565195712354226,-0.00026088031375655026,158.089,0.002094314842436908,2.2016504386290776e-07
157.892,0.0024565195712354226,-0.00026088031375655026,158.189,0.002103527094613803,2.2207179301618264e-07
157.992,0.002471687612854308,-0.00025988905825552656,158.289,0.002112739346847838,2.239867521904662e-07
158.192,0.002485505894016463,-0.0002599031003164378,158.389,0.00212195159913907,2.2590992128285296e-07
158.192,0.002485505894016463,-0.0002599031003164378,158.489,0.002131163851487382,2.2784130019040158e-07
158.292,0.0024993241701524705,-0.0002599171254344714,158.589,0.0021403761038927883,2.2978088881019893e-07
158.492,0.002513142452781987,-0.0002599311305428839,158.689,0.0021495883563552596,2.3172868703932618e-07
158.492,0.002513142452781987,-0.0002599311305428839,158.789,0.002158800608874767,2.3368469477486438e-07
158.592,0.0025270888240958955,-0.0002595543385336943,158.889,0.0021680128614512345,2.356489119138869e-07
158.792,0.0025407790077225344,-0.00025995908694190553,158.989,0.0021772251140846806,2.3762133835348558e-07
158.792,0.0025407790077225344,-0.00025995908694190553,159.089,0.002186437366775074,2.39601973990744e-07
158.892,0.002555523262770276,-0.00025957979589706165,159.189,0.002195649619522384,2.415908187227481e-07
159.092,0.0025739476425889088,-0.00025959837478681545,159.289,0.0022048618723265623,2.4358787244658037e-07
159.092,0.0025739476425889088,-0.00025959837478681545,159.389,0.0022140741251876223,2.455931350593387e-07
159.292,0.00258776592092989,-0.00025961228654117885,159.489,0.002223286378105488,2.476066064581017e-07
159.292,0.00258776592092989,-0.00025961228654117885,159.589,0.0022324986310801966,2.496282865399753e-07
159.392,0.002601584199950334,-0.0002596261814732311,159.689,0.002241710884111656,2.5165817520203596e-07
159.592,0.0026154024794301073,-0.0002596400562771801,159.789,0.002250923137199834,2.536962723413757e-07
159.592,0.0026154024794301073,-0.0002596400562771801,159.889,0.002260135390344767,2.557425778551025e-07
159.692,0.0026290505432013216,-0.00025935019042375103,159.989,0.002269347643546381,2.5779709164030177e-07
159.892,0.0026429735593045487,-0.0002593477958536368,160.089,0.0022785598968046894,2.59859813594081e-07
159.892,0.0026429735593045487,-0.0002593477958536368,160.189,0.002287772150119645,2.619307436135337e-07
159.992,0.0026567918445478244,-0.0002593616058960854,160.289,0.0022969844034912163,2.6400988159576146e-07
160.192,0.002670610126844259,-0.0002593753958634127,160.389,0.002306196656919372,2.6609722743786424e-07
160.192,0.002670610126844259,-0.0002593753958634127,160.489,0.0023154089104041303,2.6819278103695255e-07
160.292,0.002684428400389845,-0.0002593891690205329,160.589,0.0023246211639454148,2.7029654229011967e-07
160.492,0.002698246682570599,-0.00025940292202449933,160.689,0.0023338334175432188,2.724085110944752e-07
160.492,0.002698246682570599,-0.00025940292202449933,160.789,0.0023430456711975357,2.7452868734712925e-07
160.592,0.002712064962717592,-0.0002594166582718702,160.889,0.002352257924908337,2.76657070945189e-07
160.792,0.002725883246018367,-0.00025943037436658043,160.989,0.0023614701786755896,2.7879366178576146e-07
160.792,0.002725883246018367,-0.00025943037436658043,161.089,0.0023706824324992684,2.80938459765956e-07
160.892,0.0027402642503035223,-0.00025799294437533983,161.189,0.002379894686379341,2.8309146478288136e-07
161.092,0.0027540825335296295,-0.00025800662915015593,161.289,0.0023891069403157794,2.8525267673364944e-07
161.092,0.0027540825335296295,-0.00025800662915015593,161.389,0.0023983191943086402,2.8742209551539445e-07
161.192,0.0027679008147397707,-0.0002580202970433682,161.489,0.0024075314483578093,2.895997210252095e-07
161.392,0.002787029528315648,-0.00025778839259594794,161.589,0.0024167437024633196,2.9178555316022587e-07
161.392,0.002787029528315648,-0.00025778839259594794,161.689,0.0024259559566251012,2.9397959181754957e-07
161.592,0.002800656549415083,-0.0002591616252803392,161.789,0.0024351682108431872,2.9618183689431484e-07
161.592,0.002800656549415083,-0.0002591616252803392,161.889,0.0024443804651175295,2.9839228828763476e-07
161.692,0.0028153488671780326,-0.00025948321376011125,161.989,0.0024535927194480962,3.0061094589462977e-07
161.892,0.0028289975808793674,-0.00025893876720583733,162.089,0.002462804973834858,3.028378096124205e-07
161.892,0.0028289975808793674,-0.00025893876720583733,162.189,0.0024720172282778523,3.0507287933814474e-07
161.992,0.0028430043487808667,-0.00025897278680272833,162.289,0.002481229482777006,3.0731615496891485e-07
162.192,0.002856634157402754,-0.000258965905653511,162.389,0.0024904417373323127,3.0956763640186206e-07
162.192,0.002856634157402754,-0.000258965905653511,162.489,0.0024996539919437183,3.118273235341075e-07
162.292,0.002874640156768124,-0.0002596696627028407,162.589,0.00250886624661126,3.140952162627957e-07
162.492,0.002888458441808863,-0.00025968319839581386,162.689,0.0025180785013348876,3.163713144850489e-07
162.492,0.002888458441808863,-0.00025968319839581386,162.789,0.002527290756114615,3.1865561809800823e-07
162.592,0.0029022767232740896,-0.0002596967172219942,162.889,0.0025365030109503464,3.2094812699878716e-07
162.792,0.0029207010984756885,-0.0002597147125326378,162.989,0.0025457152658421435,3.2324884108454026e-07
162.792,0.0029207010984756885,-0.0002597147125326378,163.089,0.002554927520789928,3.255577602523907e-07
162.992,0.0029345193818333492,-0.0002597281866540054,163.189,0.0025641397757937175,3.2787488439948405e-07
162.992,0.0029345193818333492,-0.0002597281866540054,163.289,0.0025733520308535056,3.3020021342296194e-07
163.092,0.0029483376645805357,-0.0002597416439845151,163.389,0.002582564285969239,3.3253374721995626e-07
163.292,0.002962155954231243,-0.0002597550811904639,163.489,0.002591776541140911,3.348754856876131e-07
163.292,0.002962155954231243,-0.0002597550811904639,163.589,0.0026009887963685547,3.3722542872308905e-07
163.392,0.0029759742327716923,-0.00025976850157176634,163.689,0.0026102010516520376,3.39583576223497e-07
163.592,0.00298979252061025,-0.0002597819018254427,163.789,0.0026194133069914107,3.4194992808600176e-07
163.592,0.00298979252061025,-0.0002597819018254427,163.889,0.002628625562386675,3.443244842077517e-07
163.692,0.0030036108040161344,-0.00025979528530042516,163.989,0.0026378378178377507,3.4670724448588147e-07
163.892,0.0030174290853191192,-0.0002598086486752532,164.089,0.0026470500733446786,3.4909820881755396e-07
163.892,0.0030174290853191192,-0.0002598086486752532,164.189,0.002656262328907425,3.514973770999174e-07
163.992,0.003031247366474981,-0.0002598219951667903,164.289,0.0026654745845259412,3.5390474923011395e-07
164.192,0.003045065653460828,-0.00025983532169355784,164.389,0.002674686840200219,3.5632032510530035e-07
164.192,0.003045065653460828,-0.00025983532169355784,164.489,0.002683899095930295,3.5874410462264524e-07
164.292,0.0030588839403736003,-0.0002598486312868512,164.589,0.002693111351716098,3.6117608767928924e-07
164.492,0.0030727022262333134,-0.0002598619208381891,164.689,0.0027023236075576383,3.636162741723965e-07
164.492,0.0030727022262333134,-0.0002598619208381891,164.789,0.0027115358634548464,3.660646639991121e-07
164.592,0.0030872945604539866,-0.0002613072530156349,164.889,0.002720748119407777,3.6852125705661465e-07
164.792,0.0031003387934448474,-0.00025988844612895724,164.989,0.0027299603754163816,3.709860532420557e-07
164.792,0.0031003387934448474,-0.00025988844612895724,165.089,0.002739172631480653,3.734590524525993e-07
164.892,0.0031131064502817134,-0.0002613487237512058,165.189,0.002748384887600538,3.7594025458539817e-07
165.092,0.003128749413821083,-0.0002613469604757249,165.289,0.002757597143776078,3.784296595376321e-07
165.092,0.003128749413821083,-0.0002613469604757249,165.389,0.002766809400007219,3.809272672064575e-07
165.192,0.003140743018363688,-0.0002613751585566794,165.489,0.0027760216562939524,3.8343307748904446e-07
165.392,0.0031563859889838404,-0.0002613733404312275,165.589,0.002785233912636268,3.859470902825634e-07
165.392,0.0031563859889838404,-0.0002613733404312275,165.689,0.0027944461690341204,3.884693054841742e-07
165.492,0.00316837959091238,-0.00026140151958236544,165.789,0.0028036584254874986,3.909997229910486e-07
165.692,0.0031821978793791453,-0.00026141467166980594,165.889,0.0028128706819964626,3.935383427003781e-07
165.692,0.0031821978793791453,-0.00026141467166980594,165.989,0.002822082938560894,3.960851645093078e-07
165.792,0.0031960161670831658,-0.00026142780677327113,166.089,0.0028312951951808096,3.986401883150203e-07
165.992,0.003214440545022885,-0.00026144529059930624,166.189,0.002840507451856222,4.0120341401470064e-07
165.992,0.003214440545022885,-0.00026144529059930624,166.289,0.002849719708587102,4.0377484150552367e-07
166.192,0.003228737889718188,-0.0002614224467678127,166.389,0.0028589319653734204,4.063544706846645e-07
166.192,0.003228737889718188,-0.0002614224467678127,166.489,0.00286814422221517,4.089423014493045e-07
166.292,0.0032447366856417715,-0.0002592831608167105,166.589,0.0028773564791123433,4.115383336966265e-07
166.492,0.003258554974699739,-0.0002592962171512079,166.689,0.002886568736064934,4.141425673238147e-07
166.492,0.003258554974699739,-0.0002592962171512079,166.789,0.002895780993072892,4.1675500222804235e-07
166.592,0.0032730519727780572,-0.0002609984837672855,166.889,0.0029049932501362726,4.1937563830651634e-07
166.792,0.0032867549405008424,-0.0002592691878787688,166.989,0.0029142055072549793,4.2200447545639954e-07
166.792,0.0032867549405008424,-0.0002592691878787688,167.089,0.0029234177644290337,4.2464151357488667e-07
166.892,0.003301811243066373,-0.00026192862602606885,167.189,0.0029326300216583764,4.272867525591572e-07
167.092,0.0033145145359392493,-0.0002610195844208396,167.289,0.002941842278943095,4.299401923064292e-07
167.092,0.0033145145359392493,-0.0002610195844208396,167.389,0.002951054536283088,4.326018327138697e-07
167.192,0.0033294555145510943,-0.00026193667001829036,167.489,0.002960266793678375,4.352716736786794e-07
167.392,0.003342151107238235,-0.00026104548649576295,167.589,0.002969479051128922,4.379497150980472e-07
167.392,0.003342151107238235,-0.00026104548649576295,167.689,0.002978691308634726,4.4063595686917e-07
167.492,0.003357092089702312,-0.0002619625458430762,167.789,0.002987903566195778,4.4333039888924653e-07
167.692,0.0033697876819289633,-0.0002610713215475635,167.889,0.0029971158238120735,4.4603304105547626e-07
167.692,0.0033697876819289633,-0.0002610713215475635,167.989,0.0030063280814835776,4.4874388326505496e-07
167.792,0.003384728704840395,-0.00026198828934623046,168.089,0.0030155403392102846,4.5146292541518587e-07
167.792,0.003384728704840395,-0.00026198828934623046,168.189,0.0030247525969921665,4.541901674030658e-07
167.992,0.003403153096839867,-0.00026200544967561196,168.289,0.0030339648548292175,4.5692560912589833e-07
168.192,0.0034158472990329846,-0.0002611105548859332,168.389,0.0030431771127214257,4.596692504808901e-07
168.192,0.0034158472990329846,-0.0002611105548859332,168.489,0.003052389370668765,4.624210913652416e-07
168.292,0.003431118440580958,-0.00026216290354863037,168.589,0.0030616016286712524,4.65181131676169e-07
168.492,0.0034438125946618815,-0.00026126792015273003,168.689,0.003070813886728856,4.6794937131087443e-07
168.492,0.0034438125946618815,-0.00026126792015273003,168.789,0.0030800261448415433,4.707258101665635e-07
168.592,0.003458755018818433,-0.00026218850526492837,168.889,0.003089238403009312,4.735104481404492e-07
168.792,0.0034714491747349432,-0.0002612934810208514,168.989,0.0030984506612321953,4.7630328512975777e-07
168.792,0.0034714491747349432,-0.0002612934810208514,169.089,0.003107662919510099,4.791043210316755e-07
168.892,0.0034863915959412735,-0.0002622140332091148,169.189,0.003116875177843083,4.819135557434394e-07
169.092,0.003499085751734194,-0.0002613189680982682,169.289,0.0031260874362310943,4.84730989162253e-07
169.092,0.003499085751734194,-0.0002613189680982682,169.389,0.0031352996946741015,4.875566211853276e-07
169.192,0.0035140281770818203,-0.00026223948739616634,169.489,0.0031445119531721484,4.903904517098947e-07
169.392,0.0035278450790598346,-0.0002622485834761156,169.589,0.0031537242117251787,4.93232480633165e-07
169.392,0.0035278450790598346,-0.0002622485834761156,169.689,0.0031629364703332063,4.960827078523671e-07
169.492,0.0035416647610024875,-0.0002622648678047646,169.789,0.003172148728996182,4.989411332647099e-07
169.692,0.0035554816623351517,-0.00026227392689330423,169.889,0.0031813609877141217,5.018077567674239e-07
169.692,0.0035554816623351517,-0.00026227392689330423,169.989,0.0031905732464869692,5.046825782577232e-07
169.792,0.0035718255729720893,-0.0002627185457284917,170.089,0.003199785505314789,5.07565597632858e-07
169.792,0.0035718255729720893,-0.0002627185457284917,170.189,0.0032089977641975038,5.104568147900354e-07
169.992,0.0035856424753921094,-0.0002627275624402087,170.289,0.0032182100231351067,5.133562296264856e-07
170.192,0.0036059504555097893,-0.00026160568833047306,170.389,0.003227422282127637,5.162638420394536e-07
170.192,0.0036059504555097893,-0.00026160568833047306,170.489,0.00323663454117502,5.191796519261521e-07
170.292,0.003619768748320087,-0.0002616182681129105,170.589,0.0032458468002772678,5.221036591838205e-07
170.492,0.003633587041918898,-0.0002616308278665908,170.689,0.0032550590594343522,5.250358637096876e-07
170.492,0.003633587041918898,-0.0002616308278665908,170.789,0.003264271318646312,5.279762654010028e-07
170.592,0.003647405335525265,-0.00026164337065647924,170.889,0.0032734835779130904,5.309248641549913e-07
170.792,0.0036612236276219617,-0.00026165589357486185,170.989,0.003282695837234688,5.338816598688907e-07
170.792,0.0036612236276219617,-0.00026165589357486185,171.089,0.003291908096611074,5.368466524399339e-07
170.892,0.0036750419161231825,-0.00026166839950939735,171.189,0.003301120356042259,5.398198417653708e-07
171.092,0.003693466305797919,-0.0002616850443786451,171.289,0.0033103326155282157,5.428012277424372e-07
171.092,0.003693466305797919,-0.0002616850443786451,171.389,0.0033195448750689355,5.45790810268376e-07
171.192,0.0037072859827840393,-0.00026170111148611817,171.489,0.0033287571346644384,5.487885892404383e-07
171.392,0.003721102890526667,-0.00026170995027104176,171.589,0.0033379693943146427,5.517945645558497e-07
171.392,0.003721102890526667,-0.00026170995027104176,171.689,0.0033471816540195927,5.548087361118743e-07
171.592,0.0037349211838170696,-0.00026172237474520604,171.789,0.003356393913779276,5.578311038057611e-07
171.592,0.0037349211838170696,-0.00026172237474520604,171.889,0.0033656061735936435,5.608616675347462e-07
171.692,0.0037487394782390136,-0.0002617347823847023,171.989,0.003374818433462689,5.639004271960809e-07
171.892,0.0037625577712478908,-0.0002617471699766492,172.089,0.00338403069338647,5.669473826870419e-07
171.892,0.0037625577712478908,-0.0002617471699766492,172.189,0.003393242953364847,5.700025339048358e-07
171.992,0.0037763760676062475,-0.00026175954071519834,172.289,0.0034024552133979226,5.730658807467558e-07
172.192,0.0037901943583282098,-0.00026177189141401823,172.389,0.003411667473485624,5.761374231100356e-07
172.192,0.0037901943583282098,-0.00026177189141401823,172.489,0.003420879733627964,5.792171608919423e-07
172.292,0.0038086187483444877,-0.00026178833293738474,172.589,0.003430091993824913,5.82305093989728e-07
172.492,0.003828609418439845,-0.0002625711215369109,172.689,0.0034393042540764676,5.854012223006526e-07
172.492,0.003828609418439845,-0.0002625711215369109,172.789,0.00344851651438264,5.885055457219837e-07
172.692,0.0038424277166597552,-0.0002625834112891588,172.889,0.0034577287747434024,5.916180641509763e-07
172.792,0.003856246006802502,-0.0002625956841418172,172.989,0.0034669410351587247,5.947387774848876e-07
172.792,0.003856246006802502,-0.0002625956841418172,173.089,0.003476153295628577,5.978676856209753e-07
172.992,0.0038700642930872015,-0.0002626079370184677,173.189,0.0034853655561529733,6.010047884565144e-07
172.992,0.0038700642930872015,-0.0002626079370184677,173.289,0.003494577816731928,6.041500858887788e-07
173.092,0.0038843633902031598,-0.0002627623769870913,173.389,0.0035037900773654137,6.073035778150312e-07
173.292,0.003898724096998395,-0.00026266560172982795,173.489,0.0035130023380534003,6.104652641325343e-07
173.292,0.003898724096998395,-0.00026266560172982795,173.589,0.0035222145987959044,6.136351447385661e-07
173.392,0.003912542388080801,-0.0002626777950405322,173.689,0.00353142685959285,6.168132195303758e-07
173.592,0.003926360681260328,-0.00026268996827971864,173.789,0.003540639120444319,6.199994884052684e-07
173.592,0.003926360681260328,-0.00026268996827971864,173.889,0.0035498513813502154,6.23193951260492e-07
173.692,0.003940178975004039,-0.00026270212469790746,173.989,0.0035590636423106013,6.263966079933472e-07
173.892,0.003953997277413154,-0.00026271426110126273,174.089,0.0035682759033254428,6.296074585011064e-07
173.892,0.003953997277413154,-0.00026271426110126273,174.189,0.0035774881643946903,6.328265026810328e-07
173.992,0.003967815573024163,-0.00026272638061975253,174.289,0.003586700425518379,6.360537404304214e-07
174.192,0.003981633867632882,-0.00026273848015252786,174.389,0.0035959126866964403,6.392891716465289e-07
174.192,0.003981633867632882,-0.00026273848015252786,174.489,0.0036051249479289267,6.425327962266626e-07
174.292,0.0039968630493837165,-0.0002611934600359842,174.589,0.003614337209215836,6.457846140681088e-07
174.492,0.004009270456985501,-0.0002627626254452944,174.689,0.0036235494705570918,6.49044625068128e-07
174.492,0.004009270456985501,-0.0002627626254452944,174.789,0.0036327617319526864,6.523128291240063e-07
174.592,0.004024499638826246,-0.0002612175833206089,174.889,0.0036419739934026823,6.555892261330568e-07
174.792,0.0040383179301871856,-0.0002612296166168875,174.989,0.003651186254907004,6.588738159925448e-07
174.792,0.0040383179301871856,-0.0002612296166168875,175.089,0.0036603985164656715,6.621665985997688e-07
174.992,0.004056742322572923,-0.0002612456332326869,175.189,0.003669610778078647,6.65467573852012e-07
174.992,0.004056742322572923,-0.0002612456332326869,175.289,0.0036788230397459235,6.687767416465692e-07
175.092,0.004069631398897674,-0.000261415502298097,175.389,0.0036880353014674978,6.720941018807357e-07
175.292,0.004084378911303454,-0.0002612695968114594,175.489,0.0036972475632433832,6.75419654451815e-07
175.292,0.004084378911303454,-0.0002612695968114594,175.589,0.003706459825073529,6.787533992570892e-07
175.392,0.004097267987773179,-0.0002614394315785231,175.689,0.003715672086957926,6.820953361938577e-07
175.592,0.004113208283792746,-0.00025812767710376073,175.789,0.0037248843488965704,6.854454651594173e-07
175.592,0.004113208283792746,-0.00025812767710376073,175.889,0.003734096610889475,6.888037860510783e-07
175.692,0.004126097195095614,-0.0002582975800439516,175.989,0.0037433088729365888,6.921702987661275e-07
175.892,0.004139915485726122,-0.0002583094862480388,176.089,0.0037525211350379253,6.955450032018749e-07
175.892,0.004139915485726122,-0.0002583094862480388,176.189,0.003761733397193501,6.989278992556319e-07
175.992,0.004153733781415953,-0.0002583213755460714,176.289,0.003770945659403238,7.023189868246806e-07
176.192,0.00416755208021758,-0.0002583332448984727,176.389,0.0037801579216671806,7.057182658063472e-07
176.192,0.00416755208021758,-0.0002583332448984727,176.489,0.0037893701839852947,7.091257360979279e-07
176.292,0.004181372769577081,-0.00025839524300349463,176.589,0.003798582446357573,7.125413975967347e-07
176.492,0.004195188670780797,-0.0002583569297956329,176.689,0.003807794708784034,7.159652502000861e-07
176.492,0.004195188670780797,-0.0002583569297956329,176.789,0.0038170069712646242,7.193972938052786e-07
176.592,0.004209230936872232,-0.0002574749354057476,176.889,0.003826219233799335,7.228375283096252e-07
176.592,0.004209230936872232,-0.0002574749354057476,176.989,0.0038354314963881804,7.262859536104512e-07
176.792,0.004223049230067062,-0.0002574867372764666,177.089,0.0038446437590311136,7.297425696050554e-07
176.992,0.00424147362147814,-0.0002575024453875133,177.189,0.0038538560217281663,7.332073761907713e-07
176.992,0.00424147362147814,-0.0002575024453875133,177.289,0.0038630682844793306,7.36680373264917e-07
177.092,0.004255291918736802,-0.0002575142057446096,177.389,0.0038722805472845593,7.401615607247963e-07
177.292,0.004274940933685289,-0.0002575383666922719,177.489,0.0038814928101438663,7.436509384677378e-07
177.292,0.004274940933685289,-0.0002575383666922719,177.589,0.0038907050730572004,7.471485063910497e-07
177.392,0.004288759232442284,-0.00025755008064638627,177.689,0.0038999173360245777,7.506542643920638e-07
177.592,0.0043032095943731155,-0.0002577418684732269,177.789,0.003909129599045985,7.541682123681052e-07
177.592,0.0043032095943731155,-0.0002577418684732269,177.889,0.003918341862121466,7.576903502165166e-07
177.692,0.004317027895196199,-0.00025775354400324295,177.989,0.003927554125250925,7.612206778345915e-07
177.892,0.004330846195812262,-0.0002577651995650335,178.089,0.003936766388434415,7.647591951196838e-07
177.892,0.004330846195812262,-0.0002577651995650335,178.189,0.003945978651671866,7.683059019690983e-07
177.992,0.004344664492781411,-0.0002577768383032362,178.289,0.003955190914963335,7.718607982801925e-07
178.192,0.004358482788449651,-0.0002577884570157801,178.389,0.003964403178308752,7.754238839502756e-07
178.192,0.004358482788449651,-0.0002577884570157801,178.489,0.003973615441708178,7.789951588767059e-07
178.292,0.004372301093123622,-0.0002578000588694438,178.589,0.003982827705161532,7.82574622956791e-07
178.292,0.004372301093123622,-0.0002578000588694438,178.689,0.003992039968668851,7.861622760878863e-07
178.492,0.004390725495230136,-0.0002578154983208041,178.789,0.004001252232230089,7.897581181673128e-07
178.692,0.004404543796276229,-0.0002578270556256249,178.889,0.004010464495845235,7.933621490924088e-07
178.692,0.004404543796276229,-0.0002578270556256249,178.989,0.004019676759514329,7.969743687605315e-07
178.792,0.0044187871449534654,-0.00025794426835943306,179.089,0.004028889023237295,8.005947770689954e-07
178.992,0.004432605446985825,-0.0002579557834712196,179.189,0.004038101287014153,8.042233739151525e-07
178.992,0.004432605446985825,-0.0002579557834712196,179.289,0.004047313550844914,8.078601591963565e-07
179.092,0.004446423741027484,-0.0002579672817277156,179.389,0.004056525814729505,8.115051328099252e-07
179.292,0.0044609594491676645,-0.0002580460781900555,179.489,0.004065738078667985,8.151582946532327e-07
179.292,0.0044609594491676645,-0.0002580460781900555,179.589,0.004074950342660302,8.188196446236085e-07
179.392,0.004474777745953945,-0.0002580575354215792,179.689,0.004084162606706423,8.224891826183914e-07
179.592,0.004488596045481906,-0.0002580689726946077,179.789,0.004093374870806434,8.261669085349671e-07
179.592,0.004488596045481906,-0.0002580689726946077,179.889,0.004102587134960218,8.298528222706446e-07
179.692,0.004502414345337004,-0.0002580803930391299,179.989,0.004111799399167855,8.335469237228135e-07
179.892,0.004516232646877428,-0.00025809179348055796,180.089,0.004121011663429269,8.372492127888017e-07
179.892,0.004516232646877428,-0.00025809179348055796,180.189,0.004130223927744453,8.40959689365964e-07
180.092,0.0045346570518433075,-0.0002581069664381331,180.289,0.004139436192113449,8.446783533516755e-07
180.092,0.0045346570518433075,-0.0002581069664381331,180.389,0.004148648456536227,8.484052046432841e-07
180.192,0.004548475350230197,-0.0002581183254617074,180.489,0.004157860721012726,8.521402431381296e-07
180.392,0.004562293653364931,-0.00025812966447712307,180.589,0.004167072985542988,8.55883468733591e-07
180.392,0.004562293653364931,-0.00025812966447712307,180.689,0.004176285250126968,8.596348813270122e-07
180.492,0.004576111950077412,-0.00025814098660972357,180.789,0.004185497514764696,8.633944808157745e-07
180.692,0.0045904744888674515,-0.00025719808312877403,180.889,0.0041947097794561225,8.671622670972241e-07
180.692,0.0045904744888674515,-0.00025719808312877403,180.989,0.004203922044201241,8.709382400687251e-07
180.792,0.004604292789347434,-0.00025720937110522695,181.089,0.004213134309000087,8.747223996276642e-07
180.992,0.004618111088386918,-0.00025722063982049347,181.189,0.00422234657385259,8.78514745671381e-07
180.992,0.004618111088386918,-0.00025722063982049347,181.289,0.004231558838758781,8.823152780972638e-07
181.092,0.004633952555247165,-0.0002577153118282644,181.389,0.004240771103718664,8.861239968026837e-07
181.292,0.004647770857738087,-0.0002577265436850194,181.489,0.004249983368732174,8.899409016849945e-07
181.292,0.004647770857738087,-0.0002577265436850194,181.589,0.004259195633799334,8.937659926415796e-07
181.392,0.00466285849299964,-0.0002564247176677011,181.689,0.004268407898920135,8.975992695698129e-07
181.592,0.0046754074661479374,-0.00025774895376768096,181.789,0.004277620164094565,9.014407323670714e-07
181.592,0.0046754074661479374,-0.00025774895376768096,181.889,0.00428683242932262,9.052903809307315e-07
181.692,0.00469049510529126,-0.0002564470966702264,181.989,0.0042960446946042515,9.091482151581523e-07
181.892,0.004704313403660978,-0.0002564582578060782,182.089,0.004305256959939519,9.130142349467412e-07
181.892,0.004704313403660978,-0.0002564582578060782,182.189,0.004314469225328367,9.168884401938595e-07
181.992,0.004722737807060203,-0.00025647311321438655,182.289,0.004323681490770788,9.207708307968894e-07
182.192,0.00473655611405771,-0.00025648423139004094,182.389,0.00433289375626676,9.24661406653205e-07
182.192,0.00473655611405771,-0.00025648423139004094,182.489,0.004342106021816294,9.285601676602008e-07
182.392,0.0047503744192769586,-0.00025649533110785265,182.589,0.004351318287419377,9.324671137152622e-07
182.492,0.004764192724510812,-0.00025650641393955927,182.689,0.004360530553075986,9.363822447157663e-07
182.492,0.004764192724510812,-0.00025650641393955927,182.789,0.004369742818786134,9.403055605591104e-07
182.592,0.004778011024302172,-0.00025651747840564073,182.889,0.004378955084549814,9.442370611426846e-07
182.792,0.00479182932882471,-0.0002565285228668255,182.989,0.0043881673503669534,9.4817674636385e-07
182.792,0.00479182932882471,-0.0002565285228668255,183.089,0.004397379616237651,9.521246161200468e-07
182.992,0.004805647628663799,-0.0002565395489178246,183.189,0.004406591882161813,9.5608067030863e-07
182.992,0.004805647628663799,-0.0002565395489178246,183.289,0.004415804148139432,9.600449088269968e-07
183.092,0.004819465935723036,-0.00025655055810170567,183.389,0.0044250164141705715,9.640173315725698e-07
183.292,0.004835207336861181,-0.00025514562665979624,183.489,0.004434228680255111,9.679979384427e-07
183.292,0.004835207336861181,-0.00025514562665979624,183.589,0.004443440946393131,9.719867293348218e-07
183.392,0.004849025637624136,-0.0002551566080906808,183.689,0.004452653212584585,9.759837041463156e-07
183.592,0.004862843943132908,-0.0002551675695814318,183.789,0.004461865478829437,9.799888627745773e-07
183.592,0.004862843943132908,-0.0002551675695814318,183.889,0.004471077745127724,9.840022051170262e-07
183.692,0.004879827419377715,-0.00025586558508372575,183.989,0.004480290011479421,9.880237310710573e-07
183.892,0.004893645724741844,-0.0002558765121048702,184.089,0.00448950227788452,9.920534405340738e-07
183.892,0.004893645724741844,-0.0002558765121048702,184.189,0.00449871454434301,9.960913334034834e-07
183.992,0.004907540959005076,-0.0002550179902209778,184.289,0.004507926810854866,1.000137409576682e-06
184.192,0.004921282335700758,-0.0002558983123722717,184.389,0.0045171390774201,1.0041916689510879e-06
184.192,0.004921282335700758,-0.0002558983123722717,184.489,0.004526351344038681,1.0082541114241014e-06
184.292,0.004935177577386305,-0.0002550397556074651,184.589,0.004535563610710627,1.0123247368931448e-06
184.492,0.00495481399005299,-0.0002558254948620664,184.689,0.004544775877435906,1.0164035452556197e-06
184.492,0.00495481399005299,-0.0002558254948620664,184.789,0.004553988144214515,1.0204905364089414e-06
184.692,0.004968632299206341,-0.0002558363286357056,184.889,0.004563200411046443,1.0245857102505254e-06
184.692,0.004968632299206341,-0.0002558363286357056,184.989,0.004572412677931685,1.0286890666777857e-06
184.792,0.004982450606905965,-0.00025584714551634693,185.089,0.004581624944870234,1.032800605588141e-06
184.992,0.00499626891105171,-0.00025585794242105023,185.189,0.004590837211862058,1.036920326879001e-06
184.992,0.00499626891105171,-0.00025585794242105023,185.289,0.004600049478907153,1.0410482304477856e-06
185.092,0.005047237170360848,-0.00026143729221546184,185.389,0.004609261746005556,1.0451843161919364e-06
185.292,0.0050239055221462155,-0.00025587948249417713,185.489,0.004618474013157171,1.0493285840088354e-06
185.292,0.0050239055221462155,-0.00025587948249417713,185.589,0.004627686280362076,1.053481033795948e-06
185.392,0.005076010263741566,-0.00026001734108641034,185.689,0.0046368985476202005,1.057641665450669e-06
185.592,0.005051542133875384,-0.00025590094896818744,185.789,0.00464611081493158,1.0618104788704427e-06
185.592,0.005051542133875384,-0.00025590094896818744,185.889,0.004655323082296184,1.0659874739526895e-06
185.692,0.005103646875309363,-0.0002600388816359021,185.989,0.004664535349714006,1.0701726505948357e-06
185.892,0.005080317568521156,-0.0002544824028396538,186.089,0.004673747617185042,1.0743660086943129e-06
185.892,0.005080317568521156,-0.0002544824028396538,186.189,0.004682959884709261,1.0785675481485422e-06
185.992,0.005131799044928689,-0.00026081868630386694,186.289,0.004692172152286653,1.0827772688549552e-06
186.192,0.005145101793702368,-0.00026007105355233483,186.389,0.004701384419917236,1.0869951707109963e-06
186.192,0.005145101793702368,-0.00026007105355233483,186.489,0.0047105966876009805,1.0912212536140897e-06
186.292,0.005159435663618311,-0.0002608400801644246,186.589,0.0047198089553378815,1.0954555174616722e-06
186.292,0.005159435663618311,-0.0002608400801644246,186.689,0.004729021223127967,1.0996979621512037e-06
186.492,0.005177860067966153,-0.0002608543018735885,186.789,0.00473823349097117,1.1039485875800919e-06
186.692,0.005191879998706273,-0.00026024171966102015,186.889,0.004747445758867502,1.1082073936457886e-06
186.692,0.005191879998706273,-0.00026024171966102015,186.989,0.004756658026816937,1.1124743802457242e-06
186.792,0.0052062138587420535,-0.0002610107025893815,187.089,0.004765870294819493,1.1167495472773528e-06
186.992,0.0052200321684326995,-0.0002610213094055222,187.189,0.004775082562875132,1.1210328946381057e-06
186.992,0.0052200321684326995,-0.0002610213094055222,187.289,0.004784294830983877,1.1253244222254407e-06
187.092,0.005233850479581905,-0.00026103189931669647,187.389,0.004793507099145723,1.1296241299368037e-06
187.292,0.005252274893150705,-0.0002610459895911659,187.489,0.004802719367360634,1.1339320176696344e-06
187.292,0.005252274893150705,-0.0002610459895911659,187.589,0.004811931635628605,1.1382480853213815e-06
187.392,0.005267222425192371,-0.0002588254098114265,187.689,0.0048211439039496234,1.1425723327894954e-06
187.392,0.005267222425192371,-0.0002588254098114265,187.789,0.004830356172323689,1.146904759971427e-06
187.592,0.005281083744493365,-0.0002600383071140712,187.889,0.004839568440750752,1.1512453667646087e-06
187.792,0.0052949020529305755,-0.00026004882279526874,187.989,0.0048487807092308845,1.1555941530665375e-06
187.792,0.0052949020529305755,-0.00026004882279526874,188.089,0.00485799297776402,1.159951118774637e-06
187.892,0.005308677354522124,-0.0002588569667584348,188.189,0.004867205246350149,1.164316263786364e-06
188.092,0.005322538670065618,-0.0002600698005243902,188.289,0.004876417514989283,1.1686895879991875e-06
188.092,0.005322538670065618,-0.0002600698005243902,188.389,0.004885629783681397,1.1730710913105548e-06
188.192,0.005336313973504458,-0.0002588779132374361,188.489,0.0048948420524264884,1.1774607736179288e-06
188.392,0.0053501752876051615,-0.0002600907045976897,188.589,0.004904054321224537,1.1818586348187689e-06
188.392,0.0053501752876051615,-0.0002600907045976897,188.689,0.004913266590075571,1.1862646748105501e-06
188.492,0.005363950587378088,-0.0002588987861324986,188.789,0.004922478858979533,1.1906788934907168e-06
188.692,0.005377768895572017,-0.00025890919411096253,188.889,0.004931691127936455,1.1951012907567528e-06
188.692,0.005377768895572017,-0.00025890919411096253,188.989,0.004940903396946293,1.1995318665061065e-06
188.792,0.00539470521892258,-0.0002593845827349851,189.089,0.0049501156660090116,1.2039706206362337e-06
188.992,0.005408523526868972,-0.00025939494281322027,189.189,0.004959327935124699,1.2084175530446488e-06
188.992,0.005408523526868972,-0.00025939494281322027,189.289,0.004968540204293233,1.21287266362877e-06
189.092,0.005422341837816594,-0.0002594052860894979,189.389,0.004977752473514675,1.2173359522860989e-06
189.292,0.005436160146782436,-0.0002594156092926016,189.489,0.004986964742788975,1.2218074189140893e-06
189.292,0.005436160146782436,-0.0002594156092926016,189.589,0.004996177012116167,1.2262870634102354e-06
189.392,0.005459833107520213,-0.00026113869178494823,189.689,0.0050053892814962446,1.2307748856720148e-06
189.392,0.005459833107520213,-0.00026113869178494823,189.789,0.0050146015509291535,1.2352708855968798e-06
189.592,0.0054690399943471395,-0.00025830377092091183,189.889,0.0050238138204149125,1.2397750630823215e-06
189.792,0.005482858303509835,-0.0002583140337367449,189.989,0.005033026089953532,1.2442874180258307e-06
189.792,0.005482858303509835,-0.0002583140337367449,190.089,0.005042238359544966,1.2488079503248656e-06
189.892,0.005501954290958767,-0.0002600293668117283,190.189,0.005051450629189249,1.2533366598769296e-06
190.092,0.005510523873699663,-0.0002583300300955925,190.289,0.005060662898886312,1.2578735465794722e-06
190.092,0.005510523873699663,-0.0002583300300955925,190.389,0.005069875168636182,1.2624186103300012e-06
190.192,0.0055295909160031145,-0.0002600498037889537,190.489,0.005079087438438863,1.2669718510260018e-06
190.392,0.00553816049398995,-0.00025835042907463744,190.589,0.005088299708294295,1.2715332685649415e-06
190.392,0.00553816049398995,-0.00025835042907463744,190.689,0.00509751197820252,1.2761028628443313e-06
190.492,0.005557227531616733,-0.0002600701672306934,190.789,0.005106724248163479,1.2806806337616357e-06
190.692,0.0055710458397209344,-0.0002600803205303465,190.889,0.005115936518177195,1.2852665812143622e-06
190.692,0.0055710458397209344,-0.0002600803205303465,190.989,0.005125148788243659,1.2898607050999988e-06
190.792,0.005584864153132429,-0.00026009045704966833,191.089,0.00513436105836284,1.2944630053160286e-06
190.792,0.005584864153132429,-0.00026009045704966833,191.189,0.005143573328534754,1.2990734817599586e-06
190.992,0.005598682465693906,-0.000260100573507076,191.289,0.005152785598759371,1.303692134329274e-06
191.192,0.0056171068777424995,-0.00026011403461445403,191.389,0.005161997869036685,1.3083189629214713e-06
191.192,0.0056171068777424995,-0.00026011403461445403,191.489,0.005171210139366733,1.312953967434073e-06
191.292,0.005630939607877942,-0.0002601284838871569,191.589,0.005180422409749416,1.3175971477645337e-06
191.492,0.00565170523767776,-0.00026135622872589664,191.689,0.005189634680184824,1.3222485038104006e-06
191.492,0.00565170523767776,-0.00026135622872589664,191.789,0.005198846950672871,1.3269080354691417e-06
191.592,0.005665523546168868,-0.0002613662669266628,191.889,0.005208059221213582,1.3315757426382713e-06
191.592,0.005665523546168868,-0.0002613662669266628,191.989,0.005217271491806943,1.336251625215295e-06
191.792,0.005679341856239935,-0.00026137628510245853,192.089,0.005226483762452954,1.3409356830977204e-06
191.992,0.005697766276098737,-0.00026138961518268886,192.189,0.005235696033151601,1.3456279161830547e-06
191.992,0.005697766276098737,-0.00026138961518268886,192.289,0.005244908303902836,1.3503283243687821e-06
192.092,0.005711595403017869,-0.00026139735848444034,192.389,0.0052541205747067155,1.355036907552447e-06
192.292,0.005725413722295929,-0.0002614073153052419,192.489,0.005263332845563176,1.3597536656315294e-06
192.292,0.005725413722295929,-0.0002614073153052419,192.589,0.005272545116472242,1.3644785985035637e-06
192.392,0.005743196854418858,-0.0002633890840500534,192.689,0.005281757387433885,1.3692117060660487e-06
192.592,0.005753050343484844,-0.0002614271753959409,192.789,0.0052909696584481246,1.3739529882165129e-06
192.592,0.005753050343484844,-0.0002614271753959409,192.889,0.005300181929514908,1.3787024448524493e-06
192.692,0.005771234945828092,-0.00026371680738605433,192.989,0.005309394200634233,1.383460075871377e-06
192.692,0.005771234945828092,-0.00026371680738605433,193.089,0.005318606471806103,1.388225881170825e-06
192.892,0.005790332356746032,-0.0002632949036627822,193.189,0.005327818743030515,1.3929998606483152e-06
193.092,0.00580415067104028,-0.00026330476692816844,193.289,0.005337031014307489,1.397782014201378e-06
193.092,0.00580415067104028,-0.00026330476692816844,193.389,0.005346243285636972,1.4025723417275152e-06
193.192,0.0058193278761067115,-0.0002632687759481275,193.489,0.005355455557018982,1.4073708431242638e-06
193.392,0.005833146190254894,-0.0002632785981190788,193.589,0.00536466782845348,1.4121775182891355e-06
193.392,0.005833146190254894,-0.0002632785981190788,193.689,0.005373880099940488,1.4169923671196704e-06
193.492,0.005849649002355823,-0.00026452709422470526,193.789,0.005383092371479971,1.4218153895133804e-06
193.692,0.005863467317308614,-0.0002645368814637197,193.889,0.005392304643071905,1.4266465853677859e-06
193.692,0.005863467317308614,-0.0002645368814637197,193.989,0.0054015169147163256,1.4314859545804415e-06
193.792,0.005877894855562696,-0.0002636317421702692,194.089,0.00541072918641323,1.4363334970488761e-06
193.992,0.005891713165621837,-0.0002636414960621167,194.189,0.005419941458162561,1.441189212670601e-06
193.992,0.005891713165621837,-0.0002636414960621167,194.289,0.005429153729964335,1.4460531013431593e-06
194.092,0.00590553148012075,-0.00026365123318433236,194.389,0.005438366001818525,1.4509251629640774e-06
194.292,0.005920890822177037,-0.00026297957078546305,194.489,0.005447578273725146,1.4558053974309038e-06
194.292,0.005920890822177037,-0.00026297957078546305,194.589,0.005456790545684182,1.4606938046411756e-06
194.392,0.00593470913319843,-0.00026298927568740594,194.689,0.005466002817695633,1.4655903844924311e-06
194.592,0.005949187823872484,-0.0002637140460064366,194.789,0.0054752150897594215,1.4704951368821762e-06
194.592,0.005949187823872484,-0.0002637140460064366,194.889,0.005484427361875633,1.475408061708002e-06
194.692,0.005967612235969092,-0.0002637269330008745,194.989,0.005493639634044243,1.480329158867439e-06
194.692,0.005967612235969092,-0.0002637269330008745,195.089,0.005502851906265169,1.4852584282579973e-06
194.892,0.005981430547216349,-0.0002637365748447587,195.189,0.005512064178538472,1.4901958697772574e-06
195.092,0.0059952488645045885,-0.0002637461983789229,195.289,0.005521276450864122,1.4951414833227531e-06
195.092,0.0059952488645045885,-0.0002637461983789229,195.389,0.005530488723242118,1.5000952687920353e-06
195.192,0.006009067180553477,-0.0002637558050419509,195.489,0.005539700995672426,1.5050572260826404e-06
195.392,0.0060244097882832396,-0.0002649910634857047,195.589,0.005548913268155065,1.5100273550921313e-06
195.392,0.0060244097882832396,-0.0002649910634857047,195.689,0.0055581255406899985,1.5150056557180457e-06
195.492,0.006038228103156323,-0.0002650006375520713,195.789,0.005567337813277244,1.519992127857949e-06
195.692,0.006052046423000507,-0.0002650101916618649,195.889,0.005576550085916773,1.5249867714093833e-06
195.692,0.006052046423000507,-0.0002650101916618649,195.989,0.005585762358608582,1.5299895862699035e-06
195.792,0.006065864729139588,-0.00026501972895054795,196.089,0.005594974631352656,1.5350005723370648e-06
195.992,0.0060808813234459825,-0.0002657824741343459,196.189,0.00560418690414897,1.5400197295084148e-06
195.992,0.0060808813234459825,-0.0002657824741343459,196.289,0.005613399176997563,1.5450470576815366e-06
196.092,0.006099305740708832,-0.00026579513808041617,196.389,0.005622611449898403,1.55008255675398e-06
196.092,0.006099305740708832,-0.00026579513808041617,196.489,0.005631823722851479,1.555126226623307e-06
196.292,0.006113124058118235,-0.0002658046127028082,196.589,0.0056410359958568145,1.5601780671870942e-06
196.492,0.006126942373452993,-0.00026581406898328145,196.689,0.005650248268914353,1.5652380783428835e-06
196.492,0.006126942373452993,-0.00026581406898328145,196.789,0.005659460542024085,1.5703062599882397e-06
196.592,0.006140760684793967,-0.00026582350831576344,196.889,0.005668672815186006,1.5753826120207278e-06
196.792,0.006156334361729146,-0.00026744537253164225,196.989,0.0056778850884001576,1.5804671343379422e-06
196.792,0.006156334361729146,-0.00026744537253164225,197.089,0.005687097361666486,1.5855598268374268e-06
196.892,0.006170152673973639,-0.00026745477663732127,197.189,0.0056963096349850004,1.590660689416766e-06
197.092,0.006183970996611973,-0.0002674641608267681,197.289,0.005705521908355654,1.5957697219735053e-06
197.092,0.006183970996611973,-0.0002674641608267681,197.389,0.005714734181778483,1.6008869244052447e-06
197.192,0.006197789310360309,-0.00026747352819557794,197.489,0.0057239464552534605,1.6060122966095443e-06
197.392,0.006211607627455861,-0.000267482875707085,197.589,0.00573315872878055,1.6111458384839704e-06
197.392,0.006211607627455861,-0.000267482875707085,197.689,0.0057423710023597726,1.6162875499261106e-06
197.492,0.006225584559956008,-0.0002681865722600431,197.789,0.0057515832759911225,1.6214374308335426e-06
197.692,0.0062440089903242025,-0.00026819898283832877,197.889,0.005760795549674568,1.6265954811038338e-06
197.692,0.0062440089903242025,-0.00026819898283832877,197.989,0.005770007823410168,1.631761700634604e-06
197.792,0.0062578273023740595,-0.0002682082701224982,198.089,0.005779220097197828,1.6369360893233852e-06
197.792,0.0062578273023740595,-0.0002682082701224982,198.189,0.0057884323710375605,1.6421186470677733e-06
197.992,0.006271870892866883,-0.0002682258196145352,198.289,0.00579764464492938,1.6473093737653668e-06
198.192,0.0062382219175485115,-0.000269564204839693,198.389,0.005806856918873258,1.65250826931374e-06
198.192,0.0062382219175485115,-0.000269564204839693,198.489,0.005816069192869189,1.6577153336104813e-06
198.292,0.006299514567663841,-0.0002682409660505039,198.589,0.0058252814669171645,1.6629305665531776e-06
198.492,0.006265865583140427,-0.00026957903964029294,198.689,0.0058344937410171795,1.6681539680394186e-06
198.492,0.006265865583140427,-0.00026957903964029294,198.789,0.005843706015169244,1.6733855379668096e-06
198.592,0.006279683895808015,-0.0002695880897865835,198.889,0.005852918289373314,1.6786252762329174e-06
198.792,0.00629424253355326,-0.0002695332320440249,198.989,0.005862130563629378,1.683873182735333e-06
198.792,0.00629424253355326,-0.0002695332320440249,199.089,0.005871342837937448,1.6891292573716662e-06
198.892,0.006307320520489695,-0.00026960613335962015,199.189,0.0058805551122975185,1.6943935000395134e-06
199.092,0.006321879163434955,-0.000269551241098601,199.289,0.005889767386709542,1.6996659106364472e-06
199.092,0.006321879163434955,-0.000269551241098601,199.389,0.005898979661173554,1.7049464890600889e-06
199.192,0.006334957151438741,-0.00026962410352356455,199.489,0.005908191935689545,1.7102352352080427e-06
199.392,0.0063495157975626704,-0.00026956917669603676,199.589,0.005917404210257484,1.7155321489778935e-06
199.392,0.0063495157975626704,-0.00026956917669603676,199.689,0.005926616484877373,1.7208372302672438e-06
199.492,0.006362593787847975,-0.00026964200014888503,199.789,0.005935828759549194,1.7261504789736976e-06
199.692,0.006377152435196672,-0.0002695870387248379,199.889,0.005945041034272965,1.731471894994874e-06
199.692,0.006377152435196672,-0.0002695870387248379,199.989,0.00595425330904863,1.736801478228353e-06
199.792,0.006390230425484303,-0.0002696598232735901,200.089,0.005963465583876214,1.7421392285717574e-06
199.992,0.0064047890736333105,-0.00026960482729247807,200.189,0.005972677858755735,1.7474851459227069e-06
199.992,0.0064047890736333105,-0.00026960482729247807,200.289,0.0059818901336871275,1.7528392301787858e-06
200.092,0.006418607389364004,-0.00026961369476080616,200.389,0.005991102408670398,1.7582014812376043e-06
200.092,0.006418607389364004,-0.00026961369476080616,200.489,0.006000314683705554,1.763571898996791e-06
200.292,0.006436291494830197,-0.0002696893651127498,200.589,0.006009526958792589,1.7689504833539558e-06
200.492,0.006451912492806807,-0.0002674570449708017,200.689,0.006018739233931473,1.7743372342067051e-06
200.492,0.006451912492806807,-0.0002674570449708017,200.789,0.006027951509122197,1.7797321514526537e-06
200.592,0.006465730815487164,-0.00026746585367022857,200.889,0.006037163784364757,1.7851352349894183e-06
200.792,0.006479549131921788,-0.00026747464243644933,200.989,0.006046376059659151,1.7905464847146196e-06
200.792,0.006479549131921788,-0.00026747464243644933,201.089,0.006055588335005389,1.7959659005258916e-06
200.892,0.006493367445110787,-0.0002674834143778863,201.189,0.006064800610403412,1.8013934823208286e-06
201.092,0.006507185759235596,-0.0002674921664554525,201.289,0.006074012885853269,1.8068292299970794e-06
201.092,0.006507185759235596,-0.0002674921664554525,201.389,0.00608322516135492,1.8122731434522545e-06
201.192,0.006521004081576856,-0.0002675009016458663,201.489,0.006092437436908344,1.8177252225839657e-06
201.392,0.00653482240200976,-0.00026750961687921083,201.589,0.006101649712513555,1.8231854672898529e-06
201.392,0.00653482240200976,-0.00026750961687921083,201.689,0.0061108619881705475,1.8286538774675449e-06
201.492,0.00655250644806143,-0.0002675850510943615,201.789,0.0061200742638792835,1.8341304530146583e-06
201.492,0.00655250644806143,-0.0002675850510943615,201.889,0.006129286539639784,1.8396151938288369e-06
201.692,0.006567065149859972,-0.0002675298836123092,201.989,0.006138498815452013,1.8451080998076978e-06
201.892,0.006580883463879529,-0.0002675385376776495,202.089,0.00614771109131602,1.8506091708489031e-06
201.892,0.006580883463879529,-0.0002675385376776495,202.189,0.0061569233672317,1.8561184068500316e-06
201.992,0.006594701784535065,-0.0002675471748556162,202.289,0.006166135643199115,1.8616358077087608e-06
202.192,0.006608520106249755,-0.0002675557921887955,202.389,0.006175347919218234,1.8671613733227113e-06
202.192,0.006608520106249755,-0.0002675557921887955,202.489,0.006184560195289052,1.8726951035895224e-06
202.292,0.006622338425908992,-0.00026756439263255085,202.589,0.006193772471411567,1.8782369984068331e-06
202.492,0.00664015435186937,-0.00026813216740270045,202.689,0.006202984747585742,1.883787057672271e-06
202.492,0.00664015435186937,-0.00026813216740270045,202.789,0.006212197023811567,1.889345281283478e-06
202.592,0.00665397267135459,-0.00026814072839454405,202.889,0.006221409300089091,1.8949116691381258e-06
202.792,0.00666779099334183,-0.00026814926952081796,202.989,0.00623062157641825,1.9004862211338297e-06
202.792,0.00666779099334183,-0.00026814926952081796,203.089,0.006239833852799042,1.9060689371682346e-06
202.892,0.00668160931096743,-0.0002681577938025446,203.189,0.006249046129231481,1.9116598171390024e-06
203.092,0.006695427633240335,-0.00026816629819658864,203.289,0.006258258405715543,1.9172588609437684e-06
203.092,0.006695427633240335,-0.00026816629819658864,203.389,0.006267470682251213,1.922866068480181e-06
203.192,0.006709245952379226,-0.00026817478573518865,203.489,0.006276682958838487,1.9284814396458905e-06
203.192,0.006709245952379226,-0.00026817478573518865,203.589,0.006285895235477382,1.9341049743385606e-06
203.392,0.0067230642706546115,-0.0002681832534233145,203.689,0.006295107512167845,1.93973667245582e-06
203.592,0.006741488698174238,-0.00026819451604499995,203.789,0.006304319788909895,1.945376533895335e-06
203.592,0.006741488698174238,-0.00026819451604499995,203.889,0.0063135320657035435,1.9510245585547765e-06
203.692,0.006755307020880698,-0.0002682029424129127,203.989,0.006322744342548756,1.956680746331789e-06
203.892,0.0067691253378316186,-0.00026821134883777445,204.089,0.006331956619445513,1.962345097124012e-06
203.892,0.0067691253378316186,-0.00026821134883777445,204.189,0.006341168896393854,1.9680176108291353e-06
203.992,0.006782943657807798,-0.00026821973843229593,204.289,0.006350381173393692,1.9736982873447798e-06
204.192,0.006796761982963687,-0.00026822810813460616,204.389,0.006359593450445061,1.979387126568632e-06
204.192,0.006796761982963687,-0.00026822810813460616,204.489,0.0063688057275479186,1.9850841283983302e-06
204.292,0.006810580304414087,-0.00026823646096932975,204.589,0.006378018004702323,1.9907892927315796e-06
204.492,0.006824398629779408,-0.00026824479395781513,204.689,0.006387230281908204,1.996502619466005e-06
204.492,0.006824398629779408,-0.00026824479395781513,204.789,0.006396442559165576,2.0022241084992872e-06
204.592,0.006842823056465238,-0.0002682558785759794,204.889,0.00640565483647445,2.0079537597291113e-06
204.592,0.006842823056465238,-0.0002682558785759794,204.989,0.006414867113834774,2.0136915730531167e-06
204.792,0.006858052220613081,-0.0002686992064060305,205.089,0.006424079391246589,2.0194375483690035e-06
204.992,0.006872059724440651,-0.000268867243028812,205.189,0.006433291668709841,2.0251916855744166e-06
204.992,0.006872059724440651,-0.000268867243028812,205.289,0.006442503946224572,2.0309539845670556e-06
205.092,0.006885878047466741,-0.00026887549549562805,205.389,0.006451716223790724,2.0367244452445655e-06
205.292,0.006899696374490371,-0.0002688837280789687,205.489,0.006460928501408297,2.042503067504628e-06
205.292,0.006899696374490371,-0.0002688837280789687,205.589,0.006470140779077319,2.048289851244945e-06
205.392,0.006913514694396453,-0.0002688919438174583,205.689,0.006479353056797769,2.0540847963631817e-06
205.592,0.00692924021028979,-0.00026978266952131695,205.789,0.006488565334569569,2.059887902756974e-06
205.592,0.00692924021028979,-0.00026978266952131695,205.889,0.006497777612392805,2.0656991703240593e-06
205.692,0.006943058528243233,-0.0002697908518457309,205.989,0.006506989890267398,2.0715185989620803e-06
205.892,0.006956876855517182,-0.0002697990143180901,206.089,0.00651620216819336,2.077346188568733e-06
205.892,0.006956876855517182,-0.0002697990143180901,206.189,0.00652541444617069,2.0831819390417007e-06
205.992,0.006970888143958577,-0.0002686944160428431,206.289,0.00653462672419938,2.0890258502786745e-06
205.992,0.006970888143958577,-0.0002686944160428431,206.389,0.006543839002279444,2.094877922177347e-06
206.192,0.006990386223556848,-0.0002686272591975033,206.489,0.006553051280410808,2.1007381546353698e-06
206.392,0.007004204550448379,-0.0002686353528839619,206.589,0.006562263558593561,2.1066065475504897e-06
206.392,0.007004204550448379,-0.0002686353528839619,206.689,0.00657147583682759,2.112483100820341e-06
206.492,0.007018022881073808,-0.0002686434297776948,206.789,0.006580688115112973,2.1183678143426636e-06
206.692,0.007031841203812629,-0.000268651486754385,206.889,0.006589900393449643,2.1242606880151164e-06
206.692,0.007031841203812629,-0.000268651486754385,206.989,0.006599112671837586,2.130161721735382e-06
206.792,0.007045659525870732,-0.00026865952687386293,207.089,0.0066083249502768525,2.1360709154012004e-06
206.992,0.007059477852338541,-0.00026866754720775057,207.189,0.006617537228767384,2.1419882689102383e-06
206.992,0.007059477852338541,-0.00026866754720775057,207.289,0.006626749507309184,2.1479137821601973e-06
207.092,0.007073296175011668,-0.00026867555060406886,207.389,0.0066359617859022635,2.153847455048786e-06
207.292,0.00708711450685928,-0.00026868353415576766,207.489,0.0066451740645465706,2.159789287473684e-06
207.292,0.00708711450685928,-0.00026868353415576766,207.589,0.006654386343242125,2.1657392793326033e-06
207.392,0.007100932828626664,-0.0002686915008332657,207.689,0.006663598621988913,2.1716974305232517e-06
207.592,0.007114751156156284,-0.0002686994476672403,207.789,0.006672810900786958,2.1776637409433432e-06
207.592,0.007114751156156284,-0.0002686994476672403,207.889,0.006682023179636198,2.1836382104905575e-06
207.692,0.007128569474439899,-0.0002687073777033778,207.989,0.006691235458536652,2.189620839062619e-06
207.892,0.007147389330051968,-0.00026884671540702983,208.089,0.006700447737488297,2.1956116265572204e-06
207.892,0.007147389330051968,-0.00026884671540702983,208.189,0.0067096600164911445,2.2016105728720857e-06
207.992,0.007164642547076883,-0.00027080989801616816,208.289,0.006718872295545182,2.207617677904927e-06
207.992,0.007164642547076883,-0.00027080989801616816,208.389,0.006728084574650382,2.213632941553445e-06
208.192,0.007178460869828925,-0.00027081776565708414,208.489,0.006737296853806743,2.219656363715349e-06
208.392,0.007192279200357998,-0.0002708256148861746,208.589,0.006746509133014274,2.225687944288375e-06
208.492,0.0072060975271351895,-0.0002708334473389895,208.689,0.006755721412272973,2.2317276831702353e-06
208.492,0.0072060975271351895,-0.0002708334473389895,208.789,0.006764933691582762,2.2377755802586084e-06
208.692,0.00721991585048826,-0.0002708412598609189,208.889,0.00677414597094373,2.2438316354512683e-06
208.792,0.007233734173025652,-0.0002708490557014893,208.989,0.00678335825035579,2.249895848645893e-06
208.792,0.007233734173025652,-0.0002708490557014893,209.089,0.006792570529818965,2.255968219740216e-06
208.992,0.007247552501665907,-0.00027085683140323574,209.189,0.006801782809333245,2.2620487486319615e-06
208.992,0.007247552501665907,-0.00027085683140323574,209.289,0.00681099508889863,2.2681374352188546e-06
209.092,0.007261833976495324,-0.0002708171196432083,209.389,0.006820207368515109,2.2742342793986193e-06
209.292,0.007275652298562431,-0.0002708248524027344,209.489,0.00682941964818265,2.2803392810689642e-06
209.292,0.007275652298562431,-0.0002708248524027344,209.589,0.0068386319279012476,2.2864524401276223e-06
209.392,0.007292319800411509,-0.000272761146206983,209.689,0.006847844207670911,2.2925737564723335e-06
209.592,0.007303288944967501,-0.0002708402643864653,209.789,0.006857056487491645,2.29870323000083e-06
209.592,0.007303288944967501,-0.0002708402643864653,209.889,0.006866268767363389,2.3048408606108123e-06
209.692,0.00731995644736023,-0.0002727765260319242,209.989,0.00687548104728621,2.310986648200062e-06
209.892,0.00733328239928643,-0.00027165712086535794,210.089,0.006884693327260023,2.317140592666265e-06
209.892,0.00733328239928643,-0.00027165712086535794,210.189,0.0068939056072848505,2.323302693907181e-06
209.992,0.007349949989795496,-0.0002735934927506066,210.289,0.0069031178873606635,2.3294729518205214e-06
210.192,0.007360919050666285,-0.000271672385214101,210.389,0.006912330167487501,2.3356513663040606e-06
210.192,0.007360919050666285,-0.000271672385214101,210.489,0.006921542447665325,2.3418379372555202e-06
210.292,0.007377586646020408,-0.00027360872496619927,210.589,0.006930754727894135,2.3480326645726393e-06
210.492,0.007392865200163792,-0.0002743055092826659,210.689,0.006939967008173903,2.3542355481531474e-06
210.492,0.007392865200163792,-0.0002743055092826659,210.789,0.00694917928850464,2.3604465878948022e-06
210.592,0.007406683531377745,-0.0002743130765103761,210.889,0.00695839156888632,2.366665783695331e-06
210.792,0.00742050185818776,-0.00027432062391077953,210.989,0.006967603849318956,2.372893135452494e-06
210.792,0.00742050185818776,-0.00027432062391077953,211.089,0.006976816129802517,2.3791286430640235e-06
210.892,0.007438621207132199,-0.00027440086073708437,211.189,0.006986028410337021,2.3853723064276786e-06
210.892,0.007438621207132199,-0.00027440086073708437,211.289,0.006995240690922461,2.3916241254412134e-06
211.092,0.007454589464752047,-0.00027432129894620585,211.389,0.007004452971558782,2.397884100002346e-06
211.292,0.007468407795437675,-0.00027432877605137166,211.489,0.007013665252246003,2.4041522300088476e-06
211.292,0.007468407795437675,-0.00027432877605137166,211.589,0.007022877532984136,2.410428515358483e-06
211.392,0.007481920958866956,-0.00027440644881035015,211.689,0.007032089813773125,2.4167129559489765e-06
211.592,0.007496044452043701,-0.0002743436768578735,211.789,0.007041302094612997,2.423005551678101e-06
211.592,0.007496044452043701,-0.0002743436768578735,211.889,0.00705051437550376,2.4293063024436292e-06
211.692,0.007509649990227253,-0.00027473384145735484,211.989,0.0070597266564453864,2.4356152081433016e-06
211.692,0.007509649990227253,-0.00027473384145735484,212.089,0.007068938937437826,2.4419322686748515e-06
211.892,0.007523773506695588,-0.00027467102642915095,212.189,0.007078151218481091,2.4482574839360544e-06
212.092,0.0075418927592237825,-0.0002747510843644998,212.289,0.007087363499575217,2.4545908538247e-06
212.092,0.0075418927592237825,-0.0002747510843644998,212.389,0.007096575780720156,2.4609323782385227e-06
212.192,0.00755571108842316,-0.0002747584446307987,212.489,0.0071057880619159,2.4672820570752857e-06
212.392,0.007569529416844804,-0.000274765785132805,212.589,0.007115000343162444,2.473639890232756e-06
212.392,0.007569529416844804,-0.000274765785132805,212.689,0.007124212624459801,2.4800058776087156e-06
212.492,0.007583347148572245,-0.0002747720459067286,212.789,0.007133424905807915,2.4863800191009016e-06
212.692,0.00759716548041941,-0.0002747793496120975,212.889,0.007142637187206808,2.4927623146071002e-06
212.692,0.00759716548041941,-0.0002747793496120975,212.989,0.0071518494686564895,2.4991527640250962e-06
212.792,0.0076109838120203,-0.0002747866364604226,213.089,0.007161061750156932,2.5055513672526463e-06
212.992,0.007624802143963118,-0.0002747939034731499,213.189,0.0071702740317081135,2.511958124187508e-06
212.992,0.007624802143963118,-0.0002747939034731499,213.289,0.007179486313310059,2.518373034727492e-06
213.092,0.007638620473501679,-0.0002748011536338965,213.389,0.007188698594962746,2.5247960987703557e-06
213.292,0.0076524388038361054,-0.0002748083839589013,213.489,0.007197910876666144,2.531227316213861e-06
213.292,0.0076524388038361054,-0.0002748083839589013,213.589,0.007207123158420267,2.537666686955801e-06
213.392,0.00767086324150746,-0.00027481799839286866,213.689,0.007216335440225089,2.54411421089394e-06
213.592,0.007684681569024554,-0.00027482518591012754,213.789,0.007225547722080621,2.550569887926077e-06
213.592,0.007684681569024554,-0.00027482518591012754,213.889,0.007234760003986832,2.5570337179499776e-06
213.792,0.007698499901353893,-0.00027483235509308436,213.989,0.007243972285943724,2.5635057008634197e-06
213.792,0.007698499901353893,-0.00027483235509308436,214.089,0.007253184567951305,2.5699858365642076e-06
213.892,0.007712777616736803,-0.00027389939384290965,214.189,0.007262396850009523,2.576474124950099e-06
214.092,0.007726595948421088,-0.00027390652643693753,214.289,0.007271609132118394,2.5829705659188947e-06
214.092,0.007726595948421088,-0.00027390652643693753,214.389,0.007280821414277912,2.5894751593683807e-06
214.192,0.007740414281050072,-0.0002739136421809742,214.489,0.007290033696488095,2.5959879051963675e-06
214.392,0.007754232609249864,-0.00027392073806276876,214.589,0.007299245978748863,2.6025088033005962e-06
214.392,0.007754232609249864,-0.00027392073806276876,214.689,0.007308458261060277,2.6090378535789063e-06
214.492,0.007768082042893676,-0.00027475909782682364,214.789,0.007317670543422333,2.6155750559290925e-06
214.692,0.007781869270826104,-0.0002739348762724718,214.889,0.0073268828258349575,2.6221204102489e-06
214.692,0.007781869270826104,-0.0002739348762724718,214.989,0.007336095108298162,2.6286739164361404e-06
214.792,0.007795718608410714,-0.0002747732427466101,215.089,0.007345307390812007,2.635235574388664e-06
214.992,0.007810043500712051,-0.0002748643278418866,215.189,0.0073545196733763975,2.6418053840042024e-06
214.992,0.007810043500712051,-0.0002748643278418866,215.289,0.007363731955991371,2.648383345180585e-06
215.092,0.007823861833804657,-0.00027487133292872755,215.389,0.007372944238656876,2.6549694578155844e-06
215.292,0.007837680166127844,-0.0002748783182557145,215.489,0.00738215652137297,2.661563721807052e-06
215.292,0.007837680166127844,-0.0002748783182557145,215.589,0.007391368804139579,2.6681661370527448e-06
215.392,0.007851498496486392,-0.0002748852866938768,215.689,0.007400581086956721,2.6747767034504776e-06
215.592,0.007865316833556051,-0.00027489223532417686,215.789,0.007409793369824393,2.6813954208980592e-06
215.592,0.007865316833556051,-0.00027489223532417686,215.889,0.007419005652742524,2.6880222892932676e-06
215.692,0.007879135262977868,-0.00027489913435857765,215.989,0.007428217935711191,2.694657308533957e-06
215.692,0.007879135262977868,-0.00027489913435857765,216.089,0.0074374302187303655,2.701300478517923e-06
215.892,0.007897559706005877,-0.0002749083471450418,216.189,0.007446642501800039,2.7079517991429774e-06
216.092,0.00790445034334374,-0.0002759276092004883,216.289,0.007455854784920156,2.7146112703069e-06
216.092,0.00790445034334374,-0.0002759276092004883,216.389,0.0074650670680907775,2.7212788919075516e-06
216.192,0.007925196375792356,-0.00027492210530446885,216.489,0.007474279351311873,2.7279546638427312e-06
216.392,0.007932087012206806,-0.0002759412975911824,216.589,0.007483491634583416,2.7346385860102445e-06
216.392,0.007932087012206806,-0.0002759412975911824,216.689,0.007492703917905394,2.7413306583079045e-06
216.492,0.007948808502824124,-0.0002777445419964559,216.789,0.007501916201277866,2.7480308806335785e-06
216.692,0.007963606489981295,-0.0002771054124931716,216.889,0.007511128484700719,2.754739252885007e-06
216.692,0.007963606489981295,-0.0002771054124931716,216.989,0.007520340768174014,2.7614557749600615e-06
216.792,0.00797539166084438,-0.0002812326323349153,217.089,0.007529553051697713,2.768180446756547e-06
216.792,0.00797539166084438,-0.0002812326323349153,217.189,0.007538765335271811,2.7749132681722913e-06
216.992,0.00799381610195731,-0.0002812416808090969,217.289,0.00754797761889629,2.781654239105097e-06
217.192,0.00801187718278056,-0.00027839737407407515,217.389,0.00755718990257118,2.788403359452827e-06
217.192,0.00801187718278056,-0.00027839737407407515,217.489,0.007566402186296426,2.795160629113278e-06
217.292,0.008021486291149363,-0.0002812128275943195,217.589,0.007575614470072042,2.8019260479842946e-06
217.492,0.008039547368570417,-0.00027836844154230524,217.689,0.007584826753898009,2.8086996159636887e-06
217.492,0.008039547368570417,-0.00027836844154230524,217.789,0.007594039037774349,2.8154813329493253e-06
217.592,0.008049122966212924,-0.0002812262657465986,217.889,0.00760325132170102,2.8222711988390035e-06
217.792,0.008063955346662804,-0.0002792472460294314,217.989,0.007612463605678044,2.829069213530574e-06
217.792,0.008063955346662804,-0.0002792472460294314,218.089,0.00762167588970539,2.8358753769218563e-06
217.892,0.008077773679924556,-0.0002792539238375183,218.189,0.007630888173783036,2.84268968891069e-06
218.092,0.008091592012730468,-0.00027926058181355434,218.289,0.007640100457910984,2.8495121493949095e-06
218.092,0.008091592012730468,-0.00027926058181355434,218.389,0.007649312742089225,2.856342758272355e-06
218.192,0.008105410344835659,-0.00027926722289484487,218.489,0.007658525026317777,2.8631815154408844e-06
218.392,0.008119228682001472,-0.0002792738441816774,218.589,0.007667737310596567,2.8700284207982885e-06
218.392,0.008119228682001472,-0.0002792738441816774,218.689,0.007676949594925674,2.876883474242477e-06
218.492,0.008133047012926735,-0.0002792804486321753,218.789,0.007686161879305026,2.883746675671244e-06
218.692,0.008146865349095393,-0.0002792870332902053,218.889,0.007695374163734613,2.8906180249824325e-06
218.692,0.008146865349095393,-0.0002792870332902053,218.989,0.007704586448214475,2.897497522073924e-06
218.792,0.008156248279628173,-0.00028380450456114365,219.089,0.0077137987327445595,2.9043851668435363e-06
218.992,0.008177512637119815,-0.00027727267548769763,219.189,0.007723011017324857,2.911280959189118e-06
218.992,0.008177512637119815,-0.00027727267548769763,219.289,0.007732223301955385,2.9181848990085383e-06
219.092,0.008188856562867483,-0.0002829175148663753,219.389,0.007741435586636091,2.9250969861996122e-06
219.292,0.008205149311366688,-0.0002772857380976114,219.489,0.007750647871367041,2.9320172206602417e-06
219.292,0.008205149311366688,-0.0002772857380976114,219.589,0.0077598601561481755,2.9389456022882487e-06
219.392,0.0082164932347765,-0.0002829305619376574,219.689,0.007769072440979487,2.9458821309814874e-06
219.392,0.0082164932347765,-0.0002829305619376574,219.789,0.0077782847258609485,2.9528268066378026e-06
219.592,0.008234917674540732,-0.0002829392192639033,219.889,0.007787497010792596,2.9597796291550842e-06
219.592,0.008234917674540732,-0.0002829392192639033,219.989,0.007796709295774406,2.9667405984311745e-06
219.792,0.008253459675231698,-0.0002829465888221759,220.089,0.007805921580806367,2.973709714363938e-06
219.792,0.008253459675231698,-0.0002829465888221759,220.189,0.007815133865888448,2.9806869768512176e-06
219.992,0.008273059072750433,-0.00028347976710556245,220.289,0.007824346151020662,2.9876723857908906e-06
220.192,0.008290957922658134,-0.00027978733311060885,220.389,0.007833558436203016,2.9946659410808255e-06
220.192,0.008290957922658134,-0.00027978733311060885,220.489,0.007842770721435487,3.001667642618884e-06
220.292,0.008304776258914187,-0.00027979373534938926,220.589,0.00785198300671804,3.0086774903029176e-06
220.492,0.008318594594905157,-0.00027980011784839947,220.689,0.007861195292050737,3.0156954840308277e-06
220.492,0.008318594594905157,-0.00027980011784839947,220.789,0.007870407577433491,3.022721623700436e-06
220.592,0.008332612369799281,-0.00028038735779202994,220.889,0.007879619862866335,3.029755909209646e-06
220.792,0.008346993274074822,-0.0002807018528985079,220.989,0.007888832148349274,3.0367983404563295e-06
220.792,0.008346993274074822,-0.0002807018528985079,221.089,0.007898044433882239,3.0438489173383247e-06
220.892,0.008362083299365148,-0.0002798058469052271,221.189,0.007907256719465289,3.0509076397535393e-06
221.092,0.008375901631362826,-0.00027981216203084127,221.289,0.00791646900509838,3.057974507599831e-06
221.092,0.008375901631362826,-0.00027981216203084127,221.389,0.007925681290781495,3.0650495207750817e-06
221.192,0.008389719970533704,-0.00027981846045787233,221.489,0.00793489357651465,3.0721326791771644e-06
221.392,0.008403538306725168,-0.00027982473895676917,221.589,0.007944105862297822,3.0792239827039624e-06
221.392,0.008403538306725168,-0.00027982473895676917,221.689,0.00795331814813101,3.086323431253355e-06
221.492,0.008417356645644428,-0.00027983100070970467,221.789,0.007962530434014183,3.093431024723212e-06
221.692,0.008431174981643075,-0.0002798372425126027,221.889,0.00797174271994738,3.1005467630114435e-06
221.692,0.008431174981643075,-0.0002798372425126027,221.989,0.00798095500593055,3.1076706460159072e-06
221.792,0.008444993319777518,-0.00027984346763323595,222.089,0.007990167291963689,3.1148026736344854e-06
221.992,0.0084634177614202,-0.00027985173813365474,222.189,0.007999379578046802,3.121942845765081e-06
221.992,0.0084634177614202,-0.00027985173813365474,222.289,0.008008591864179834,3.1290911623055487e-06
222.192,0.008477315912338105,-0.00027983031031895647,222.389,0.008017804150362878,3.1362476231538485e-06
222.192,0.008477315912338105,-0.00027983031031895647,222.489,0.008027016436595816,3.1434122282077866e-06
222.292,0.008491656724589638,-0.00027998506383421787,222.589,0.008036228722878704,3.150584977365304e-06
222.492,0.008504952593534476,-0.0002798426174164279,222.689,0.008045441009211493,3.1577658705242598e-06
222.492,0.008504952593534476,-0.0002798426174164279,222.789,0.008054653295594221,3.1649549075825827e-06
222.592,0.008519293409851934,-0.00027999733715287656,222.889,0.008063865582026857,3.172152088438152e-06
222.792,0.008532589277016354,-0.0002798548511630665,222.989,0.00807307786850935,3.179357412988832e-06
222.792,0.008532589277016354,-0.0002798548511630665,223.089,0.008082290155041786,3.1865708811325906e-06
222.892,0.008546930094528414,-0.0002800095371864395,223.189,0.00809150244162408,3.1937924927672735e-06
223.092,0.00856082828128758,-0.00027998800509092476,223.289,0.008100714728256247,3.2010222477908017e-06
223.092,0.00856082828128758,-0.00027998800509092476,223.389,0.00810992701493829,3.208260146101075e-06
223.192,0.008574566771865647,-0.00028002166391054783,223.489,0.008119139301670198,3.2155061875959983e-06
223.392,0.00858846495809671,-0.0002800000941187356,223.589,0.008128351588451916,3.222760372173439e-06
223.392,0.00858846495809671,-0.0002800000941187356,223.689,0.008137563875283508,3.2300226997313633e-06
223.492,0.008602203450782227,-0.00028003371741144504,223.789,0.008146776162164901,3.2372931701676222e-06
223.692,0.008616101635628641,-0.0002800121098890022,223.889,0.008155988449096097,3.244571783380139e-06
223.692,0.008616101635628641,-0.0002800121098890022,223.989,0.008165200736077148,3.2518585392668643e-06
223.792,0.008629840133210444,-0.00028004569758012656,224.089,0.00817441302310798,3.259153437725651e-06
223.992,0.008643738315942957,-0.0002800240523931608,224.189,0.008183625310188585,3.2664564786544196e-06
223.992,0.008643738315942957,-0.0002800240523931608,224.289,0.008192837597318996,3.2737676619511145e-06
224.092,0.008657912082384435,-0.00027881513733570067,224.389,0.008202049884499187,3.281086987513633e-06
224.292,0.008671810296828257,-0.0002787933858160763,224.489,0.008211262171729124,3.2884144552398697e-06
224.292,0.008671810296828257,-0.0002787933858160763,224.589,0.008220474459008876,3.295750065027802e-06
224.492,0.00869023474788234,-0.0002788012652517362,224.689,0.008229686746338345,3.303093816775274e-06
224.492,0.00869023474788234,-0.0002788012652517362,224.789,0.008238899033717585,3.310445710380261e-06
224.592,0.008704053087849986,-0.00027880715431757467,224.889,0.008248111321146537,3.317805745740648e-06
224.792,0.008717871429328871,-0.0002788130234452814,224.989,0.008257323608625246,3.325173922754389e-06
224.792,0.008717871429328871,-0.0002788130234452814,225.089,0.008266535896153643,3.3325502413193584e-06
224.892,0.008731689768809968,-0.0002788188758535982,225.189,0.008275748183731764,3.3399347013335184e-06
225.092,0.008745508106067479,-0.00027882470833800923,225.289,0.008284960471359598,3.347327302694794e-06
225.092,0.008745508106067479,-0.00027882470833800923,225.389,0.008294172759037113,3.3547280453010984e-06
225.192,0.008759326441221434,-0.0002788305240902853,225.489,0.008303385046764289,3.3621369290503353e-06
225.192,0.008759326441221434,-0.0002788305240902853,225.589,0.008312597334541127,3.36955395384046e-06
225.392,0.008773144788081763,-0.00027883632001211953,225.689,0.008321809622367622,3.3769791195694007e-06
225.592,0.008791569242696804,-0.000278844020377622,225.789,0.008331021910243827,3.384412426135125e-06
225.592,0.008791569242696804,-0.000278844020377622,225.889,0.008340234198169637,3.3918538734354977e-06
225.692,0.008775276700700647,-0.0002950164146330807,225.989,0.00834944648614507,3.399303461368469e-06
225.892,0.008819769831982509,-0.000279836963612606,226.089,0.008358658774170129,3.4067611898319946e-06
225.892,0.008819769831982509,-0.000279836963612606,226.189,0.008367871062244778,3.414227058723973e-06
225.992,0.008803474410336864,-0.00029601237203425986,226.289,0.008377083350369074,3.4217010679423974e-06
225.992,0.008803474410336864,-0.00029601237203425986,226.389,0.008386295638542976,3.4291832173851943e-06
226.192,0.008822720482717494,-0.0002974814466432316,226.489,0.008395507926766474,3.4366735069503035e-06
226.392,0.008835717210729146,-0.0002960257534877734,226.589,0.008404720215039569,3.4441719365356486e-06
226.392,0.008835717210729146,-0.0002960257534877734,226.689,0.008413932503362241,3.451678506039174e-06
226.492,0.008850357164227624,-0.0002974928771126545,226.789,0.008423144791734487,3.459193215358847e-06
226.692,0.008839947318050075,-0.0003033903910683393,226.889,0.008432357080156293,3.466716064392593e-06
226.692,0.008839947318050075,-0.0003033903910683393,226.989,0.008441569368627621,3.474247053038344e-06
226.792,0.008877993840768388,-0.00029750423433261926,227.089,0.008450781657148493,3.4817861811940625e-06
226.792,0.008877993840768388,-0.00029750423433261926,227.189,0.008459993945718945,3.4893334487577442e-06
226.992,0.008896418299852046,-0.0002975117651057959,227.289,0.008469206234338913,3.4968888556272773e-06
227.192,0.008886008461220141,-0.00030340881592732003,227.389,0.008478418523008367,3.5044524017006217e-06
227.192,0.008886008461220141,-0.00030340881592732003,227.489,0.008487630811727329,3.5120240868757443e-06
227.292,0.008924054987076964,-0.00029752300026196347,227.589,0.008496843100495775,3.519603911050586e-06
227.492,0.008914469333707037,-0.00030488227800093594,227.689,0.008506055389313724,3.52719187412312e-06
227.492,0.008914469333707037,-0.00030488227800093594,227.789,0.008515267678181157,3.5347879759913086e-06
227.592,0.008928287677995564,-0.0003048877312726603,227.889,0.008524479967098092,3.542392216553103e-06
227.592,0.008928287677995564,-0.0003048877312726603,227.989,0.008533692256064469,3.5500045957064536e-06
227.792,0.008946712143433058,-0.0003048949727952676,228.089,0.008542904545080313,3.557625113349316e-06
227.992,0.008962039047954336,-0.0003051559797783945,228.189,0.008552116834145612,3.5652537693796722e-06
227.992,0.008962039047954336,-0.0003051559797783945,228.289,0.00856132912326034,3.5728905636954732e-06
228.092,0.008975857392400022,-0.0003051613693679747,228.389,0.008570541412424519,3.5805354961946963e-06
228.292,0.008989675734651157,-0.0003051667390467377,228.489,0.008579753701638099,3.588188566775275e-06
228.292,0.008989675734651157,-0.0003051667390467377,228.589,0.008588965990901136,3.595849775335235e-06
228.392,0.009003494081555525,-0.00030517209197833075,228.689,0.008598178280213553,3.603519121772483e-06
228.592,0.009017312419141088,-0.0003051774250740811,228.789,0.008607390569575369,3.6111966059850143e-06
228.592,0.009017312419141088,-0.0003051774250740811,228.889,0.008616602858986586,3.618882227870796e-06
228.692,0.009034232339926028,-0.00030638578667292196,228.989,0.008625815148447161,3.626575987327786e-06
228.692,0.009034232339926028,-0.00030638578667292196,229.089,0.008635027437957132,3.6342778842539916e-06
228.892,0.009052656797043633,-0.00030639285106415253,229.189,0.008644239727516422,3.641987918547338e-06
229.092,0.009066475140385595,-0.0003063981271943228,229.289,0.008653452017125082,3.649706090105837e-06
229.092,0.009066475140385595,-0.0003063981271943228,229.389,0.008662664306783073,3.6574323988274473e-06
229.192,0.00908029348398663,-0.00030640338659562814,229.489,0.00867187659649043,3.6651668446101683e-06
229.392,0.009094111830664548,-0.0003064086261408697,229.589,0.008681088886247095,3.6729094273519613e-06
229.392,0.009094111830664548,-0.0003064086261408697,229.689,0.00869030117605307,3.6806601469508023e-06
229.492,0.009107930180913656,-0.0003064138489347119,229.789,0.008699513465908332,3.688419003304668e-06
229.692,0.00912174852917876,-0.0003064190518752894,229.889,0.008708725755812958,3.6961859963116115e-06
229.692,0.00912174852917876,-0.0003064190518752894,229.989,0.008717938045766833,3.7039611258695275e-06
229.792,0.009135566867907867,-0.00030642423799128815,230.089,0.008727150335769988,3.711744391876436e-06
229.992,0.009149532850916865,-0.0003060984185232415,230.189,0.008736362625822452,3.7195357942303495e-06
229.992,0.009149532850916865,-0.0003060984185232415,230.289,0.008745574915924165,3.727335332829213e-06
230.092,0.00916335119694614,-0.0003061035700884564,230.389,0.008754787206075134,3.7351430075710403e-06
230.292,0.009177169538911022,-0.0003061087017999499,230.489,0.008763999496275363,3.7429588183538225e-06
230.292,0.009177169538911022,-0.0003061087017999499,230.589,0.008773211786524817,3.7507827650755356e-06
230.392,0.009197164818811677,-0.00030595430257428983,230.689,0.00878242407682354,3.7586148476342134e-06
230.392,0.009197164818811677,-0.00030595430257428983,230.789,0.008791636367171443,3.7664550659277927e-06
230.592,0.009210983165354675,-0.0003059593961732354,230.889,0.008800848657568576,3.774303419854309e-06
230.792,0.009225174302684897,-0.0003073699748592476,230.989,0.008810060948014913,3.7821599093117387e-06
230.792,0.009225174302684897,-0.0003073699748592476,231.089,0.00881927323851046,3.790024534198102e-06
230.892,0.009238992646557677,-0.00030737503548986623,231.189,0.008828485529055172,3.797897294411364e-06
231.092,0.009252810993476567,-0.00030738007630686583,231.289,0.0088376978196491,3.805778189849584e-06
231.092,0.009252810993476567,-0.00030738007630686583,231.389,0.008846910110292153,3.813667220410686e-06
231.192,0.009266629336643482,-0.00030738510033254915,231.489,0.008856122400984413,3.821564385992755e-06
231.392,0.009280447682023482,-0.0003073901044895208,231.589,0.008865334691725794,3.829469686493718e-06
231.392,0.009280447682023482,-0.0003073901044895208,231.689,0.008874546982516336,3.83738312181164e-06
231.492,0.009294245273358885,-0.0003074951900114475,231.789,0.008883759273356029,3.84530469184451e-06
231.692,0.009308084366868747,-0.0003074000595329563,231.889,0.008892971564244843,3.853234396490346e-06
231.692,0.009308084366868747,-0.0003074000595329563,231.989,0.008902183855182814,3.861172235647166e-06
231.792,0.009321881957510509,-0.0003075051079589433,232.089,0.008911396146169885,3.869118209212955e-06
231.992,0.009335700308525598,-0.0003075100386700377,232.189,0.008920608437206065,3.877072317085739e-06
231.992,0.009335700308525598,-0.0003075100386700377,232.289,0.00892982072829132,3.885034559163516e-06
232.092,0.00934951865960511,-0.0003075149526861008,232.389,0.008939033019425684,3.893004935344312e-06
232.292,0.00936333701392959,-0.000307519846862786,232.489,0.008948245310609098,3.900983445526109e-06
232.292,0.00936333701392959,-0.000307519846862786,232.589,0.008957457601841592,3.908970089606976e-06
232.392,0.009377155366549374,-0.0003075247242562936,232.689,0.008966669893123145,3.916964867484905e-06
232.592,0.009390973711220633,-0.000307529581838523,232.789,0.008975882184453767,3.924967779057935e-06
232.592,0.009390973711220633,-0.000307529581838523,232.889,0.008985094475833413,3.9329788242240535e-06
232.692,0.00940479206233463,-0.000307534422611794,232.989,0.008994306767262095,3.940998002881298e-06
232.692,0.00940479206233463,-0.000307534422611794,233.089,0.009003519058739811,3.9490253149277145e-06
232.892,0.009418610412093803,-0.0003075392435473548,233.189,0.009012731350266534,3.957060760261296e-06
232.892,0.009418610412093803,-0.0003075392435473548,233.289,0.009021943641842283,3.965104338780104e-06
233.092,0.009437034865456738,-0.00030754564405368777,233.389,0.009031155933467004,3.97315605038211e-06
233.292,0.00945545933150826,-0.0003075520120611385,233.489,0.00904036822514075,3.981215894965408e-06
233.292,0.00945545933150826,-0.0003075520120611385,233.589,0.009049580516863456,3.989283872427986e-06
233.392,0.009469277682628221,-0.00030755676747247154,233.689,0.009058792808635132,3.997359982667874e-06
233.592,0.009483096033377719,-0.000307561503124812,233.789,0.009068005100455755,4.00544422558311e-06
233.592,0.009483096033377719,-0.000307561503124812,233.889,0.009077217392325353,4.013536601071742e-06
233.692,0.009499099180904759,-0.0003054867643598924,233.989,0.009086429684243894,4.02163710903179e-06
233.892,0.009512917529642902,-0.0003054914628930912,234.089,0.009095641976211368,4.029745749361292e-06
233.892,0.009512917529642902,-0.0003054914628930912,234.189,0.009104854268227791,4.037862521958311e-06
233.992,0.009526735882710961,-0.00030549614444456784,234.289,0.009114066560293128,4.045987426720859e-06
234.192,0.009545386818893303,-0.00030556104258241045,234.389,0.00912327885240738,4.054120463546979e-06
234.192,0.009545386818893303,-0.00030556104258241045,234.489,0.009132491144570539,4.062261632334723e-06
234.392,0.009559205169867628,-0.00030556567823224494,234.589,0.009141703436782599,4.070410932982124e-06
234.392,0.009559205169867628,-0.00030556567823224494,234.689,0.00915091572904358,4.078568365387249e-06
234.492,0.009573023521607365,-0.00030557029707327604,234.789,0.009160128021353412,4.086733929448107e-06
234.692,0.00958684187777644,-0.0003055748960597456,234.889,0.009169340313712098,4.094907625062748e-06
234.692,0.00958684187777644,-0.0003055748960597456,234.989,0.009178552606119704,4.1030894521292725e-06
234.792,0.009598779661980743,-0.0003067564647187575,235.089,0.009187764898576149,4.111279410545681e-06
234.992,0.009614478568993667,-0.00030558404074250217,235.189,0.009196977191081378,4.119477500209979e-06
234.992,0.009614478568993667,-0.00030558404074250217,235.289,0.00920618948363548,4.127683721020298e-06
235.092,0.009626416364013443,-0.0003067655745875462,235.389,0.009215401776238431,4.135898072874681e-06
235.292,0.009644840821784566,-0.00030677160722131073,235.489,0.009224614068890193,4.1441205556711525e-06
235.292,0.009644840821784566,-0.00030677160722131073,235.589,0.009233826361590754,4.1523511693077724e-06
235.492,0.00966053973025097,-0.0003055991193027809,235.689,0.009243038654340119,4.160589913682602e-06
235.492,0.00966053973025097,-0.0003055991193027809,235.789,0.009252250947138274,4.168836788693694e-06
235.592,0.009672477517525455,-0.00030678059520860895,235.889,0.009261463239985225,4.177091794239136e-06
235.792,0.009686295865839165,-0.00030678506091065354,235.989,0.009270675532880947,4.1853549302169476e-06
235.792,0.009686295865839165,-0.00030678506091065354,236.089,0.009279887825825454,4.193626196525219e-06
235.892,0.009701329461599574,-0.00030685093379690016,236.189,0.009289100118818729,4.201905593062006e-06
236.092,0.009715169311051645,-0.00030679275855716355,236.289,0.009298312411860722,4.2101931197253356e-06
236.092,0.009715169311051645,-0.00030679275855716355,236.389,0.00930752470495148,4.218488776413323e-06
236.192,0.009729838449439766,-0.0003052528539274092,236.489,0.009316736998090993,4.226792563024044e-06
236.392,0.009743678400138369,-0.0003051944477269132,236.589,0.009325949291279223,4.235104479455527e-06
236.392,0.009743678400138369,-0.0003051944477269132,236.689,0.00933516158451614,4.243424525605824e-06
236.492,0.00975747514315446,-0.0003052616278769411,236.789,0.009344373877801777,4.251752701373041e-06
236.492,0.00975747514315446,-0.0003052616278769411,236.889,0.009353586171136118,4.260089006655258e-06
236.692,0.009776293152490553,-0.00030556977201396605,236.989,0.009362798464519147,4.268433441350529e-06
236.892,0.009790246275305338,-0.00030562211825502033,237.089,0.009372010757950851,4.276786005356918e-06
236.892,0.009790246275305338,-0.00030562211825502033,237.189,0.009381223051431234,4.285146698572519e-06
236.992,0.009804042965144574,-0.000305689205526229,237.289,0.009390435344960276,4.293515520895396e-06
237.192,0.009818232845002049,-0.00030642431183726106,237.389,0.009399647638537999,4.301892472223657e-06
237.192,0.009818232845002049,-0.00030642431183726106,237.489,0.00940885993216434,4.310277552455333e-06
237.292,0.009832029488202837,-0.0003064912841130426,237.589,0.009418072225839333,4.3186707614885355e-06
237.492,0.009845869546026412,-0.0003064328448524238,237.689,0.009427284519562956,4.327072099221341e-06
237.492,0.009845869546026412,-0.0003064328448524238,237.789,0.009436496813335185,4.335481565551812e-06
237.592,0.009859666193260293,-0.00030649978868206736,237.889,0.009445709107156048,4.34389916037808e-06
237.792,0.009873506253550936,-0.0003064413046373279,237.989,0.009454921401025508,4.352324883598186e-06
237.792,0.009873506253550936,-0.0003064413046373279,238.089,0.009464133694943574,4.360758735110245e-06
237.892,0.009892688687286667,-0.0003071741199522844,238.189,0.00947334598891022,4.3692007148123235e-06
238.092,0.009901142955489727,-0.0003064496913386406,238.289,0.009482558282925465,4.377650822602531e-06
238.092,0.009901142955489727,-0.0003064496913386406,238.389,0.009491770576989265,4.386109058378939e-06
238.192,0.009920347727228584,-0.00030711983862151285,238.489,0.009500982871101618,4.394575422039636e-06
238.392,0.009934166078152926,-0.00030712399025046005,238.589,0.009510195165262561,4.403049913482766e-06
238.392,0.009934166078152926,-0.00030712399025046005,238.689,0.00951940745947201,4.411532532606336e-06
238.492,0.009947984432776317,-0.0003071281252069173,238.789,0.009528619753730044,4.420023279308524e-06
238.692,0.009961802790788904,-0.00030713224032446383,238.889,0.009537832048036574,4.428522153487376e-06
238.692,0.009961802790788904,-0.00030713224032446383,238.989,0.009547044342391642,4.437029155041025e-06
238.792,0.009975621142758321,-0.0003071363386571791,239.089,0.0095562566367952,4.445544283867532e-06
238.992,0.009989439497819386,-0.00030714041716584453,239.189,0.009565468931247241,4.454067539864997e-06
238.992,0.009989439497819386,-0.00030714041716584453,239.289,0.009574681225747787,4.462598922931542e-06
239.192,0.010007863971030123,-0.0003071458278278323,239.389,0.009583893520296828,4.471138432965272e-06
239.192,0.010007863971030123,-0.0003071458278278323,239.489,0.009593105814894353,4.479686069864302e-06
239.292,0.010023180819227455,-0.0003079149094197451,239.589,0.009602318109540325,4.4882418335267055e-06
239.492,0.010036999177047583,-0.00030791893202974165,239.689,0.009611530404234759,4.496805723850621e-06
239.492,0.010036999177047583,-0.00030791893202974165,239.789,0.009620742698977617,4.505377740734133e-06
239.592,0.010050817528368963,-0.0003079229379289621,239.889,0.009629954993768947,4.513957884075377e-06
239.792,0.010068112295777806,-0.0003056051016025668,239.989,0.009639167288608726,4.52254615377244e-06
239.792,0.010068112295777806,-0.0003056051016025668,240.089,0.009648379583496918,4.531142549723433e-06
239.892,0.01008193064281536,-0.00030560907868452367,240.189,0.009657591878433545,4.539747071826496e-06
240.092,0.010095748996124454,-0.0003056130358503361,240.289,0.009666804173418583,4.548359719979718e-06
240.092,0.010095748996124454,-0.0003056130358503361,240.389,0.009676016468452016,4.556980494081221e-06
240.192,0.010109567351518717,-0.00030561697635223467,240.489,0.009685228763533846,4.565609394029122e-06
240.392,0.010123385709750065,-0.00030562089702183777,240.589,0.00969444105866406,4.574246419721539e-06
240.392,0.010123385709750065,-0.00030562089702183777,240.689,0.009703653353842654,4.5828915710566e-06
240.492,0.010137204062908465,-0.00030562480090329534,240.789,0.009712865649069589,4.591544847932407e-06
240.692,0.0101510224201107,-0.00030562868499262865,240.889,0.00972207794434487,4.600206250247072e-06
240.692,0.0101510224201107,-0.00030562868499262865,240.989,0.009731290239668537,4.60887577789877e-06
240.792,0.010164840774268666,-0.00030563255233691076,241.089,0.009740502535040498,4.617553430785563e-06
240.792,0.010164840774268666,-0.00030563255233691076,241.189,0.009749714830460802,4.6262392088056145e-06
240.992,0.01018326524950972,-0.00030563767926366543,241.289,0.009758927125929448,4.6349331118570565e-06
241.192,0.01019757972078977,-0.00030567314205999984,241.389,0.009768139421446378,4.64363513983797e-06
241.192,0.01019757972078977,-0.00030567314205999984,241.489,0.009777351717011605,4.65234529264652e-06
241.292,0.010213480420407131,-0.00030641268013205836,241.589,0.009786564012625168,4.661063570180881e-06
241.492,0.010227298776081892,-0.00030641645504168755,241.689,0.009795776308287013,4.669789972339131e-06
241.492,0.010227298776081892,-0.00030641645504168755,241.789,0.009804988603997138,4.678524499019408e-06
241.592,0.010241117130197494,-0.00030642021323965327,241.889,0.009814200899755533,4.687267150119851e-06
241.792,0.01025493548330552,-0.0003064239515226507,241.989,0.009823413195562193,4.6960179255386004e-06
241.792,0.01025493548330552,-0.0003064239515226507,242.089,0.009832625491417108,4.704776825173788e-06
241.892,0.010268753837613212,-0.0003064276731803255,242.189,0.00984183778732027,4.71354384892356e-06
242.092,0.010282572196336652,-0.0003064313749529271,242.289,0.009851050083271676,4.72231899668606e-06
242.092,0.010282572196336652,-0.0003064313749529271,242.389,0.009860262379271297,4.731102268359396e-06
242.192,0.01029580163796042,-0.00030591794497898043,242.489,0.009869474675319127,4.739893663841719e-06
242.392,0.010309619990109447,-0.0003059216126526248,242.589,0.009878686971415192,4.748693183031217e-06
242.392,0.010309619990109447,-0.0003059216126526248,242.689,0.009887899267559432,4.757500825825975e-06
242.492,0.010323438346561695,-0.000305925263601732,242.789,0.009897111563751877,4.766316592124175e-06
242.692,0.0103429076345819,-0.00030771195023986033,242.889,0.009906323859992532,4.7751404818239666e-06
242.692,0.0103429076345819,-0.00030771195023986033,242.989,0.009915536156281324,4.7839724948234615e-06
242.792,0.010356725988361598,-0.0003077155624249153,243.089,0.009924748452618305,4.792812631020849e-06
242.992,0.010370544344270273,-0.0003077191547621238,243.189,0.009933960749003419,4.8016608903142386e-06
242.992,0.010370544344270273,-0.0003077191547621238,243.289,0.00994317304543671,4.81051727260183e-06
243.192,0.010384362699860195,-0.0003077227288114647,243.389,0.009952385341918186,4.819381777781806e-06
243.192,0.010384362699860195,-0.0003077227288114647,243.489,0.009961597638447775,4.828254405752244e-06
243.292,0.010398181055921498,-0.0003077262862094751,243.589,0.00997080993502547,4.837135156411309e-06
243.492,0.010411999414096677,-0.0003077298237317981,243.689,0.00998002223165131,4.846024029657206e-06
243.492,0.010411999414096677,-0.0003077298237317981,243.789,0.00998923452832524,4.854921025388046e-06
243.592,0.010425131761969297,-0.00030711475046385375,243.889,0.009998446825047257,4.863826143501998e-06
243.792,0.010440062467859798,-0.0003083137510101375,243.989,0.010007659121817373,4.872739383897239e-06
243.792,0.010440062467859798,-0.0003083137510101375,244.089,0.010016871418635586,4.88166074647193e-06
243.892,0.010454377457414524,-0.0003087641646596518,244.189,0.010026083715501882,4.890590231124242e-06
244.092,0.010467298321803912,-0.00030818500311054854,244.289,0.010035296012416197,4.89952783775227e-06
244.092,0.010467298321803912,-0.00030818500311054854,244.389,0.010044508309378601,4.908473566254274e-06
244.192,0.010482422412356031,-0.00030936862178995353,244.489,0.01005372060638905,4.9174274165283775e-06
244.392,0.010496240769122676,-0.00030937204624504456,244.589,0.010062932903447548,4.926389388472771e-06
244.392,0.010496240769122676,-0.00030937204624504456,244.689,0.01007214520055408,4.935359481985604e-06
244.492,0.010510059127379345,-0.00030937545394930287,244.789,0.010081357497708611,4.944337696965026e-06
244.692,0.010528483594427198,-0.0003093799681089002,244.889,0.010090569794911153,4.953324033309233e-06
244.692,0.010528483594427198,-0.0003093799681089002,244.989,0.01009978209216173,4.9623184909164175e-06
244.892,0.010542301952998764,-0.0003093833316211115,245.089,0.010108994389460295,4.971321069684744e-06
244.892,0.010542301952998764,-0.0003093833316211115,245.189,0.010118206686806828,4.980331769512341e-06
244.992,0.010556120310208967,-0.0003093866784199474,245.289,0.010127418984201362,4.989350590297455e-06
245.192,0.010569938671400988,-0.00030939000536317127,245.389,0.01013663128164388,4.998377531938239e-06
245.192,0.010569938671400988,-0.00030939000536317127,245.489,0.010145843579134341,5.007412594332861e-06
245.292,0.01058836561565589,-0.00031040420739429967,245.589,0.01015505587667277,5.016455777379523e-06
245.492,0.010602183971181685,-0.00031040749064640904,245.689,0.010164268174259182,5.0255070809764315e-06
245.492,0.010602183971181685,-0.00031040749064640904,245.789,0.010173480471893478,5.0345665050216815e-06
245.592,0.010616002330655221,-0.0003104107570757097,245.889,0.010182692769575728,5.0436340494135414e-06
245.792,0.010630281054528448,-0.00030909854147528453,245.989,0.010191905067305876,5.052709714050136e-06
245.792,0.010630281054528448,-0.00030909854147528453,246.089,0.010201117365083936,5.0617934988296776e-06
245.892,0.01064409941656464,-0.0003091017752599193,246.189,0.010210329662909934,5.070885403650402e-06
246.092,0.010657917773254017,-0.0003091049891442378,246.289,0.010219541960783791,5.079985428410408e-06
246.092,0.010657917773254017,-0.0003091049891442378,246.389,0.010228754258705551,5.089093573007958e-06
246.192,0.010671736126458524,-0.00030910818636204455,246.489,0.010237966556675186,5.098209837341223e-06
246.392,0.010685759411814684,-0.0003094685337790372,246.589,0.010247178854692701,5.107334221308399e-06
246.392,0.010685759411814684,-0.0003094685337790372,246.689,0.010256391152758079,5.116466724807679e-06
246.592,0.010704183887293372,-0.0003094727442359188,246.789,0.010265603450871292,5.125607347737243e-06
246.592,0.010704183887293372,-0.0003094727442359188,246.889,0.010274815749032357,5.134756089995316e-06
246.692,0.010718049254041111,-0.0003094838284612572,246.989,0.010284028047241241,5.143912951480071e-06
246.892,0.010731867611578096,-0.00030948694596648677,247.089,0.010293240345497945,5.153077932089709e-06
246.892,0.010731867611578096,-0.00030948694596648677,247.189,0.010302452643802515,5.1622510317225e-06
246.992,0.010745685965410541,-0.00030949004681240784,247.289,0.010311664942154897,5.171432250276578e-06
247.192,0.01075950432848749,-0.0003094931277615187,247.389,0.010320877240555032,5.180621587650133e-06
247.192,0.01075950432848749,-0.0003094931277615187,247.489,0.010330089539002984,5.189819043741416e-06
247.292,0.010773322693358364,-0.0003094961920092,247.589,0.010339301837498717,5.19902461844861e-06
247.492,0.010787141052340018,-0.0003094992365110241,247.689,0.010348514136042226,5.208238311669927e-06
247.492,0.010787141052340018,-0.0003094992365110241,247.789,0.010357726434633523,5.217460123303588e-06
247.592,0.010801350502389784,-0.0003086891504354044,247.889,0.010366938733272558,5.22669005324777e-06
247.792,0.010815168860854993,-0.0003086921616088128,247.989,0.010376151031959364,5.2359281014007265e-06
247.792,0.010815168860854993,-0.0003086921616088128,248.089,0.010385363330693894,5.2451742676606265e-06
247.892,0.010828987219584292,-0.00030869515606755775,248.189,0.010394575629476177,5.254428551925736e-06
247.892,0.010828987219584292,-0.00030869515606755775,248.289,0.010403787928306183,5.263690954094245e-06
248.092,0.01084280557936909,-0.00030869813071285183,248.389,0.010413000227183871,5.272961474064328e-06
248.292,0.01086123005960951,-0.0003087020695431114,248.489,0.010422212526109281,5.282240111734249e-06
248.292,0.01086123005960951,-0.0003087020695431114,248.589,0.010431424825082405,5.29152686700223e-06
248.392,0.010876057700178193,-0.0003073706005465009,248.689,0.010440637124103204,5.300821739766467e-06
248.592,0.010889876062601937,-0.00030737351775237315,248.789,0.01044984942317168,5.310124729925186e-06
248.592,0.010889876062601937,-0.00030737351775237315,248.889,0.010459061722287836,5.319435837376632e-06
248.692,0.010903694423368162,-0.00030737641829548483,248.989,0.010468274021451649,5.328755062019008e-06
248.892,0.01091751278477027,-0.0003073792990020821,249.089,0.01047748632066315,5.338082403750563e-06
248.892,0.01091751278477027,-0.0003073792990020821,249.189,0.010486698619922245,5.347417862469451e-06
248.992,0.010931331147588808,-0.00030738216299476404,249.289,0.01049591091922902,5.356761438073995e-06
248.992,0.010931331147588808,-0.00030738216299476404,249.389,0.010505123218583403,5.36611313046236e-06
249.192,0.010950315356189922,-0.0003077236315462997,249.489,0.01051433551798543,5.3754729395328225e-06
249.392,0.010964133721753706,-0.00030772644882718107,249.589,0.01052354781743505,5.384840865183574e-06
249.392,0.010964133721753706,-0.00030772644882718107,249.689,0.010532760116932284,5.394216907312859e-06
249.492,0.010977952082305715,-0.00030772924939478983,249.789,0.010541972416477119,5.403601065818929e-06
249.692,0.010993125369831174,-0.0003087218117927115,249.889,0.01055118471606955,5.4129933406000065e-06
249.692,0.010993125369831174,-0.0003087218117927115,249.989,0.010560397015709572,5.4223937315543375e-06
249.792,0.01100694373136655,-0.0003087245711011196,250.089,0.01056960931539717,5.431802238580159e-06
249.992,0.011020762096923847,-0.0003087273106209804,250.189,0.010578821615132348,5.441218861575712e-06
249.992,0.011020762096923847,-0.0003087273106209804,250.289,0.010588033914915017,5.450643600439171e-06
250.092,0.011039186579465432,-0.00030873093745818346,250.389,0.010597246214745277,5.460076455068867e-06
250.092,0.011039186579465432,-0.00030873093745818346,250.489,0.010606458514623083,5.469517425363025e-06
250.292,0.011053004945378286,-0.00030873363436246767,250.589,0.010615670814548395,5.478966511219841e-06
250.492,0.011066823306539663,-0.0003087363130133646,250.689,0.010624883114521196,5.48842371253757e-06
250.492,0.011066823306539663,-0.0003087363130133646,250.789,0.010634095414541531,5.4978890292144995e-06
250.592,0.01108064167010678,-0.00030873897492260957,250.889,0.010643307714609378,5.507362461148857e-06
250.792,0.011094460041851027,-0.0003087416170389297,250.989,0.010652520014724717,5.516844008238893e-06
250.792,0.011094460041851027,-0.0003087416170389297,251.089,0.010661732314887566,5.5263336703828795e-06
250.892,0.011109253540174495,-0.00030777937144697,251.189,0.010670944615097861,5.5358314474790325e-06
251.092,0.0111230719107861,-0.0003077819826234701,251.289,0.01068015691535564,5.545337339425624e-06
251.092,0.0111230719107861,-0.0003077819826234701,251.389,0.010689369215660861,5.5548513461208854e-06
251.192,0.0111368902710714,-0.0003077845770624296,251.489,0.010698581516013552,5.564373467463124e-06
251.392,0.011152308874785582,-0.00030618982568048894,251.589,0.0107077938164137,5.573903703350546e-06
251.392,0.011152308874785582,-0.00030618982568048894,251.689,0.01071700611686128,5.583442053681438e-06
251.492,0.01116612723790222,-0.00030619239025779814,251.789,0.010726218417356308,5.592988518354055e-06
251.692,0.011179945602637392,-0.0003061949350529532,251.889,0.010735430717898717,5.602543097266619e-06
251.692,0.011179945602637392,-0.0003061949350529532,251.989,0.010744643018488577,5.612105790317461e-06
251.792,0.011193763968476449,-0.0003061974630645539,252.089,0.010753855319125805,5.621676597404774e-06
251.992,0.01120758232697466,-0.00030619997132562274,252.189,0.010763067619810409,5.631255518426822e-06
251.992,0.01120758232697466,-0.00030619997132562274,252.289,0.010772279920542435,5.640842553281944e-06
252.092,0.011221400690917606,-0.0003062024629174879,252.389,0.010781492221321786,5.65043770186832e-06
252.092,0.011221400690917606,-0.0003062024629174879,252.489,0.010790704522148553,5.6600409640843035e-06
252.292,0.011239770394199239,-0.00030628492110486836,252.589,0.010799916823022634,5.669652339828078e-06
252.492,0.011253643534352584,-0.0003062082028727007,252.689,0.0108091291239441,5.679271828997985e-06
252.492,0.011253643534352584,-0.0003062082028727007,252.789,0.010818341424912893,5.688899431492253e-06
252.592,0.011267407122121284,-0.000306289798862835,252.889,0.010827553725929017,5.698535147209174e-06
252.792,0.011285656149060125,-0.0003067900827843946,252.989,0.0108367660269925,5.708178976047051e-06
252.792,0.011285656149060125,-0.0003067900827843946,253.089,0.010845978328103242,5.717830917904066e-06
252.892,0.011299474513521077,-0.0003067924726730763,253.189,0.010855190629261314,5.727490972678587e-06
253.092,0.01131488747805269,-0.00030775826743307996,253.289,0.010864402930466706,5.737159140268873e-06
253.092,0.01131488747805269,-0.00030775826743307996,253.389,0.010873615231719357,5.746835420573164e-06
253.192,0.011328705844016561,-0.00030776062213871795,253.489,0.010882827533019303,5.756519813489785e-06
253.392,0.011342524211127535,-0.000307762957034622,253.589,0.010892039834366539,5.766212318917019e-06
253.392,0.011342524211127535,-0.000307762957034622,253.689,0.01090125213576101,5.775912936753102e-06
253.492,0.011356342579070734,-0.0003077652752344017,253.789,0.010910464437202765,5.78562166689637e-06
253.492,0.011356342579070734,-0.0003077652752344017,253.889,0.01091967673869174,5.795338509245061e-06
253.692,0.01137476706273948,-0.00030776833674226063,253.989,0.010928889040227974,5.805063463697509e-06
253.892,0.01138893282474761,-0.0003073940148053206,254.089,0.010938101341811444,5.814796530151979e-06
253.892,0.01138893282474761,-0.0003073940148053206,254.189,0.01094731364344212,5.824537708506744e-06
253.992,0.011402164529708936,-0.00030670415964628906,254.289,0.010956525945120015,5.834286998660118e-06
254.192,0.011416782411092757,-0.0003069702166704469,254.389,0.010965738246845113,5.844044400510396e-06
254.192,0.011416782411092757,-0.0003069702166704469,254.489,0.010974950548617399,5.853809913955843e-06
254.292,0.01142463888703524,-0.0003044780271699682,254.589,0.010984162850436885,5.863583538894789e-06
254.292,0.01142463888703524,-0.0003044780271699682,254.689,0.010993375152303538,5.873365275225492e-06
254.492,0.011438457259616827,-0.0003044802400307911,254.789,0.01100258745421738,5.883155122846291e-06
254.692,0.01145227563099873,-0.0003044824345724333,254.889,0.011011799756178373,5.892953081655456e-06
254.692,0.01145227563099873,-0.0003044824345724333,254.989,0.011021012058186555,5.90275915155133e-06
254.792,0.011466093997819731,-0.00030448461242038935,255.089,0.011030224360241854,5.912573332432156e-06
254.992,0.011481110602964261,-0.00030515811283852166,255.189,0.011039436662344313,5.922395624196284e-06
254.992,0.011481110602964261,-0.00030515811283852166,255.289,0.0110486489644939,5.932226026741985e-06
255.092,0.011494928970944366,-0.00030516025616214153,255.389,0.011057861266690604,5.942064539967563e-06
255.292,0.011508747335520497,-0.0003051623796814791,255.489,0.011067073568934398,5.951911163771314e-06
255.292,0.011508747335520497,-0.0003051623796814791,255.589,0.01107628587122532,5.96176589805159e-06
255.392,0.011522565703513022,-0.00030516448650182707,255.689,0.01108549817356336,5.971628742706697e-06
255.592,0.011540190456332783,-0.00030490334169979815,255.789,0.011094710475948443,5.9814996976348795e-06
255.592,0.011540190456332783,-0.00030490334169979815,255.889,0.011103922778380652,5.991378762734537e-06
255.792,0.011554808553610175,-0.0003051693288524887,255.989,0.011113135080859878,6.001265937903872e-06
255.792,0.011554808553610175,-0.0003051693288524887,256.089,0.011122347383386192,6.0111612230412875e-06
255.892,0.011567827186825754,-0.0003049074560846624,256.189,0.011131559685959552,6.021064618045058e-06
256.092,0.01158538547179942,-0.0003055751381157996,256.289,0.011140771988579918,6.0309761228134785e-06
256.092,0.01158538547179942,-0.0003055751381157996,256.389,0.01114998429124736,6.04089573724493e-06
256.192,0.011599203845103172,-0.00030557714466923093,256.489,0.011159196593961803,6.050823461237664e-06
256.392,0.011613022213592466,-0.0003055791314719117,256.589,0.011168408896723282,6.060759294690051e-06
256.392,0.011613022213592466,-0.0003055791314719117,256.689,0.011177621199531777,6.0707032375004075e-06
256.492,0.011626840577143248,-0.00030558110157384376,256.789,0.011186833502387274,6.080655289567046e-06
256.692,0.011640658939557263,-0.00030558305182168123,256.889,0.011196045805289772,6.090615450788279e-06
256.692,0.011640658939557263,-0.00030558305182168123,256.989,0.011205258108239219,6.100583721062417e-06
256.792,0.011654990318109735,-0.00030565435692991806,257.089,0.011214470411235666,6.1105601002878295e-06
256.992,0.011668808690170234,-0.00030565626619615595,257.189,0.01122368271427911,6.120544588362852e-06
256.992,0.011668808690170234,-0.00030565626619615595,257.289,0.011232895017369484,6.130537185185736e-06
257.092,0.011682627059390445,-0.0003056581587534822,257.389,0.011242107320506848,6.140537890654911e-06
257.292,0.01169644542784363,-0.00030566003157653227,257.489,0.011251319623691117,6.150546704668619e-06
257.292,0.01169644542784363,-0.00030566003157653227,257.589,0.011260531926922336,6.1605636271252315e-06
257.392,0.011710263794364453,-0.0003056618875936247,257.689,0.011269744230200461,6.1705886579230665e-06
257.592,0.01172408215911257,-0.00030566372387269076,257.789,0.01127895653352549,6.180621796960455e-06
257.592,0.01172408215911257,-0.00030566372387269076,257.889,0.011288168836897464,6.190663044135784e-06
257.692,0.011737900532500806,-0.00030566554347167684,257.989,0.011297381140316328,6.200712399347347e-06
257.892,0.011751718904806294,-0.00030566734327523926,258.089,0.011306593443782076,6.210769862493478e-06
257.892,0.011751718904806294,-0.00030566734327523926,258.189,0.0113158057472947,6.2208354334725265e-06
257.992,0.01177014339419106,-0.00030566971715769895,258.289,0.011325018050854205,6.230909112182837e-06
258.192,0.011783961766871949,-0.0003056714744559542,258.389,0.011334230354460578,6.240990898522741e-06
