amcl_Timestamp,amcl_X,amcl_Y,Odom_Timestamp,Odom_X,Odom_Y
135.28,0.02861890128796612,0.0005259228853598574,251.703,0.010719401314985425,5.585923353900752e-06
135.28,0.02861890128796612,0.0005259228853598574,251.803,0.010728613615492768,5.595471928285534e-06
135.28,0.02861890128796612,0.0005259228853598574,251.903,0.010737825916047532,5.605028616883854e-06
135.28,0.02861890128796612,0.0005259228853598574,252.003,0.01074703821664967,5.614593419593937e-06
135.28,0.02861890128796612,0.0005259228853598574,252.103,0.01075625051729923,5.624166336314082e-06
135.28,0.02861890128796612,0.0005259228853598574,252.203,0.010765462817996183,5.633747366942533e-06
135.28,0.02861890128796612,0.0005259228853598574,252.303,0.010774675118740489,5.6433365113775436e-06
135.28,0.02861890128796612,0.0005259228853598574,252.403,0.01078388741953219,5.652933769517423e-06
135.28,0.02861890128796612,0.0005259228853598574,252.503,0.010793099720371258,5.662539141260417e-06
135.28,0.02861890128796612,0.0005259228853598574,252.603,0.01080231202125766,5.672152626504772e-06
135.28,0.02861890128796612,0.0005259228853598574,252.703,0.010811524322191422,5.681774225148791e-06
135.28,0.02861890128796612,0.0005259228853598574,252.803,0.010820736623172532,5.691403937090745e-06
135.28,0.02861890128796612,0.0005259228853598574,252.903,0.010829948924200972,5.701041762228901e-06
135.28,0.02861890128796612,0.0005259228853598574,253.003,0.010839161225276726,5.71068770046152e-06
135.28,0.02861890128796612,0.0005259228853598574,253.103,0.010848373526399797,5.720341751686897e-06
135.28,0.02861890128796612,0.0005259228853598574,253.203,0.010857585827570158,5.730003915803288e-06
135.28,0.02861890128796612,0.0005259228853598574,253.303,0.010866798128787863,5.739674192709022e-06
135.28,0.02861890128796612,0.0005259228853598574,253.403,0.010876010430052813,5.74935258230231e-06
135.28,0.02861890128796612,0.0005259228853598574,253.503,0.010885222731365041,5.759039084481463e-06
135.28,0.02861890128796612,0.0005259228853598574,253.603,0.010894435032724553,5.768733699144777e-06
135.28,0.02861890128796612,0.0005259228853598574,253.703,0.01090364733413133,5.778436426190524e-06
135.28,0.02861890128796612,0.0005259228853598574,253.803,0.010912859635585337,5.78814726551696e-06
135.28,0.02861890128796612,0.0005259228853598574,253.903,0.010922071937086606,5.797866217022419e-06
135.28,0.02861890128796612,0.0005259228853598574,254.003,0.01093128423863514,5.807593280605192e-06
135.28,0.02861890128796612,0.0005259228853598574,254.103,0.010940496540230903,5.8173284561635435e-06
135.28,0.02861890128796612,0.0005259228853598574,254.203,0.010949708841873847,5.8270717435957235e-06
135.28,0.02861890128796612,0.0005259228853598574,254.303,0.010958921143564011,5.8368231428000676e-06
135.28,0.02861890128796612,0.0005259228853598574,254.403,0.010968133445301374,5.8465826536748715e-06
135.28,0.02861890128796612,0.0005259228853598574,254.503,0.010977345747085924,5.856350276118404e-06
135.28,0.02861890128796612,0.0005259228853598574,254.603,0.010986558048917669,5.866126010028987e-06
135.28,0.02861890128796612,0.0005259228853598574,254.703,0.010995770350796609,5.875909855304912e-06
135.28,0.02861890128796612,0.0005259228853598574,254.803,0.011004982652722728,5.885701811844491e-06
135.28,0.02861890128796612,0.0005259228853598574,254.903,0.011014194954695978,5.895501879545969e-06
135.28,0.02861890128796612,0.0005259228853598574,255.003,0.01102340725671637,5.9053100583076685e-06
135.28,0.02861890128796612,0.0005259228853598574,255.103,0.011032619558783967,5.915126348027976e-06
135.28,0.02861890128796612,0.0005259228853598574,255.203,0.011041831860898655,5.9249507486050675e-06
135.28,0.02861890128796612,0.0005259228853598574,255.303,0.011051044163060492,5.934783259937317e-06
135.28,0.02861890128796612,0.0005259228853598574,255.403,0.011060256465269463,5.94462388192303e-06
135.28,0.02861890128796612,0.0005259228853598574,255.503,0.011069468767525528,5.954472614460475e-06
135.28,0.02861890128796612,0.0005259228853598574,255.603,0.011078681069828691,5.9643294574479816e-06
135.28,0.02861890128796612,0.0005259228853598574,255.703,0.01108789337217895,5.974194410783858e-06
135.28,0.02861890128796612,0.0005259228853598574,255.803,0.01109710567457629,5.984067474366412e-06
135.28,0.02861890128796612,0.0005259228853598574,255.903,0.011106317977020722,5.9939486480939594e-06
135.28,0.02861890128796612,0.0005259228853598574,256.003,0.011115530279512204,6.003837931864793e-06
135.28,0.02861890128796612,0.0005259228853598574,256.103,0.01112474258205075,6.013735325577247e-06
135.28,0.02861890128796612,0.0005259228853598574,256.203,0.011133954884636343,6.0236408291296155e-06
135.28,0.02861890128796612,0.0005259228853598574,256.303,0.01114316718726892,6.033554442420175e-06
135.28,0.02861890128796612,0.0005259228853598574,256.403,0.01115237948994859,6.04347616534735e-06
135.28,0.02861890128796612,0.0005259228853598574,256.503,0.011161591792675287,6.053405997809395e-06
135.28,0.02861890128796612,0.0005259228853598574,256.603,0.011170804095448962,6.063343939704611e-06
135.28,0.02861890128796612,0.0005259228853598574,256.703,0.011180016398269682,6.073289990931384e-06
135.28,0.02861890128796612,0.0005259228853598574,256.803,0.011189228701137382,6.0832441513879794e-06
135.28,0.02861890128796612,0.0005259228853598574,256.903,0.01119844100405209,6.093206420972757e-06
135.28,0.02861890128796612,0.0005259228853598574,257.003,0.011207653307013786,6.1031767995840306e-06
135.28,0.02861890128796612,0.0005259228853598574,257.103,0.011216865610022445,6.113155287120118e-06
135.28,0.02861890128796612,0.0005259228853598574,257.203,0.011226077913078088,6.123141883479356e-06
135.28,0.02861890128796612,0.0005259228853598574,257.303,0.011235290216180693,6.133136588560073e-06
135.28,0.02861890128796612,0.0005259228853598574,257.403,0.011244502519330221,6.143139402260572e-06
135.28,0.02861890128796612,0.0005259228853598574,257.503,0.011253714822526724,6.153150324479243e-06
135.28,0.02861890128796612,0.0005259228853598574,257.603,0.011262927125770126,6.1631693551143414e-06
135.28,0.02861890128796612,0.0005259228853598574,257.703,0.011272139429060456,6.17319649406425e-06
135.28,0.02861890128796612,0.0005259228853598574,257.803,0.011281351732397716,6.183231741227305e-06
135.28,0.02861890128796612,0.0005259228853598574,257.903,0.011290564035781844,6.193275096501793e-06
135.28,0.02861890128796612,0.0005259228853598574,258.003,0.011299776339212904,6.203326559786134e-06
135.28,0.02861890128796612,0.0005259228853598574,258.103,0.011308988642690846,6.213386130978613e-06
135.28,0.02861890128796612,0.0005259228853598574,258.203,0.011318200946215669,6.223453809977579e-06
135.28,0.02861890128796612,0.0005259228853598574,258.303,0.011327413249787349,6.233529596681348e-06
135.28,0.02861890128796612,0.0005259228853598574,258.403,0.011336625553405918,6.24361349098831e-06
135.28,0.02861890128796612,0.0005259228853598574,258.503,0.011345837857071326,6.253705492796787e-06
135.28,0.02861890128796612,0.0005259228853598574,258.603,0.011355050160783583,6.263805602005131e-06
135.28,0.02861890128796612,0.0005259228853598574,258.703,0.011364262464542705,6.273913818511709e-06
135.28,0.02861890128796612,0.0005259228853598574,258.803,0.011373474768348626,6.284030142214796e-06
135.28,0.02861890128796612,0.0005259228853598574,258.903,0.011382687072201383,6.294154573012814e-06
135.28,0.02861890128796612,0.0005259228853598574,259.003,0.011391899376100946,6.304287110804074e-06
135.28,0.02861890128796612,0.0005259228853598574,259.103,0.011401111680047319,6.314427755486945e-06
135.28,0.02861890128796612,0.0005259228853598574,259.203,0.011410323984040476,6.324576506959758e-06
135.28,0.02861890128796612,0.0005259228853598574,259.303,0.011419536288080403,6.3347333651208745e-06
135.28,0.02861890128796612,0.0005259228853598574,259.403,0.011428748592167156,6.344898329868691e-06
135.28,0.02861890128796612,0.0005259228853598574,259.503,0.011437960896300644,6.3550714011015e-06
135.28,0.02861890128796612,0.0005259228853598574,259.603,0.011447173200480937,6.365252578717729e-06
135.28,0.02861890128796612,0.0005259228853598574,259.703,0.01145638550470796,6.375441862615665e-06
135.28,0.02861890128796612,0.0005259228853598574,259.803,0.011465597808981709,6.385639252693695e-06
135.28,0.02861890128796612,0.0005259228853598574,259.903,0.011474810113302251,6.395844748850225e-06
135.28,0.02861890128796612,0.0005259228853598574,260.003,0.0114840224176695,6.406058350983555e-06
135.28,0.02861890128796612,0.0005259228853598574,260.103,0.01149323472208344,6.416280058992046e-06
135.28,0.02861890128796612,0.0005259228853598574,260.203,0.011502447026544115,6.42650987277412e-06
135.28,0.02861890128796612,0.0005259228853598574,260.303,0.011511659331051466,6.436747792228092e-06
135.28,0.02861890128796612,0.0005259228853598574,260.403,0.011520871635605494,6.4469938172523245e-06
135.28,0.02861890128796612,0.0005259228853598574,260.503,0.01153008394020625,6.457247947745242e-06
135.28,0.02861890128796612,0.0005259228853598574,260.603,0.011539296244853656,6.467510183605172e-06
135.28,0.02861890128796612,0.0005259228853598574,260.703,0.011548508549547719,6.47778052473048e-06
135.28,0.02861890128796612,0.0005259228853598574,260.803,0.011557720854288462,6.488058971019571e-06
135.28,0.02861890128796612,0.0005259228853598574,260.903,0.011566933159075869,6.498345522370817e-06
135.28,0.02861890128796612,0.0005259228853598574,261.003,0.011576145463909915,6.508640178682569e-06
135.28,0.02861890128796612,0.0005259228853598574,261.103,0.011585357768790591,6.518942939853209e-06
135.28,0.02861890128796612,0.0005259228853598574,261.203,0.011594570073717883,6.529253805781112e-06
135.28,0.02861890128796612,0.0005259228853598574,261.303,0.011603782378691785,6.539572776364667e-06
135.28,0.02861890128796612,0.0005259228853598574,261.403,0.011612994683712293,6.549899851502245e-06
135.28,0.02861890128796612,0.0005259228853598574,261.503,0.011622206988779431,6.560235031092257e-06
135.28,0.02861890128796612,0.0005259228853598574,261.603,0.011631419293893183,6.570578315033094e-06
135.28,0.02861890128796612,0.0005259228853598574,261.703,0.011640631599053469,6.580929703223058e-06
135.28,0.02861890128796612,0.0005259228853598574,261.803,0.011649843904260356,6.591289195560624e-06
135.28,0.02861890128796612,0.0005259228853598574,261.903,0.011659056209513791,6.601656791944118e-06
135.28,0.02861890128796612,0.0005259228853598574,262.003,0.011668268514813796,6.612032492271962e-06
135.28,0.02861890128796612,0.0005259228853598574,262.103,0.011677480820160341,6.622416296442516e-06
135.28,0.02861890128796612,0.0005259228853598574,262.203,0.011686693125553437,6.6328082043541995e-06
135.28,0.02861890128796612,0.0005259228853598574,262.303,0.011695905430993097,6.643208215905436e-06
135.28,0.02861890128796612,0.0005259228853598574,262.403,0.011705117736479247,6.653616330994539e-06
135.28,0.02861890128796612,0.0005259228853598574,262.503,0.011714330042011912,6.664032549519931e-06
135.28,0.02861890128796612,0.0005259228853598574,262.603,0.011723542347591114,6.6744568713800604e-06
135.28,0.02861890128796612,0.0005259228853598574,262.703,0.011732754653216788,6.684889296473244e-06
135.28,0.02861890128796612,0.0005259228853598574,262.803,0.011741966958888928,6.695329824697886e-06
135.28,0.02861890128796612,0.0005259228853598574,262.903,0.011751179264607598,6.705778455952461e-06
135.28,0.02861890128796612,0.0005259228853598574,263.003,0.01176039157037269,6.716235190135269e-06
135.28,0.02861890128796612,0.0005259228853598574,263.103,0.011769603876184274,6.72670002714479e-06
135.28,0.02861890128796612,0.0005259228853598574,263.203,0.011778816182042332,6.737172966879429e-06
135.28,0.02861890128796612,0.0005259228853598574,263.303,0.011788028487946842,6.747654009237569e-06
135.28,0.02861890128796612,0.0005259228853598574,263.403,0.0117972407938978,6.758143154117615e-06
135.28,0.02861890128796612,0.0005259228853598574,263.503,0.011806453099895196,6.7686404014179745e-06
135.28,0.02861890128796612,0.0005259228853598574,263.603,0.011815665405938975,6.779145751037008e-06
135.28,0.02861890128796612,0.0005259228853598574,263.703,0.011824877712029227,6.789659202873224e-06
135.28,0.02861890128796612,0.0005259228853598574,263.803,0.011834090018165825,6.800180756824907e-06
135.28,0.02861890128796612,0.0005259228853598574,263.903,0.011843302324348862,6.8107104127905764e-06
135.28,0.02861890128796612,0.0005259228853598574,264.003,0.011852514630578246,6.821248170668573e-06
135.28,0.02861890128796612,0.0005259228853598574,264.103,0.011861726936854054,6.831794030357377e-06
135.28,0.02861890128796612,0.0005259228853598574,264.203,0.01187093924317621,6.842347991755343e-06
135.28,0.02861890128796612,0.0005259228853598574,264.303,0.011880151549544716,6.852910054760904e-06
135.28,0.02861890128796612,0.0005259228853598574,264.403,0.01188936385595958,6.863480219272483e-06
135.28,0.02861890128796612,0.0005259228853598574,264.503,0.011898576162420814,6.8740584851885275e-06
135.28,0.02861890128796612,0.0005259228853598574,264.603,0.01190778846892838,6.8846448524074345e-06
135.28,0.02861890128796612,0.0005259228853598574,264.703,0.011917000775482255,6.895239320827602e-06
135.28,0.02861890128796612,0.0005259228853598574,264.803,0.011926213082082469,6.9058418903474836e-06
135.28,0.02861890128796612,0.0005259228853598574,264.903,0.011935425388728984,6.916452560865491e-06
135.28,0.02861890128796612,0.0005259228853598574,265.003,0.011944637695421844,6.9270713322800925e-06
135.28,0.02861890128796612,0.0005259228853598574,265.103,0.011953850002160966,6.937698204489637e-06
135.28,0.02861890128796612,0.0005259228853598574,265.203,0.011963062308946395,6.9483331773926265e-06
135.28,0.02861890128796612,0.0005259228853598574,265.303,0.011972274615778074,6.958976250887414e-06
135.28,0.02861890128796612,0.0005259228853598574,265.403,0.01198148692265606,6.96962742487252e-06
135.28,0.02861890128796612,0.0005259228853598574,265.503,0.011990699229580272,6.98028669924629e-06
135.28,0.02861890128796612,0.0005259228853598574,265.603,0.011999911536550794,6.990954073907261e-06
135.28,0.02861890128796612,0.0005259228853598574,265.703,0.012009123843567516,7.0016295487537476e-06
135.28,0.02861890128796612,0.0005259228853598574,265.803,0.012018336150630464,7.012313123684231e-06
135.28,0.02861890128796612,0.0005259228853598574,265.903,0.012027548457739656,7.023004798597175e-06
135.28,0.02861890128796612,0.0005259228853598574,266.003,0.012036760764895045,7.033704573390974e-06
135.28,0.02861890128796612,0.0005259228853598574,266.103,0.012045973072096674,7.044412447964116e-06
135.28,0.02861890128796612,0.0005259228853598574,266.203,0.012055185379344507,7.055128422215021e-06
135.28,0.02861890128796612,0.0005259228853598574,266.303,0.012064397686638507,7.065852496042106e-06
135.28,0.02861890128796612,0.0005259228853598574,266.403,0.012073609993978706,7.076584669343845e-06
135.28,0.02861890128796612,0.0005259228853598574,266.503,0.012082822301365106,7.087324942018699e-06
135.28,0.02861890128796612,0.0005259228853598574,266.603,0.012092034608797628,7.098073313965048e-06
135.28,0.02861890128796612,0.0005259228853598574,266.703,0.01210124691627632,7.108829785081388e-06
135.28,0.02861890128796612,0.0005259228853598574,266.803,0.012110459223801202,7.119594355266199e-06
135.28,0.02861890128796612,0.0005259228853598574,266.903,0.012119671531372236,7.1303670244178974e-06
135.28,0.02861890128796612,0.0005259228853598574,267.003,0.012128883838989423,7.14114779243494e-06
135.28,0.02861890128796612,0.0005259228853598574,267.103,0.012138096146652703,7.151936659215728e-06
135.28,0.02861890128796612,0.0005259228853598574,267.203,0.0121473084543621,7.1627336246587435e-06
135.28,0.02861890128796612,0.0005259228853598574,267.303,0.012156520762117644,7.1735386886624905e-06
135.28,0.02861890128796612,0.0005259228853598574,267.403,0.012165733069919265,7.1843518511253525e-06
135.28,0.02861890128796612,0.0005259228853598574,267.503,0.012174945377766973,7.19517311194581e-06
135.28,0.02861890128796612,0.0005259228853598574,267.603,0.01218415768566075,7.206002471022297e-06
135.28,0.02861890128796612,0.0005259228853598574,267.703,0.012193369993600621,7.216839928253335e-06
135.28,0.02861890128796612,0.0005259228853598574,267.803,0.012202582301586546,7.227685483537326e-06
135.28,0.02861890128796612,0.0005259228853598574,267.903,0.012211794609618538,7.238539136772762e-06
135.28,0.02861890128796612,0.0005259228853598574,268.003,0.012221006917696607,7.249400887858132e-06
135.28,0.02861890128796612,0.0005259228853598574,268.103,0.012230219225820698,7.260270736691851e-06
135.28,0.02861890128796612,0.0005259228853598574,268.203,0.012239431533990805,7.271148683172392e-06
135.28,0.02861890128796612,0.0005259228853598574,268.303,0.012248643842206924,7.282034727198219e-06
135.28,0.02861890128796612,0.0005259228853598574,268.403,0.012257856150469095,7.292928868667852e-06
135.28,0.02861890128796612,0.0005259228853598574,268.503,0.012267068458777241,7.303831107479684e-06
135.28,0.02861890128796612,0.0005259228853598574,268.603,0.012276280767131404,7.314741443532243e-06
135.28,0.02861890128796612,0.0005259228853598574,268.703,0.012285493075531591,7.325659876724028e-06
135.28,0.02861890128796612,0.0005259228853598574,268.803,0.012294705383977712,7.33658640695341e-06
135.28,0.02861890128796612,0.0005259228853598574,268.903,0.012303917692469848,7.347521034118974e-06
135.28,0.02861890128796612,0.0005259228853598574,269.003,0.012313130001007937,7.358463758119108e-06
135.28,0.02861890128796612,0.0005259228853598574,269.103,0.01232234230959199,7.369414578852346e-06
135.28,0.02861890128796612,0.0005259228853598574,269.203,0.012331554618221972,7.38037349621712e-06
135.28,0.02861890128796612,0.0005259228853598574,269.303,0.012340766926897917,7.39134051011197e-06
135.28,0.02861890128796612,0.0005259228853598574,269.403,0.012349979235619786,7.402315620435316e-06
135.28,0.02861890128796612,0.0005259228853598574,269.503,0.012359191544387582,7.413298827085673e-06
135.28,0.02861890128796612,0.0005259228853598574,269.603,0.012368403853201303,7.424290129961518e-06
135.28,0.02861890128796612,0.0005259228853598574,269.703,0.012377616162060913,7.4352895289613145e-06
135.28,0.02861890128796612,0.0005259228853598574,269.803,0.012386828470966437,7.446297023983581e-06
135.28,0.02861890128796612,0.0005259228853598574,269.903,0.012396040779917883,7.457312614926824e-06
135.28,0.02861890128796612,0.0005259228853598574,270.003,0.012405253088915184,7.468336301689482e-06
135.28,0.02861890128796612,0.0005259228853598574,270.103,0.01241446539795835,7.479368084170055e-06
135.28,0.02861890128796612,0.0005259228853598574,270.203,0.012423677707047387,7.49040796226703e-06
135.28,0.02861890128796612,0.0005259228853598574,270.303,0.012432890016182287,7.501455935878932e-06
135.28,0.02861890128796612,0.0005259228853598574,270.403,0.012442102325363037,7.512512004904225e-06
135.28,0.02861890128796612,0.0005259228853598574,270.503,0.012451314634589618,7.523576169241405e-06
135.28,0.02861890128796612,0.0005259228853598574,270.603,0.012460526943862002,7.534648428788942e-06
135.28,0.02861890128796612,0.0005259228853598574,270.703,0.012469739253180259,7.545728783445417e-06
135.28,0.02861890128796612,0.0005259228853598574,270.803,0.012478951562544336,7.5568172331092846e-06
135.28,0.02861890128796612,0.0005259228853598574,270.903,0.012488163871954215,7.567913777679041e-06
135.28,0.02861890128796612,0.0005259228853598574,271.003,0.012497376181409852,7.579018417053129e-06
135.28,0.02861890128796612,0.0005259228853598574,271.103,0.012506588490911309,7.590131151130132e-06
135.28,0.02861890128796612,0.0005259228853598574,271.203,0.012515800800458573,7.601251979808557e-06
135.28,0.02861890128796612,0.0005259228853598574,271.303,0.012525013110051584,7.612380902986833e-06
135.28,0.02861890128796612,0.0005259228853598574,271.403,0.012534225419690358,7.6235179205635214e-06
135.28,0.02861890128796612,0.0005259228853598574,271.503,0.01254343772937486,7.634663032437073e-06
135.28,0.02861890128796612,0.0005259228853598574,271.603,0.012552650039105143,7.645816238506088e-06
135.28,0.02861890128796612,0.0005259228853598574,271.703,0.01256186234888116,7.656977538669005e-06
135.28,0.02861890128796612,0.0005259228853598574,271.803,0.012571074658702873,7.668146932824328e-06
135.28,0.02861890128796612,0.0005259228853598574,271.903,0.012580286968570347,7.679324420870646e-06
135.28,0.02861890128796612,0.0005259228853598574,272.003,0.012589499278483511,7.690510002706388e-06
135.28,0.02861890128796612,0.0005259228853598574,272.103,0.012598711588442396,7.70170367823014e-06
135.28,0.02861890128796612,0.0005259228853598574,272.203,0.012607923898446994,7.7129054473404e-06
135.28,0.02861890128796612,0.0005259228853598574,272.303,0.012617136208497259,7.724115309935651e-06
135.28,0.02861890128796612,0.0005259228853598574,272.403,0.012626348518593187,7.735333265914409e-06
135.28,0.02861890128796612,0.0005259228853598574,272.503,0.012635560828734817,7.746559315175241e-06
135.28,0.02861890128796612,0.0005259228853598574,272.603,0.012644773138922068,7.7577934576166e-06
135.28,0.02861890128796612,0.0005259228853598574,272.703,0.012653985449155022,7.769035693137104e-06
135.28,0.02861890128796612,0.0005259228853598574,272.803,0.01266319775943361,7.780286021635206e-06
135.28,0.02861890128796612,0.0005259228853598574,272.903,0.012672410069757814,7.791544443009426e-06
135.28,0.02861890128796612,0.0005259228853598574,273.003,0.012681622380127664,7.802810957158321e-06
135.28,0.02861890128796612,0.0005259228853598574,273.103,0.012690834690543107,7.814085563980368e-06
135.28,0.02861890128796612,0.0005259228853598574,273.203,0.012700047001004166,7.825368263374143e-06
135.28,0.02861890128796612,0.0005259228853598574,273.303,0.012709259311510838,7.83665905523819e-06
135.28,0.02861890128796612,0.0005259228853598574,273.403,0.01271847162206308,7.847957939470975e-06
135.28,0.02861890128796612,0.0005259228853598574,273.503,0.012727683932660949,7.859264915971118e-06
135.28,0.02861890128796612,0.0005259228853598574,273.603,0.012736896243304395,7.870579984637117e-06
135.28,0.02861890128796612,0.0005259228853598574,273.703,0.012746108553993413,7.881903145367494e-06
135.28,0.02861890128796612,0.0005259228853598574,273.803,0.012755320864728,7.893234398060793e-06
135.28,0.02861890128796612,0.0005259228853598574,273.903,0.01276453317550814,7.904573742615545e-06
135.28,0.02861890128796612,0.0005259228853598574,274.003,0.012773745486333825,7.915921178930298e-06
135.28,0.02861890128796612,0.0005259228853598574,274.103,0.012782957797205022,7.927276706903561e-06
135.28,0.02861890128796612,0.0005259228853598574,274.203,0.012792170108121776,7.938640326433923e-06
135.28,0.02861890128796612,0.0005259228853598574,274.303,0.01280138241908406,7.950012037419915e-06
135.28,0.02861890128796612,0.0005259228853598574,274.403,0.012810594730091817,7.961391839760014e-06
135.28,0.02861890128796612,0.0005259228853598574,274.503,0.012819807041145085,7.972779733352833e-06
135.28,0.02861890128796612,0.0005259228853598574,274.603,0.012829019352243863,7.984175718096918e-06
135.28,0.02861890128796612,0.0005259228853598574,274.703,0.01283823166338812,7.99557979389079e-06
135.28,0.02861890128796612,0.0005259228853598574,274.803,0.012847443974577842,8.006991960632995e-06
135.28,0.02861890128796612,0.0005259228853598574,274.903,0.012856656285813055,8.018412218222117e-06
135.28,0.02861890128796612,0.0005259228853598574,275.003,0.012865868597093714,8.029840566556674e-06
135.28,0.02861890128796612,0.0005259228853598574,275.103,0.012875080908419859,8.04127700553525e-06
135.28,0.02861890128796612,0.0005259228853598574,275.203,0.012884293219791424,8.052721535056375e-06
135.28,0.02861890128796612,0.0005259228853598574,275.303,0.012893505531208396,8.064174155018588e-06
135.28,0.02861890128796612,0.0005259228853598574,275.403,0.012902717842670844,8.075634865320484e-06
135.28,0.02861890128796612,0.0005259228853598574,275.503,0.012911930154178655,8.087103665860547e-06
135.28,0.02861890128796612,0.0005259228853598574,275.603,0.012921142465731904,8.098580556537426e-06
135.28,0.02861890128796612,0.0005259228853598574,275.703,0.012930354777330557,8.110065537249634e-06
135.28,0.02861890128796612,0.0005259228853598574,275.803,0.012939567088974615,8.121558607895775e-06
135.28,0.02861890128796612,0.0005259228853598574,275.903,0.012948779400664034,8.133059768374355e-06
135.28,0.02861890128796612,0.0005259228853598574,276.003,0.012957991712398823,8.144569018583947e-06
135.28,0.02861890128796612,0.0005259228853598574,276.103,0.012967204024178986,8.156086358423128e-06
135.28,0.02861890128796612,0.0005259228853598574,276.203,0.012976416336004503,8.167611787790468e-06
135.28,0.02861890128796612,0.0005259228853598574,276.303,0.012985628647875364,8.179145306584511e-06
135.28,0.02861890128796612,0.0005259228853598574,276.403,0.01299484095979156,8.190686914703849e-06
135.28,0.02861890128796612,0.0005259228853598574,276.503,0.013004053271753102,8.202236612047062e-06
135.28,0.02861890128796612,0.0005259228853598574,276.603,0.013013265583759974,8.213794398512708e-06
135.28,0.02861890128796612,0.0005259228853598574,276.703,0.013022477895812179,8.225360273999378e-06
135.28,0.02861890128796612,0.0005259228853598574,276.803,0.013031690207909693,8.236934238405623e-06
135.28,0.02861890128796612,0.0005259228853598574,276.903,0.013040902520052536,8.248516291630052e-06
135.28,0.02861890128796612,0.0005259228853598574,277.003,0.013050114832240623,8.260106433571158e-06
135.28,0.02861890128796612,0.0005259228853598574,277.103,0.013059327144474015,8.271704664127607e-06
135.28,0.02861890128796612,0.0005259228853598574,277.203,0.013068539456752687,8.283310983197945e-06
135.28,0.02861890128796612,0.0005259228853598574,277.303,0.013077751769076627,8.29492539068074e-06
135.28,0.02861890128796612,0.0005259228853598574,277.403,0.013086964081445829,8.306547886474585e-06
135.28,0.02861890128796612,0.0005259228853598574,277.503,0.013096176393860277,8.318178470478075e-06
135.28,0.02861890128796612,0.0005259228853598574,277.603,0.013105388706319969,8.329817142589756e-06
135.28,0.02861890128796612,0.0005259228853598574,277.703,0.013114601018824903,8.34146390270827e-06
135.28,0.02861890128796612,0.0005259228853598574,277.803,0.01312381333137504,8.353118750732153e-06
135.28,0.02861890128796612,0.0005259228853598574,277.903,0.013133025643970394,8.364781686559997e-06
135.28,0.02861890128796612,0.0005259228853598574,278.003,0.013142237956610969,8.376452710090412e-06
135.28,0.02861890128796612,0.0005259228853598574,278.103,0.013151450269296741,8.388131821221993e-06
135.28,0.02861890128796612,0.0005259228853598574,278.203,0.013160662582027681,8.39981901985328e-06
135.28,0.02861890128796612,0.0005259228853598574,278.303,0.013169874894803833,8.411514305882961e-06
135.28,0.02861890128796612,0.0005259228853598574,278.403,0.01317908720762517,8.423217679209573e-06
135.28,0.02861890128796612,0.0005259228853598574,278.503,0.013188299520491675,8.434929139731705e-06
135.28,0.02861890128796612,0.0005259228853598574,278.603,0.013197511833403367,8.446648687347986e-06
135.28,0.02861890128796612,0.0005259228853598574,278.703,0.013206724146360158,8.458376321956945e-06
135.28,0.02861890128796612,0.0005259228853598574,278.803,0.0132159364593621,8.470112043457218e-06
135.28,0.02861890128796612,0.0005259228853598574,278.903,0.013225148772409176,8.48185585174742e-06
135.28,0.02861890128796612,0.0005259228853598574,279.003,0.013234361085501387,8.49360774672615e-06
135.28,0.02861890128796612,0.0005259228853598574,279.103,0.0132435733986387,8.50536772829198e-06
135.28,0.02861890128796612,0.0005259228853598574,279.203,0.01325278571182113,8.517135796343554e-06
135.28,0.02861890128796612,0.0005259228853598574,279.303,0.01326199802504864,8.52891195077944e-06
135.28,0.02861890128796612,0.0005259228853598574,279.403,0.013271210338321225,8.54069619149823e-06
135.28,0.02861890128796612,0.0005259228853598574,279.503,0.013280422651638915,8.552488518398572e-06
135.28,0.02861890128796612,0.0005259228853598574,279.603,0.013289634965001667,8.564288931379068e-06
135.28,0.02861890128796612,0.0005259228853598574,279.703,0.013298847278409492,8.57609743033833e-06
135.28,0.02861890128796612,0.0005259228853598574,279.803,0.01330805959186235,8.587914015174939e-06
135.28,0.02861890128796612,0.0005259228853598574,279.903,0.01331727190536028,8.599738685787563e-06
135.28,0.02861890128796612,0.0005259228853598574,280.003,0.013326484218903251,8.611571442074782e-06
135.28,0.02861890128796612,0.0005259228853598574,280.103,0.013335696532491236,8.623412283935197e-06
135.28,0.02861890128796612,0.0005259228853598574,280.203,0.013344908846124262,8.635261211267463e-06
135.28,0.02861890128796612,0.0005259228853598574,280.303,0.013354121159802298,8.647118223970161e-06
135.28,0.02861890128796612,0.0005259228853598574,280.403,0.013363333473525333,8.658983321941946e-06
135.28,0.02861890128796612,0.0005259228853598574,280.503,0.013372545787293383,8.670856505081426e-06
135.28,0.02861890128796612,0.0005259228853598574,280.603,0.013381758101106407,8.682737773287193e-06
135.28,0.02861890128796612,0.0005259228853598574,280.703,0.013390970414964419,8.694627126457908e-06
135.28,0.02861890128796612,0.0005259228853598574,280.803,0.01340018272886741,8.706524564492193e-06
135.28,0.02861890128796612,0.0005259228853598574,280.903,0.013409395042815363,8.718430087288639e-06
135.28,0.02861890128796612,0.0005259228853598574,281.003,0.013418607356808271,8.730343694745886e-06
135.28,0.02861890128796612,0.0005259228853598574,281.103,0.013427819670846136,8.742265386762593e-06
135.28,0.02861890128796612,0.0005259228853598574,281.203,0.01343703198492896,8.75419516323738e-06
135.28,0.02861890128796612,0.0005259228853598574,281.303,0.013446244299056692,8.766133024068823e-06
135.28,0.02861890128796612,0.0005259228853598574,281.403,0.01345545661322936,8.778078969155626e-06
135.28,0.02861890128796612,0.0005259228853598574,281.503,0.013464668927446905,8.790032998396324e-06
135.28,0.02861890128796612,0.0005259228853598574,281.603,0.013473881241709375,8.80199511168963e-06
135.28,0.02861890128796612,0.0005259228853598574,281.703,0.013483093556016743,8.813965308934171e-06
135.28,0.02861890128796612,0.0005259228853598574,281.803,0.013492305870368987,8.825943590028556e-06
135.28,0.02861890128796612,0.0005259228853598574,281.903,0.013501518184766127,8.837929954871475e-06
135.28,0.02861890128796612,0.0005259228853598574,282.003,0.013510730499208135,8.849924403361506e-06
135.28,0.02861890128796612,0.0005259228853598574,282.103,0.013519942813695007,8.86192693539733e-06
135.28,0.02861890128796612,0.0005259228853598574,282.203,0.013529155128226746,8.873937550877594e-06
135.28,0.02861890128796612,0.0005259228853598574,282.303,0.013538367442803352,8.885956249700933e-06
135.28,0.02861890128796612,0.0005259228853598574,282.403,0.013547579757424759,8.897983031765931e-06
135.28,0.02861890128796612,0.0005259228853598574,282.503,0.01355679207209101,8.910017896971304e-06
135.28,0.02861890128796612,0.0005259228853598574,282.603,0.013566004386802055,8.922060845215646e-06
135.28,0.02861890128796612,0.0005259228853598574,282.703,0.013575216701557926,8.934111876397655e-06
135.28,0.02861890128796612,0.0005259228853598574,282.803,0.0135844290163586,8.946170990415947e-06
135.28,0.02861890128796612,0.0005259228853598574,282.903,0.01359364133120409,8.958238187169213e-06
135.28,0.02861890128796612,0.0005259228853598574,283.003,0.013602853646094343,8.970313466556037e-06
135.28,0.02861890128796612,0.0005259228853598574,283.103,0.01361206596102939,8.982396828475141e-06
135.28,0.02861890128796612,0.0005259228853598574,283.203,0.013621278276009178,8.994488272825095e-06
135.28,0.02861890128796612,0.0005259228853598574,283.303,0.013630490591033745,9.006587799504642e-06
135.28,0.02861890128796612,0.0005259228853598574,283.403,0.013639702906103047,9.018695408412367e-06
135.28,0.02861890128796612,0.0005259228853598574,283.503,0.01364891522121708,9.030811099446952e-06
135.28,0.02861890128796612,0.0005259228853598574,283.603,0.013658127536375908,9.042934872507135e-06
135.28,0.02861890128796612,0.0005259228853598574,283.703,0.01366733985157943,9.055066727491456e-06
135.28,0.02861890128796612,0.0005259228853598574,283.803,0.0136765521668277,9.067206664298686e-06
135.28,0.02861890128796612,0.0005259228853598574,283.903,0.013685764482120655,9.079354682827395e-06
135.28,0.02861890128796612,0.0005259228853598574,284.003,0.0136949767974583,9.091510782976258e-06
135.28,0.02861890128796612,0.0005259228853598574,284.103,0.013704189112840654,9.10367496464399e-06
135.28,0.02861890128796612,0.0005259228853598574,284.203,0.013713401428267722,9.11584722772925e-06
135.28,0.02861890128796612,0.0005259228853598574,284.303,0.013722613743739486,9.128027572130713e-06
135.28,0.02861890128796612,0.0005259228853598574,284.403,0.013731826059255919,9.140215997747024e-06
135.28,0.02861890128796612,0.0005259228853598574,284.503,0.013741038374817013,9.15241250447685e-06
135.28,0.02861890128796612,0.0005259228853598574,284.603,0.013750250690422733,9.16461709221884e-06
135.28,0.02861890128796612,0.0005259228853598574,284.703,0.013759463006073107,9.176829760871684e-06
135.28,0.02861890128796612,0.0005259228853598574,284.803,0.013768675321768134,9.189050510334103e-06
135.28,0.02861890128796612,0.0005259228853598574,284.903,0.013777887637507775,9.201279340504704e-06
135.28,0.02861890128796612,0.0005259228853598574,285.003,0.013787099953292014,9.213516251282173e-06
135.28,0.02861890128796612,0.0005259228853598574,285.103,0.01379631226912092,9.225761242565283e-06
135.28,0.02861890128796612,0.0005259228853598574,285.203,0.013805524584994417,9.238014314252619e-06
135.28,0.02861890128796612,0.0005259228853598574,285.303,0.013814736900912523,9.250275466242894e-06
135.28,0.02861890128796612,0.0005259228853598574,285.403,0.013823949216875185,9.262544698434722e-06
135.28,0.02861890128796612,0.0005259228853598574,285.503,0.01383316153288243,9.274822010726867e-06
135.28,0.02861890128796612,0.0005259228853598574,285.603,0.013842373848934235,9.28710740301798e-06
135.28,0.02861890128796612,0.0005259228853598574,285.703,0.013851586165030618,9.299400875206777e-06
135.28,0.02861890128796612,0.0005259228853598574,285.803,0.013860798481171548,9.311702427191895e-06
135.28,0.02861890128796612,0.0005259228853598574,285.903,0.013870010797357023,9.324012058872058e-06
135.28,0.02861890128796612,0.0005259228853598574,286.003,0.013879223113587053,9.336329770145968e-06
135.28,0.02861890128796612,0.0005259228853598574,286.103,0.013888435429861583,9.348655560912256e-06
135.28,0.02861890128796612,0.0005259228853598574,286.203,0.013897647746180634,9.360989431069652e-06
135.28,0.02861890128796612,0.0005259228853598574,286.303,0.01390686006254422,9.373331380516887e-06
135.28,0.02861890128796612,0.0005259228853598574,286.403,0.013916072378952293,9.38568140915259e-06
135.28,0.02861890128796612,0.0005259228853598574,286.503,0.013925284695404844,9.39803951687545e-06
135.28,0.02861890128796612,0.0005259228853598574,286.603,0.013934497011901907,9.410405703584217e-06
135.28,0.02861890128796612,0.0005259228853598574,286.703,0.013943709328443438,9.422779969177543e-06
135.28,0.02861890128796612,0.0005259228853598574,286.803,0.013952921645029467,9.435162313554204e-06
135.28,0.02861890128796612,0.0005259228853598574,286.903,0.013962133961659927,9.447552736612792e-06
135.28,0.02861890128796612,0.0005259228853598574,287.003,0.013971346278334849,9.459951238252074e-06
135.28,0.02861890128796612,0.0005259228853598574,287.103,0.013980558595054208,9.472357818370735e-06
135.28,0.02861890128796612,0.0005259228853598574,287.203,0.013989770911818003,9.484772476867467e-06
135.28,0.02861890128796612,0.0005259228853598574,287.303,0.013998983228626204,9.497195213640978e-06
135.28,0.02861890128796612,0.0005259228853598574,287.403,0.014008195545478875,9.509626028590048e-06
135.28,0.02861890128796612,0.0005259228853598574,287.503,0.014017407862375921,9.522064921613293e-06
135.28,0.02861890128796612,0.0005259228853598574,287.603,0.01402662017931737,9.53451189260946e-06
135.28,0.02861890128796612,0.0005259228853598574,287.703,0.014035832496303219,9.546966941477255e-06
135.28,0.02861890128796612,0.0005259228853598574,287.803,0.014045044813333449,9.559430068115388e-06
135.28,0.02861890128796612,0.0005259228853598574,287.903,0.014054257130408036,9.57190127242255e-06
135.28,0.02861890128796612,0.0005259228853598574,288.003,0.014063469447527014,9.584380554297508e-06
135.28,0.02861890128796612,0.0005259228853598574,288.103,0.01407268176469036,9.596867913638938e-06
135.28,0.02861890128796612,0.0005259228853598574,288.203,0.014081894081898047,9.609363350345558e-06
135.28,0.02861890128796612,0.0005259228853598574,288.303,0.014091106399150087,9.621866864316106e-06
135.28,0.02861890128796612,0.0005259228853598574,288.403,0.014100318716446467,9.634378455449298e-06
135.28,0.02861890128796612,0.0005259228853598574,288.503,0.014109531033787173,9.646898123643822e-06
135.28,0.02861890128796612,0.0005259228853598574,288.603,0.014118743351172181,9.659425868798414e-06
135.28,0.02861890128796612,0.0005259228853598574,288.703,0.01412795566860151,9.671961690811825e-06
135.28,0.02861890128796612,0.0005259228853598574,288.803,0.014137167986075136,9.68450558958275e-06
135.28,0.02861890128796612,0.0005259228853598574,288.903,0.01414638030359307,9.697057565009956e-06
135.28,0.02861890128796612,0.0005259228853598574,289.003,0.014155592621155285,9.709617616992135e-06
135.28,0.02861890128796612,0.0005259228853598574,289.103,0.01416480493876178,9.722185745428002e-06
135.28,0.02861890128796612,0.0005259228853598574,289.203,0.014174017256412557,9.734761950216343e-06
135.28,0.02861890128796612,0.0005259228853598574,289.303,0.014183229574107559,9.747346231255776e-06
135.28,0.02861890128796612,0.0005259228853598574,289.403,0.014192441891846808,9.759938588445113e-06
135.28,0.02861890128796612,0.0005259228853598574,289.503,0.014201654209630257,9.772539021683022e-06
135.28,0.02861890128796612,0.0005259228853598574,289.603,0.014210866527458,9.785147530868363e-06
135.28,0.02861890128796612,0.0005259228853598574,289.703,0.01422007884532997,9.797764115899817e-06
135.28,0.02861890128796612,0.0005259228853598574,289.803,0.014229291163246114,9.81038877667605e-06
135.28,0.02861890128796612,0.0005259228853598574,289.903,0.01423850348120652,9.82302151309592e-06
135.28,0.02861890128796612,0.0005259228853598574,290.003,0.014247715799211079,9.835662325058034e-06
135.28,0.02861890128796612,0.0005259228853598574,290.103,0.014256928117259864,9.848311212461236e-06
135.28,0.02861890128796612,0.0005259228853598574,290.203,0.014266140435352842,9.860968175204249e-06
135.28,0.02861890128796612,0.0005259228853598574,290.303,0.014275352753489968,9.873633213185762e-06
135.28,0.02861890128796612,0.0005259228853598574,290.403,0.014284565071671284,9.886306326304581e-06
135.28,0.02861890128796612,0.0005259228853598574,290.503,0.014293777389896727,9.898987514459398e-06
135.28,0.02861890128796612,0.0005259228853598574,290.603,0.014302989708166338,9.911676777549015e-06
135.28,0.02861890128796612,0.0005259228853598574,290.703,0.014312202026480135,9.924374115472207e-06
135.28,0.02861890128796612,0.0005259228853598574,290.803,0.014321414344838026,9.937079528127602e-06
135.28,0.02861890128796612,0.0005259228853598574,290.903,0.01433062666324004,9.949793015414016e-06
135.28,0.02861890128796612,0.0005259228853598574,291.003,0.014339838981686184,9.962514577230209e-06
135.28,0.02861890128796612,0.0005259228853598574,291.103,0.014349051300176455,9.97524421347496e-06
135.28,0.02861890128796612,0.0005259228853598574,291.203,0.014358263618710792,9.98798192404693e-06
135.28,0.02861890128796612,0.0005259228853598574,291.303,0.014367475937289218,1.0000727708844948e-05
135.28,0.02861890128796612,0.0005259228853598574,291.403,0.014376688255911749,1.0013481567767773e-05
135.28,0.02861890128796612,0.0005259228853598574,291.503,0.014385900574578362,1.0026243500714153e-05
135.28,0.02861890128796612,0.0005259228853598574,291.603,0.01439511289328903,1.0039013507582824e-05
135.28,0.02861890128796612,0.0005259228853598574,291.703,0.014404325212043746,1.0051791588272552e-05
135.28,0.02861890128796612,0.0005259228853598574,291.803,0.014413537530842528,1.0064577742682128e-05
135.28,0.02861890128796612,0.0005259228853598574,291.903,0.014422749849685342,1.007737197071029e-05
135.28,0.02861890128796612,0.0005259228853598574,292.003,0.014431962168572185,1.0090174272255802e-05
135.28,0.02861890128796612,0.0005259228853598574,292.103,0.0144411744875031,1.01029846472175e-05
135.28,0.02861890128796612,0.0005259228853598574,292.203,0.014450386806478005,1.0115803095494053e-05
135.28,0.02861890128796612,0.0005259228853598574,292.303,0.014459599125496944,1.0128629616984288e-05
135.28,0.02861890128796612,0.0005259228853598574,292.403,0.014468811444559877,1.0141464211586947e-05
135.28,0.02861890128796612,0.0005259228853598574,292.503,0.014478023763666789,1.0154306879200777e-05
135.28,0.02861890128796612,0.0005259228853598574,292.603,0.014487236082817717,1.0167157619724623e-05
135.28,0.02861890128796612,0.0005259228853598574,292.703,0.014496448402012592,1.018001643305718e-05
135.28,0.02861890128796612,0.0005259228853598574,292.803,0.014505660721251446,1.0192883319097264e-05
135.28,0.02861890128796612,0.0005259228853598574,292.903,0.014514873040534212,1.0205758277743579e-05
135.28,0.02861890128796612,0.0005259228853598574,293.003,0.01452408535986094,1.0218641308894982e-05
135.28,0.02861890128796612,0.0005259228853598574,293.103,0.014533297679231647,1.023153241245027e-05
135.28,0.02861890128796612,0.0005259228853598574,293.203,0.014542509998646234,1.0244431588308117e-05
135.28,0.02861890128796612,0.0005259228853598574,293.303,0.014551722318104782,1.0257338836367413e-05
135.28,0.02861890128796612,0.0005259228853598574,293.403,0.014560934637607208,1.0270254156526859e-05
135.28,0.02861890128796612,0.0005259228853598574,293.503,0.014570146957153562,1.0283177548685292e-05
135.28,0.02861890128796612,0.0005259228853598574,293.603,0.014579359276743848,1.0296109012741548e-05
135.28,0.02861890128796612,0.0005259228853598574,293.703,0.014588571596378015,1.0309048548594306e-05
135.28,0.02861890128796612,0.0005259228853598574,293.803,0.014597783916056093,1.032199615614242e-05
135.28,0.02861890128796612,0.0005259228853598574,293.903,0.014606996235778007,1.0334951835284623e-05
135.28,0.02861890128796612,0.0005259228853598574,294.003,0.014616208555543816,1.0347915585919765e-05
135.28,0.02861890128796612,0.0005259228853598574,294.103,0.014625420875353488,1.03608874079466e-05
135.28,0.02861890128796612,0.0005259228853598574,294.203,0.014634633195206963,1.0373867301263867e-05
135.28,0.02861890128796612,0.0005259228853598574,294.303,0.014643845515104281,1.0386855265770422e-05
135.28,0.02861890128796612,0.0005259228853598574,294.403,0.014653057835045443,1.039985130136506e-05
135.28,0.02861890128796612,0.0005259228853598574,294.503,0.014662270155030433,1.0412855407946577e-05
135.28,0.02861890128796612,0.0005259228853598574,294.603,0.01467148247505924,1.0425867585413736e-05
135.28,0.02861890128796612,0.0005259228853598574,294.703,0.014680694795131843,1.0438887833665343e-05
135.28,0.02861890128796612,0.0005259228853598574,294.803,0.014689907115248249,1.0451916152600232e-05
135.28,0.02861890128796612,0.0005259228853598574,294.903,0.014699119435408466,1.0464952542117211e-05
135.28,0.02861890128796612,0.0005259228853598574,295.003,0.014708331755612479,1.0477997002115086e-05
135.28,0.02861890128796612,0.0005259228853598574,295.103,0.014717544075860236,1.0491049532492577e-05
135.28,0.02861890128796612,0.0005259228853598574,295.203,0.014726756396151805,1.0504110133148603e-05
135.28,0.02861890128796612,0.0005259228853598574,295.303,0.014735968716487084,1.0517178803981837e-05
135.28,0.02861890128796612,0.0005259228853598574,295.403,0.014745181036866114,1.0530255544891155e-05
135.28,0.02861890128796612,0.0005259228853598574,295.503,0.01475439335728894,1.0543340355775436e-05
135.28,0.02861890128796612,0.0005259228853598574,295.603,0.014763605677755446,1.0556433236533357e-05
135.28,0.02861890128796612,0.0005259228853598574,295.703,0.014772817998265672,1.0569534187063798e-05
135.28,0.02861890128796612,0.0005259228853598574,295.803,0.014782030318819653,1.0582643207265595e-05
135.28,0.02861890128796612,0.0005259228853598574,295.903,0.014791242639417303,1.0595760297037489e-05
135.28,0.02861890128796612,0.0005259228853598574,296.003,0.014800454960058676,1.0608885456278373e-05
135.28,0.02861890128796612,0.0005259228853598574,296.103,0.014809667280743727,1.0622018684887011e-05
135.28,0.02861890128796612,0.0005259228853598574,296.203,0.01481887960147247,1.063515998276225e-05
135.28,0.02861890128796612,0.0005259228853598574,296.303,0.01482809192224486,1.0648309349802834e-05
135.28,0.02861890128796612,0.0005259228853598574,296.403,0.014837304243060925,1.0661466785907672e-05
135.28,0.02861890128796612,0.0005259228853598574,296.503,0.014846516563920636,1.0674632290975533e-05
135.28,0.02861890128796612,0.0005259228853598574,296.603,0.014855728884823997,1.0687805864905244e-05
135.28,0.02861890128796612,0.0005259228853598574,296.703,0.01486494120577102,1.0700987507595675e-05
135.28,0.02861890128796612,0.0005259228853598574,296.803,0.014874153526761682,1.071417721894565e-05
135.28,0.02861890128796612,0.0005259228853598574,296.903,0.014883365847795958,1.0727374998853919e-05
135.28,0.02861890128796612,0.0005259228853598574,297.003,0.01489257816887387,1.074058084721939e-05
135.28,0.02861890128796612,0.0005259228853598574,297.103,0.014901790489995369,1.0753794763940827e-05
135.28,0.02861890128796612,0.0005259228853598574,297.203,0.014911002811160489,1.0767016748917126e-05
135.28,0.02861890128796612,0.0005259228853598574,297.303,0.014920215132369163,1.0780246802047019e-05
135.28,0.02861890128796612,0.0005259228853598574,297.403,0.014929427453621443,1.0793484923229431e-05
135.28,0.02861890128796612,0.0005259228853598574,297.503,0.014938639774917252,1.0806731112363112e-05
135.28,0.02861890128796612,0.0005259228853598574,297.603,0.014947852096256679,1.0819985369347016e-05
135.28,0.02861890128796612,0.0005259228853598574,297.703,0.014957064417639658,1.0833247694079897e-05
135.28,0.02861890128796612,0.0005259228853598574,297.803,0.014966276739066175,1.0846518086460581e-05
135.28,0.02861890128796612,0.0005259228853598574,297.903,0.01497548906053626,1.0859796546387974e-05
135.28,0.02861890128796612,0.0005259228853598574,298.003,0.014984701382049822,1.0873083073760804e-05
135.28,0.02861890128796612,0.0005259228853598574,298.103,0.014993913703606938,1.0886377668477997e-05
135.28,0.02861890128796612,0.0005259228853598574,298.203,0.015003126025207553,1.0899680330438356e-05
135.28,0.02861890128796612,0.0005259228853598574,298.303,0.015012338346851698,1.0912991059540777e-05
135.28,0.02861890128796612,0.0005259228853598574,298.403,0.015021550668539344,1.0926309855684054e-05
135.28,0.02861890128796612,0.0005259228853598574,298.503,0.015030762990270495,1.0939636718767073e-05
135.28,0.02861890128796612,0.0005259228853598574,298.603,0.015039975312045118,1.0952971648688631e-05
135.28,0.02861890128796612,0.0005259228853598574,298.703,0.015049187633863212,1.0966314645347608e-05
135.28,0.02861890128796612,0.0005259228853598574,298.803,0.015058399955724739,1.0979665708642814e-05
135.28,0.02861890128796612,0.0005259228853598574,298.903,0.015067612277629766,1.0993024838473168e-05
135.28,0.02861890128796612,0.0005259228853598574,299.003,0.015076824599578249,1.1006392034737495e-05
135.28,0.02861890128796612,0.0005259228853598574,299.103,0.015086036921570126,1.1019767297334586e-05
135.28,0.02861890128796612,0.0005259228853598574,299.203,0.015095249243605469,1.1033150626163395e-05
135.28,0.02861890128796612,0.0005259228853598574,299.303,0.01510446156568422,1.1046542021122715e-05
135.28,0.02861890128796612,0.0005259228853598574,299.403,0.015113673887806366,1.10599414821114e-05
135.28,0.02861890128796612,0.0005259228853598574,299.503,0.015122886209971908,1.1073349009028321e-05
135.28,0.02861890128796612,0.0005259228853598574,299.603,0.015132098532180898,1.1086764601772365e-05
135.28,0.02861890128796612,0.0005259228853598574,299.703,0.015141310854433269,1.110018826024239e-05
135.28,0.02861890128796612,0.0005259228853598574,299.803,0.015150523176729002,1.1113619984337195e-05
135.28,0.02861890128796612,0.0005259228853598574,299.903,0.01515973549906815,1.1127059773955747e-05
135.28,0.02861890128796612,0.0005259228853598574,300.003,0.015168947821450614,1.1140507628996787e-05
135.28,0.02861890128796612,0.0005259228853598574,300.103,0.015178160143876431,1.1153963549359245e-05
135.28,0.02861890128796612,0.0005259228853598574,300.203,0.015187372466345628,1.1167427534942013e-05
135.28,0.02861890128796612,0.0005259228853598574,300.303,0.015196584788858162,1.1180899585643934e-05
135.28,0.02861890128796612,0.0005259228853598574,300.403,0.015205797111414057,1.1194379701363912e-05
135.28,0.02861890128796612,0.0005259228853598574,300.503,0.015215009434013263,1.120786788200078e-05
135.28,0.02861890128796612,0.0005259228853598574,300.603,0.015224221756655762,1.1221364127453378e-05
135.28,0.02861890128796612,0.0005259228853598574,300.703,0.015233434079341574,1.1234868437620628e-05
135.28,0.02861890128796612,0.0005259228853598574,300.803,0.015242646402070702,1.1248380812401401e-05
135.28,0.02861890128796612,0.0005259228853598574,300.903,0.015251858724843111,1.1261901251694542e-05
135.28,0.02861890128796612,0.0005259228853598574,301.003,0.01526107104765878,1.1275429755398937e-05
135.28,0.02861890128796612,0.0005259228853598574,301.103,0.015270283370517746,1.128896632341349e-05
135.28,0.02861890128796612,0.0005259228853598574,301.203,0.015279495693419997,1.1302510955637089e-05
135.28,0.02861890128796612,0.0005259228853598574,301.303,0.015288708016365473,1.1316063651968558e-05
135.28,0.02861890128796612,0.0005259228853598574,301.403,0.01529792033935421,1.1329624412306833e-05
135.28,0.02861890128796612,0.0005259228853598574,301.503,0.01530713266238619,1.1343193236550775e-05
135.28,0.02861890128796612,0.0005259228853598574,301.603,0.01531634498546139,1.1356770124599237e-05
135.28,0.02861890128796612,0.0005259228853598574,301.703,0.015325557308579821,1.1370355076351164e-05
135.28,0.02861890128796612,0.0005259228853598574,301.803,0.015334769631741482,1.1383948091705414e-05
135.28,0.02861890128796612,0.0005259228853598574,301.903,0.015343981954946354,1.1397549170560885e-05
135.28,0.02861890128796612,0.0005259228853598574,302.003,0.015353194278194399,1.1411158312816435e-05
135.28,0.02861890128796612,0.0005259228853598574,302.103,0.015362406601485667,1.1424775518371015e-05
135.28,0.02861890128796612,0.0005259228853598574,302.203,0.015371618924820085,1.1438400787123427e-05
135.28,0.02861890128796612,0.0005259228853598574,302.303,0.015380831248197698,1.1452034118972662e-05
135.28,0.02861890128796612,0.0005259228853598574,302.403,0.015390043571618514,1.1465675513817607e-05
135.28,0.02861890128796612,0.0005259228853598574,302.503,0.015399255895082429,1.1479324971557042e-05
135.28,0.02861890128796612,0.0005259228853598574,302.603,0.01540846821858951,1.1492982492089966e-05
135.28,0.02861890128796612,0.0005259228853598574,302.703,0.015417680542139744,1.150664807531527e-05
135.28,0.02861890128796612,0.0005259228853598574,302.803,0.01542689286573312,1.1520321721131845e-05
135.28,0.02861890128796612,0.0005259228853598574,302.903,0.015436105189369567,1.1534003429438516e-05
135.28,0.02861890128796612,0.0005259228853598574,303.003,0.015445317513049164,1.1547693200134286e-05
135.28,0.02861890128796612,0.0005259228853598574,303.103,0.015454529836771851,1.1561391033118017e-05
135.28,0.02861890128796612,0.0005259228853598574,303.203,0.015463742160537645,1.1575096928288628e-05
135.28,0.02861890128796612,0.0005259228853598574,303.303,0.015472954484346522,1.1588810885545012e-05
135.28,0.02861890128796612,0.0005259228853598574,303.403,0.015482166808198467,1.1602532904786056e-05
135.28,0.02861890128796612,0.0005259228853598574,303.503,0.015491379132093492,1.1616262985910692e-05
135.28,0.02861890128796612,0.0005259228853598574,303.603,0.015500591456031602,1.163000112881786e-05
135.28,0.02861890128796612,0.0005259228853598574,303.703,0.015509803780012758,1.164374733340643e-05
135.28,0.02861890128796612,0.0005259228853598574,303.803,0.015519016104036944,1.165750159957531e-05
135.28,0.02861890128796612,0.0005259228853598574,303.903,0.015528228428104208,1.167126392722347e-05
135.28,0.02861890128796612,0.0005259228853598574,304.003,0.015537440752214492,1.1685034316249768e-05
135.28,0.02861890128796612,0.0005259228853598574,304.103,0.015546653076367788,1.1698812766553115e-05
135.28,0.02861890128796612,0.0005259228853598574,304.203,0.015555865400564087,1.171259927803243e-05
135.28,0.02861890128796612,0.0005259228853598574,304.303,0.015565077724803394,1.1726393850586646e-05
135.28,0.02861890128796612,0.0005259228853598574,304.403,0.01557429004908575,1.1740196484114775e-05
135.28,0.02861890128796612,0.0005259228853598574,304.503,0.015583502373411075,1.1754007178515606e-05
135.28,0.02861890128796612,0.0005259228853598574,304.603,0.015592714697779361,1.1767825933688061e-05
135.28,0.02861890128796612,0.0005259228853598574,304.703,0.015601927022190612,1.1781652749531115e-05
135.28,0.02861890128796612,0.0005259228853598574,304.803,0.015611139346644834,1.1795487625943674e-05
135.28,0.02861890128796612,0.0005259228853598574,304.903,0.015620351671142006,1.1809330562824687e-05
135.28,0.02861890128796612,0.0005259228853598574,305.003,0.01562956399568214,1.1823181560073057e-05
135.28,0.02861890128796612,0.0005259228853598574,305.103,0.015638776320265228,1.1837040617587771e-05
135.28,0.02861890128796612,0.0005259228853598574,305.203,0.01564798864489123,1.1850907735267647e-05
135.28,0.02861890128796612,0.0005259228853598574,305.303,0.01565720096956018,1.1864782913011717e-05
135.28,0.02861890128796612,0.0005259228853598574,305.403,0.01566641329427206,1.1878666150718899e-05
135.28,0.02861890128796612,0.0005259228853598574,305.503,0.015675625619026825,1.1892557448288075e-05
135.28,0.02861890128796612,0.0005259228853598574,305.603,0.015684837943824508,1.1906456805618222e-05
135.28,0.02861890128796612,0.0005259228853598574,305.703,0.015694050268665088,1.1920364222608277e-05
135.28,0.02861890128796612,0.0005259228853598574,305.803,0.015703262593548543,1.1934279699157152e-05
135.28,0.02861890128796612,0.0005259228853598574,305.903,0.015712474918474845,1.1948203235163746e-05
135.28,0.02861890128796612,0.0005259228853598574,306.003,0.015721687243444058,1.1962134830527099e-05
135.28,0.02861890128796612,0.0005259228853598574,306.103,0.0157308995684561,1.197607448514606e-05
135.28,0.02861890128796612,0.0005259228853598574,306.203,0.015740111893511006,1.1990022198919666e-05
135.28,0.02861890128796612,0.0005259228853598574,306.303,0.015749324218608713,1.2003977971746707e-05
135.28,0.02861890128796612,0.0005259228853598574,306.403,0.015758536543749275,1.2017941803526255e-05
135.28,0.02861890128796612,0.0005259228853598574,306.503,0.015767748868932667,1.2031913694157252e-05
135.28,0.02861890128796612,0.0005259228853598574,306.603,0.015776961194158837,1.2045893643538555e-05
135.28,0.02861890128796612,0.0005259228853598574,306.703,0.015786173519427855,1.2059881651569213e-05
135.28,0.02861890128796612,0.0005259228853598574,306.803,0.015795385844739662,1.20738777181481e-05
135.28,0.02861890128796612,0.0005259228853598574,306.903,0.01580459817009428,1.2087881843174248e-05
135.28,0.02861890128796612,0.0005259228853598574,307.003,0.01581381049549166,1.2101894026546536e-05
135.28,0.02861890128796612,0.0005259228853598574,307.103,0.015823022820931804,1.2115914268163938e-05
135.28,0.02861890128796612,0.0005259228853598574,307.203,0.015832235146414693,1.212994256792539e-05
135.28,0.02861890128796612,0.0005259228853598574,307.303,0.01584144747194036,1.2143978925729902e-05
135.28,0.02861890128796612,0.0005259228853598574,307.403,0.015850659797508788,1.2158023341476387e-05
135.28,0.02861890128796612,0.0005259228853598574,307.503,0.015859872123119994,1.2172075815063877e-05
135.28,0.02861890128796612,0.0005259228853598574,307.603,0.015869084448773895,1.2186136346391227e-05
135.28,0.02861890128796612,0.0005259228853598574,307.703,0.01587829677447055,1.2200204935357469e-05
135.28,0.02861890128796612,0.0005259228853598574,307.803,0.015887509100209894,1.2214281581861515e-05
135.28,0.02861890128796612,0.0005259228853598574,307.903,0.015896721425991953,1.2228366285802381e-05
135.28,0.02861890128796612,0.0005259228853598574,308.003,0.015905933751816738,1.224245904707904e-05
135.28,0.02861890128796612,0.0005259228853598574,308.103,0.015915146077684187,1.2256559865590348e-05
135.28,0.02861890128796612,0.0005259228853598574,308.203,0.015924358403594345,1.2270668741235385e-05
135.28,0.02861890128796612,0.0005259228853598574,308.303,0.01593357072954713,1.2284785673913059e-05
135.28,0.02861890128796612,0.0005259228853598574,308.403,0.015942783055542566,1.229891066352233e-05
135.28,0.02861890128796612,0.0005259228853598574,308.503,0.0159519953815807,1.2313043709962237e-05
135.28,0.02861890128796612,0.0005259228853598574,308.603,0.015961207707661473,1.2327184813131694e-05
135.28,0.02861890128796612,0.0005259228853598574,308.703,0.015970420033784873,1.2341333972929689e-05
135.28,0.02861890128796612,0.0005259228853598574,308.803,0.015979632359950927,1.2355491189255217e-05
135.28,0.02861890128796612,0.0005259228853598574,308.903,0.0159888446861596,1.2369656462007254e-05
135.28,0.02861890128796612,0.0005259228853598574,309.003,0.015998057012410888,1.2383829791084726e-05
135.28,0.02861890128796612,0.0005259228853598574,309.103,0.01600726933870481,1.23980111763867e-05
135.28,0.02861890128796612,0.0005259228853598574,309.203,0.016016481665041306,1.2412200617812062e-05
135.28,0.02861890128796612,0.0005259228853598574,309.303,0.01602569399142039,1.2426398115259825e-05
135.28,0.02861890128796612,0.0005259228853598574,309.403,0.01603490631784207,1.2440603668629014e-05
135.28,0.02861890128796612,0.0005259228853598574,309.503,0.016044118644306337,1.2454817277818571e-05
135.28,0.02861890128796612,0.0005259228853598574,309.603,0.016053330970813167,1.2469038942727497e-05
135.28,0.02861890128796612,0.0005259228853598574,309.703,0.01606254329736253,1.248326866325473e-05
135.28,0.02861890128796612,0.0005259228853598574,309.803,0.01607175562395445,1.2497506439299298e-05
135.28,0.02861890128796612,0.0005259228853598574,309.903,0.016080967950588887,1.251175227076016e-05
135.28,0.02861890128796612,0.0005259228853598574,310.003,0.0160901802772659,1.252600615753637e-05
135.28,0.02861890128796612,0.0005259228853598574,310.103,0.016099392603985394,1.2540268099526819e-05
135.28,0.02861890128796612,0.0005259228853598574,310.203,0.016108604930747443,1.2554538096630608e-05
135.28,0.02861890128796612,0.0005259228853598574,310.303,0.01611781725755196,1.256881614874662e-05
135.28,0.02861890128796612,0.0005259228853598574,310.403,0.016127029584399016,1.258310225577397e-05
135.28,0.02861890128796612,0.0005259228853598574,310.503,0.01613624191128856,1.2597396417611586e-05
135.28,0.02861890128796612,0.0005259228853598574,310.603,0.01614545423822058,1.2611698634158458e-05
135.28,0.02861890128796612,0.0005259228853598574,310.703,0.016154666565195076,1.26260089053136e-05
135.28,0.02861890128796612,0.0005259228853598574,310.803,0.016163878892212047,1.2640327230976027e-05
135.28,0.02861890128796612,0.0005259228853598574,310.903,0.016173091219271442,1.2654653611044685e-05
135.28,0.02861890128796612,0.0005259228853598574,311.003,0.016182303546373306,1.2668988045418661e-05
135.28,0.02861890128796612,0.0005259228853598574,311.103,0.0161915158735176,1.2683330533996864e-05
135.28,0.02861890128796612,0.0005259228853598574,311.203,0.016200728200704364,1.2697681076678388e-05
135.28,0.02861890128796612,0.0005259228853598574,311.303,0.016209940527933498,1.271203967336213e-05
135.28,0.02861890128796612,0.0005259228853598574,311.403,0.01621915285520508,1.2726406323947207e-05
135.28,0.02861890128796612,0.0005259228853598574,311.503,0.016228365182519088,1.2740781028332584e-05
135.28,0.02861890128796612,0.0005259228853598574,311.603,0.016237577509875454,1.2755163786417223e-05
135.28,0.02861890128796612,0.0005259228853598574,311.703,0.01624678983727426,1.2769554598100265e-05
135.28,0.02861890128796612,0.0005259228853598574,311.803,0.016256002164715434,1.2783953463280616e-05
135.28,0.02861890128796612,0.0005259228853598574,311.903,0.01626521449219897,1.2798360381857265e-05
135.28,0.02861890128796612,0.0005259228853598574,312.003,0.016274426819724862,1.2812775353729297e-05
135.28,0.02861890128796612,0.0005259228853598574,312.103,0.01628363914729315,1.2827198378795734e-05
135.28,0.02861890128796612,0.0005259228853598574,312.203,0.016292851474903804,1.2841629456955583e-05
135.28,0.02861890128796612,0.0005259228853598574,312.303,0.01630206380255679,1.2856068588107831e-05
135.28,0.02861890128796612,0.0005259228853598574,312.403,0.016311276130252093,1.28705157721515e-05
135.28,0.02861890128796612,0.0005259228853598574,312.503,0.016320488457989744,1.2884971008985658e-05
135.28,0.02861890128796612,0.0005259228853598574,312.603,0.01632970078576968,1.2899434298509254e-05
135.28,0.02861890128796612,0.0005259228853598574,312.703,0.01633891311359193,1.2913905640621315e-05
135.28,0.02861890128796612,0.0005259228853598574,312.803,0.016348125441456494,1.2928385035220906e-05
135.28,0.02861890128796612,0.0005259228853598574,312.903,0.016357337769363357,1.2942872482207081e-05
135.28,0.02861890128796612,0.0005259228853598574,313.003,0.016366550097312485,1.2957367981478796e-05
135.28,0.02861890128796612,0.0005259228853598574,313.103,0.016375762425303874,1.2971871532935095e-05
135.28,0.02861890128796612,0.0005259228853598574,313.203,0.016384974753337538,1.2986383136475033e-05
135.28,0.02861890128796612,0.0005259228853598574,313.303,0.016394187081413488,1.3000902791997644e-05
135.28,0.02861890128796612,0.0005259228853598574,313.403,0.01640339940953164,1.3015430499401902e-05
135.28,0.02861890128796612,0.0005259228853598574,313.503,0.016412611737692068,1.3029966258586932e-05
135.28,0.02861890128796612,0.0005259228853598574,313.603,0.0164218240658947,1.3044510069451671e-05
135.28,0.02861890128796612,0.0005259228853598574,313.703,0.01643103639413961,1.3059061931895294e-05
135.28,0.02861890128796612,0.0005259228853598574,313.803,0.01644024872242672,1.3073621845816708e-05
135.28,0.02861890128796612,0.0005259228853598574,313.903,0.01644946105075605,1.3088189811114997e-05
135.28,0.02861890128796612,0.0005259228853598574,314.003,0.016458673379127563,1.3102765827689156e-05
135.28,0.02861890128796612,0.0005259228853598574,314.103,0.016467885707541284,1.3117349895438322e-05
135.28,0.02861890128796612,0.0005259228853598574,314.203,0.016477098035997173,1.3131942014261445e-05
135.28,0.02861890128796612,0.0005259228853598574,314.303,0.016486310364495237,1.3146542184057622e-05
135.28,0.02861890128796612,0.0005259228853598574,314.403,0.016495522693035457,1.3161150404725822e-05
135.28,0.02861890128796612,0.0005259228853598574,314.503,0.016504735021617867,1.3175766676165211e-05
135.28,0.02861890128796612,0.0005259228853598574,314.603,0.016513947350242402,1.3190390998274743e-05
135.28,0.02861890128796612,0.0005259228853598574,314.703,0.016523159678909112,1.3205023370953547e-05
135.28,0.02861890128796612,0.0005259228853598574,314.803,0.01653237200761792,1.321966379410056e-05
135.28,0.02861890128796612,0.0005259228853598574,314.903,0.016541584336368872,1.3234312267614905e-05
135.28,0.02861890128796612,0.0005259228853598574,315.003,0.01655079666516195,1.3248968791395653e-05
135.28,0.02861890128796612,0.0005259228853598574,315.103,0.01656000899399713,1.3263633365341807e-05
135.28,0.02861890128796612,0.0005259228853598574,315.203,0.01656922132287439,1.3278305989352434e-05
135.28,0.02861890128796612,0.0005259228853598574,315.303,0.016578433651793772,1.3292986663326627e-05
135.28,0.02861890128796612,0.0005259228853598574,315.403,0.016587645980755204,1.3307675387163366e-05
135.28,0.02861890128796612,0.0005259228853598574,315.503,0.016596858309758756,1.3322372160761813e-05
135.28,0.02861890128796612,0.0005259228853598574,315.603,0.016606070638804347,1.3337076984020946e-05
135.28,0.02861890128796612,0.0005259228853598574,315.703,0.016615282967892008,1.3351789856839847e-05
135.28,0.02861890128796612,0.0005259228853598574,315.803,0.016624495297021747,1.3366510779117622e-05
135.28,0.02861890128796612,0.0005259228853598574,315.903,0.0166337076261935,1.3381239750753267e-05
135.28,0.02861890128796612,0.0005259228853598574,316.003,0.016642919955407297,1.339597677164588e-05
135.28,0.02861890128796612,0.0005259228853598574,316.103,0.01665213228466313,1.3410721841694555e-05
135.28,0.02861890128796612,0.0005259228853598574,316.203,0.01666134461396097,1.3425474960798313e-05
135.28,0.02861890128796612,0.0005259228853598574,316.303,0.016670556943300833,1.3440236128856231e-05
135.28,0.02861890128796612,0.0005259228853598574,316.403,0.016679769272682717,1.34550053457674e-05
135.28,0.02861890128796612,0.0005259228853598574,316.503,0.016688981602106585,1.3469782611430862e-05
135.28,0.02861890128796612,0.0005259228853598574,316.603,0.01669819393157242,1.348456792574565e-05
135.28,0.02861890128796612,0.0005259228853598574,316.703,0.016707406261080276,1.3499361288610967e-05
135.28,0.02861890128796612,0.0005259228853598574,316.803,0.01671661859063005,1.351416269992573e-05
135.28,0.02861890128796612,0.0005259228853598574,316.903,0.01672583092022178,1.352897215958911e-05
135.28,0.02861890128796612,0.0005259228853598574,317.003,0.01673504324985547,1.3543789667500166e-05
135.28,0.02861890128796612,0.0005259228853598574,317.103,0.01674425557953108,1.355861522355794e-05
135.28,0.02861890128796612,0.0005259228853598574,317.203,0.016753467909248677,1.3573448827661606e-05
135.28,0.02861890128796612,0.0005259228853598574,317.303,0.016762680239008166,1.358829047971015e-05
135.28,0.02861890128796612,0.0005259228853598574,317.403,0.016771892568809593,1.360314017960269e-05
135.28,0.02861890128796612,0.0005259228853598574,317.503,0.016781104898652907,1.3617997927238283e-05
135.28,0.02861890128796612,0.0005259228853598574,317.603,0.016790317228538163,1.3632863722516114e-05
135.28,0.02861890128796612,0.0005259228853598574,317.703,0.0167995295584653,1.3647737565335164e-05
135.28,0.02861890128796612,0.0005259228853598574,317.803,0.01680874188843431,1.3662619455594552e-05
135.28,0.02861890128796612,0.0005259228853598574,317.903,0.016817954218445227,1.3677509393193384e-05
135.28,0.02861890128796612,0.0005259228853598574,318.003,0.016827166548498,1.3692407378030715e-05
135.28,0.02861890128796612,0.0005259228853598574,318.103,0.016836378878592618,1.3707313410005626e-05
135.28,0.02861890128796612,0.0005259228853598574,318.203,0.01684559120872913,1.3722227489017292e-05
135.28,0.02861890128796612,0.0005259228853598574,318.303,0.016854803538907424,1.3737149614964666e-05
135.28,0.02861890128796612,0.0005259228853598574,318.403,0.016864015869127582,1.3752079787746939e-05
135.28,0.02861890128796612,0.0005259228853598574,318.503,0.016873228199389585,1.3767018007263224e-05
135.28,0.02861890128796612,0.0005259228853598574,318.603,0.016882440529693402,1.378196427341258e-05
135.28,0.02861890128796612,0.0005259228853598574,318.703,0.016891652860039026,1.37969185860941e-05
135.28,0.02861890128796612,0.0005259228853598574,318.803,0.016900865190426457,1.3811880945206896e-05
135.28,0.02861890128796612,0.0005259228853598574,318.903,0.01691007752085568,1.3826851350650055e-05
135.28,0.02861890128796612,0.0005259228853598574,319.003,0.016919289851326662,1.3841829802322672e-05
135.28,0.02861890128796612,0.0005259228853598574,319.103,0.016928502181839482,1.3856816300123942e-05
135.28,0.02861890128796612,0.0005259228853598574,319.203,0.016937714512394026,1.3871810843952828e-05
135.28,0.02861890128796612,0.0005259228853598574,319.303,0.016946926842990373,1.3886813433708544e-05
135.28,0.02861890128796612,0.0005259228853598574,319.403,0.016956139173628468,1.3901824069290185e-05
135.28,0.02861890128796612,0.0005259228853598574,319.503,0.016965351504308286,1.3916842750596808e-05
135.28,0.02861890128796612,0.0005259228853598574,319.603,0.01697456383502984,1.3931869477527517e-05
135.28,0.02861890128796612,0.0005259228853598574,319.703,0.016983776165793166,1.3946904249981516e-05
135.28,0.02861890128796612,0.0005259228853598574,319.803,0.016992988496598187,1.3961947067857798e-05
135.28,0.02861890128796612,0.0005259228853598574,319.903,0.017002200827444913,1.3976997931055553e-05
135.28,0.02861890128796612,0.0005259228853598574,320.003,0.01701141315833332,1.3992056839473828e-05
135.28,0.02861890128796612,0.0005259228853598574,320.103,0.01702062548926346,1.4007123793011838e-05
135.28,0.02861890128796612,0.0005259228853598574,320.203,0.017029837820235257,1.4022198791568607e-05
135.28,0.02861890128796612,0.0005259228853598574,320.303,0.0170390501512487,1.4037281835043248e-05
135.28,0.02861890128796612,0.0005259228853598574,320.403,0.017048262482303844,1.4052372923334957e-05
135.28,0.02861890128796612,0.0005259228853598574,320.503,0.017057474813400645,1.406747205634282e-05
135.28,0.02861890128796612,0.0005259228853598574,320.603,0.017066687144539096,1.4082579233965966e-05
135.28,0.02861890128796612,0.0005259228853598574,320.703,0.017075899475719223,1.4097694456103523e-05
135.28,0.02861890128796612,0.0005259228853598574,320.803,0.017085111806940986,1.41128177226546e-05
135.28,0.02861890128796612,0.0005259228853598574,320.903,0.017094324138204366,1.4127949033518305e-05
135.28,0.02861890128796612,0.0005259228853598574,321.003,0.017103536469509385,1.4143088388593797e-05
135.28,0.02861890128796612,0.0005259228853598574,321.103,0.01711274880085599,1.4158235787780218e-05
135.28,0.02861890128796612,0.0005259228853598574,321.203,0.0171219611322442,1.4173391230976648e-05
135.28,0.02861890128796612,0.0005259228853598574,321.303,0.017131173463673977,1.4188554718082224e-05
135.28,0.02861890128796612,0.0005259228853598574,321.403,0.01714038579514543,1.4203726248996152e-05
135.28,0.02861890128796612,0.0005259228853598574,321.503,0.017149598126658366,1.4218905823617427e-05
135.28,0.02861890128796612,0.0005259228853598574,321.603,0.01715881045821294,1.4234093441845327e-05
135.28,0.02861890128796612,0.0005259228853598574,321.703,0.017168022789809063,1.4249289103578915e-05
135.28,0.02861890128796612,0.0005259228853598574,321.803,0.017177235121446748,1.4264492808717324e-05
135.28,0.02861890128796612,0.0005259228853598574,321.903,0.017186447453125996,1.427970455715976e-05
135.28,0.02861890128796612,0.0005259228853598574,322.003,0.017195659784846763,1.4294924348805269e-05
135.28,0.02861890128796612,0.0005259228853598574,322.103,0.01720487211660904,1.4310152183553018e-05
135.28,0.02861890128796612,0.0005259228853598574,322.203,0.01721408444841287,1.4325388061302177e-05
135.28,0.02861890128796612,0.0005259228853598574,322.303,0.017223296780258208,1.4340631981951881e-05
135.28,0.02861890128796612,0.0005259228853598574,322.403,0.017232509112145074,1.435588394540132e-05
135.28,0.02861890128796612,0.0005259228853598574,322.503,0.017241721444073408,1.4371143951549554e-05
135.28,0.02861890128796612,0.0005259228853598574,322.603,0.01725093377604321,1.4386412000295707e-05
135.28,0.02861890128796612,0.0005259228853598574,322.703,0.017260146108054535,1.4401688091539066e-05
135.28,0.02861890128796612,0.0005259228853598574,322.803,0.01726935844010731,1.441697222517865e-05
135.28,0.02861890128796612,0.0005259228853598574,322.903,0.017278570772201542,1.443226440111365e-05
135.28,0.02861890128796612,0.0005259228853598574,323.003,0.01728778310433726,1.4447564619243254e-05
135.28,0.02861890128796612,0.0005259228853598574,323.103,0.01729699543651442,1.4462872879466603e-05
135.28,0.02861890128796612,0.0005259228853598574,323.203,0.017306207768732984,1.4478189181682782e-05
135.28,0.02861890128796612,0.0005259228853598574,323.303,0.01731542010099303,1.4493513525791086e-05
135.28,0.02861890128796612,0.0005259228853598574,323.403,0.017324632433294487,1.4508845911690564e-05
135.28,0.02861890128796612,0.0005259228853598574,323.503,0.017333844765637287,1.4524186339280323e-05
135.28,0.02861890128796612,0.0005259228853598574,323.603,0.017343057098021534,1.4539534808459638e-05
135.28,0.02861890128796612,0.0005259228853598574,323.703,0.017352269430447202,1.4554891319127634e-05
135.28,0.02861890128796612,0.0005259228853598574,323.803,0.017361481762914254,1.4570255871183461e-05
135.28,0.02861890128796612,0.0005259228853598574,323.903,0.01737069409542268,1.4585628464526298e-05
135.28,0.02861890128796612,0.0005259228853598574,324.003,0.017379906427972484,1.4601009099055344e-05
135.28,0.02861890128796612,0.0005259228853598574,324.103,0.017389118760563677,1.4616397774669655e-05
135.28,0.02861890128796612,0.0005259228853598574,324.203,0.017398331093196193,1.4631794491268484e-05
135.28,0.02861890128796612,0.0005259228853598574,324.303,0.017407543425870062,1.4647199248750956e-05
135.28,0.02861890128796612,0.0005259228853598574,324.403,0.017416755758585277,1.466261204701627e-05
135.28,0.02861890128796612,0.0005259228853598574,324.503,0.017425968091341806,1.4678032885963588e-05
135.28,0.02861890128796612,0.0005259228853598574,324.603,0.01743518042413967,1.4693461765492064e-05
135.28,0.02861890128796612,0.0005259228853598574,324.703,0.017444392756978813,1.4708898685500847e-05
135.28,0.02861890128796612,0.0005259228853598574,324.803,0.017453605089859305,1.4724343645889222e-05
135.28,0.02861890128796612,0.0005259228853598574,324.903,0.01746281742278108,1.4739796646556281e-05
135.28,0.02861890128796612,0.0005259228853598574,325.003,0.017472029755744158,1.4755257687401216e-05
135.28,0.02861890128796612,0.0005259228853598574,325.103,0.0174812420887485,1.477072676832316e-05
135.28,0.02861890128796612,0.0005259228853598574,325.203,0.017490454421794144,1.4786203889221413e-05
135.28,0.02861890128796612,0.0005259228853598574,325.303,0.017499666754881047,1.4801689049995052e-05
135.28,0.02861890128796612,0.0005259228853598574,325.403,0.017508879088009206,1.4817182250543293e-05
135.28,0.02861890128796612,0.0005259228853598574,325.503,0.017518091421178616,1.483268349076531e-05
135.28,0.02861890128796612,0.0005259228853598574,325.603,0.017527303754389288,1.4848192770560302e-05
135.28,0.02861890128796612,0.0005259228853598574,325.703,0.017536516087641157,1.4863710089827421e-05
135.28,0.02861890128796612,0.0005259228853598574,325.803,0.01754572842093428,1.4879235448465892e-05
135.28,0.02861890128796612,0.0005259228853598574,325.903,0.01755494075426863,1.4894768846374905e-05
135.28,0.02861890128796612,0.0005259228853598574,326.003,0.01756415308764416,1.4910310283453612e-05
135.28,0.02861890128796612,0.0005259228853598574,326.103,0.017573365421060895,1.4925859759601251e-05
135.28,0.02861890128796612,0.0005259228853598574,326.203,0.017582577754518748,1.49414172747169e-05
135.28,0.02861890128796612,0.0005259228853598574,326.303,0.01759179008801787,1.4956982828699886e-05
135.28,0.02861890128796612,0.0005259228853598574,326.403,0.01760100242155815,1.497255642144936e-05
135.28,0.02861890128796612,0.0005259228853598574,326.503,0.017610214755139596,1.4988138052864494e-05
135.28,0.02861890128796612,0.0005259228853598574,326.603,0.01761942708876216,1.5003727722844469e-05
135.28,0.02861890128796612,0.0005259228853598574,326.703,0.017628639422425933,1.501932543128859e-05
135.28,0.02861890128796612,0.0005259228853598574,326.803,0.017637851756130817,1.5034931178095954e-05
135.28,0.02861890128796612,0.0005259228853598574,326.903,0.01764706408987683,1.5050544963165746e-05
135.28,0.02861890128796612,0.0005259228853598574,327.003,0.017656276423663988,1.5066166786397262e-05
135.28,0.02861890128796612,0.0005259228853598574,327.103,0.01766548875749223,1.5081796647689626e-05
135.28,0.02861890128796612,0.0005259228853598574,327.203,0.01767470109136159,1.5097434546942076e-05
135.28,0.02861890128796612,0.0005259228853598574,327.303,0.017683913425272108,1.5113080484053911e-05
135.28,0.02861890128796612,0.0005259228853598574,327.403,0.01769312575922365,1.5128734458924139e-05
135.28,0.02861890128796612,0.0005259228853598574,327.503,0.01770233809321634,1.5144396471452127e-05
135.28,0.02861890128796612,0.0005259228853598574,327.603,0.01771155042725006,1.516006652153697e-05
135.28,0.02861890128796612,0.0005259228853598574,327.703,0.01772076276132493,1.5175744609078063e-05
135.28,0.02861890128796612,0.0005259228853598574,327.803,0.017729975095440824,1.5191430733974412e-05
135.28,0.02861890128796612,0.0005259228853598574,327.903,0.01773918742959772,1.5207124896125259e-05
135.28,0.02861890128796612,0.0005259228853598574,328.003,0.01774839976379569,1.5222827095429922e-05
135.28,0.02861890128796612,0.0005259228853598574,328.103,0.01775761209803472,1.523853733178761e-05
135.28,0.02861890128796612,0.0005259228853598574,328.203,0.017766824432314712,1.5254255605097365e-05
135.28,0.02861890128796612,0.0005259228853598574,328.303,0.01777603676663572,1.5269981915258526e-05
135.28,0.02861890128796612,0.0005259228853598574,328.403,0.017785249100997734,1.5285716262170316e-05
135.28,0.02861890128796612,0.0005259228853598574,328.503,0.01779446143540078,1.5301458645732028e-05
135.28,0.02861890128796612,0.0005259228853598574,328.603,0.017803673769844847,1.5317209065842843e-05
135.28,0.02861890128796612,0.0005259228853598574,328.703,0.01781288610432981,1.5332967522401817e-05
135.28,0.02861890128796612,0.0005259228853598574,328.803,0.01782209843885581,1.534873401530839e-05
135.28,0.02861890128796612,0.0005259228853598574,328.903,0.01783131077342278,1.5364508544461723e-05
135.28,0.02861890128796612,0.0005259228853598574,329.003,0.017840523108030713,1.5380291109760997e-05
135.28,0.02861890128796612,0.0005259228853598574,329.103,0.017849735442679586,1.5396081711105496e-05
135.28,0.02861890128796612,0.0005259228853598574,329.203,0.01785894777736943,1.5411880348394432e-05
135.28,0.02861890128796612,0.0005259228853598574,329.303,0.017868160112100205,1.5427687021527016e-05
135.28,0.02861890128796612,0.0005259228853598574,329.403,0.017877372446871907,1.5443501730402526e-05
135.28,0.02861890128796612,0.0005259228853598574,329.503,0.017886584781684492,1.545932447492007e-05
135.28,0.02861890128796612,0.0005259228853598574,329.603,0.017895797116538006,1.5475155254979002e-05
135.28,0.02861890128796612,0.0005259228853598574,329.703,0.01790500945143241,1.549099407047853e-05
135.28,0.02861890128796612,0.0005259228853598574,329.803,0.017914221786367736,1.5506840921317914e-05
135.28,0.02861890128796612,0.0005259228853598574,329.903,0.017923434121343902,1.5522695807396318e-05
135.28,0.02861890128796612,0.0005259228853598574,330.003,0.01793264645636097,1.5538558728613054e-05
135.28,0.02861890128796612,0.0005259228853598574,330.103,0.017941858791418925,1.555442968486736e-05
135.28,0.02861890128796612,0.0005259228853598574,330.203,0.017951071126517736,1.5570308676058446e-05
135.28,0.02861890128796612,0.0005259228853598574,330.303,0.01796028346165739,1.5586195702085528e-05
135.28,0.02861890128796612,0.0005259228853598574,330.403,0.01796949579683791,1.5602090762847942e-05
135.28,0.02861890128796612,0.0005259228853598574,330.503,0.01797870813205922,1.5617993858244803e-05
135.28,0.02861890128796612,0.0005259228853598574,330.603,0.01798792046732138,1.5633904988175494e-05
135.28,0.02861890128796612,0.0005259228853598574,330.703,0.017997132802624397,1.5649824152539212e-05
135.28,0.02861890128796612,0.0005259228853598574,330.803,0.018006345137968255,1.566575135123524e-05
135.28,0.02861890128796612,0.0005259228853598574,330.903,0.018015557473352886,1.568168658416276e-05
135.28,0.02861890128796612,0.0005259228853598574,331.003,0.01802476980877829,1.5697629851220983e-05
135.28,0.02861890128796612,0.0005259228853598574,331.103,0.01803398214424444,1.571358115230918e-05
135.28,0.02861890128796612,0.0005259228853598574,331.203,0.018043194479751463,1.5729540487326778e-05
135.28,0.02861890128796612,0.0005259228853598574,331.303,0.018052406815299182,1.574550785617286e-05
135.28,0.02861890128796612,0.0005259228853598574,331.403,0.0180616191508877,1.576148325874674e-05
135.28,0.02861890128796612,0.0005259228853598574,331.503,0.018070831486516975,1.5777466694947707e-05
135.28,0.02861890128796612,0.0005259228853598574,331.603,0.01808004382218702,1.5793458164674954e-05
135.28,0.02861890128796612,0.0005259228853598574,331.703,0.01808925615789777,1.580945766782775e-05
135.28,0.02861890128796612,0.0005259228853598574,331.803,0.01809846849364925,1.5825465204305354e-05
135.28,0.02861890128796612,0.0005259228853598574,331.903,0.01810768082944147,1.5841480774007082e-05
135.28,0.02861890128796612,0.0005259228853598574,332.003,0.018116893165274376,1.585750437683212e-05
135.28,0.02861890128796612,0.0005259228853598574,332.103,0.01812610550114796,1.5873536012679732e-05
135.28,0.02861890128796612,0.0005259228853598574,332.203,0.01813531783706231,1.588957568144934e-05
135.28,0.02861890128796612,0.0005259228853598574,332.303,0.01814453017301731,1.590562338304005e-05
135.28,0.02861890128796612,0.0005259228853598574,332.403,0.018153742509012943,1.5921679117351122e-05
135.28,0.02861890128796612,0.0005259228853598574,332.503,0.018162954845049314,1.5937742884281983e-05
135.28,0.02861890128796612,0.0005259228853598574,332.603,0.018172167181126325,1.5953814683731752e-05
135.28,0.02861890128796612,0.0005259228853598574,332.703,0.018181379517243974,1.596989451559976e-05
135.28,0.02861890128796612,0.0005259228853598574,332.803,0.018190591853402296,1.5985982379785325e-05
135.28,0.02861890128796612,0.0005259228853598574,332.903,0.01819980418960126,1.6002078276187663e-05
135.28,0.02861890128796612,0.0005259228853598574,333.003,0.018209016525840806,1.601818220470601e-05
135.28,0.02861890128796612,0.0005259228853598574,333.103,0.018218228862121013,1.6034294165239753e-05
135.28,0.02861890128796612,0.0005259228853598574,333.203,0.018227441198441847,1.6050414157688122e-05
135.28,0.02861890128796612,0.0005259228853598574,333.303,0.018236653534803287,1.6066542181950386e-05
135.28,0.02861890128796612,0.0005259228853598574,333.403,0.018245865871205334,1.6082678237925857e-05
135.28,0.02861890128796612,0.0005259228853598574,333.503,0.01825507820764796,1.6098822325513775e-05
135.28,0.02861890128796612,0.0005259228853598574,333.603,0.01826429054413117,1.6114974444613445e-05
135.28,0.02861890128796612,0.0005259228853598574,333.703,0.018273502880654928,1.6131134595124138e-05
135.28,0.02861890128796612,0.0005259228853598574,333.803,0.018282715217219237,1.614730277694513e-05
135.28,0.02861890128796612,0.0005259228853598574,333.903,0.01829192755382416,1.6163478989975776e-05
135.28,0.02861890128796612,0.0005259228853598574,334.003,0.01830113989046959,1.617966323411528e-05
135.28,0.02861890128796612,0.0005259228853598574,334.103,0.01831035222715558,1.6195855509263017e-05
135.28,0.02861890128796612,0.0005259228853598574,334.203,0.018319564563882083,1.62120558153182e-05
135.28,0.02861890128796612,0.0005259228853598574,334.303,0.018328776900649112,1.6228264152180135e-05
135.28,0.02861890128796612,0.0005259228853598574,334.403,0.01833798923745665,1.624448051974819e-05
135.28,0.02861890128796612,0.0005259228853598574,334.503,0.0183472015743047,1.6260704917921568e-05
135.28,0.02861890128796612,0.0005259228853598574,334.603,0.018356413911193265,1.627693734659968e-05
135.28,0.02861890128796612,0.0005259228853598574,334.703,0.018365626248122307,1.629317780568166e-05
135.28,0.02861890128796612,0.0005259228853598574,334.803,0.018374838585091858,1.6309426295066927e-05
135.28,0.02861890128796612,0.0005259228853598574,334.903,0.018384050922101866,1.6325682814654756e-05
135.28,0.02861890128796612,0.0005259228853598574,335.003,0.01839326325915232,1.6341947364344418e-05
135.28,0.02861890128796612,0.0005259228853598574,335.103,0.01840247559624326,1.6358219944035256e-05
135.28,0.02861890128796612,0.0005259228853598574,335.203,0.018411687933374662,1.6374500553626515e-05
135.28,0.02861890128796612,0.0005259228853598574,335.303,0.018420900270546454,1.6390789193017554e-05
135.28,0.02861890128796612,0.0005259228853598574,335.403,0.01843011260775867,1.640708586210764e-05
135.28,0.02861890128796612,0.0005259228853598574,335.503,0.018439324945011312,1.6423390560796142e-05
135.28,0.02861890128796612,0.0005259228853598574,335.603,0.018448537282304424,1.6439703288982406e-05
135.28,0.02861890128796612,0.0005259228853598574,335.703,0.018457749619637923,1.64560240465656e-05
135.28,0.02861890128796612,0.0005259228853598574,335.803,0.01846696195701184,1.6472352833445164e-05
135.28,0.02861890128796612,0.0005259228853598574,335.903,0.018476174294426127,1.648868964952032e-05
135.28,0.02861890128796612,0.0005259228853598574,336.003,0.01848538663188078,1.6505034494690384e-05
135.28,0.02861890128796612,0.0005259228853598574,336.103,0.018494598969375827,1.652138736885474e-05
135.28,0.02861890128796612,0.0005259228853598574,336.203,0.018503811306911196,1.653774827191259e-05
135.28,0.02861890128796612,0.0005259228853598574,336.303,0.018513023644487,1.655411720376343e-05
135.28,0.02861890128796612,0.0005259228853598574,336.403,0.01852223598210312,1.657049416430646e-05
135.28,0.02861890128796612,0.0005259228853598574,336.503,0.01853144831975957,1.6586879153440982e-05
135.28,0.02861890128796612,0.0005259228853598574,336.603,0.018540660657456378,1.660327217106638e-05
135.28,0.02861890128796612,0.0005259228853598574,336.703,0.018549872995193516,1.6619673217081973e-05
135.28,0.02861890128796612,0.0005259228853598574,336.803,0.018559085332970952,1.6636082291387027e-05
135.28,0.02861890128796612,0.0005259228853598574,336.903,0.018568297670788672,1.6652499393880875e-05
135.28,0.02861890128796612,0.0005259228853598574,337.003,0.01857751000864671,1.6668924524462883e-05
135.28,0.02861890128796612,0.0005259228853598574,337.103,0.018586722346545095,1.6685357683032434e-05
135.28,0.02861890128796612,0.0005259228853598574,337.203,0.01859593468448371,1.6701798869488747e-05
135.28,0.02861890128796612,0.0005259228853598574,337.303,0.018605147022462604,1.6718248083731135e-05
135.28,0.02861890128796612,0.0005259228853598574,337.403,0.018614359360481787,1.673470532565908e-05
135.28,0.02861890128796612,0.0005259228853598574,337.503,0.018623571698541248,1.675117059517184e-05
135.28,0.02861890128796612,0.0005259228853598574,337.603,0.018632784036640943,1.6767643892168693e-05
135.28,0.02861890128796612,0.0005259228853598574,337.703,0.01864199637478086,1.6784125216548993e-05
135.28,0.02861890128796612,0.0005259228853598574,337.803,0.018651208712961033,1.6800614568212132e-05
135.28,0.02861890128796612,0.0005259228853598574,337.903,0.018660421051181413,1.6817111947057407e-05
135.28,0.02861890128796612,0.0005259228853598574,338.003,0.018669633389442074,1.6833617352984248e-05
135.28,0.02861890128796612,0.0005259228853598574,338.103,0.018678845727742886,1.6850130785891794e-05
135.28,0.02861890128796612,0.0005259228853598574,338.203,0.01868805806608396,1.6866652245679603e-05
135.28,0.02861890128796612,0.0005259228853598574,338.303,0.018697270404465192,1.6883181732246877e-05
135.28,0.02861890128796612,0.0005259228853598574,338.403,0.018706482742886582,1.6899719245492976e-05
135.28,0.02861890128796612,0.0005259228853598574,338.503,0.01871569508134814,1.6916264785317233e-05
135.28,0.02861890128796612,0.0005259228853598574,338.603,0.01872490741984993,1.6932818351619125e-05
135.28,0.02861890128796612,0.0005259228853598574,338.703,0.018734119758391857,1.6949379944297846e-05
135.28,0.02861890128796612,0.0005259228853598574,338.803,0.018743332096973923,1.696594956325278e-05
135.28,0.02861890128796612,0.0005259228853598574,338.903,0.01875254443559617,1.6982527208383345e-05
135.28,0.02861890128796612,0.0005259228853598574,339.003,0.0187617567742585,1.6999112879588768e-05
135.28,0.02861890128796612,0.0005259228853598574,339.103,0.018770969112960976,1.7015706576768546e-05
135.28,0.02861890128796612,0.0005259228853598574,339.203,0.018780181451703577,1.7032308299821984e-05
135.28,0.02861890128796612,0.0005259228853598574,339.303,0.018789393790486306,1.704891804864842e-05
135.28,0.02861890128796612,0.0005259228853598574,339.403,0.01879860612930914,1.7065535823147262e-05
135.28,0.02861890128796612,0.0005259228853598574,339.503,0.018807818468172078,1.708216162321782e-05
135.28,0.02861890128796612,0.0005259228853598574,339.603,0.01881703080707509,1.7098795448759424e-05
135.28,0.02861890128796612,0.0005259228853598574,339.703,0.018826243146018183,1.7115437299671478e-05
135.28,0.02861890128796612,0.0005259228853598574,339.803,0.018835455485001304,1.7132087175853258e-05
135.28,0.02861890128796612,0.0005259228853598574,339.903,0.018844667824024525,1.714874507720425e-05
135.28,0.02861890128796612,0.0005259228853598574,340.003,0.0188538801630878,1.716541100362374e-05
135.28,0.02861890128796612,0.0005259228853598574,340.103,0.018863092502191137,1.7182084955011138e-05
135.28,0.02861890128796612,0.0005259228853598574,340.203,0.018872304841334495,1.7198766931265792e-05
135.28,0.02861890128796612,0.0005259228853598574,340.303,0.01888151718051786,1.721545693228702e-05
135.28,0.02861890128796612,0.0005259228853598574,340.403,0.018890729519741262,1.7232154957974295e-05
135.28,0.02861890128796612,0.0005259228853598574,340.503,0.018899941859004683,1.7248861008226896e-05
135.28,0.02861890128796612,0.0005259228853598574,340.603,0.01890915419830809,1.7265575082944246e-05
135.28,0.02861890128796612,0.0005259228853598574,340.703,0.018918366537651495,1.728229718202568e-05
135.28,0.02861890128796612,0.0005259228853598574,340.803,0.01892757887703492,1.7299027305370647e-05
135.28,0.02861890128796612,0.0005259228853598574,340.903,0.018936791216458318,1.7315765452878456e-05
135.28,0.02861890128796612,0.0005259228853598574,341.003,0.018946003555921725,1.7332511624448525e-05
135.28,0.02861890128796612,0.0005259228853598574,341.103,0.018955215895425037,1.734926581998014e-05
135.28,0.02861890128796612,0.0005259228853598574,341.203,0.01896442823496835,1.7366028039372794e-05
135.28,0.02861890128796612,0.0005259228853598574,341.303,0.01897364057455159,1.7382798282525817e-05
135.28,0.02861890128796612,0.0005259228853598574,341.403,0.018982852914174765,1.73995765493385e-05
135.28,0.02861890128796612,0.0005259228853598574,341.503,0.018992065253837866,1.741636283971034e-05
135.28,0.02861890128796612,0.0005259228853598574,341.603,0.019001277593540904,1.7433157153540717e-05
135.28,0.02861890128796612,0.0005259228853598574,341.703,0.01901048993328385,1.7449959490729004e-05
135.28,0.02861890128796612,0.0005259228853598574,341.803,0.019019702273066704,1.7466769851174575e-05
135.28,0.02861890128796612,0.0005259228853598574,341.903,0.019028914612889452,1.7483588234776842e-05
135.28,0.02861890128796612,0.0005259228853598574,342.003,0.019038126952752067,1.7500414641435094e-05
135.28,0.02861890128796612,0.0005259228853598574,342.103,0.0190473392926546,1.7517249071048842e-05
135.28,0.02861890128796612,0.0005259228853598574,342.203,0.01905655163259701,1.753409152351747e-05
135.28,0.02861890128796612,0.0005259228853598574,342.303,0.019065763972579256,1.7550941998740276e-05
135.28,0.02861890128796612,0.0005259228853598574,342.403,0.019074976312601383,1.756780049661671e-05
135.28,0.02861890128796612,0.0005259228853598574,342.503,0.019084188652663373,1.758466701704622e-05
135.28,0.02861890128796612,0.0005259228853598574,342.603,0.019093400992765183,1.7601541559928107e-05
135.28,0.02861890128796612,0.0005259228853598574,342.703,0.019102613332906863,1.7618424125161898e-05
135.28,0.02861890128796612,0.0005259228853598574,342.803,0.01911182567308834,1.763531471264683e-05
135.28,0.02861890128796612,0.0005259228853598574,342.903,0.019121038013309638,1.7652213322282395e-05
135.28,0.02861890128796612,0.0005259228853598574,343.003,0.019130250353570757,1.7669119953968006e-05
135.28,0.02861890128796612,0.0005259228853598574,343.103,0.019139462693871654,1.7686034607602994e-05
135.28,0.02861890128796612,0.0005259228853598574,343.203,0.019148675034212328,1.7702957283086782e-05
135.28,0.02861890128796612,0.0005259228853598574,343.303,0.019157887374592824,1.771988798031888e-05
135.28,0.02861890128796612,0.0005259228853598574,343.403,0.019167099715013066,1.7736826699198536e-05
135.28,0.02861890128796612,0.0005259228853598574,343.503,0.019176312055473117,1.775377343962529e-05
135.28,0.02861890128796612,0.0005259228853598574,343.603,0.01918552439597288,1.7770728201498444e-05
135.28,0.02861890128796612,0.0005259228853598574,343.703,0.01919473673651244,1.7787690984717484e-05
135.28,0.02861890128796612,0.0005259228853598574,343.803,0.019203949077091657,1.7804661789181718e-05
135.28,0.02861890128796612,0.0005259228853598574,343.903,0.019213161417710612,1.7821640614790586e-05
135.28,0.02861890128796612,0.0005259228853598574,344.003,0.01922237375836932,1.783862746144363e-05
135.28,0.02861890128796612,0.0005259228853598574,344.103,0.019231586099067745,1.7855622329040203e-05
135.28,0.02861890128796612,0.0005259228853598574,344.203,0.019240798439805883,1.787262521747971e-05
135.28,0.02861890128796612,0.0005259228853598574,344.303,0.019250010780583752,1.788963612666156e-05
135.28,0.02861890128796612,0.0005259228853598574,344.403,0.01925922312140128,1.790665505648513e-05
135.28,0.02861890128796612,0.0005259228853598574,344.503,0.019268435462258513,1.7923682006849952e-05
135.28,0.02861890128796612,0.0005259228853598574,344.603,0.019277647803155464,1.7940716977655436e-05
135.28,0.02861890128796612,0.0005259228853598574,344.703,0.01928686014409202,1.7957759968800822e-05
135.28,0.02861890128796612,0.0005259228853598574,344.803,0.019296072485068292,1.7974810980185785e-05
135.28,0.02861890128796612,0.0005259228853598574,344.903,0.019305284826084186,1.7991870011709554e-05
135.28,0.02861890128796612,0.0005259228853598574,345.003,0.019314497167139746,1.8008937063271678e-05
135.28,0.02861890128796612,0.0005259228853598574,345.103,0.019323709508234935,1.8026012134771476e-05
135.28,0.02861890128796612,0.0005259228853598574,345.203,0.019332921849369744,1.804309522610842e-05
135.28,0.02861890128796612,0.0005259228853598574,345.303,0.01934213419054422,1.8060186337182043e-05
135.28,0.02861890128796612,0.0005259228853598574,345.403,0.01935134653175824,1.8077285467891587e-05
135.28,0.02861890128796612,0.0005259228853598574,345.503,0.01936055887301195,1.80943926181367e-05
135.28,0.02861890128796612,0.0005259228853598574,345.603,0.019369771214305182,1.811150778781656e-05
135.28,0.02861890128796612,0.0005259228853598574,345.703,0.019378983555638,1.8128630976830775e-05
135.28,0.02861890128796612,0.0005259228853598574,345.803,0.019388195897010404,1.8145762185078753e-05
135.28,0.02861890128796612,0.0005259228853598574,345.903,0.019397408238422374,1.81629014124599e-05
135.28,0.02861890128796612,0.0005259228853598574,346.003,0.019406620579873923,1.818004865887375e-05
135.28,0.02861890128796612,0.0005259228853598574,346.103,0.01941583292136504,1.8197203924219666e-05
135.28,0.02861890128796612,0.0005259228853598574,346.203,0.019425045262895676,1.8214367208397067e-05
135.28,0.02861890128796612,0.0005259228853598574,346.303,0.01943425760446587,1.8231538511305442e-05
135.28,0.02861890128796612,0.0005259228853598574,346.403,0.019443469946075587,1.8248717832844248e-05
135.28,0.02861890128796612,0.0005259228853598574,346.503,0.01945268228772484,1.8265905172912887e-05
135.28,0.02861890128796612,0.0005259228853598574,346.603,0.019461894629413556,1.828310053141074e-05
135.28,0.02861890128796612,0.0005259228853598574,346.703,0.01947110697114183,1.8300303908237407e-05
135.28,0.02861890128796612,0.0005259228853598574,346.803,0.01948031931290955,1.8317515303292195e-05
135.28,0.02861890128796612,0.0005259228853598574,346.903,0.019489531654716764,1.833473471647463e-05
135.28,0.02861890128796612,0.0005259228853598574,347.003,0.019498743996563466,1.835196214768418e-05
135.28,0.02861890128796612,0.0005259228853598574,347.103,0.01950795633844965,1.8369197596820294e-05
135.28,0.02861890128796612,0.0005259228853598574,347.203,0.019517168680375292,1.8386441063782383e-05
135.28,0.02861890128796612,0.0005259228853598574,347.303,0.019526381022340403,1.8403692548469923e-05
135.28,0.02861890128796612,0.0005259228853598574,347.403,0.019535593364344944,1.8420952050782326e-05
135.28,0.02861890128796612,0.0005259228853598574,347.503,0.019544805706388946,1.8438219570619128e-05
135.28,0.02861890128796612,0.0005259228853598574,347.603,0.01955401804847237,1.845549510787977e-05
135.28,0.02861890128796612,0.0005259228853598574,347.703,0.019563230390595203,1.84727786624636e-05
135.28,0.02861890128796612,0.0005259228853598574,347.803,0.01957244273275744,1.849007023427019e-05
135.28,0.02861890128796612,0.0005259228853598574,347.903,0.019581655074959074,1.850736982319898e-05
135.28,0.02861890128796612,0.0005259228853598574,348.003,0.019590867417200116,1.8524677429149452e-05
135.28,0.02861890128796612,0.0005259228853598574,348.103,0.019600079759480568,1.854199305202112e-05
135.28,0.02861890128796612,0.0005259228853598574,348.203,0.019609292101800346,1.855931669171324e-05
135.28,0.02861890128796612,0.0005259228853598574,348.303,0.01961850444415957,1.8576648348125543e-05
135.28,0.02861890128796612,0.0005259228853598574,348.403,0.019627716786558166,1.8593988021157405e-05
135.28,0.02861890128796612,0.0005259228853598574,348.503,0.019636929128996086,1.8611335710708214e-05
135.28,0.02861890128796612,0.0005259228853598574,348.603,0.019646141471473373,1.8628691416677488e-05
135.28,0.02861890128796612,0.0005259228853598574,348.703,0.019655353813990015,1.864605513896477e-05
135.28,0.02861890128796612,0.0005259228853598574,348.803,0.019664566156546017,1.8663426877469483e-05
135.28,0.02861890128796612,0.0005259228853598574,348.903,0.01967377849914128,1.8680806632091014e-05
135.28,0.02861890128796612,0.0005259228853598574,349.003,0.01968299084177591,1.8698194402728998e-05
135.28,0.02861890128796612,0.0005259228853598574,349.103,0.01969220318444987,1.871559018928279e-05
135.28,0.02861890128796612,0.0005259228853598574,349.203,0.019701415527163084,1.8732993991651937e-05
135.28,0.02861890128796612,0.0005259228853598574,349.303,0.01971062786991559,1.8750405809735847e-05
135.28,0.02861890128796612,0.0005259228853598574,349.403,0.019719840212707403,1.876782564343405e-05
135.28,0.02861890128796612,0.0005259228853598574,349.503,0.019729052555538498,1.8785253492646047e-05
135.28,0.02861890128796612,0.0005259228853598574,349.603,0.01973826489840882,1.880268935727124e-05
135.28,0.02861890128796612,0.0005259228853598574,349.703,0.0197474772413184,1.882013323720916e-05
135.28,0.02861890128796612,0.0005259228853598574,349.803,0.019756689584267236,1.8837585132359303e-05
135.28,0.02861890128796612,0.0005259228853598574,349.903,0.019765901927255317,1.885504504262118e-05
135.28,0.02861890128796612,0.0005259228853598574,350.003,0.019775114270282626,1.887251296789424e-05
135.28,0.02861890128796612,0.0005259228853598574,350.103,0.019784326613349213,1.888998890807803e-05
135.28,0.02861890128796612,0.0005259228853598574,350.203,0.01979353895645497,1.8907472863071948e-05
135.28,0.02861890128796612,0.0005259228853598574,350.303,0.01980275129959994,1.8924964832775534e-05
135.28,0.02861890128796612,0.0005259228853598574,350.403,0.019811963642784113,1.8942464817088285e-05
135.28,0.02861890128796612,0.0005259228853598574,350.503,0.019821175986007494,1.8959972815909716e-05
135.28,0.02861890128796612,0.0005259228853598574,350.603,0.019830388329270022,1.8977488829139223e-05
135.28,0.02861890128796612,0.0005259228853598574,350.703,0.01983960067257175,1.899501285667644e-05
135.28,0.02861890128796612,0.0005259228853598574,350.803,0.019848813015912653,1.901254489842082e-05
135.28,0.02861890128796612,0.0005259228853598574,350.903,0.01985802535929273,1.9030084954271867e-05
135.28,0.02861890128796612,0.0005259228853598574,351.003,0.019867237702711916,1.904763302412899e-05
135.28,0.02861890128796612,0.0005259228853598574,351.103,0.019876450046170318,1.906518910789187e-05
135.28,0.02861890128796612,0.0005259228853598574,351.203,0.019885662389667786,1.9082753205459786e-05
135.28,0.02861890128796612,0.0005259228853598574,351.303,0.019894874733204372,1.910032531673235e-05
135.28,0.02861890128796612,0.0005259228853598574,351.403,0.01990408707678014,1.9117905441609144e-05
135.28,0.02861890128796612,0.0005259228853598574,351.503,0.019913299420395002,1.9135493579989593e-05
135.28,0.02861890128796612,0.0005259228853598574,351.603,0.019922511764048953,1.915308973177322e-05
135.28,0.02861890128796612,0.0005259228853598574,351.703,0.01993172410774201,1.9170693896859552e-05
135.28,0.02861890128796612,0.0005259228853598574,351.803,0.019940936451474125,1.9188306075148008e-05
135.28,0.02861890128796612,0.0005259228853598574,351.903,0.01995014879524535,1.920592626653825e-05
135.28,0.02861890128796612,0.0005259228853598574,352.003,0.019959361139055623,1.9223554470929693e-05
135.28,0.02861890128796612,0.0005259228853598574,352.103,0.019968573482904935,1.924119068822182e-05
135.28,0.02861890128796612,0.0005259228853598574,352.203,0.01997778582679331,1.9258834918314208e-05
135.28,0.02861890128796612,0.0005259228853598574,352.303,0.019986998170720787,1.927648716110645e-05
135.28,0.02861890128796612,0.0005259228853598574,352.403,0.019996210514687286,1.9294147416497946e-05
135.28,0.02861890128796612,0.0005259228853598574,352.503,0.020005422858692792,1.931181568438822e-05
135.28,0.02861890128796612,0.0005259228853598574,352.603,0.020014635202737364,1.9329491964676893e-05
135.28,0.02861890128796612,0.0005259228853598574,352.703,0.020023847546820916,1.934717625726336e-05
135.28,0.02861890128796612,0.0005259228853598574,352.803,0.020033059890943523,1.936486856204731e-05
135.28,0.02861890128796612,0.0005259228853598574,352.903,0.0200422722351051,1.9382568878928097e-05
135.28,0.02861890128796612,0.0005259228853598574,353.003,0.020051484579305646,1.940027720780529e-05
135.28,0.02861890128796612,0.0005259228853598574,353.103,0.02006069692354518,1.9417993548578466e-05
135.28,0.02861890128796612,0.0005259228853598574,353.203,0.020069909267823694,1.9435717901147115e-05
135.28,0.02861890128796612,0.0005259228853598574,353.303,0.020079121612141173,1.9453450265410763e-05
135.28,0.02861890128796612,0.0005259228853598574,353.403,0.02008833395649758,1.947119064126889e-05
135.28,0.02861890128796612,0.0005259228853598574,353.503,0.02009754630089296,1.9488939028621144e-05
135.28,0.02861890128796612,0.0005259228853598574,353.603,0.02010675864532731,1.9506695427367042e-05
135.28,0.02861890128796612,0.0005259228853598574,353.703,0.02011597098980054,1.9524459837405995e-05
135.28,0.02861890128796612,0.0005259228853598574,353.803,0.02012518333431268,1.9542232258637606e-05
135.28,0.02861890128796612,0.0005259228853598574,353.903,0.020134395678863753,1.9560012690961464e-05
135.28,0.02861890128796612,0.0005259228853598574,354.003,0.020143608023453722,1.957780113427705e-05
135.28,0.02861890128796612,0.0005259228853598574,354.103,0.02015282036808259,1.9595597588483944e-05
135.28,0.02861890128796612,0.0005259228853598574,354.203,0.02016203271275036,1.961340205348164e-05
135.28,0.02861890128796612,0.0005259228853598574,354.303,0.02017124505745703,1.9631214529169764e-05
135.28,0.02861890128796612,0.0005259228853598574,354.403,0.020180457402202593,1.9649035015447838e-05
135.28,0.02861890128796612,0.0005259228853598574,354.503,0.02018966974698702,1.9666863512215353e-05
135.28,0.02861890128796612,0.0005259228853598574,354.603,0.020198882091810304,1.9684700019371892e-05
135.28,0.02861890128796612,0.0005259228853598574,354.703,0.020208094436672396,1.970254453681689e-05
135.28,0.02861890128796612,0.0005259228853598574,354.803,0.020217306781573376,1.972039706445011e-05
135.28,0.02861890128796612,0.0005259228853598574,354.903,0.02022651912651317,1.9738257602170928e-05
135.28,0.02861890128796612,0.0005259228853598574,355.003,0.02023573147149179,1.9756126149878953e-05
135.28,0.02861890128796612,0.0005259228853598574,355.103,0.020244943816509237,1.977400270747372e-05
135.28,0.02861890128796612,0.0005259228853598574,355.203,0.020254156161565486,1.979188727485481e-05
135.28,0.02861890128796612,0.0005259228853598574,355.303,0.020263368506660547,1.9809779851921775e-05
135.28,0.02861890128796612,0.0005259228853598574,355.403,0.02027258085179436,1.9827680438574065e-05
135.28,0.02861890128796612,0.0005259228853598574,355.503,0.02028179319696698,1.984558903471137e-05
135.28,0.02861890128796612,0.0005259228853598574,355.603,0.020291005542178362,1.9863505640233168e-05
135.28,0.02861890128796612,0.0005259228853598574,355.703,0.020300217887428536,1.9881430255039118e-05
135.28,0.02861890128796612,0.0005259228853598574,355.803,0.020309430232717467,1.98993628790287e-05
135.28,0.02861890128796612,0.0005259228853598574,355.903,0.02031864257804516,1.9917303512101552e-05
135.28,0.02861890128796612,0.0005259228853598574,356.003,0.020327854923411638,1.9935252154157192e-05
135.28,0.02861890128796612,0.0005259228853598574,356.103,0.020337067268816816,1.9953208805095122e-05
135.28,0.02861890128796612,0.0005259228853598574,356.203,0.02034627961426071,1.9971173464814933e-05
135.28,0.02861890128796612,0.0005259228853598574,356.303,0.020355491959743312,1.998914613321622e-05
135.28,0.02861890128796612,0.0005259228853598574,356.403,0.020364704305264637,2.000712681019856e-05
135.28,0.02861890128796612,0.0005259228853598574,356.503,0.02037391665082466,2.002511549566151e-05
135.28,0.02861890128796612,0.0005259228853598574,356.603,0.02038312899642335,2.0043112189504588e-05
135.28,0.02861890128796612,0.0005259228853598574,356.703,0.020392341342060763,2.0061116891627464e-05
135.28,0.02861890128796612,0.0005259228853598574,356.803,0.020401553687736846,2.0079129601929607e-05
135.28,0.02861890128796612,0.0005259228853598574,356.903,0.020410766033451617,2.009715032031068e-05
135.28,0.02861890128796612,0.0005259228853598574,357.003,0.02041997837920501,2.0115179046670173e-05
135.28,0.02861890128796612,0.0005259228853598574,357.103,0.020429190724997093,2.01332157809078e-05
135.28,0.02861890128796612,0.0005259228853598574,357.203,0.02043840307082779,2.015126052292299e-05
135.28,0.02861890128796612,0.0005259228853598574,357.303,0.02044761541669714,2.016931327261539e-05
135.28,0.02861890128796612,0.0005259228853598574,357.403,0.02045682776260515,2.0187374029884642e-05
135.28,0.02861890128796612,0.0005259228853598574,357.503,0.020466040108551742,2.020544279463021e-05
135.28,0.02861890128796612,0.0005259228853598574,357.603,0.020475252454536963,2.0223519566751753e-05
135.28,0.02861890128796612,0.0005259228853598574,357.703,0.020484464800560813,2.0241604346148844e-05
135.28,0.02861890128796612,0.0005259228853598574,357.803,0.020493677146623247,2.0259697132721068e-05
135.28,0.02861890128796612,0.0005259228853598574,357.903,0.020502889492724257,2.0277797926367967e-05
135.28,0.02861890128796612,0.0005259228853598574,358.003,0.02051210183886387,2.0295906726989188e-05
135.28,0.02861890128796612,0.0005259228853598574,358.103,0.020521314185042,2.031402353448421e-05
135.28,0.02861890128796612,0.0005259228853598574,358.203,0.0205305265312587,2.0332148348752734e-05
135.28,0.02861890128796612,0.0005259228853598574,358.303,0.020539738877513966,2.0350281169694335e-05
135.28,0.02861890128796612,0.0005259228853598574,358.403,0.02054895122380782,2.036842199720864e-05
135.28,0.02861890128796612,0.0005259228853598574,358.503,0.020558163570140175,2.0386570831195146e-05
135.28,0.02861890128796612,0.0005259228853598574,358.603,0.020567375916511078,2.0404727671553516e-05
135.28,0.02861890128796612,0.0005259228853598574,358.703,0.020576588262920546,2.0422892518183375e-05
135.28,0.02861890128796612,0.0005259228853598574,358.803,0.020585800609368463,2.0441065370984192e-05
135.28,0.02861890128796612,0.0005259228853598574,358.903,0.020595012955854915,2.04592462298557e-05
135.28,0.02861890128796612,0.0005259228853598574,359.003,0.020604225302379868,2.0477435094697474e-05
135.28,0.02861890128796612,0.0005259228853598574,359.103,0.020613437648943342,2.049563196540913e-05
135.28,0.02861890128796612,0.0005259228853598574,359.203,0.02062264999554524,2.051383684189012e-05
135.28,0.02861890128796612,0.0005259228853598574,359.303,0.020631862342185635,2.0532049724040206e-05
135.28,0.02861890128796612,0.0005259228853598574,359.403,0.020641074688864523,2.0550270611758972e-05
135.28,0.02861890128796612,0.0005259228853598574,359.503,0.02065028703558183,2.056849950494594e-05
135.28,0.02861890128796612,0.0005259228853598574,359.603,0.020659499382337604,2.0586736403500823e-05
135.28,0.02861890128796612,0.0005259228853598574,359.703,0.020668711729131824,2.060498130732315e-05
135.28,0.02861890128796612,0.0005259228853598574,359.803,0.020677924075964485,2.06232342163126e-05
135.28,0.02861890128796612,0.0005259228853598574,359.903,0.02068713642283554,2.0641495130368703e-05
135.28,0.02861890128796612,0.0005259228853598574,360.003,0.02069634876974503,2.0659764049391148e-05
135.28,0.02861890128796612,0.0005259228853598574,360.103,0.02070556111669291,2.0678040973279505e-05
135.28,0.02861890128796612,0.0005259228853598574,360.203,0.020714773463679205,2.0696325901933444e-05
135.28,0.02861890128796612,0.0005259228853598574,360.303,0.020723985810703872,2.0714618835252493e-05
135.28,0.02861890128796612,0.0005259228853598574,360.403,0.020733198157766954,2.0732919773136378e-05
135.28,0.02861890128796612,0.0005259228853598574,360.503,0.020742410504868414,2.0751228715484653e-05
135.28,0.02861890128796612,0.0005259228853598574,360.603,0.020751622852008215,2.0769545662196848e-05
135.28,0.02861890128796612,0.0005259228853598574,360.703,0.02076083519918639,2.0787870613172713e-05
135.28,0.02861890128796612,0.0005259228853598574,360.803,0.020770047546402954,2.0806203568311917e-05
135.28,0.02861890128796612,0.0005259228853598574,360.903,0.020779259893657816,2.0824544527513882e-05
135.28,0.02861890128796612,0.0005259228853598574,361.003,0.020788472240951004,2.0842893490678388e-05
135.28,0.02861890128796612,0.0005259228853598574,361.103,0.020797684588282572,2.0861250457705105e-05
135.28,0.02861890128796612,0.0005259228853598574,361.203,0.02080689693565245,2.0879615428493545e-05
135.28,0.02861890128796612,0.0005259228853598574,361.303,0.02081610928306066,2.0897988402943456e-05
135.28,0.02861890128796612,0.0005259228853598574,361.403,0.020825321630507113,2.0916369380954298e-05
135.28,0.02861890128796612,0.0005259228853598574,361.503,0.02083453397799185,2.0934758362425754e-05
135.28,0.02861890128796612,0.0005259228853598574,361.603,0.02084374632551493,2.0953155347257564e-05
135.28,0.02861890128796612,0.0005259228853598574,361.703,0.02085295867307627,2.0971560335349263e-05
135.28,0.02861890128796612,0.0005259228853598574,361.803,0.02086217102067587,2.0989973326600495e-05
135.28,0.02861890128796612,0.0005259228853598574,361.903,0.020871383368313734,2.1008394320910976e-05
135.28,0.02861890128796612,0.0005259228853598574,362.003,0.020880595715989873,2.102682331818029e-05
135.28,0.02861890128796612,0.0005259228853598574,362.103,0.020889808063704263,2.1045260318308094e-05
135.28,0.02861890128796612,0.0005259228853598574,362.203,0.020899020411456876,2.1063705321193972e-05
135.28,0.02861890128796612,0.0005259228853598574,362.303,0.02090823275924775,2.108215832673764e-05
135.28,0.02861890128796612,0.0005259228853598574,362.403,0.020917445107076826,2.1100619334838668e-05
135.28,0.02861890128796612,0.0005259228853598574,362.503,0.020926657454944136,2.1119088345396766e-05
135.28,0.02861890128796612,0.0005259228853598574,362.603,0.020935869802849637,2.113756535831151e-05
135.28,0.02861890128796612,0.0005259228853598574,362.703,0.020945082150793326,2.1156050373482565e-05
135.28,0.02861890128796612,0.0005259228853598574,362.803,0.02095429449877518,2.1174543390809577e-05
135.28,0.02861890128796612,0.0005259228853598574,362.903,0.020963506846795238,2.11930444101923e-05
135.28,0.02861890128796612,0.0005259228853598574,363.003,0.020972719194853492,2.1211553431530276e-05
135.28,0.02861890128796612,0.0005259228853598574,363.103,0.0209819315429499,2.123007045472314e-05
135.28,0.02861890128796612,0.0005259228853598574,363.203,0.020991143891084425,2.124859547967055e-05
135.28,0.02861890128796612,0.0005259228853598574,363.303,0.021000356239257115,2.1267128506272204e-05
135.28,0.02861890128796612,0.0005259228853598574,363.403,0.021009568587467973,2.1285669534427795e-05
135.28,0.02861890128796612,0.0005259228853598574,363.503,0.021018780935716904,2.13042185640368e-05
135.28,0.02861890128796612,0.0005259228853598574,363.603,0.021027993284004017,2.1322775594999134e-05
135.28,0.02861890128796612,0.0005259228853598574,363.703,0.021037205632329248,2.134134062721432e-05
135.28,0.02861890128796612,0.0005259228853598574,363.803,0.021046417980692563,2.135991366058199e-05
135.28,0.02861890128796612,0.0005259228853598574,363.903,0.021055630329093987,2.1378494695001862e-05
135.28,0.02861890128796612,0.0005259228853598574,364.003,0.021064842677533464,2.139708373037351e-05
135.28,0.02861890128796612,0.0005259228853598574,364.103,0.02107405502601106,2.141568076659669e-05
135.28,0.02861890128796612,0.0005259228853598574,364.203,0.021083267374526708,2.1434285803571044e-05
135.28,0.02861890128796612,0.0005259228853598574,364.303,0.021092479723080454,2.1452898841196305e-05
135.28,0.02861890128796612,0.0005259228853598574,364.403,0.021101692071672236,2.1471519879371948e-05
135.28,0.02861890128796612,0.0005259228853598574,364.503,0.021110904420302126,2.1490148917997907e-05
135.28,0.02861890128796612,0.0005259228853598574,364.603,0.021120116768970028,2.1508785956973614e-05
135.28,0.02861890128796612,0.0005259228853598574,364.703,0.02112932911767598,2.1527430996198894e-05
135.28,0.02861890128796612,0.0005259228853598574,364.803,0.021138541466419955,2.1546084035573358e-05
135.28,0.02861890128796612,0.0005259228853598574,364.903,0.02114775381520192,2.1564745074996636e-05
135.28,0.02861890128796612,0.0005259228853598574,365.003,0.021156966164021906,2.1583414114368464e-05
135.28,0.02861890128796612,0.0005259228853598574,365.103,0.021166178512879892,2.160209115358852e-05
135.28,0.02861890128796612,0.0005259228853598574,365.203,0.0211753908617759,2.1620776192556456e-05
135.28,0.02861890128796612,0.0005259228853598574,365.303,0.021184603210709845,2.1639469231171893e-05
135.28,0.02861890128796612,0.0005259228853598574,365.403,0.02119381555968179,2.165817026933464e-05
135.28,0.02861890128796612,0.0005259228853598574,365.503,0.0212030279086917,2.1676879306944298e-05
135.28,0.02861890128796612,0.0005259228853598574,365.603,0.021212240257739552,2.16955963439005e-05
135.28,0.02861890128796612,0.0005259228853598574,365.703,0.021221452606825373,2.1714321380103037e-05
135.28,0.02861890128796612,0.0005259228853598574,365.803,0.021230664955949153,2.1733054415451603e-05
135.28,0.02861890128796612,0.0005259228853598574,365.903,0.02123987730511085,2.1751795449845792e-05
135.28,0.02861890128796612,0.0005259228853598574,366.003,0.021249089654310518,2.1770544483185382e-05
135.28,0.02861890128796612,0.0005259228853598574,366.103,0.02125830200354807,2.1789301515369947e-05
135.28,0.02861890128796612,0.0005259228853598574,366.203,0.021267514352823567,2.1808066546299306e-05
135.28,0.02861890128796612,0.0005259228853598574,366.303,0.02127672670213698,2.1826839575873126e-05
135.28,0.02861890128796612,0.0005259228853598574,366.403,0.021285939051488224,2.1845620603990956e-05
135.28,0.02861890128796612,0.0005259228853598574,366.503,0.021295151400877392,2.1864409630552595e-05
135.28,0.02861890128796612,0.0005259228853598574,366.603,0.02130436375030443,2.1883206655457758e-05
135.28,0.02861890128796612,0.0005259228853598574,366.703,0.021313576099769367,2.1902011678606187e-05
135.28,0.02861890128796612,0.0005259228853598574,366.803,0.021322788449272146,2.1920824699897433e-05
135.28,0.02861890128796612,0.0005259228853598574,366.903,0.02133200079881277,2.193964571923121e-05
135.28,0.02861890128796612,0.0005259228853598574,367.003,0.021341213148391238,2.195847473650731e-05
135.28,0.02861890128796612,0.0005259228853598574,367.103,0.021350425498007586,2.197731175162547e-05
135.28,0.02861890128796612,0.0005259228853598574,367.203,0.021359637847661737,2.199615676448527e-05
135.28,0.02861890128796612,0.0005259228853598574,367.303,0.021368850197353684,2.2015009774986405e-05
135.28,0.02861890128796612,0.0005259228853598574,367.403,0.02137806254708347,2.2033870783028736e-05
135.28,0.02861890128796612,0.0005259228853598574,367.503,0.021387274896851004,2.2052739788511773e-05
135.28,0.02861890128796612,0.0005259228853598574,367.603,0.02139648724665637,2.2071616791335426e-05
135.28,0.02861890128796612,0.0005259228853598574,367.703,0.021405699596499565,2.2090501791399323e-05
135.28,0.02861890128796612,0.0005259228853598574,367.803,0.02141491194638052,2.2109394788603092e-05
135.28,0.02861890128796612,0.0005259228853598574,367.903,0.021424124296299217,2.2128295782846474e-05
135.28,0.02861890128796612,0.0005259228853598574,368.003,0.021433336646255723,2.2147204774029256e-05
135.28,0.02861890128796612,0.0005259228853598574,368.103,0.02144254899624995,2.2166121762051062e-05
135.28,0.02861890128796612,0.0005259228853598574,368.203,0.021451761346281965,2.2185046746811722e-05
135.28,0.02861890128796612,0.0005259228853598574,368.303,0.021460973696351724,2.220397972821088e-05
135.28,0.02861890128796612,0.0005259228853598574,368.403,0.02147018604645921,2.2222920706148246e-05
135.28,0.02861890128796612,0.0005259228853598574,368.503,0.02147939839660443,2.224186968052355e-05
135.28,0.02861890128796612,0.0005259228853598574,368.603,0.02148861074678737,2.2260826651236545e-05
135.28,0.02861890128796612,0.0005259228853598574,368.703,0.021497823097008005,2.22797916181869e-05
135.28,0.02861890128796612,0.0005259228853598574,368.803,0.021507035447266322,2.2298764581274285e-05
135.28,0.02861890128796612,0.0005259228853598574,368.903,0.02151624779756236,2.231774554039857e-05
135.28,0.02861890128796612,0.0005259228853598574,369.003,0.021525460147896063,2.2336734495459368e-05
135.28,0.02861890128796612,0.0005259228853598574,369.103,0.02153467249826749,2.2355731446356515e-05
135.28,0.02861890128796612,0.0005259228853598574,369.203,0.02154388484867654,2.2374736392989585e-05
135.28,0.02861890128796612,0.0005259228853598574,369.303,0.02155309719912324,2.2393749335258347e-05
135.28,0.02861890128796612,0.0005259228853598574,369.403,0.021562309549607635,2.2412770273062637e-05
135.28,0.02861890128796612,0.0005259228853598574,369.503,0.02157152190012962,2.243179920630202e-05
135.28,0.02861890128796612,0.0005259228853598574,369.603,0.021580734250689303,2.2450836134876448e-05
135.28,0.02861890128796612,0.0005259228853598574,369.703,0.021589946601286603,2.246988105868552e-05
135.28,0.02861890128796612,0.0005259228853598574,369.803,0.02159915895192153,2.248893397762902e-05
135.28,0.02861890128796612,0.0005259228853598574,369.903,0.021608371302594066,2.2507994891606605e-05
135.28,0.02861890128796612,0.0005259228853598574,370.003,0.02161758365330422,2.252706380051809e-05
135.28,0.02861890128796612,0.0005259228853598574,370.103,0.021626796004051953,2.2546140704263122e-05
135.28,0.02861890128796612,0.0005259228853598574,370.203,0.02163600835483726,2.2565225602741483e-05
135.28,0.02861890128796612,0.0005259228853598574,370.303,0.02164522070566015,2.258431849585294e-05
135.28,0.02861890128796612,0.0005259228853598574,370.403,0.021654433056520622,2.2603419383497236e-05
135.28,0.02861890128796612,0.0005259228853598574,370.503,0.02166364540741865,2.2622528265574095e-05
135.28,0.02861890128796612,0.0005259228853598574,370.603,0.021672857758354227,2.2641645141983234e-05
135.28,0.02861890128796612,0.0005259228853598574,370.703,0.021682070109327333,2.26607700126244e-05
135.28,0.02861890128796612,0.0005259228853598574,370.803,0.021691282460337958,2.2679902877397315e-05
135.28,0.02861890128796612,0.0005259228853598574,370.903,0.021700494811386136,2.2699043736201832e-05
135.28,0.02861890128796612,0.0005259228853598574,371.003,0.021709707162471833,2.2718192588937645e-05
135.28,0.02861890128796612,0.0005259228853598574,371.103,0.021718919513595024,2.273734943550445e-05
135.28,0.02861890128796612,0.0005259228853598574,371.203,0.021728131864755737,2.275651427580211e-05
135.28,0.02861890128796612,0.0005259228853598574,371.303,0.021737344215953934,2.27756871097303e-05
135.28,0.02861890128796612,0.0005259228853598574,371.403,0.02174655656718963,2.2794867937188807e-05
135.28,0.02861890128796612,0.0005259228853598574,371.503,0.02175576891846282,2.281405675807736e-05
135.28,0.02861890128796612,0.0005259228853598574,371.603,0.0217649812697735,2.2833253572295817e-05
