MCL_Timestamp,MCL_X,MCL_Y,Odom_Timestamp,Odom_X,Odom_Y
138.687,0.000667619016917062,-0.0002678653137403378,138.931,0.0003295626545106289,6.449470638953226e-09
138.687,0.000667619016917062,-0.0002678653137403378,139.031,0.0003387748976516038,6.7815599281939e-09
138.887,0.000681437283212081,-0.0002678816842951989,139.131,0.00034798714013575924,7.121878957077866e-09
138.887,0.000681437283212081,-0.0002678816842951989,139.231,0.0003571993821549117,7.470427628868568e-09
139.087,0.0007029984811868465,-0.0002667314489028176,139.331,0.0003664116238526283,7.82720584529984e-09
139.087,0.0007029984811868465,-0.0002667314489028176,139.431,0.00037562386533568283,8.192213506902022e-09
139.187,0.0007166449875964904,-0.00026684602692146397,139.531,0.0003848361066839821,8.565450513312376e-09
139.387,0.000735069335409467,-0.00026686777150898957,139.631,0.00039404834795655987,8.946916763451639e-09
139.387,0.000735069335409467,-0.00026686777150898957,139.731,0.00040326058919717424,9.336612155707937e-09
139.587,0.0007488875991970312,-0.00026688405755306073,139.831,0.00041247283043814765,9.734536588061658e-09
139.687,0.0007627058557218455,-0.00026690032665665527,139.931,0.00042168507170318667,1.0140689958180422e-08
139.687,0.0007627058557218455,-0.00026690032665665527,140.031,0.0004308973130095811,1.0555072163496064e-08
139.887,0.0007765241178311773,-0.000266916575691651,140.131,0.00044010955436978076,1.0977683101256314e-08
139.987,0.0007903423805180879,-0.00026693280770339787,140.231,0.0004493217957927044,1.1408522668576715e-08
139.987,0.0007903423805180879,-0.00026693280770339787,140.331,0.0004585340372844951,1.1847590762465202e-08
140.187,0.0008041606439476023,-0.00026694901970744194,140.431,0.00046774627884956443,1.2294887279865377e-08
140.287,0.0008179789063372835,-0.000266965214765443,140.531,0.0004769585204906363,1.2750412117652192e-08
140.287,0.0008179789063372835,-0.000266965214765443,140.631,0.00048617076220954593,1.3214165172668665e-08
140.487,0.0008332522700062372,-0.0002672696530511612,140.731,0.0004953830040073077,1.36861463417288e-08
140.587,0.0008478215613122645,-0.00026724723967999707,140.831,0.0005045952458843359,1.4166355521623694e-08
140.587,0.0008478215613122645,-0.00026724723967999707,140.931,0.0005138074878405785,1.4654792609128507e-08
140.787,0.0008616398231472912,-0.0002672633773840528,141.031,0.0005230197298758952,1.5151457501019864e-08
140.787,0.0008616398231472912,-0.0002672633773840528,141.131,0.0005322319719898358,1.565635009406245e-08
140.887,0.0008800641718608392,-0.00026728486801169075,141.231,0.0005414442141817696,1.6169470285017235e-08
141.087,0.0008938824356788463,-0.0002673009625703367,141.331,0.0005506564564511126,1.6690817970651786e-08
141.087,0.0008938824356788463,-0.0002673009625703367,141.431,0.0005598686987969906,1.7220393047720146e-08
141.287,0.0009080004975302038,-0.00026724824485185086,141.531,0.0005690809412188874,1.775819541300049e-08
141.387,0.0009218187589878855,-0.00026726430216425913,141.631,0.0005782931837158619,1.8304224963251875e-08
141.387,0.0009218187589878855,-0.00026726430216425913,141.731,0.0005875054262873072,1.8858481595255746e-08
141.587,0.0009356370267256801,-0.00026728033942770876,141.831,0.0005967176689325275,1.9420965205790825e-08
141.687,0.0009494552886676348,-0.00026729635968818775,141.931,0.0006059299116506503,1.9991675691628117e-08
141.687,0.0009494552886676348,-0.00026729635968818775,142.031,0.0006151421544412458,2.057061294956766e-08
141.887,0.0009642463785516796,-0.0002674516106255463,142.131,0.0006243543973034181,2.1157776876383193e-08
141.987,0.0009780646426152013,-0.00026746759441514413,142.231,0.0006335666402366938,2.1753167368879043e-08
141.987,0.0009780646426152013,-0.00026746759441514413,142.331,0.0006427788832404886,2.2356784323854948e-08
142.187,0.0009918829077751959,-0.00026748355815918413,142.431,0.0006519911263141291,2.2968627638107188e-08
142.287,0.0010057011702828997,-0.00026749950496524104,142.531,0.0006612033694571632,2.358869720844827e-08
142.287,0.0010057011702828997,-0.00026749950496524104,142.631,0.0006704156126690068,2.421699293168426e-08
142.487,0.0010195194345572122,-0.00026751543169040013,142.731,0.000679627855949253,2.485351470463604e-08
142.487,0.0010195194345572122,-0.00026751543169040013,142.831,0.0006888400992973165,2.5498262424113667e-08
142.587,0.001033337700041642,-0.0002675313414337857,142.931,0.0006980523427129459,2.6151235986951828e-08
142.787,0.0010539643462233641,-0.00026839732701613983,143.031,0.0007072645861954909,2.6812435289960268e-08
142.787,0.0010539643462233641,-0.00026839732701613983,143.131,0.0007164768297447431,2.7481860229982246e-08
142.987,0.001068577700296568,-0.00026817110642938017,143.231,0.0007256890733602958,2.8159510703849775e-08
143.087,0.001082395965306471,-0.0002681869535230838,143.331,0.0007349013170416543,2.8845386608389076e-08
143.087,0.001082395965306471,-0.0002681869535230838,143.431,0.0007441135607885431,2.953948784044478e-08
143.287,0.0010962142238911724,-0.0002682027804743834,143.531,0.0007533258046006445,3.0241814296860816e-08
143.387,0.001111458153121271,-0.0002667403946601329,143.631,0.0007625380484777302,3.095236587449118e-08
143.387,0.001111458153121271,-0.0002667403946601329,143.731,0.000771750292419303,3.167114247016821e-08
143.587,0.0011252764164760404,-0.00026675618784460727,143.831,0.0007809625364252452,3.2398143980755864e-08
143.687,0.0011413162748841463,-0.00026548809936947194,143.931,0.0007901747804952606,3.3133370303105455e-08
143.687,0.0011413162748841463,-0.00026548809936947194,144.031,0.0007993870246289856,3.3876821334064684e-08
143.887,0.0011548956017771444,-0.00026691308558394425,144.131,0.0008085992688262817,3.462849697050188e-08
143.987,0.0011689528011959926,-0.0002655195931164932,144.231,0.0008178115130867852,3.53883971092665e-08
143.987,0.0011689528011959926,-0.0002655195931164932,144.331,0.0008270237574104666,3.615652164723918e-08
144.187,0.0011827710559978314,-0.0002655353114825133,144.431,0.000836236001796963,3.6932870481275156e-08
144.287,0.0011965893205459772,-0.0002655510128566234,144.531,0.0008454482462460456,3.771744350824155e-08
144.287,0.0011965893205459772,-0.0002655510128566234,144.631,0.0008546604907575739,3.851024062501402e-08
144.487,0.001213851392924547,-0.00026586256903918297,144.731,0.0008638727353313846,3.931126172847085e-08
144.487,0.001213851392924547,-0.00026586256903918297,144.831,0.0008730849799672483,4.012050671548543e-08
144.687,0.0012337459905496797,-0.00026608787664687855,144.931,0.0008822972246649589,4.0937975482933394e-08
144.787,0.0012475642517715106,-0.00026610351079563236,145.031,0.000891509469424375,4.1763667927698045e-08
144.787,0.0012475642517715106,-0.00026610351079563236,145.131,0.0009007217142453333,4.259758394666117e-08
144.987,0.0012618724351489113,-0.0002659474349653349,145.231,0.0009099339591277606,4.3439723436715396e-08
145.087,0.0012731942521301417,-0.00026519366262262153,145.331,0.0009191462040712941,4.429008629472863e-08
145.087,0.0012731942521301417,-0.00026519366262262153,145.431,0.0009283584490759938,4.5148672417607616e-08
145.287,0.0012895089720275804,-0.0002659786012961089,145.531,0.0009375706941415846,4.601548170223152e-08
145.387,0.0013008307784594959,-0.0002652248140205123,145.631,0.0009467829392680373,4.68905140455034e-08
145.387,0.0013008307784594959,-0.0002652248140205123,145.731,0.0009559951844551007,4.777376934430553e-08
145.587,0.0013146490417178618,-0.00026524036126768783,145.831,0.0009652074297027672,4.866524749554585e-08
145.687,0.001328467309512251,-0.000265255891472036,145.931,0.0009744196750108299,4.9564948396113996e-08
145.687,0.001328467309512251,-0.000265255891472036,146.031,0.0009836319203791696,5.047287194291037e-08
145.887,0.0013422855786616105,-0.0002652714016918923,146.131,0.0009928441658077591,5.1389018032844805e-08
145.987,0.0013561038389542392,-0.0002652868949530412,146.231,0.001002056411296434,5.23133865628166e-08
145.987,0.0013561038389542392,-0.0002652868949530412,146.331,0.001011268656845054,5.324597742972819e-08
146.187,0.001369922111805877,-0.00026530236819855544,146.431,0.0010204809024535904,5.418679053049507e-08
146.287,0.0013837403777508996,-0.0002653178243786494,146.531,0.0010296931481218986,5.5135825762020954e-08
146.287,0.0013837403777508996,-0.0002653178243786494,146.631,0.001038905393849865,5.6093083021215245e-08
146.487,0.0013975586438304856,-0.00026533326061175714,146.731,0.0010481176396373911,5.705856220498959e-08
146.587,0.0014119661783723496,-0.00026528672713209455,146.831,0.0010573298854844708,5.803226321026589e-08
146.587,0.0014119661783723496,-0.00026528672713209455,146.931,0.0010665421313909849,5.901418593395757e-08
146.787,0.0014257844431573234,-0.00026530212231794346,147.031,0.0010757543773567925,6.000433027297675e-08
146.887,0.001439602711090799,-0.00026531750058633074,147.131,0.001084966623381865,6.10026961242498e-08
146.887,0.001439602711090799,-0.00026531750058633074,147.231,0.0010941788694660611,6.200928338469101e-08
147.087,0.0014534209783660258,-0.00026533285871644486,147.331,0.0011033911156093739,6.302409195123209e-08
147.087,0.0014534209783660258,-0.00026533285871644486,147.431,0.0011126033618117075,6.404712172079484e-08
147.287,0.0014736686341904675,-0.00026559057116325873,147.531,0.0011218156080729873,6.50783725903049e-08
147.387,0.0014874869005626233,-0.00026560588807913245,147.631,0.0011310278543931634,6.61178444566917e-08
147.387,0.0014874869005626233,-0.00026560588807913245,147.731,0.001140240100772115,6.71655372168795e-08
147.587,0.0015013051730144633,-0.000265621184914512,147.831,0.001149452347209813,6.822145076780378e-08
147.687,0.001515123436938033,-0.000265636464824018,147.931,0.0011586645937062064,6.928558500639811e-08
147.687,0.001515123436938033,-0.000265636464824018,148.031,0.001167876840261154,7.03579398295873e-08
147.887,0.0015289417046522899,-0.00026565172470851916,148.131,0.0011770890868747167,7.143851513432016e-08
147.987,0.0015390386605042576,-0.0002649320339128308,148.231,0.0011863013335467075,7.252731081751964e-08
147.987,0.0015390386605042576,-0.0002649320339128308,148.331,0.001195513580277232,7.362432677614401e-08
148.187,0.001554146270596618,-0.0002641172750743234,148.431,0.001204725827065993,7.472956290710509e-08
148.187,0.001554146270596618,-0.0002641172750743234,148.531,0.001213938073913228,7.584301910737943e-08
148.287,0.001572570629994976,-0.00026413756164030686,148.631,0.0012231503208186623,7.696469527388459e-08
148.487,0.0015863889038049241,-0.00026415275301829293,148.731,0.0012323625677822896,7.80945913035696e-08
148.487,0.0015863889038049241,-0.00026415275301829293,148.831,0.0012415748148040806,7.923270709338292e-08
148.687,0.001600207176556044,-0.00026416792591722223,148.931,0.001250787061883982,8.037904254027218e-08
148.787,0.0016140254475729015,-0.00026418308188942723,149.031,0.0012599993090220097,8.153359754119429e-08
148.787,0.0016140254475729015,-0.00026418308188942723,149.131,0.0012692115562179564,8.269637199308104e-08
148.987,0.0016280986805116027,-0.0002641688298717656,149.231,0.0012784238034719943,8.38673657929122e-08
149.087,0.0016419169438607174,-0.00026418394732835153,149.331,0.001287636050783825,8.504657883761025e-08
149.087,0.0016419169438607174,-0.00026418394732835153,149.431,0.0012968482981535725,8.623401102415144e-08
149.287,0.0016557352121996298,-0.000264199044740213,149.531,0.0013060605455811657,8.742966224948835e-08
149.387,0.0016695534831444583,-0.00026421412521226317,149.631,0.0013152727930666212,8.86335324105867e-08
149.387,0.0016695534831444583,-0.00026421412521226317,149.731,0.001324485040609706,8.98456214043825e-08
149.587,0.0016833717529562537,-0.0002642291856761766,149.831,0.0013336972882105921,9.106592912786396e-08
149.687,0.00169719002226308,-0.0002642442292015298,149.931,0.001342909535869139,9.229445547797867e-08
149.687,0.00169719002226308,-0.0002642442292015298,150.031,0.0013521217835852513,9.353120035168358e-08
149.887,0.0017110082920991493,-0.0002642592526993337,150.131,0.0013613340313590981,9.477616364597332e-08
149.887,0.0017110082920991493,-0.0002642592526993337,150.231,0.0013705462791904067,9.602934525778276e-08
149.987,0.0017248265647576795,-0.0002642742592191325,150.331,0.0013797585270792568,9.729074508409601e-08
150.187,0.0017432509368770985,-0.0002642942380587906,150.431,0.0013889707750255748,9.856036302187689e-08
150.187,0.0017432509368770985,-0.0002642942380587906,150.531,0.001398183023029355,9.983819896809949e-08
150.387,0.0017570692133991293,-0.0002643092000611028,150.631,0.0014073952710905234,1.011242528197302e-07
150.487,0.001770887479633106,-0.0002643241448328345,150.731,0.0014166075192091154,1.024185244737522e-07
150.487,0.001770887479633106,-0.0002643241448328345,150.831,0.0014258197673850575,1.0372101382713377e-07
150.687,0.0017847057529194652,-0.00026433906970230094,150.931,0.0014350320156182777,1.0503172077684576e-07
150.787,0.001798524023964696,-0.0002643539775873821,151.031,0.0014442442639087893,1.0635064521987409e-07
150.787,0.001798524023964696,-0.0002643539775873821,151.131,0.0014534565122565851,1.076777870532011e-07
150.987,0.001812342296147788,-0.0002643688654601508,151.231,0.0014626687606615902,1.0901314617380016e-07
151.087,0.001826160567949295,-0.00026438373643077235,151.331,0.0014718810091237978,1.1035672247865854e-07
151.087,0.001826160567949295,-0.00026438373643077235,151.431,0.0014810932576431574,1.1170851586475699e-07
151.287,0.0018399926724601916,-0.0002643150990108591,151.531,0.001490305506219683,1.1306852622908694e-07
151.287,0.0018399926724601916,-0.0002643150990108591,151.631,0.0014995177548533668,1.1443675346863726e-07
151.487,0.0018584170442540455,-0.00026433486979369927,151.731,0.0015087300035440474,1.1581319748037526e-07
151.587,0.0018722353174554722,-0.00026434967700374954,151.831,0.0015179422522918276,1.1719785816130902e-07
151.587,0.0018722353174554722,-0.00026434967700374954,151.931,0.0015271545010966557,1.1859073540842597e-07
151.787,0.0018860535914786108,-0.00026436446440390076,152.031,0.0015363667499584364,1.199918291187072e-07
151.887,0.0018998718610632403,-0.00026437923455800027,152.131,0.0015455789988771855,1.214011391891506e-07
151.887,0.0018998718610632403,-0.00026437923455800027,152.231,0.0015547912478528923,1.228186655167526e-07
152.087,0.0019136901387869685,-0.0002643939848036266,152.331,0.0015640034968855733,1.2424440799851617e-07
152.187,0.0019289170064993217,-0.00026363681707379413,152.431,0.0015732157459750428,1.2567836653141415e-07
152.187,0.0019289170064993217,-0.00026363681707379413,152.531,0.0015824279951214498,1.2712054101247078e-07
152.387,0.001941326680137806,-0.0002644234314065317,152.631,0.0015916402443246777,1.2857093133867152e-07
152.487,0.001958570024908504,-0.00026049722484729844,152.731,0.0016008524935847402,1.300295374070239e-07
152.487,0.001958570024908504,-0.00026049722484729844,152.831,0.0016100647429016502,1.3149635911453691e-07
152.687,0.001972388303055346,-0.0002605119154317258,152.931,0.0016192769922752696,1.3297139635819617e-07
152.787,0.0019862065787593893,-0.00026052658906564204,153.031,0.0016284892417056558,1.344546490350194e-07
152.787,0.0019862065787593893,-0.00026052658906564204,153.131,0.0016377014911928246,1.3594611704201966e-07
152.987,0.0020000248530632095,-0.00026054124259109195,153.231,0.0016469137407366574,1.3744580027618877e-07
152.987,0.0020000248530632095,-0.00026054124259109195,153.331,0.0016561259903371036,1.3895369863453065e-07
153.087,0.0020138858769160697,-0.0002614346308763755,153.431,0.0016653382399943104,1.4046981201408533e-07
153.287,0.002032267502812875,-0.0002605753650047159,153.531,0.0016745504897081368,1.4199414031184542e-07
153.287,0.002032267502812875,-0.0002605753650047159,153.631,0.0016837627394785987,1.4352668342482906e-07
153.487,0.002046085778304637,-0.000260589957009787,153.731,0.0016929749893056214,1.4506744125004166e-07
153.587,0.0020553407055133536,-0.000261478434145977,153.831,0.0017021872391892877,1.4661641368451513e-07
153.587,0.0020553407055133536,-0.000261478434145977,153.931,0.0017113994891294994,1.481736006252552e-07
153.787,0.0020737223203826784,-0.00026061908702303783,154.031,0.0017206117391262276,1.4973900196927888e-07
153.887,0.0020829772544564036,-0.00026150754444863533,154.131,0.0017298239891794674,1.5131261761360704e-07
153.887,0.0020829772544564036,-0.00026150754444863533,154.231,0.001739036239289254,1.5289444745527208e-07
154.087,0.0020967955300181234,-0.00026152207108814284,154.331,0.0017482484894554675,1.5448449139127925e-07
154.187,0.002110613802759785,-0.0002615365808141124,154.431,0.0017574607396782153,1.560827493186734e-07
154.187,0.002110613802759785,-0.0002615365808141124,154.531,0.0017666729899573316,1.576892211344545e-07
154.387,0.002124432077040743,-0.00026155107048414364,154.631,0.0017758852402928761,1.5930390673566321e-07
154.487,0.002138385394245572,-0.00026174400302484514,154.731,0.0017850974906848639,1.6092680601933472e-07
154.487,0.002138385394245572,-0.00026174400302484514,154.831,0.0017943097411332227,1.6255791888248796e-07
154.687,0.0021522036705302317,-0.0002617584565427859,154.931,0.0018035219916379215,1.64197245222152e-07
154.787,0.002166021948050923,-0.00026177289302310285,155.031,0.0018127342421990196,1.6584478493537253e-07
154.787,0.002166021948050923,-0.00026177289302310285,155.131,0.0018219464928164442,1.675005379191718e-07
154.987,0.0021798402256598148,-0.0002617873095743833,155.231,0.00183115874349012,1.6916450407057388e-07
154.987,0.0021798402256598148,-0.0002617873095743833,155.331,0.0018403709942201743,1.7083668328664103e-07
155.087,0.0021982645880933138,-0.00026180653000920184,155.431,0.0018495832450064866,1.7251707546439165e-07
155.287,0.0022123977233742516,-0.0002623829851293889,155.531,0.0018587954958490737,1.7420568050086953e-07
155.287,0.0022123977233742516,-0.0002623829851293889,155.631,0.001868007746747883,1.7590249829310748e-07
155.487,0.0022266409960519334,-0.0002610615103092957,155.731,0.0018772199977029746,1.7760752873816173e-07
155.587,0.002240459269641071,-0.0002610758580063724,155.831,0.0018864322487142518,1.793207717330591e-07
155.587,0.002240459269641071,-0.0002610758580063724,155.931,0.0018956444997817535,1.810422271748537e-07
155.787,0.0022542775514216616,-0.0002610901856710538,156.031,0.0019048567509054697,1.8277189496059286e-07
155.887,0.0022699102489570134,-0.00026213728188000216,156.131,0.0019140690020852157,1.8450977498729022e-07
155.887,0.0022699102489570134,-0.00026213728188000216,156.231,0.0019232812533212069,1.8625586715203542e-07
156.087,0.002281914101016473,-0.0002611187870981709,156.331,0.0019324935046133038,1.8801017135185448e-07
156.187,0.0022985673706090847,-0.0002625697619015528,156.431,0.001941705755961541,1.8977268748380771e-07
156.187,0.0022985673706090847,-0.0002625697619015528,156.531,0.0019509180073658697,1.9154341544493906e-07
156.387,0.0023123841474779246,-0.0002626263908560381,156.631,0.0019601302588262157,1.9332235513229035e-07
156.487,0.0023268377463786065,-0.00026206547987831305,156.731,0.0019693425103427006,1.9510950644294493e-07
156.487,0.0023268377463786065,-0.00026206547987831305,156.831,0.001978554761915278,1.969048692739526e-07
156.687,0.0023406560255149365,-0.00026207970306503715,156.931,0.001987767013543895,1.9870844352236278e-07
156.687,0.0023406560255149365,-0.00026207970306503715,157.031,0.0019969792652284554,2.005202290852177e-07
156.787,0.0023544743005436963,-0.0002620939093079575,157.131,0.002006191516969083,2.0234022585960344e-07
156.987,0.002377966303490328,-0.000262049431507096,157.231,0.0020154037687656156,2.0416843374255296e-07
156.987,0.002377966303490328,-0.000262049431507096,157.331,0.002024616020618293,2.06004852631178e-07
157.187,0.0023917845889211316,-0.0002620635872259652,157.431,0.0020338282725268384,2.0784948242248976e-07
157.287,0.00240560287015973,-0.0002620777259863274,157.531,0.0020430405244913122,2.0970232301356787e-07
157.287,0.00240560287015973,-0.0002620777259863274,157.631,0.002052252776511797,2.1156337430149802e-07
157.487,0.002419421148434655,-0.0002620918447960312,157.731,0.002061465028588127,2.13432636183317e-07
157.587,0.0024332394222174054,-0.00026210594665623295,157.831,0.002070677280720407,2.1531010855611557e-07
157.587,0.0024332394222174054,-0.00026210594665623295,157.931,0.0020798895329086336,2.171957913169668e-07
157.787,0.0024472701163424132,-0.0002608706255092409,158.031,0.0020891017851526607,2.190896843629155e-07
157.887,0.0024610883991787,-0.0002608846914501793,158.131,0.002098314037452532,2.2099178759104354e-07
157.887,0.0024610883991787,-0.0002608846914501793,158.231,0.0021075262898083893,2.2290210089845797e-07
158.087,0.0024762564389161517,-0.000259893428634075,158.331,0.0021167385422199833,2.2482062418218475e-07
158.187,0.0024900747148802627,-0.0002599074643560922,158.431,0.0021259507946874627,2.2674735733933396e-07
158.187,0.0024900747148802627,-0.0002599074643560922,158.531,0.0021351630472106857,2.2868230026695576e-07
158.387,0.0025084990936702516,-0.0002599261488441053,158.631,0.0021443752997897785,2.306254528621587e-07
158.387,0.0025084990936702516,-0.0002599261488441053,158.731,0.0021535875524246705,2.3257681502201144e-07
158.587,0.0025223173754417,-0.0002599401398924305,158.831,0.0021627998051152375,2.3453638664357352e-07
158.687,0.0025370616325157028,-0.00025956086482934533,158.931,0.00217201205786163,2.3650416762396196e-07
158.687,0.0025370616325157028,-0.00025956086482934533,159.031,0.0021812243106637545,2.38480157860242e-07
158.887,0.0025500820308669825,-0.00025957729161979866,159.131,0.0021904365635216244,2.404643572495045e-07
158.987,0.0025646981923792647,-0.00025958876647317074,159.231,0.0021996488164352317,2.424567656888384e-07
158.987,0.0025646981923792647,-0.00025958876647317074,159.331,0.0022088610694045267,2.444573830753224e-07
159.187,0.0025785164720780146,-0.0002596026887870087,159.431,0.0022180733224295,2.464662093060475e-07
159.287,0.0025923347473596875,-0.00025961659426858985,159.531,0.0022272855755101884,2.484832442781138e-07
159.287,0.0025923347473596875,-0.00025961659426858985,159.631,0.002236497828646539,2.5050848788860554e-07
159.487,0.0026061530324389343,-0.0002596304796298489,159.731,0.002245710081838575,2.5254194003462036e-07
159.587,0.002619971309655099,-0.0002596443481346412,159.831,0.0022549223350862347,2.545836006132432e-07
159.587,0.002619971309655099,-0.0002596443481346412,159.931,0.00226413458838947,2.566334695215603e-07
159.787,0.0026337241082606305,-0.00025933824759580564,160.031,0.0022733468417484495,2.5869154665670967e-07
159.887,0.002647542386596778,-0.0002593520682297888,160.131,0.0022825590951629027,2.6075783191573154e-07
159.887,0.002647542386596778,-0.0002593520682297888,160.231,0.002291771348632997,2.6283232519576784e-07
160.087,0.002661360670744595,-0.0002593658688052682,160.331,0.0023009836021587065,2.6491502639391746e-07
160.087,0.002661360670744595,-0.0002593658688052682,160.431,0.002310195855739998,2.670059354072773e-07
160.287,0.0026797850442599296,-0.0002593842418619559,160.531,0.002319408109376823,2.6910505213294077e-07
160.287,0.0026797850442599296,-0.0002593842418619559,160.631,0.0023286203630691693,2.712123764680147e-07
160.487,0.0026982094287765403,-0.00025940258202202936,160.731,0.002337832616817082,2.7332790830961686e-07
160.587,0.002712027710012988,-0.00025941631642545035,160.831,0.0023470448706205474,2.754516475548545e-07
160.587,0.002712027710012988,-0.00025941631642545035,160.931,0.002356257124479449,2.775835941008131e-07
160.787,0.002725845985906133,-0.0002594300308001849,161.031,0.0023654693783938916,2.7972374784462775e-07
160.787,0.002725845985906133,-0.0002594300308001849,161.131,0.002374681632363777,2.8187210868339004e-07
160.887,0.002740226993606972,-0.0002579925990522824,161.231,0.002383893886389166,2.8402867651422846e-07
161.087,0.002758651368935745,-0.0002580108400322398,161.331,0.0023931061404699836,2.8619345123424227e-07
161.087,0.002758651368935745,-0.0002580108400322398,161.431,0.002402318394606335,2.8836643274057484e-07
161.287,0.0027724696529433488,-0.00025802449842683267,161.531,0.0024115306487981015,2.905476209303166e-07
161.387,0.002787161842442659,-0.0002583460454501542,161.631,0.0024207429030452983,2.927370157005918e-07
161.387,0.002787161842442659,-0.0002583460454501542,161.731,0.0024299551573478493,2.949346169485056e-07
161.587,0.002800619296021291,-0.0002591612723263662,161.831,0.0024391674117058594,2.971404245712052e-07
161.687,0.002814062868368645,-0.00025937383498677186,161.931,0.002448379666119257,2.993544384657968e-07
161.687,0.002814062868368645,-0.00025937383498677186,162.031,0.0024575919205880076,3.015766585293992e-07
161.887,0.0028289603174508245,-0.0002589384106512729,162.131,0.002466804175112152,3.0380708465914683e-07
161.987,0.0028429670816425947,-0.0002589724286359142,162.231,0.0024760164296916847,3.0604571675216535e-07
161.987,0.0028429670816425947,-0.0002589724286359142,162.331,0.002485228684326549,3.0829255470557126e-07
162.187,0.0028555177174646065,-0.0002594145788322728,162.431,0.002494440939016742,3.105475984164948e-07
162.187,0.0028555177174646065,-0.0002594145788322728,162.531,0.0025036531937622317,3.1281084778206e-07
162.287,0.00287920898881326,-0.00025967381526076995,162.631,0.002512865448563055,3.1508230269940964e-07
162.487,0.002893027277050122,-0.0002596873430436758,162.731,0.0025220777034192297,3.1736196306568143e-07
162.487,0.002893027277050122,-0.0002596873430436758,162.831,0.0025312899583306335,3.196498287779814e-07
162.687,0.0029068455682602547,-0.00025970085237947416,162.931,0.0025405022132973286,3.2194589973346e-07
162.787,0.002920663850159072,-0.00025971434481196097,163.031,0.0025497144683192846,3.2425017582924886e-07
162.787,0.002920663850159072,-0.00025971434481196097,163.131,0.00255892672339645,3.2656265696247494e-07
162.987,0.002934482135852901,-0.000259727817158963,163.231,0.002568138978528995,3.2888334303032137e-07
163.087,0.002948300417931538,-0.000259741272716191,163.331,0.002577351233716691,3.3121223392987194e-07
163.087,0.002948300417931538,-0.000259741272716191,163.431,0.0025865634889596627,3.3354932955830384e-07
163.287,0.00296211870139753,-0.0002597547081393732,163.531,0.002595775744257772,3.3589462981272656e-07
163.387,0.0029759369836359715,-0.00025976812677877054,163.631,0.002604987999611204,3.382481345903352e-07
163.387,0.0029759369836359715,-0.00025976812677877054,163.731,0.0026142002550197173,3.4060984378821264e-07
163.587,0.002989755268678287,-0.00025978152533620623,163.831,0.0026234125104835204,3.429797573035619e-07
163.687,0.0030035735572318772,-0.00025979490698520644,163.931,0.002632624766002387,3.45357875033474e-07
163.687,0.0030035735572318772,-0.00025979490698520644,164.031,0.002641837021576423,3.4774419687512717e-07
163.887,0.003017391838053461,-0.0002598082686042799,164.131,0.002651049277205681,3.501387227256896e-07
163.987,0.0030312101247924076,-0.0002598216133628195,164.231,0.002660261532890069,3.5254145248229053e-07
163.987,0.0030312101247924076,-0.0002598216133628195,164.331,0.0026694737886295557,3.5495238604207674e-07
164.187,0.003045028410524487,-0.0002598349380496346,164.431,0.0026786860444241796,3.573715233022158e-07
164.187,0.003045028410524487,-0.0002598349380496346,164.531,0.0026878983002738437,3.597988641598397e-07
164.387,0.003063452783300827,-0.0002598526766891077,164.631,0.0026971105561786313,3.6223440851212796e-07
164.487,0.003078045114601599,-0.0002612980186668266,164.731,0.0027063228121385345,3.646781562562397e-07
164.487,0.003078045114601599,-0.0002612980186668266,164.831,0.0027155350681535412,3.6713010728933507e-07
164.687,0.0030910893527210676,-0.0002598792230632804,164.931,0.0027247473242235387,3.6959026150854483e-07
164.787,0.003103857010047004,-0.000261339504462369,165.031,0.0027339595803486517,3.7205861881106663e-07
164.787,0.003103857010047004,-0.000261339504462369,165.131,0.0027431718365288505,3.7453517909405676e-07
164.987,0.003119499976361892,-0.00026133775776838157,165.231,0.0027523840927640183,3.770199422546504e-07
165.087,0.003131493581938324,-0.0002613659603460494,165.331,0.002761596349054148,3.7951290819001337e-07
165.087,0.003131493581938324,-0.0002613659603460494,165.431,0.0027708086053994307,3.820140767973679e-07
165.287,0.003145311865075234,-0.00026137915984971897,165.531,0.002780020861799634,3.8452344797382215e-07
165.387,0.003159130152713199,-0.0002613923424884489,165.631,0.002789233118254821,3.870410216165639e-07
165.387,0.003159130152713199,-0.0002613923424884489,165.731,0.0027984453747650065,3.895667976227696e-07
165.587,0.003172948437086492,-0.00026140550503130327,165.831,0.00280765763133016,3.9210077588960374e-07
165.687,0.003186766722019265,-0.00026141865075885536,165.931,0.0028168698879503414,3.946429563142576e-07
165.687,0.003186766722019265,-0.00026141865075885536,166.031,0.0028260821446253657,3.9719333879385665e-07
165.887,0.003200585013447385,-0.0002614317764009487,166.131,0.002835294401355338,3.9975192322560744e-07
165.987,0.0032144032958043404,-0.00026144488518588,166.231,0.002844506658140293,4.0231870950670103e-07
165.987,0.0032144032958043404,-0.00026144488518588,166.331,0.002853718914980157,4.0489369753429863e-07
166.187,0.00322870064271729,-0.0002614220395554108,166.431,0.0028629311718748776,4.074768872055677e-07
166.287,0.003250543412411129,-0.00026193331828575214,166.531,0.002872143428824584,4.100682784177257e-07
166.287,0.003250543412411129,-0.00026193331828575214,166.631,0.0028813556858290888,4.1266787106790505e-07
166.487,0.0032643616981915227,-0.0002619463725637817,166.731,0.0028905679428885655,4.1527566505333935e-07
166.487,0.0032643616981915227,-0.0002619463725637817,166.831,0.0028997802000028474,4.178916602711701e-07
166.587,0.003278743520046349,-0.00026190653255491115,166.931,0.0029089924571720164,4.2051585661860887e-07
166.787,0.0032925618103788945,-0.00026191954485667204,167.031,0.0029182047143960464,4.231482539928367e-07
166.787,0.0032925618103788945,-0.00026191954485667204,167.131,0.0029274169716748625,4.2578885229102265e-07
166.987,0.0033052574041527133,-0.0002610284154406249,167.231,0.0029366292290085665,4.284376514103901e-07
167.087,0.0033202060804483303,-0.00026192761670711264,167.331,0.002945841486397084,4.310946512481112e-07
167.087,0.0033202060804483303,-0.00026192761670711264,167.431,0.002955053743840387,4.3375985170137116e-07
167.287,0.0033329016707171395,-0.0002610364450397051,167.531,0.0029642660013385128,4.364332526673765e-07
167.387,0.003347842647204006,-0.000261953506860244,167.631,0.0029734782588914095,4.3911485404330885e-07
167.387,0.003347842647204006,-0.000261953506860244,167.731,0.002982690516499114,4.418046557263782e-07
167.587,0.0033605382418548184,-0.0002610622943724227,167.831,0.002991902774161555,4.4450265761376213e-07
167.687,0.003375479229857423,-0.000261979329934459,167.931,0.0030011150318787452,4.472088596026666e-07
167.687,0.003375479229857423,-0.000261979329934459,168.031,0.003010327289650742,4.4992326159031337e-07
167.887,0.003388174865943233,-0.00026108801820969,168.131,0.0030195395474774274,4.5264586347387136e-07
167.887,0.003388174865943233,-0.00026108801820969,168.231,0.0030287518053588197,4.553766651505494e-07
167.987,0.003403115849054402,-0.0002620050207103227,168.331,0.003037964063294998,4.581156665175774e-07
168.187,0.0034215402331539946,-0.0002620221459164372,168.431,0.003047176321285867,4.608628674721347e-07
168.187,0.0034215402331539946,-0.0002620221459164372,168.531,0.003056388579331463,4.63618267911442e-07
168.387,0.00343568589472016,-0.000262163139536559,168.631,0.0030656008374316487,4.6638186773266647e-07
168.487,0.0034495055766538218,-0.0002621795446891612,168.731,0.0030748130955865916,4.691536668330714e-07
168.487,0.0034495055766538218,-0.0002621795446891612,168.831,0.0030840253537961723,4.7193366510983463e-07
168.687,0.003463322476327437,-0.00026218872535188685,168.931,0.0030932376120604314,4.7472186246018134e-07
168.787,0.0034771421565914316,-0.00026220509372776345,169.031,0.003102449870379355,4.775182587813236e-07
168.787,0.0034771421565914316,-0.00026220509372776345,169.131,0.003111662128752901,4.80322853970461e-07
168.987,0.0034909590573189153,-0.00026221423734244163,169.231,0.003120874387181077,4.83135647924816e-07
169.087,0.0035047787360022987,-0.0002622305689687333,169.331,0.00313008664566392,4.859566405416197e-07
169.087,0.0035047787360022987,-0.0002622305689687333,169.431,0.003139298904201295,4.88785831718047e-07
169.287,0.00351859563849662,-0.0002622396756457478,169.531,0.003148511162793303,4.916232213513523e-07
169.387,0.003532415314318964,-0.0002622559703609307,169.631,0.003157723421439958,4.944688093387647e-07
169.387,0.003532415314318964,-0.0002622559703609307,169.731,0.003166935680141119,4.973225955774634e-07
169.587,0.0035462322167194057,-0.00026226504009687425,169.831,0.003176147938896915,5.00184579964712e-07
169.687,0.0035600518966516373,-0.0002622812980397731,169.931,0.0031853601977072264,5.030547623977009e-07
169.687,0.0035600518966516373,-0.0002622812980397731,170.031,0.0031945724565720685,5.059331427736637e-07
169.887,0.0035763930318055805,-0.00026271870000509816,170.131,0.003203784715491454,5.088197209898359e-07
169.887,0.0035763930318055805,-0.00026271870000509816,170.231,0.0032129969744654875,5.117144969434802e-07
170.087,0.0035967010150203408,-0.0002615968390763059,170.331,0.003222209233493898,5.146174705317419e-07
170.187,0.0036105193047401905,-0.0002616094292876559,170.431,0.00323142149257694,5.17528641651937e-07
170.187,0.0036105193047401905,-0.0002616094292876559,170.531,0.0032406337517143897,5.204480102012258e-07
170.387,0.0036243375962855626,-0.00026162199963545327,170.631,0.0032498460109064574,5.233755760769137e-07
170.487,0.0036381558863142014,-0.0002616345529890005,170.731,0.0032590582701528246,5.263113391761351e-07
170.487,0.0036381558863142014,-0.0002616345529890005,170.831,0.003268270529453819,5.29255299396232e-07
170.687,0.003651974179921514,-0.00026164708635303307,170.931,0.0032774827888092544,5.32207456634387e-07
170.787,0.0036703999597630945,-0.0002616673754515604,171.031,0.0032866950482191275,5.351678107878359e-07
170.787,0.0036703999597630945,-0.0002616673754515604,171.131,0.0032959073076834727,5.381363617538341e-07
170.987,0.0036842168659960662,-0.0002616762617491246,171.231,0.003305119567202215,5.411131094296021e-07
171.087,0.0036980365482313093,-0.0002616923393480483,171.331,0.003314331826775438,5.440980537124112e-07
171.087,0.0036980365482313093,-0.0002616923393480483,171.431,0.0033235440864030218,5.470911944994665e-07
171.287,0.003711853452954311,-0.00026170118868639787,171.531,0.0033327563460850513,5.500925316880419e-07
171.287,0.003711853452954311,-0.00026170118868639787,171.631,0.0033419686058215577,5.531020651753997e-07
171.487,0.0037256717437876676,-0.0002617136237462542,171.731,0.0033511808656123167,5.561197948587151e-07
171.587,0.0037394900356603248,-0.00026172604186835063,171.831,0.003360393125457541,5.591457206353105e-07
171.587,0.0037394900356603248,-0.00026172604186835063,171.931,0.0033696053853570908,5.621798424023912e-07
171.787,0.003753308326953978,-0.0002617384399973972,172.031,0.0033788176453110256,5.652221600572317e-07
171.887,0.0037671266215288115,-0.000261750821266158,172.131,0.0033880299053193393,5.68272673497085e-07
171.887,0.0037671266215288115,-0.000261750821266158,172.231,0.0033972421653819555,5.713313826191787e-07
172.087,0.003780944915398721,-0.0002617631825391573,172.331,0.0034064544254989357,5.743982873207929e-07
172.187,0.0037947632104379904,-0.00026177552687385374,172.431,0.0034156666856702475,5.774733874991756e-07
172.187,0.0037947632104379904,-0.00026177552687385374,172.531,0.0034248789458957954,5.805566830515565e-07
172.387,0.003814753877409074,-0.0002625583316131636,172.631,0.0034340912061757304,5.836481738752456e-07
172.487,0.0038285721743662516,-0.00026257063958532714,172.731,0.003443303466509955,5.867478598674729e-07
172.487,0.0038285721743662516,-0.00026257063958532714,172.831,0.0034525157268984617,5.898557409254991e-07
172.687,0.0038469965602820726,-0.0002625870205144777,172.931,0.0034617279873412655,5.929718169465934e-07
172.687,0.0038469965602820726,-0.0002625870205144777,173.031,0.0034709402478382704,5.960960878279903e-07
172.787,0.0038608148536331864,-0.0002625992854213416,173.131,0.003480152508389558,5.99228553466986e-07
172.987,0.0038746331507701166,-0.000262611530441849,173.231,0.0034893647689951423,6.023692137608536e-07
172.987,0.0038746331507701166,-0.000262611530441849,173.331,0.0034985770296549284,6.055180686068298e-07
173.187,0.0038894746615325106,-0.0002626569736516267,173.431,0.0035077892903689076,6.086751179021849e-07
173.287,0.003903292952284,-0.0002626691774263524,173.531,0.0035170015511371195,6.118403615442031e-07
173.287,0.003903292952284,-0.0002626691774263524,173.631,0.0035262138119595333,6.150137994301465e-07
173.487,0.003917111239169597,-0.0002626813611926681,173.731,0.0035354260728361654,6.181954314572963e-07
173.487,0.003917111239169597,-0.0002626813611926681,173.831,0.0035446383337670475,6.213852575229427e-07
173.587,0.003930929532993996,-0.0002626935280840146,173.931,0.0035538505947520704,6.245832775243251e-07
173.787,0.003949353932747233,-0.0002627097209282009,174.031,0.003563062855791243,6.277894913587293e-07
173.787,0.003949353932747233,-0.0002627097209282009,174.131,0.0035722751168846237,6.310038989234566e-07
173.987,0.003963172226179199,-0.00026272184334088415,174.231,0.003581487378032142,6.342265001157626e-07
174.087,0.003978401407085564,-0.0002611768360580113,174.331,0.0035906996392338327,6.374572948329418e-07
174.087,0.003978401407085564,-0.0002611768360580113,174.431,0.003599911900489668,6.406962829722669e-07
174.287,0.003990808814322359,-0.0002627460342768014,174.531,0.003609124161799529,6.439434644309835e-07
174.387,0.004006038004352133,-0.00026120100500067454,174.631,0.0036183364231635855,6.471988391064391e-07
174.387,0.004006038004352133,-0.00026120100500067454,174.731,0.0036275486845817858,6.504624068959013e-07
174.587,0.004019856302291516,-0.00026121306107943827,174.831,0.0036367609460540556,6.537341676966345e-07
174.687,0.004033674595690695,-0.0002612251002295184,174.931,0.0036459732075804128,6.570141214059345e-07
174.687,0.004033674595690695,-0.0002612251002295184,175.031,0.0036551854691608734,6.603022679210974e-07
174.887,0.004047492890979925,-0.00026123711938786965,175.131,0.0036643977307953615,6.635986071393916e-07
174.987,0.004060381969924384,-0.00026140699808129773,175.231,0.003673609992483975,6.669031389581471e-07
174.987,0.004060381969924384,-0.00026140699808129773,175.331,0.0036828222542265804,6.702158632746115e-07
175.187,0.004075129481613279,-0.0002612611039944379,175.431,0.0036920345160233003,6.735367799861264e-07
175.287,0.004088018555552072,-0.0002614309484104869,175.531,0.003701246777873953,6.768658889899244e-07
175.287,0.004088018555552072,-0.0002614309484104869,175.631,0.003710459039778726,6.802031901833762e-07
175.487,0.0041030294674767945,-0.00025827717666085175,175.731,0.003719671301737463,6.835486834637228e-07
175.587,0.004116847760646681,-0.00025828911336145296,175.831,0.003728883563750264,6.869023687283022e-07
175.587,0.004116847760646681,-0.00025828911336145296,175.931,0.003738095825816989,6.902642458743683e-07
175.787,0.004130666057298413,-0.00025830103014409946,176.031,0.0037473080879377204,6.936343147992562e-07
175.787,0.004130666057298413,-0.00025830103014409946,176.131,0.0037565203501124704,6.970125754002752e-07
175.887,0.004149092843292307,-0.0002583670390409952,176.231,0.0037657326123411456,7.003990275746965e-07
176.087,0.004162911138761122,-0.0002583789125851654,176.331,0.0037749448746238284,7.037936712198603e-07
176.087,0.004162911138761122,-0.0002583789125851654,176.431,0.0037841571369604645,7.071965062330582e-07
176.287,0.004176727041093504,-0.00025834062194761057,176.531,0.0037933693993510023,7.10607532511579e-07
176.387,0.004190769300107611,-0.000257458642090396,176.631,0.0038025816617954377,7.140267499527343e-07
176.387,0.004190769300107611,-0.000257458642090396,176.731,0.003811793924293918,7.174541584538928e-07
176.587,0.004204366025167241,-0.0002584144241584839,176.831,0.0038210061868462564,7.208897579123003e-07
176.687,0.004218405895783291,-0.00025748227448897914,176.931,0.0038302184494524694,7.243335482252798e-07
176.687,0.004218405895783291,-0.00025748227448897914,177.031,0.0038394307121125733,7.277855292901552e-07
176.887,0.00423222419095253,-0.00025749406222853145,177.131,0.0038486429748266215,7.312457010042666e-07
176.887,0.00423222419095253,-0.00025749406222853145,177.231,0.0038578552375944986,7.347140632648891e-07
177.087,0.004250648587537789,-0.0002575097516440629,177.331,0.0038670675004163087,7.381906159693837e-07
177.187,0.004270297603612286,-0.00025753392168597564,177.431,0.0038762797632919586,7.416753590150361e-07
177.187,0.004270297603612286,-0.00025753392168597564,177.531,0.0038854920262214624,7.451682922991759e-07
177.387,0.004284115897551812,-0.0002575456384713802,177.631,0.003894704289204744,7.486694157191034e-07
177.487,0.004297934191863689,-0.0002575573383606311,177.731,0.0039039165522418654,7.521787291721656e-07
177.487,0.004297934191863689,-0.0002575573383606311,177.831,0.003913128815332814,7.556962325556885e-07
177.687,0.0043123845569418015,-0.00025774911108889794,177.931,0.003922341078477636,7.592219257670137e-07
177.787,0.004326202851917409,-0.00025776077260406005,178.031,0.003931553341676276,7.627558087034532e-07
177.787,0.004326202851917409,-0.00025776077260406005,178.131,0.003940765604928676,7.662978812623178e-07
177.987,0.004340021153049783,-0.00025777241416020616,178.231,0.003949977868234834,7.698481433409377e-07
177.987,0.004340021153049783,-0.00025777241416020616,178.331,0.003959190131594784,7.734065948366632e-07
178.087,0.004353839448433427,-0.00025778403877568454,178.431,0.003968402395008507,7.769732356468187e-07
178.287,0.00437226385303155,-0.0002577995086501328,178.531,0.003977614658475983,7.805480656687365e-07
178.287,0.00437226385303155,-0.0002577995086501328,178.631,0.003986826921997324,7.841310847997955e-07
178.487,0.004386082154241061,-0.00025781108876056925,178.731,0.003996039185572291,7.87722292937246e-07
178.587,0.004399900451902066,-0.00025782265196006823,178.831,0.00400525144920106,7.913216899784951e-07
178.587,0.004399900451902066,-0.00025782265196006823,178.931,0.004014463712883517,7.949292758208387e-07
178.787,0.004414143799631029,-0.0002579398693425735,179.031,0.004023675976619694,7.985450503616333e-07
178.887,0.004427962104936752,-0.0002579513903971009,179.131,0.004032888240409588,8.021690134982199e-07
178.887,0.004427962104936752,-0.0002579513903971009,179.231,0.00404210050425317,8.058011651279334e-07
179.087,0.004441780407405213,-0.0002579628914974908,179.331,0.004051312768150405,8.09441505148109e-07
179.087,0.004441780407405213,-0.0002579628914974908,179.431,0.004060525032101356,8.130900334561192e-07
179.187,0.004460922214628,-0.00025804551828814774,179.531,0.004069737296106017,8.167467499493103e-07
179.387,0.0044747405143356345,-0.00025805697221778983,179.631,0.004078949560164242,8.20411654524976e-07
179.387,0.0044747405143356345,-0.00025805697221778983,179.731,0.004088161824276184,8.240847470805262e-07
179.587,0.004488558816991609,-0.00025806840774835675,179.831,0.004097374088441744,8.277660275132769e-07
179.687,0.004502377111672233,-0.00025807982637450494,179.931,0.0041065863526609184,8.314554957205819e-07
179.687,0.004502377111672233,-0.00025807982637450494,180.031,0.0041157986169337865,8.3515315159983e-07
179.887,0.004516195412919796,-0.0002580912250624483,180.131,0.004125010881260229,8.388589950483307e-07
179.987,0.004530013710355385,-0.00025810260684930525,180.231,0.004134223145640305,8.425730259634672e-07
179.987,0.004530013710355385,-0.00025810260684930525,180.331,0.004143435410073972,8.46295244242577e-07
180.187,0.004543832010526936,-0.00025811396861530854,180.431,0.004152647674561188,8.500256497830084e-07
180.287,0.004557650310982826,-0.0002581253135665456,180.531,0.004161859939101996,8.537642424821378e-07
180.287,0.004557650310982826,-0.0002581253135665456,180.631,0.0041710722036964265,8.575110222373445e-07
180.487,0.00457146861315069,-0.0002581366385660963,180.731,0.004180284468344396,8.612659889459539e-07
180.587,0.004585831151388693,-0.00025719373980710676,180.831,0.004189496733045864,8.650291425053216e-07
180.587,0.004585831151388693,-0.00025719373980710676,180.931,0.004198708997800939,8.688004828128546e-07
180.787,0.004599649452158589,-0.00025720503130363946,181.031,0.0042079212626095,8.725800097658747e-07
180.887,0.004614736859826139,-0.0002559033390447815,181.131,0.0042171335274716155,8.763677232617761e-07
180.887,0.004614736859826139,-0.0002559033390447815,181.231,0.004226345792387201,8.801636231978992e-07
181.087,0.004629309217423882,-0.000257710980135417,181.331,0.004235558057356368,8.839677094716594e-07
181.187,0.004644396854840665,-0.0002564091729738015,181.431,0.004244770322379013,8.877799819803913e-07
181.187,0.004644396854840665,-0.0002564091729738015,181.531,0.004253982587455156,8.916004406214779e-07
181.387,0.004656945820990786,-0.0002577334357590122,181.631,0.004263194852584702,8.954290852922542e-07
181.487,0.004672033454157212,-0.00025643159757330285,181.731,0.00427240711776779,8.992659158901611e-07
181.487,0.004672033454157212,-0.00025643159757330285,181.831,0.00428161938300429,9.031109323125185e-07
181.687,0.004690457862685439,-0.00025644650639767874,181.931,0.004290831648294339,9.069641344567679e-07
181.687,0.004690457862685439,-0.00025644650639767874,182.031,0.004300043913637811,9.10825522220232e-07
181.787,0.004704276163989648,-0.00025645766727804367,182.131,0.0043092561790346665,9.146950955002808e-07
181.987,0.0047180944663553215,-0.0002564688082156218,182.231,0.004318468444484926,9.185728541943037e-07
181.987,0.0047180944663553215,-0.0002564688082156218,182.331,0.004327680709988669,9.224587981997205e-07
182.187,0.004731912775420903,-0.0002564799307354962,182.431,0.004336892975545778,9.263529274138684e-07
182.287,0.004745731079864449,-0.0002564910363808407,182.531,0.004346105241156379,9.302552417341881e-07
182.287,0.004745731079864449,-0.0002564910363808407,182.631,0.004355317506820304,9.341657410580001e-07
182.487,0.004759549378860681,-0.00025650212208499313,182.731,0.0043645297725375745,9.380844252826998e-07
182.587,0.004773367682091706,-0.00025651319089151764,182.831,0.004373742038308226,9.420112943056942e-07
182.587,0.004773367682091706,-0.00025651319089151764,182.931,0.0043829543041323405,9.459463480244116e-07
182.787,0.0047871859896718195,-0.0002565242397266105,183.031,0.004392166570009662,9.498895863361374e-07
182.887,0.004801004293680496,-0.0002565352717416378,183.131,0.00440137883594039,9.538410091383502e-07
182.887,0.004801004293680496,-0.0002565352717416378,183.231,0.00441059110192453,9.57800616328453e-07
183.087,0.004814822601285031,-0.00025654628379675456,183.331,0.004419803367961992,9.617684078038043e-07
183.187,0.004830564000587936,-0.0002551413551663528,183.431,0.004429015634052683,9.657443834617614e-07
183.187,0.004830564000587936,-0.0002551413551663528,183.531,0.004438227900196751,9.697285431997872e-07
183.387,0.004844382305665889,-0.0002551523394412342,183.631,0.0044474401663940726,9.73720886915233e-07
183.487,0.0048582006043569196,-0.00025516330680315773,183.731,0.004456652432644668,9.77721414505508e-07
183.487,0.0048582006043569196,-0.00025516330680315773,183.831,0.004465864698948636,9.817301258680641e-07
183.687,0.004872018913781577,-0.0002551742542523868,183.931,0.0044750769653058185,9.857470209002368e-07
183.687,0.004872018913781577,-0.0002551742542523868,184.031,0.004484289231716273,9.89772099499457e-07
183.887,0.004893608490315952,-0.00025587589647353996,184.131,0.00449350149818001,9.938053615631393e-07
183.887,0.004893608490315952,-0.00025587589647353996,184.231,0.004502713764696937,9.97846806988652e-07
184.087,0.004912032892470598,-0.0002558904358242923,184.331,0.004511926031267141,1.0018964356734403e-06
184.187,0.004925928127936146,-0.0002550318888808572,184.431,0.004521138297890586,1.005954247514903e-06
184.187,0.004925928127936146,-0.0002550318888808572,184.531,0.004530350564567218,1.0100202424104315e-06
184.387,0.004940958439250214,-0.0002558140196683493,184.631,0.004539562831297102,1.0140944202574676e-06
184.487,0.004954776743502664,-0.0002558248716042579,184.731,0.004548775098080205,1.0181767809534128e-06
184.487,0.004954776743502664,-0.0002558248716042579,184.831,0.004557987364916433,1.022267324395644e-06
184.687,0.004968595049106108,-0.0002558357035365621,184.931,0.0045671996318058464,1.026366050481604e-06
184.787,0.005019563313331557,-0.0002614149917967202,185.031,0.004576411898748524,1.0304729591087488e-06
184.787,0.005019563313331557,-0.0002614149917967202,185.131,0.004585624165744284,1.0345880501744188e-06
184.987,0.004996231668793243,-0.0002558573137902776,185.231,0.004594836432793249,1.0387113235760923e-06
184.987,0.004996231668793243,-0.0002558573137902776,185.331,0.004604048699895327,1.0428427792111482e-06
185.087,0.0050534580695599475,-0.00026075704019622447,185.431,0.004613260967050558,1.0469824169770303e-06
185.287,0.005066760818561311,-0.0002600095116793847,185.531,0.004622473234258906,1.051130236771151e-06
185.287,0.005066760818561311,-0.0002600095116793847,185.631,0.004631685501520384,1.055286238490945e-06
185.487,0.005042292692776379,-0.0002558931671618225,185.731,0.00464089776883501,1.0594504220338463e-06
185.587,0.00509491299028931,-0.000260789410228943,185.831,0.0046501100362027125,1.0636227872972508e-06
185.587,0.00509491299028931,-0.000260789410228943,185.931,0.004659322303623503,1.0678033341785969e-06
185.787,0.00509892347226017,-0.0002586492251663773,186.031,0.004668534571097424,1.0719920625753358e-06
185.887,0.005122549601373287,-0.00026081089865973933,186.131,0.004677746838624394,1.0761889723848646e-06
185.887,0.005122549601373287,-0.00026081089865973933,186.231,0.004686959106204413,1.0803940635046159e-06
186.087,0.005135852349417528,-0.00026006327667598865,186.331,0.004696171373837537,1.0846073358320532e-06
186.187,0.005150186213064382,-0.00026083231354150224,186.431,0.00470538364152367,1.0888287892645688e-06
186.187,0.005150186213064382,-0.00026083231354150224,186.531,0.0047145959092629395,1.0930584236996598e-06
186.387,0.005163488962292042,-0.00026008465412659523,186.631,0.004723808177055161,1.0972962390346816e-06
186.487,0.005177822827638142,-0.0002608536548212373,186.731,0.004733020444900433,1.1015422351671242e-06
186.487,0.005177822827638142,-0.0002608536548212373,186.831,0.0047422327127987236,1.1057964119944168e-06
186.687,0.005192358306300945,-0.0002609994270051738,186.931,0.0047514449807500156,1.11005876941399e-06
186.787,0.0052061766144918305,-0.00026101005198431594,187.031,0.004760657248754316,1.1143293073232955e-06
186.787,0.0052061766144918305,-0.00026101005198431594,187.131,0.004769869516811599,1.1186080256197661e-06
186.987,0.0052246010315013264,-0.00026102418897702093,187.231,0.004779081784921898,1.1228949242008665e-06
186.987,0.0052246010315013264,-0.00026102418897702093,187.331,0.004788294053085122,1.1271900029640003e-06
187.087,0.005238376268820668,-0.0002598325382776534,187.431,0.004797506321301287,1.1314932618066268e-06
187.287,0.0052522376432784955,-0.0002610453331137324,187.531,0.004806718589570535,1.1358047006262673e-06
187.287,0.0052522376432784955,-0.0002610453331137324,187.631,0.0048159308578926635,1.1401243193202768e-06
187.487,0.0052672281899853925,-0.00026002711323688067,187.731,0.004825143126267681,1.1444521177861174e-06
187.587,0.005281003491714657,-0.0002588352866255828,187.831,0.0048343553946956575,1.1487880959212708e-06
187.587,0.005281003491714657,-0.0002588352866255828,187.931,0.004843567663176533,1.1531322536231708e-06
187.787,0.005294864812155548,-0.00026004816109154703,188.031,0.004852779931710325,1.1574845907892822e-06
187.887,0.005308640114159222,-0.0002588563032300259,188.131,0.004861992200297089,1.161845107317092e-06
187.887,0.005308640114159222,-0.0002588563032300259,188.231,0.004871204468936691,1.1662138031039942e-06
188.087,0.005322501428520689,-0.00026006913522076637,188.331,0.004880416737629159,1.1705906780474687e-06
188.187,0.0053362767324730215,-0.00025887724616664183,188.431,0.004889629006374476,1.1749757320449627e-06
188.187,0.0053362767324730215,-0.00025887724616664183,188.531,0.004898841275172784,1.1793689649940137e-06
188.387,0.005350095041535208,-0.00025888768923808714,188.631,0.004908053544023806,1.1837703767919541e-06
188.487,0.005363913351074059,-0.0002588981155148428,188.731,0.0049172658129277656,1.188179967336356e-06
188.487,0.005363913351074059,-0.0002588981155148428,188.831,0.004926478081884558,1.1925977365246396e-06
188.687,0.005377731659879172,-0.00025890852182809123,188.931,0.0049356903508941535,1.1970236842542605e-06
188.787,0.005394667985992441,-0.00025938390868959055,189.031,0.00494490261995655,1.2014578104226863e-06
188.787,0.005394667985992441,-0.00025938390868959055,189.131,0.004954114889071803,1.2059001149274178e-06
188.987,0.005413092394263269,-0.000259397716695514,189.231,0.004963327158239821,1.2103505976658839e-06
188.987,0.005413092394263269,-0.000259397716695514,189.331,0.0049725394274605945,1.2148092585355539e-06
189.087,0.0054321592482720555,-0.00026111739497522576,189.431,0.004981751696734231,1.2192760974339537e-06
189.287,0.0054407290109635305,-0.00025941836736544544,189.531,0.004990963966060584,1.2237511142584939e-06
189.287,0.0054407290109635305,-0.00025941836736544544,189.631,0.005000176235439782,1.2282343089067124e-06
189.487,0.005455184448575043,-0.0002582928063307879,189.731,0.00500938850487171,1.2327256812760308e-06
189.587,0.005469002755850245,-0.00025830308739073726,189.831,0.0050186007743563766,1.2372252312639365e-06
189.587,0.005469002755850245,-0.00025830308739073726,189.931,0.005027813043893778,1.2417329587679108e-06
189.787,0.005482821068799696,-0.0002583133484857624,190.031,0.005037025313483951,1.246248863685453e-06
189.887,0.005501917052965458,-0.00026002867976180905,190.131,0.005046237583126886,1.2507729459140453e-06
189.887,0.005501917052965458,-0.00026002867976180905,190.231,0.005055449852822448,1.2553052053511017e-06
190.087,0.005510486634542611,-0.0002583293412761158,190.331,0.005064662122570764,1.259845641894173e-06
190.187,0.005529553670493121,-0.0002600491132119064,190.431,0.005073874392371775,1.2643942554407228e-06
190.187,0.005529553670493121,-0.0002600491132119064,190.531,0.005083086662225481,1.2689510458882375e-06
190.387,0.005543371979714496,-0.00026005930163999714,190.631,0.0050922989321318685,1.2735160131342053e-06
190.487,0.005557190292213975,-0.0002600694730683694,190.731,0.005101511202090977,1.2780891570761364e-06
190.487,0.005557190292213975,-0.0002600694730683694,190.831,0.005110723472102685,1.2826704776114678e-06
190.687,0.0055710086063286484,-0.000260079624563007,190.931,0.005119935742167058,1.2872599746377226e-06
190.787,0.005584841332885194,-0.00026009415108510574,191.031,0.005129148012284042,1.2918576480523714e-06
190.787,0.005584841332885194,-0.00026009415108510574,191.131,0.005138360282453699,1.296463497752941e-06
190.987,0.005598645227716079,-0.0002600998740702968,191.231,0.005147572552675991,1.301077523636916e-06
191.087,0.005612477953721664,-0.00026011434604430967,191.331,0.005156784822950898,1.3056997256017811e-06
191.087,0.005612477953721664,-0.00026011434604430967,191.431,0.0051659970932784105,1.3103301035450352e-06
191.287,0.005626296262440208,-0.0002601244240327377,191.531,0.0051752093636584975,1.3149686573641664e-06
191.387,0.00564706189852219,-0.00026135217516556105,191.631,0.005184421634091194,1.3196153869566963e-06
191.387,0.00564706189852219,-0.00026135217516556105,191.731,0.005193633904576455,1.3242702922201068e-06
191.587,0.005665486316450235,-0.0002613655598162307,191.831,0.005202846175114335,1.3289333730519315e-06
191.587,0.005665486316450235,-0.0002613655598162307,191.931,0.00521205844570478,1.3336046293496526e-06
191.687,0.005683269446902551,-0.00026334738331244736,192.031,0.0052212707163477885,1.338284061010776e-06
191.887,0.005693122939417483,-0.00026138557590431007,192.131,0.005230482987043306,1.3429716679327871e-06
191.887,0.005693122939417483,-0.00026138557590431007,192.231,0.005239695257791416,1.3476674500132359e-06
192.087,0.0057069520620732245,-0.000261393321979791,192.331,0.005248907528591995,1.3523714071495766e-06
192.187,0.005724735195786872,-0.0002633751064319088,192.431,0.005258119799445117,1.357083539239354e-06
192.187,0.005724735195786872,-0.0002633751064319088,192.531,0.005267332070350735,1.3618038461800678e-06
192.387,0.005734588681819844,-0.00026141322755795886,192.631,0.005276544341308897,1.3665323278692549e-06
192.487,0.005752371820551946,-0.00026339498574122554,192.731,0.0052857566123195405,1.3712689842044026e-06
192.487,0.005752371820551946,-0.00026339498574122554,192.831,0.005294968883382647,1.376013815083017e-06
192.687,0.005766591599899075,-0.0002637127874799791,192.931,0.005304181154498272,1.3807668204026497e-06
192.787,0.005780409918514491,-0.0002637226791860143,193.031,0.005313393425666342,1.3855280000607833e-06
192.787,0.005780409918514491,-0.0002637226791860143,193.131,0.005322605696886846,1.3902973539549383e-06
192.987,0.005794901220218481,-0.0002632974698976693,193.231,0.005331817968159869,1.3950748819826804e-06
193.087,0.005808719533526546,-0.00026330732684556136,193.331,0.005341030239485271,1.3998605840414624e-06
193.087,0.005808719533526546,-0.00026330732684556136,193.431,0.005350242510863157,1.4046544600288652e-06
193.287,0.005823896737831097,-0.0002632713250790906,193.531,0.005359454782293431,1.4094565098423695e-06
193.287,0.005823896737831097,-0.0002632713250790906,193.631,0.00536866705377615,1.4142667333795329e-06
193.387,0.0058423212610368945,-0.0002632843793418172,193.731,0.005377879325311308,1.4190851305378834e-06
193.587,0.0058588239706485684,-0.0002645328909930862,193.831,0.0053870915968988265,1.4239117012149116e-06
193.587,0.0058588239706485684,-0.0002645328909930862,193.931,0.005396303868538679,1.4287464453081392e-06
193.787,0.005873251514176397,-0.0002636277533654502,194.031,0.005405516140231018,1.4335893627151748e-06
193.887,0.00588706982748899,-0.00026363751314407166,194.131,0.005414728411975728,1.4384404533334946e-06
193.887,0.00588706982748899,-0.00026363751314407166,194.231,0.005423940683772836,1.4432997170606526e-06
194.087,0.005900888141377802,-0.00026364725305354003,194.331,0.005433152955622186,1.4481671537941028e-06
194.187,0.005916247488796671,-0.00026297559500518725,194.431,0.005442365227523929,1.453042763431463e-06
194.187,0.005916247488796671,-0.00026297559500518725,194.531,0.005451577499478004,1.4579265458702473e-06
194.387,0.005930065802136692,-0.0002629853027246816,194.631,0.005460789771484471,1.4628185010080278e-06
194.387,0.005930065802136692,-0.0002629853027246816,194.731,0.005470002043543173,1.4677186287422628e-06
194.487,0.005944544488082167,-0.00026371007899547976,194.831,0.005479214315654279,1.4726269289705868e-06
194.687,0.0059629689099828945,-0.0002637229703114492,194.931,0.005488426587817628,1.477543401590462e-06
194.687,0.0059629689099828945,-0.0002637229703114492,195.031,0.0054976388600333,1.4824680464994787e-06
194.887,0.005976787219373017,-0.0002637326165418894,195.131,0.005506851132301222,1.4874008635951459e-06
194.987,0.005990605530988758,-0.00026374224597990503,195.231,0.0055160634046214066,1.49234185277502e-06
194.987,0.005990605530988758,-0.00026374224597990503,195.331,0.005525275676993937,1.4972910139366981e-06
195.187,0.0060044238455868445,-0.0002637518554665538,195.431,0.005534487949418718,1.5022483469776812e-06
195.287,0.006018958288267158,-0.0002644525501950957,195.531,0.005543700221895699,1.5072138517954955e-06
195.287,0.006018958288267158,-0.0002644525501950957,195.631,0.005552912494424917,1.5121875282877136e-06
195.487,0.006033584759367347,-0.00026499669527422766,195.731,0.005562124767006361,1.517169376351888e-06
195.487,0.006033584759367347,-0.00026499669527422766,195.831,0.005571337039640069,1.5221593958855945e-06
195.587,0.006047403075823076,-0.00026500625533280864,195.931,0.005580549312326014,1.5271575867863761e-06
195.787,0.006065827499962083,-0.0002650189723725892,196.031,0.0055897615850640766,1.5321639489517286e-06
195.787,0.006065827499962083,-0.0002650189723725892,196.131,0.005598973857854404,1.537178482279292e-06
195.987,0.006080844098752393,-0.0002657817157502747,196.231,0.005608186130696862,1.5422011866665545e-06
196.087,0.00609466241422952,-0.0002657912146327892,196.331,0.005617398403591544,1.547232062011135e-06
196.087,0.00609466241422952,-0.0002657912146327892,196.431,0.005626610676538359,1.552271108210547e-06
196.287,0.006108480734648252,-0.00026580069364232685,196.531,0.0056358229495373875,1.5573183251624029e-06
196.387,0.006122299041365677,-0.00026581015573669535,196.631,0.005645035222588563,1.5623737127642298e-06
196.387,0.006122299041365677,-0.00026581015573669535,196.731,0.005654247495691914,1.5674372709136192e-06
196.587,0.0061361173548364215,-0.00026581959795856454,196.831,0.0056634597688473435,1.572508999508087e-06
196.687,0.0061514140772794415,-0.0002670580651731827,196.931,0.005672672042054895,1.5775888984452222e-06
196.687,0.0061514140772794415,-0.0002670580651731827,197.031,0.005681884315314674,1.582676967622657e-06
196.887,0.0061655093494888315,-0.00026745087452253487,197.131,0.005691096588626492,1.5877732069378633e-06
196.987,0.006179327663956475,-0.00026746026461652305,197.231,0.0057003088619903795,1.5928776162884363e-06
196.987,0.006179327663956475,-0.00026746026461652305,197.331,0.005709521135406429,1.5979901955719974e-06
197.187,0.006193145977192403,-0.0002674696347326007,197.431,0.005718733408874493,1.603110944686046e-06
197.187,0.006193145977192403,-0.0002674696347326007,197.531,0.005727945682394746,1.6082398635282565e-06
197.287,0.006210806814401613,-0.0002679877205166358,197.631,0.005737157955966956,1.6133769519960826e-06
197.487,0.006225547326699713,-0.00026818579566221704,197.731,0.005746370229591272,1.6185222099871867e-06
197.487,0.006225547326699713,-0.00026818579566221704,197.831,0.005755582503267601,1.623675637399097e-06
197.687,0.006240867841733689,-0.000267625698124661,197.931,0.005764794776995977,1.6288372341294202e-06
197.787,0.006253183964250457,-0.00026820439575442643,198.031,0.005774007050776441,1.6340070000757617e-06
197.787,0.006253183964250457,-0.00026820439575442643,198.131,0.00578321932460889,1.6391849351356555e-06
197.987,0.006219760262944423,-0.0002695512799126931,198.231,0.0057924315984933025,1.6443710392066732e-06
198.087,0.006281045867631323,-0.0002682311979580518,198.331,0.005801643872429862,1.6495653121865129e-06
198.087,0.006281045867631323,-0.0002682311979580518,198.431,0.0058108561464182565,1.6547677539725885e-06
198.287,0.006299477343636264,-0.00026824018007301476,198.531,0.005820068420458769,1.659978364462647e-06
198.287,0.006299477343636264,-0.00026824018007301476,198.631,0.005829280694551232,1.6651971435541921e-06
198.387,0.0063132956563066766,-0.00026824938226214026,198.731,0.005838492968695619,1.6704240911447998e-06
198.587,0.006327113976266334,-0.000268258564569367,198.831,0.005847705242892011,1.675659207132114e-06
198.587,0.006327113976266334,-0.000268258564569367,198.931,0.005856917517140362,1.6809024914137e-06
198.787,0.006294205316731891,-0.0002695324410568874,199.031,0.00586612979144061,1.686153943887127e-06
198.887,0.0063072833042068935,-0.00026960534067698897,199.131,0.005875342065792819,1.6914135644500272e-06
198.887,0.0063072833042068935,-0.00026960534067698897,199.231,0.005884554340196938,1.6966813529999757e-06
199.087,0.006321841944194718,-0.00026955044660192896,199.331,0.00589376661465294,1.7019573094345542e-06
199.187,0.006334919930845844,-0.00026962330722729957,199.431,0.005902978889160927,1.707241433651427e-06
199.187,0.006334919930845844,-0.00026962330722729957,199.531,0.005912191163720731,1.712533725548105e-06
199.387,0.006349478569162571,-0.00026956837857899235,199.631,0.005921403438332506,1.717834185022278e-06
199.487,0.006362556556755786,-0.0002696412003057703,199.731,0.005930615712996115,1.7231428119714708e-06
199.487,0.006362556556755786,-0.0002696412003057703,199.831,0.005939827987711633,1.7284596062933418e-06
199.687,0.006377115200264964,-0.00026958623711812905,199.931,0.005949040262479028,1.7337845678854826e-06
199.787,0.006390193188801797,-0.0002696590198536376,200.031,0.005958252537298247,1.7391176966454745e-06
199.787,0.006390193188801797,-0.0002696590198536376,200.131,0.005967464812169301,1.744458992470927e-06
199.987,0.006404751835520894,-0.0002696040220962115,200.231,0.005976677087092279,1.7498084552595119e-06
200.087,0.006417829826396789,-0.0002696767659318625,200.331,0.005985889362067021,1.7551660849087488e-06
200.087,0.006417829826396789,-0.0002696767659318625,200.431,0.005995101637093569,1.7605318813162775e-06
200.287,0.006432388474393937,-0.000269621733642512,200.531,0.006004313912171998,1.7659058443797604e-06
200.387,0.006446528761513278,-0.00026751714342834515,200.631,0.006013526187302216,1.7712879739967612e-06
200.387,0.006446528761513278,-0.00026751714342834515,200.731,0.0060227384624841895,1.7766782700648836e-06
200.587,0.006461087469392155,-0.0002674621067096211,200.831,0.006031950737717999,1.7820767324817942e-06
200.687,0.006474905785768513,-0.0002674709014220266,200.931,0.00604116301300358,1.7874833611450734e-06
200.687,0.006474905785768513,-0.0002674709014220266,201.031,0.006050375288340921,1.7928981559523426e-06
200.887,0.006493330218549516,-0.0002674825980398155,201.131,0.006059587563729991,1.798321116801208e-06
200.887,0.006493330218549516,-0.0002674825980398155,201.231,0.006068799839170802,1.8037522435893025e-06
200.987,0.006506408149033706,-0.00026755519333753944,201.331,0.0060780121146634825,1.80919153621433e-06
201.187,0.00652096685781281,-0.00026750008191878994,201.431,0.006087224390207781,1.8146389945737701e-06
201.187,0.00652096685781281,-0.00026750008191878994,201.531,0.006096436665803894,1.8200946185653669e-06
201.387,0.006534785175289306,-0.0002675087952656872,201.631,0.006105648941451658,1.8255584080866532e-06
201.487,0.006548603489103148,-0.0002675174919863735,201.731,0.0061148612171511765,1.8310303630353262e-06
201.487,0.006548603489103148,-0.0002675174919863735,201.831,0.006124073492902434,1.836510483309016e-06
201.687,0.006562421803745357,-0.0002675261687689182,201.931,0.006133285768705342,1.8419987688052985e-06
201.687,0.006562421803745357,-0.0002675261687689182,202.031,0.006142498044559912,1.8474952194218203e-06
201.787,0.0065801058502691565,-0.0002676015494591103,202.131,0.006151710320466166,1.85299983505623e-06
201.987,0.006594664557067241,-0.00026754634567101044,202.231,0.0061609225964241125,1.8585126156061728e-06
201.987,0.006594664557067241,-0.00026754634567101044,202.331,0.006170134872433679,1.8640335609692454e-06
202.187,0.006608482880510343,-0.0002675549612227994,202.431,0.006179347148494879,1.8695626710430973e-06
202.287,0.0066223011969655686,-0.0002675635598969683,202.531,0.0061885594246078035,1.8750999457254204e-06
202.287,0.0066223011969655686,-0.0002675635598969683,202.631,0.006197771700772282,1.8806453849137626e-06
202.487,0.0066401171176979,-0.0002681313328159151,202.731,0.0062069839769884165,1.8861989885058298e-06
202.587,0.006653935438919286,-0.0002681398920363265,202.831,0.006216196253256203,1.8917607563992674e-06
202.587,0.006653935438919286,-0.0002681398920363265,202.931,0.006225408529575504,1.8973306884916359e-06
202.787,0.006667753761179856,-0.0002681484313963163,203.031,0.00623462080594646,1.9029087846806743e-06
202.887,0.0066815720814644,-0.00026815695397388695,203.131,0.006243833082369001,1.9084950448639883e-06
202.887,0.0066815720814644,-0.00026815695397388695,203.231,0.006253045358843124,1.9140894689392256e-06
203.087,0.006695390401944556,-0.0002681654566231678,203.331,0.006262257635368816,1.9196920568040354e-06
203.187,0.006709208721984474,-0.0002681739423492896,203.431,0.006271469911946047,1.9253028083560525e-06
203.187,0.006709208721984474,-0.0002681739423492896,203.531,0.006280682188574816,1.9309217234929305e-06
203.387,0.006727633152793208,-0.0002681852272412893,203.631,0.0062898944652551554,1.936548802112344e-06
203.387,0.006727633152793208,-0.0002681852272412893,203.731,0.006299106741987062,1.9421840441119497e-06
203.587,0.006741451471276963,-0.0002681936685696838,203.831,0.006308319018770463,1.9478274493893596e-06
203.687,0.00675526979391921,-0.00026820209312724706,203.931,0.006317531295605374,1.9534790178422477e-06
203.687,0.00675526979391921,-0.00026820209312724706,204.031,0.006326743572491835,1.9591387493683097e-06
203.887,0.006769088113962101,-0.00026821049778905364,204.131,0.006335955849429854,1.9648066438651877e-06
203.987,0.006782906432540943,-0.0002682188856027546,204.231,0.006345168126419218,1.970482701230436e-06
203.987,0.006782906432540943,-0.0002682188856027546,204.331,0.006354380403460162,1.976166921361863e-06
204.187,0.00679672475397138,-0.00026822725353886574,204.431,0.006363592680552555,1.981859304157054e-06
204.287,0.006810543077222336,-0.00026823560463918905,204.531,0.00637280495769643,1.9875598495136973e-06
204.287,0.006810543077222336,-0.00026823560463918905,204.631,0.006382017234891739,1.9932685573294287e-06
204.487,0.006824361394727901,-0.00026824393583386736,204.731,0.006391229512138456,1.998985427501904e-06
204.587,0.006838179715319763,-0.0002682522502355959,204.831,0.006400441789436724,2.0047104599288872e-06
204.587,0.006838179715319763,-0.0002682522502355959,204.931,0.006409654066786334,2.010443654507923e-06
204.787,0.006853408877856655,-0.00026869558308779143,205.031,0.006418866344187352,2.016185011136723e-06
204.887,0.006867227199914304,-0.00026870385875572784,205.131,0.006428078621639921,2.021934529713055e-06
204.887,0.006867227199914304,-0.00026870385875572784,205.231,0.006437290899143795,2.0276922101344415e-06
205.087,0.006881234707778044,-0.000268871881005152,205.331,0.006446503176699092,2.0334580522986337e-06
205.087,0.006881234707778044,-0.000268871881005152,205.431,0.006455715454305725,2.039232056103257e-06
205.187,0.006899852011609267,-0.00026777015579791127,205.531,0.006464927731963796,2.045014221446056e-06
205.387,0.006913477463156589,-0.0002688910745122089,205.631,0.006474140009673204,2.0508045482246534e-06
205.387,0.006913477463156589,-0.0002688910745122089,205.731,0.006483352287434011,2.0566030363367667e-06
205.587,0.006929202977214077,-0.0002697817984615284,205.831,0.006492564565246167,2.062409685680049e-06
205.687,0.006943214283961704,-0.00026867722066040205,205.931,0.006501776843109667,2.068224496152184e-06
205.687,0.006943214283961704,-0.00026867722066040205,206.031,0.006510989121024474,2.074047467650842e-06
205.887,0.006956839628443401,-0.0002697981396605473,206.131,0.006520201398990649,2.0798786000737415e-06
205.987,0.006970850914975498,-0.00026869353966491776,206.231,0.0065294136770080325,2.0857178933184774e-06
205.987,0.006970850914975498,-0.00026869353966491776,206.331,0.006538625955076866,2.0915653472828855e-06
206.187,0.006985742882804872,-0.00026862367807874377,206.431,0.006547838233196891,2.0974209618644985e-06
206.287,0.006999561201235251,-0.00026863177764223893,206.531,0.006557050511368279,2.1032847369611223e-06
206.287,0.006999561201235251,-0.00026863177764223893,206.631,0.006566262789590983,2.1091566724704146e-06
206.487,0.00701798564010309,-0.00026864254750132323,206.731,0.006575475067864876,2.1150367682900046e-06
206.487,0.00701798564010309,-0.00026864254750132323,206.831,0.006584687346190069,2.1209250243176505e-06
206.687,0.007031803963423887,-0.0002686506027232503,206.931,0.006593899624566532,2.126821440451031e-06
206.787,0.007045622290279722,-0.0002686586410968608,207.031,0.0066031119029942124,2.132726016587814e-06
206.787,0.007045622290279722,-0.0002686586410968608,207.131,0.006612324181473172,2.1386387526257415e-06
206.987,0.007059440617849597,-0.00026866665960154144,207.231,0.006621536460003329,2.144559648462468e-06
207.087,0.007073258949004562,-0.0002686746612514464,207.331,0.006630748738584749,2.150488703995731e-06
207.087,0.007073258949004562,-0.0002686746612514464,207.431,0.006639961017217332,2.156425919123177e-06
207.287,0.007087077272316446,-0.00026868264302404266,207.531,0.0066491732959012536,2.1623712937426224e-06
207.387,0.007100895595042761,-0.00026869060801383533,207.631,0.0066583855746361964,2.1683248277515685e-06
207.387,0.007100895595042761,-0.00026869060801383533,207.731,0.006667597853422374,2.174286521047865e-06
207.587,0.007114713922006614,-0.0002686985530368173,207.831,0.006676810132259824,2.1802563735292403e-06
207.587,0.007114713922006614,-0.0002686985530368173,207.931,0.006686022411148376,2.1862343850933054e-06
207.687,0.007128532245266361,-0.0002687064812789236,208.031,0.006695234690088143,2.1922205556378417e-06
207.887,0.0071473521160143145,-0.0002688458166911515,208.131,0.006704446969079073,2.1982148850605265e-06
207.887,0.0071473521160143145,-0.0002688458166911515,208.231,0.006713659248121089,2.2042173732590267e-06
208.087,0.007164605332512312,-0.0002708089959993906,208.331,0.006722871527214295,2.210228020131131e-06
208.187,0.007178423660258924,-0.00027081686332543437,208.431,0.006732083806358526,2.216246825574446e-06
208.187,0.007178423660258924,-0.00027081686332543437,208.531,0.006741296085553937,2.2222737894867907e-06
208.387,0.007192241979488151,-0.0002708247108063871,208.631,0.0067505083648004924,2.228308911765869e-06
208.487,0.00720606030370457,-0.00027083254151305373,208.731,0.006759720644098125,2.2343521923093516e-06
208.487,0.00720606030370457,-0.00027083254151305373,208.831,0.006768932923446849,2.2404036310149725e-06
208.687,0.00721987862800065,-0.0002708403522468097,208.931,0.00677814520284665,2.2464632277804516e-06
208.787,0.007233696950951875,-0.0002708481462304016,209.031,0.006787357482297571,2.252530982503534e-06
208.787,0.007233696950951875,-0.0002708481462304016,209.131,0.006796569761799509,2.258606895081888e-06
208.987,0.007247515282087818,-0.0002708559203168722,209.231,0.006805782041352554,2.2646909654132935e-06
209.087,0.0072646459333567,-0.00027274478009163723,209.331,0.006814994320956674,2.2707831933954605e-06
209.087,0.0072646459333567,-0.00027274478009163723,209.431,0.006824206600611754,2.2768835789260405e-06
209.287,0.007275615084246738,-0.0002708239377189521,209.531,0.0068334188803179825,2.282992121902893e-06
209.387,0.007292282580943832,-0.00027276022976772984,209.631,0.0068426311600751685,2.289108822223627e-06
209.387,0.007292282580943832,-0.00027276022976772984,209.731,0.006851843439883295,2.2952336797859597e-06
209.587,0.00730325173665941,-0.0002708393461907208,209.831,0.006861055719742572,2.301366694487768e-06
209.687,0.007324525341507361,-0.00027277816240334636,209.931,0.006870267999652726,2.307507866226606e-06
209.687,0.007324525341507361,-0.00027277816240334636,210.031,0.0068794802796139694,2.31365719490036e-06
209.887,0.0073407005524633645,-0.00027358747673338806,210.131,0.0068886925596261615,2.3198146804066754e-06
209.887,0.0073407005524633645,-0.00027358747673338806,210.231,0.006897904839689278,2.325980322643273e-06
210.087,0.007354518882343405,-0.00027359511174593397,210.331,0.0069071171198034215,2.3321541215079633e-06
210.187,0.007368337200087068,-0.0002736027298371541,210.431,0.006916329399968445,2.338336076898393e-06
210.187,0.007368337200087068,-0.0002736027298371541,210.531,0.006925541680184441,2.344526188712367e-06
210.387,0.007382155530440891,-0.00027361032809641736,210.631,0.006934753960451391,2.3507244568476204e-06
210.487,0.007397434087796521,-0.00027430710483994315,210.731,0.006943966240769318,2.3569308812019157e-06
210.487,0.007397434087796521,-0.00027430710483994315,210.831,0.006953178521138083,2.3631454616729032e-06
210.687,0.007411252413030013,-0.0002743146626849772,210.931,0.0069623908015578485,2.369368198158446e-06
210.787,0.007425070740435293,-0.0002743222036938923,211.031,0.0069716030820284585,2.3755990905561877e-06
210.787,0.007425070740435293,-0.0002743222036938923,211.131,0.006980815362549966,2.381838138763916e-06
210.987,0.00743888907041472,-0.00027432972483789665,211.231,0.006990027643122416,2.3880853426794128e-06
211.087,0.007454247081132398,-0.00027439057149227007,211.331,0.006999239923745643,2.3943407022003205e-06
211.087,0.007454247081132398,-0.00027439057149227007,211.431,0.0070084522044198605,2.400604217224543e-06
211.287,0.007468370574791906,-0.0002743278379076009,211.531,0.007017664485144862,2.406875887649697e-06
211.387,0.007481883740440986,-0.0002744055088389098,211.631,0.0070268767659207474,2.4131557133736125e-06
211.387,0.007481883740440986,-0.0002744055088389098,211.731,0.0070360890467473765,2.4194436942939513e-06
211.587,0.007496007230638267,-0.00027434273512477655,211.831,0.007045301327624999,2.4257398303086382e-06
211.687,0.007509612765533359,-0.00027473289793196443,211.931,0.00705451360855333,2.432044121315251e-06
211.687,0.007509612765533359,-0.00027473289793196443,212.031,0.007063725889532521,2.4383565672116506e-06
211.887,0.00752803720815756,-0.0002747427612977749,212.131,0.007072938170562523,2.4446771678955704e-06
211.887,0.00752803720815756,-0.0002747427612977749,212.231,0.007082150451643346,2.4510059232647862e-06
211.987,0.007541855533532334,-0.00027475013825715647,212.331,0.007091362732774941,2.4573428332170306e-06
212.187,0.0075556738659210195,-0.0002747574952677035,212.431,0.007100575013957253,2.4636878976500316e-06
212.187,0.0075556738659210195,-0.0002747574952677035,212.531,0.007109787295190372,2.4700411164616212e-06
212.387,0.007569492194959117,-0.00027476483398046855,212.631,0.007118999576474284,2.476402489549561e-06
212.487,0.007583309921510333,-0.0002747710929404958,212.731,0.007128211857809008,2.4827720168116383e-06
212.487,0.007583309921510333,-0.0002747710929404958,212.831,0.007137424139194396,2.4891496981455254e-06
212.687,0.007597128253382448,-0.0002747783949293187,212.931,0.007146636420630513,2.4955355334490436e-06
212.787,0.007610946583155657,-0.0002747856799997103,213.031,0.0071558487021174165,2.5019295226200055e-06
212.787,0.007610946583155657,-0.0002747856799997103,213.131,0.007165060983655017,2.508331665556123e-06
212.987,0.007624764912079756,-0.00027479294524795564,213.231,0.007174273265243348,2.514741962155204e-06
213.087,0.007638583244578033,-0.00027480019368650847,213.331,0.007183485546882373,2.521160412315006e-06
213.087,0.007638583244578033,-0.00027480019368650847,213.431,0.007192697828572183,2.5275870159333703e-06
213.287,0.007652401576994072,-0.0002748074222614223,213.531,0.007201910110312541,2.5340217729079177e-06
213.287,0.007652401576994072,-0.0002748074222614223,213.631,0.007211122392103605,2.5404646831365345e-06
213.387,0.007670826020800833,-0.00027481703430039744,213.731,0.007220334673945383,2.546915746517016e-06
213.587,0.007684644353407641,-0.00027482421999963327,213.831,0.007229546955837824,2.5533749629471175e-06
213.587,0.007684644353407641,-0.00027482421999963327,213.931,0.0072387592377809,2.5598423323246003e-06
213.787,0.007698462683947385,-0.00027483138743668984,214.031,0.007247971519774605,2.5663178545472473e-06
213.887,0.007712740403248482,-0.00027389842441303977,214.131,0.007257183801819021,2.572801529512911e-06
213.887,0.007712740403248482,-0.00027389842441303977,214.231,0.007266396083914045,2.5792933571193134e-06
214.087,0.007726558732906765,-0.00027390555523810394,214.331,0.007275608366059589,2.5857933372641804e-06
214.187,0.0077404081655226276,-0.0002747439392701189,214.431,0.007284820648255822,2.5923014698454256e-06
214.187,0.0077404081655226276,-0.0002747439392701189,214.531,0.007294032930502624,2.598817754760763e-06
214.387,0.0077541953934734805,-0.00027391976331020586,214.631,0.007303245212800013,2.6053421919079957e-06
214.487,0.007768044825574253,-0.00027475812131250746,214.731,0.007312457495147999,2.6118747811849355e-06
214.487,0.007768044825574253,-0.00027475812131250746,214.831,0.007321669777546579,2.6184155224893766e-06
214.687,0.007781863157760909,-0.0002747651840449457,214.931,0.007330882059995745,2.6249644157191103e-06
214.787,0.007795681490932994,-0.00027477222994796465,215.031,0.007340094342495422,2.6315214607718893e-06
214.787,0.007795681490932994,-0.00027477222994796465,215.131,0.007349306625045712,2.638086657545591e-06
214.987,0.007810006281799898,-0.0002748633460078039,215.231,0.00735851890764648,2.6446600059379204e-06
215.087,0.007823824611014808,-0.000274870349385529,215.331,0.007367731190297765,2.651241505846705e-06
215.087,0.007823824611014808,-0.000274870349385529,215.431,0.007376943472999662,2.6578311571698285e-06
215.287,0.007842249056347327,-0.0002748796576817008,215.531,0.007386155755751992,2.6644289598049705e-06
215.287,0.007842249056347327,-0.0002748796576817008,215.631,0.007395368038554878,2.6710349136500265e-06
215.487,0.007856067386654163,-0.0002748866167088427,215.731,0.007404580321408273,2.6776490186027704e-06
215.587,0.007869885817173065,-0.00027489352621726915,215.831,0.007413792604312118,2.6842712745609764e-06
215.587,0.007869885817173065,-0.00027489352621726915,215.931,0.00742300488726641,2.6909016814224526e-06
215.787,0.007883704151272949,-0.00027490044863058636,216.031,0.007432217170271209,2.697540239085059e-06
215.787,0.007883704151272949,-0.00027490044863058636,216.131,0.00744142945332647,2.7041869474465702e-06
215.887,0.007897888224615636,-0.0002777576466725046,216.231,0.007450641736432178,2.710841806404804e-06
216.087,0.00791594692614681,-0.0002749165320013489,216.331,0.007459854019588351,2.717504815857583e-06
216.087,0.00791594692614681,-0.0002749165320013489,216.431,0.007469066302794955,2.724175975702709e-06
216.287,0.007922837568799105,-0.00027593574585738914,216.531,0.007478278586051969,2.7308552858379806e-06
216.387,0.007939343226992888,-0.000277778316154734,216.631,0.007487490869359489,2.7375427461612983e-06
216.387,0.007939343226992888,-0.000277778316154734,216.731,0.007496703152717374,2.744238356570378e-06
216.587,0.007950689755576069,-0.0002759098781661002,216.831,0.007505915436125687,2.7509421169630926e-06
216.687,0.00797086436381726,-0.0002789432106840327,216.931,0.007515127719584357,2.757654027237212e-06
216.687,0.00797086436381726,-0.0002789432106840327,217.031,0.007524340003093395,2.764374087290576e-06
216.887,0.007984203297080784,-0.00027838287792301324,217.131,0.007533552286652877,2.7711022970210723e-06
216.987,0.007993778882127824,-0.0002812406748032259,217.231,0.007542764570262652,2.777838656326411e-06
216.987,0.007993778882127824,-0.0002812406748032259,217.331,0.0075519768539228215,2.784583165104498e-06
217.187,0.008011839968339911,-0.00027839636638100305,217.431,0.007561189137633373,2.791335823253164e-06
217.287,0.008021449074752137,-0.00028121181806294184,217.531,0.007570401421394195,2.7980966306701545e-06
217.287,0.008021449074752137,-0.00028121181806294184,217.631,0.007579613705205495,2.8048655872534617e-06
217.487,0.008039873521261313,-0.0002812207825932018,217.731,0.007588825989066956,2.8116426929006867e-06
217.487,0.008039873521261313,-0.0002812207825932018,217.831,0.007598038272978863,2.818427947509875e-06
217.687,0.008053691853394917,-0.00028122748387059864,217.931,0.007607250556941012,2.825221350978711e-06
217.787,0.008068524228716827,-0.000279248459012162,218.031,0.0076164628409535065,2.83202290320511e-06
217.787,0.008068524228716827,-0.000279248459012162,218.131,0.007625675125016293,2.8388326040868805e-06
217.987,0.008082342563747806,-0.00027925512743429723,218.231,0.007634887409129292,2.8456504535218065e-06
218.087,0.008096160902037184,-0.0002792617790073501,218.331,0.0076440996932926565,2.852476451407844e-06
218.087,0.008096160902037184,-0.0002792617790073501,218.431,0.0076533119775062,2.859310597642699e-06
218.287,0.008109979240033071,-0.00027926841078973014,218.531,0.00766252426177005,2.8661528921243122e-06
218.387,0.008123797579880817,-0.00027927502569075735,218.631,0.007671736546084115,2.8730033347504588e-06
218.387,0.008123797579880817,-0.00027927502569075735,218.731,0.007680948830448448,2.879861925419032e-06
218.587,0.008137615913952402,-0.00027928162075247176,218.831,0.007690161114862999,2.8867286640278424e-06
218.687,0.008148959185174052,-0.00028492639710726056,218.931,0.007699373399327803,2.8936035504747676e-06
218.687,0.008148959185174052,-0.00028492639710726056,219.031,0.007708585683842773,2.9004865846575945e-06
218.887,0.008168263197659275,-0.000277267277101235,219.131,0.007717797968407937,2.907377766474199e-06
218.887,0.008168263197659275,-0.000277267277101235,219.231,0.007727010253023334,2.9142770958224726e-06
218.987,0.008184213237437272,-0.0002829143037450661,219.331,0.00773622253768889,2.9211845726002093e-06
219.187,0.00819803156948542,-0.00028292083998431185,219.431,0.007745434822404669,2.9281001967053127e-06
219.187,0.00819803156948542,-0.00028292083998431185,219.531,0.007754647107170598,2.9350239680355847e-06
219.387,0.008211849906427695,-0.00028292735794675734,219.631,0.007763859391986682,2.9419558864888975e-06
219.487,0.008225668245448195,-0.00028293385917441713,219.731,0.0077730716768528805,2.9488959519630757e-06
219.487,0.008225668245448195,-0.00028293385917441713,219.831,0.007782283961769332,2.955844164356093e-06
219.687,0.008239604132258592,-0.00028293908738576985,219.931,0.007791496246735817,2.962800523565642e-06
219.787,0.008253422470118947,-0.0002829455497257455,220.031,0.007800708531752432,2.9697650294896655e-06
219.787,0.008253422470118947,-0.0002829455497257455,220.131,0.007809920816819198,2.9767376820260445e-06
219.987,0.008268415758951481,-0.0002834765827190616,220.231,0.007819133101936061,2.983718481072606e-06
220.087,0.008286314610636732,-0.0002797841532884121,220.331,0.007828345387103013,2.9907074265272116e-06
220.087,0.008286314610636732,-0.0002797841532884121,220.431,0.007837557672320137,2.9977045182877966e-06
220.287,0.008300132942686205,-0.0002797905583952933,220.531,0.007846769957587282,3.0047097562521202e-06
220.287,0.008300132942686205,-0.0002797905583952933,220.631,0.007855982242904517,3.0117231403181074e-06
220.387,0.008318557390025755,-0.0002797990726631396,220.731,0.00786519452827178,3.0187446703835726e-06
220.587,0.008332575162813239,-0.00028038630931095324,220.831,0.007874406813689162,3.0257743463464714e-06
220.587,0.008332575162813239,-0.00028038630931095324,220.931,0.007883619099156608,3.0328121681046417e-06
220.787,0.008346956065301529,-0.00028070080265484075,221.031,0.007892831384674052,3.039858135555905e-06
220.887,0.008362046088927006,-0.000279804794876409,221.131,0.007902043670241556,3.046912248598184e-06
220.887,0.008362046088927006,-0.000279804794876409,221.231,0.007911255955859064,3.0539745071293198e-06
221.087,0.008375864425454061,-0.0002798111082683885,221.331,0.007920468241526587,3.0610449110472072e-06
221.187,0.008389682763595438,-0.0002798174050376533,221.431,0.007929680527244184,3.0681234602497734e-06
221.187,0.008389682763595438,-0.0002798174050376533,221.531,0.007938892813011696,3.0752101546347783e-06
221.387,0.008403501100959016,-0.0002798236816382401,221.631,0.00794810509882927,3.082304994100221e-06
221.487,0.008417319439517127,-0.0002798299415773556,221.731,0.007957317384696771,3.0894079785438845e-06
221.487,0.008417319439517127,-0.0002798299415773556,221.831,0.00796652967061423,3.096519107863683e-06
221.687,0.008431137772100462,-0.0002798361816496957,221.931,0.00797574195658169,3.103638381957533e-06
221.787,0.008444956111753225,-0.0002798424049281267,222.031,0.007984954242599164,3.1107658007233407e-06
221.787,0.008444956111753225,-0.0002798424049281267,222.131,0.007994166528666549,3.1179013640589206e-06
221.987,0.008458854261442831,-0.0002798210004570306,222.231,0.008003378814783826,3.125045071862142e-06
222.087,0.008477801188884124,-0.00027997783369835817,222.331,0.00801259110095104,3.1321969240309486e-06
222.087,0.008477801188884124,-0.00027997783369835817,222.431,0.008021803387168196,3.1393569204632313e-06
222.287,0.00849161952551753,-0.00027998399529732555,222.531,0.008031015673435204,3.146525061056809e-06
222.287,0.00849161952551753,-0.00027998399529732555,222.631,0.00804022795975222,3.1537013457097133e-06
222.487,0.008504915390441571,-0.0002798415470975314,222.731,0.00804944024611909,3.160885774319717e-06
222.587,0.008519256197874563,-0.00027999626510759714,222.831,0.008058652532535848,3.1680783467847513e-06
222.587,0.008519256197874563,-0.00027999626510759714,222.931,0.008067864819002452,3.175279063002678e-06
222.787,0.008533154381926518,-0.0002799747688553254,223.031,0.008077077105518948,3.1824879228714458e-06
222.887,0.008546892874998095,-0.00028000846155389584,223.131,0.008086289392085276,3.1897049262889013e-06
222.887,0.008546892874998095,-0.00028000846155389584,223.231,0.008095501678701537,3.196930073153053e-06
223.087,0.008560791064262226,-0.00027998692771791044,223.331,0.008104713965367532,3.2041633633616233e-06
223.187,0.008574529561466588,-0.0002800205848139351,223.431,0.008113926252083457,3.211404796812691e-06
223.187,0.008574529561466588,-0.0002800205848139351,223.531,0.008123138538849242,3.21865437340411e-06
223.387,0.008588427748881702,-0.0002799990132249851,223.631,0.008132350825664809,3.225912093033731e-06
223.387,0.008588427748881702,-0.0002799990132249851,223.731,0.008141563112530142,3.2331779555994473e-06
223.587,0.008606852209841108,-0.00028000702955178894,223.831,0.00815077539944527,3.2404519609992002e-06
223.687,0.008620590705814144,-0.00028004062730192894,223.931,0.008159987686410264,3.2477341091309655e-06
223.687,0.008620590705814144,-0.00028004062730192894,224.031,0.008169199973424959,3.2550243998925168e-06
223.887,0.008634488888293127,-0.00028001899288916324,224.131,0.00817841226048947,3.2623228331818705e-06
223.987,0.00864866265634478,-0.00027881008427395744,224.231,0.008187624547603713,3.2696294088968744e-06
223.987,0.00864866265634478,-0.00027881008427395744,224.331,0.008196836834767731,3.2769441269354904e-06
224.187,0.008662560872348301,-0.00027878834353146855,224.431,0.008206049121981529,3.284266987195632e-06
224.287,0.00867629933511091,-0.00027882194987032417,224.531,0.008215261409245054,3.291597989575183e-06
224.287,0.00867629933511091,-0.00027882194987032417,224.631,0.008224473696558316,3.298937133972078e-06
224.487,0.008690197555963827,-0.0002788001714310472,224.731,0.008233685983921381,3.306284420284292e-06
224.587,0.008704015893477938,-0.0002788060586684965,224.831,0.008242898271334053,3.3136398484096036e-06
224.587,0.008704015893477938,-0.0002788060586684965,224.931,0.008252110558796528,3.3210034182460906e-06
224.787,0.008717834233923966,-0.0002788119260574028,225.031,0.008261322846308605,3.328375129691519e-06
224.887,0.008731652571702688,-0.00027881777666358777,225.131,0.00827053513387041,3.3357549826439173e-06
224.887,0.008731652571702688,-0.00027881777666358777,225.231,0.008279747421481961,3.343142977001233e-06
225.087,0.008745470911146353,-0.0002788236073611068,225.331,0.008288959709143104,3.3505391126612853e-06
225.187,0.008729178369585594,-0.0002949959004840433,225.431,0.008298171996853976,3.3579433895221084e-06
225.187,0.008729178369585594,-0.0002949959004840433,225.531,0.008307384284614496,3.365355807481577e-06
225.387,0.008747602826608525,-0.00029500368703547317,225.631,0.008316596572424615,3.3727763664375892e-06
225.387,0.008747602826608525,-0.00029500368703547317,225.731,0.00832580886028439,3.380205066288129e-06
225.587,0.008791532048403416,-0.00027884291348262365,225.831,0.008335021148193735,3.3876419069310567e-06
225.687,0.008775239505648258,-0.0002950153058411286,225.931,0.008344233436152797,3.395086888264432e-06
225.687,0.008775239505648258,-0.0002950153058411286,226.031,0.008353445724161402,3.402540010186067e-06
225.887,0.00881973263082519,-0.0002798358531889136,226.131,0.008362658012219668,3.4100012725939856e-06
225.987,0.008804258830068565,-0.0002974726733580743,226.231,0.008371870300327421,3.4174706753859983e-06
225.987,0.008804258830068565,-0.0002974726733580743,226.331,0.008381082588484795,3.424948218460155e-06
226.187,0.008817255558712028,-0.00029601700461823015,226.431,0.00839029487669181,3.432433901714436e-06
226.287,0.0088318955124919,-0.00029748414930843886,226.531,0.008399507164948326,3.4399277250466516e-06
226.287,0.0088318955124919,-0.00029748414930843886,226.631,0.008408719453254526,3.447429688354892e-06
226.487,0.008844892241163114,-0.0002960284410811981,226.731,0.008417931741610148,3.454939791536921e-06
226.587,0.008859532196988075,-0.00029749555166651124,226.831,0.008427144030015394,3.4624580344908496e-06
226.587,0.008859532196988075,-0.00029749555166651124,226.931,0.008436356318470102,3.469984417114498e-06
226.787,0.00887252892778514,-0.0002960398043330499,227.031,0.008445568606974404,3.477518939305922e-06
226.787,0.00887252892778514,-0.0002960398043330499,227.131,0.008454780895528204,3.4850616009629963e-06
226.887,0.008887168882915589,-0.00029750688096436093,227.231,0.008463993184131529,3.492612401983714e-06
227.087,0.008905593336274274,-0.0002975143930800185,227.331,0.008473205472784344,3.5001713422659887e-06
227.087,0.008905593336274274,-0.0002975143930800185,227.431,0.00848241776148663,3.5077384217077717e-06
227.287,0.00889600767645406,-0.00030487385285251554,227.531,0.008491630050238359,3.515313640207018e-06
227.387,0.00893323001389218,-0.0002975256002587712,227.631,0.008500842339039675,3.5228969976617786e-06
227.387,0.00893323001389218,-0.0002975256002587712,227.731,0.008510054627890343,3.5304884939698447e-06
227.587,0.00892364436025209,-0.00030488478481362484,227.831,0.008519266916790506,3.538088129029283e-06
227.687,0.008937462706164682,-0.00030489022411643997,227.931,0.008528479205740184,3.5456959027380714e-06
227.687,0.008937462706164682,-0.00030489022411643997,228.031,0.008537691494739267,3.553311814994101e-06
227.887,0.008951281047591696,-0.0003048956435514983,228.131,0.008546903783787757,3.560935865695326e-06
227.887,0.008951281047591696,-0.0003048956435514983,228.231,0.008556116072885698,3.5685680547397736e-06
227.987,0.00899461777782568,-0.0002978045207643373,228.331,0.008565328362033041,3.576208382025368e-06
228.187,0.008985032417013764,-0.0003051638137713724,228.431,0.008574540651229794,3.5838568474500718e-06
228.187,0.008985032417013764,-0.0003051638137713724,228.531,0.008583752940475942,3.5915134509118624e-06
228.387,0.008998850765258163,-0.0003051691695164806,228.631,0.00859296522977159,3.5991781923087917e-06
228.387,0.008998850765258163,-0.0003051691695164806,228.731,0.008602177519116504,3.6068510715386433e-06
228.487,0.009012669105605907,-0.0003051745084500832,228.831,0.008611389808510839,3.614532088499524e-06
228.687,0.009034195145936626,-0.00030638464280518315,228.931,0.0086206020979545,3.6222212430893297e-06
228.687,0.009034195145936626,-0.00030638464280518315,229.031,0.00862981438744748,3.6299185352060308e-06
228.887,0.009048013488773717,-0.000306389941613826,229.131,0.008639026676989901,3.637623964747735e-06
228.987,0.009061831836231746,-0.00030639522364452385,229.231,0.008648238966581637,3.645337531612289e-06
228.987,0.009061831836231746,-0.00030639522364452385,229.331,0.008657451256222637,3.6530592356976513e-06
229.187,0.009075650174378318,-0.0003064004858440413,229.431,0.008666663545913045,3.6607890769019096e-06
229.287,0.00908946851592664,-0.00030640573125788274,229.531,0.008675875835652732,3.6685270551229537e-06
229.287,0.00908946851592664,-0.00030640573125788274,229.631,0.008685088125441711,3.6762731702587785e-06
229.487,0.009103286859651614,-0.0003064109568036965,229.731,0.008694300415279955,3.6840274222073528e-06
229.587,0.009117105203277664,-0.000306416165597274,229.831,0.00870351270516754,3.691789810866736e-06
229.587,0.009117105203277664,-0.000306416165597274,229.931,0.00871272499510436,3.699560336134819e-06
229.787,0.00913092354755482,-0.00030642135452371765,230.031,0.008721937285090466,3.7073389979096426e-06
229.787,0.00913092354755482,-0.00030642135452371765,230.131,0.008731149575125819,3.7151257960891568e-06
229.887,0.009151066469211265,-0.00030593603056749833,230.231,0.008740361865210487,3.7229207305714266e-06
230.087,0.00916331400000751,-0.00030610240974056075,230.331,0.00874957415534431,3.730723801254309e-06
230.087,0.00916331400000751,-0.00030610240974056075,230.431,0.00875878644552746,3.738535008035945e-06
230.187,0.009178703168891824,-0.0003059463194776478,230.531,0.0087679987357598,3.746354350814216e-06
230.387,0.009192521508442533,-0.0003059514356715201,230.631,0.00877721102604136,3.7541818294871537e-06
230.387,0.009192521508442533,-0.0003059514356715201,230.731,0.00878642331637209,3.7620174439527185e-06
230.587,0.009206339854147049,-0.00030595653358124995,230.831,0.008795635606752046,3.7698611941089574e-06
230.687,0.009220530993845647,-0.0003073671175148722,230.931,0.008804847897181231,3.7777130798538706e-06
230.687,0.009220530993845647,-0.0003073671175148722,231.031,0.008814060187659574,3.7855731010853987e-06
230.887,0.009234349336366361,-0.0003073721809659418,231.131,0.008823272478187077,3.7934412577015627e-06
230.987,0.009248146931150185,-0.00030747732649939784,231.231,0.00883248476876374,3.8013175496003638e-06
230.987,0.009248146931150185,-0.00030747732649939784,231.331,0.008841697059389555,3.809201976679804e-06
231.187,0.009261986028778904,-0.00030738225444725296,231.431,0.008850909350064575,3.8170945388379465e-06
231.287,0.009275804373375041,-0.0003073872644793699,231.531,0.00886012164078872,3.824995235972716e-06
231.287,0.009275804373375041,-0.0003073872644793699,231.631,0.008869333931561967,3.832904067982123e-06
231.487,0.009289622718021159,-0.0003073922546792054,231.731,0.008878546222384362,3.840821034764212e-06
231.587,0.009303420315008096,-0.0003074973260438089,231.831,0.008887758513255893,3.848746136216995e-06
231.587,0.009303420315008096,-0.0003074973260438089,231.931,0.008896970804176558,3.856679372238482e-06
231.787,0.009317259409103136,-0.00030740218175987475,232.031,0.00890618309514626,3.864620742726607e-06
231.887,0.009331057004609946,-0.00030750721611768575,232.131,0.008915395386165117,3.872570247579494e-06
231.887,0.009331057004609946,-0.00030750721611768575,232.231,0.008924607677232991,3.880527886695049e-06
232.087,0.00934487534678054,-0.0003075121328921141,232.331,0.008933819968350016,3.888493659971393e-06
232.187,0.009358693690345386,-0.0003075170328918259,232.431,0.008943032259516077,3.89646756730645e-06
232.187,0.009358693690345386,-0.0003075170328918259,232.531,0.008952244550731132,3.904449608598217e-06
232.387,0.009372512031931828,-0.0003075219130933478,232.631,0.008961456841995247,3.912439783744777e-06
232.487,0.00938633038329492,-0.00030752677655381536,232.731,0.008970669133308445,3.9204380926441655e-06
232.487,0.00938633038329492,-0.00030752677655381536,232.831,0.008979881424670658,3.928444535194368e-06
232.687,0.009400148735044791,-0.00030753162006710806,232.931,0.008989093716081944,3.936459111293442e-06
232.787,0.009413967089651148,-0.00030753644694966447,233.031,0.008998306007542207,3.944481820839351e-06
232.787,0.009413967089651148,-0.00030753644694966447,233.131,0.009007518299051444,3.952512663730126e-06
232.987,0.009427785442964734,-0.0003075412538807363,233.231,0.009016730590609676,3.960551639863813e-06
232.987,0.009427785442964734,-0.0003075412538807363,233.331,0.009025942882216984,3.968598749138519e-06
233.087,0.009446209901437855,-0.0003075476371296606,233.431,0.009035155173873172,3.9766539914520946e-06
233.287,0.009460028253491076,-0.00030755240166487,233.531,0.009044367465578353,3.984717366702694e-06
233.287,0.009460028253491076,-0.00030755240166487,233.631,0.009053579757332517,3.992788874788343e-06
233.387,0.00947382422514459,-0.0003075222469591726,233.731,0.009062792049135605,4.000868515607016e-06
233.587,0.009487642567769272,-0.0003075269746213261,233.831,0.009072004340987651,4.00895628905681e-06
233.587,0.009487642567769272,-0.0003075269746213261,233.931,0.009081216632888635,4.017052195035713e-06
233.787,0.009503690469242107,-0.0003055220380439616,234.031,0.009090428924838575,4.025156233441807e-06
233.887,0.009517486442571728,-0.0003054918206434021,234.131,0.009099641216837337,4.0332684041730126e-06
233.887,0.009517486442571728,-0.0003054918206434021,234.231,0.009108853508885085,4.0413887071275265e-06
234.087,0.00953153126204594,-0.0003055551804408328,234.331,0.009118065800981748,4.049517142203325e-06
234.187,0.009545349614216388,-0.0003055598339179823,234.431,0.009127278093127258,4.057653709298394e-06
234.187,0.009545349614216388,-0.0003055598339179823,234.531,0.009136490385321718,4.06579840831088e-06
234.387,0.00955916796341327,-0.00030556446775754307,234.631,0.009145702677565024,4.073951239138742e-06
234.487,0.009572986317040547,-0.0003055690848434591,234.731,0.009154914969857183,4.082112201680027e-06
234.487,0.009572986317040547,-0.0003055690848434591,234.831,0.009164127262198235,4.090281295832844e-06
234.687,0.009586804668349231,-0.00030557368210093754,234.931,0.009173339554588166,4.0984585214952166e-06
234.787,0.009598742456961448,-0.0003067552489659265,235.031,0.009182551847026845,4.106643878565103e-06
234.787,0.009598742456961448,-0.0003067552489659265,235.131,0.009191764139514409,4.11483736694066e-06
234.987,0.009614441371879843,-0.0003055828232631977,235.231,0.009200976432050784,4.123038986519894e-06
235.087,0.009626379165710741,-0.0003067643552868374,235.331,0.009210188724635983,4.131248737200872e-06
235.087,0.009626379165710741,-0.0003067643552868374,235.431,0.009219401017270003,4.13946661888165e-06
235.287,0.0096448036274361,-0.00030677038552788494,235.531,0.00922861330995289,4.1476926314603406e-06
235.287,0.0096448036274361,-0.00030677038552788494,235.631,0.009237825602684453,4.15592677483482e-06
235.487,0.00965862197252701,-0.00030677488611976003,235.731,0.009247037895464855,4.164169048903313e-06
235.587,0.00967244033044565,-0.0003067793699823058,235.831,0.009256250188294042,4.172419453563834e-06
235.587,0.00967244033044565,-0.0003067793699823058,235.931,0.00926546248117192,4.180677988714369e-06
235.787,0.009686258675932908,-0.0003067838339664464,236.031,0.009274674774098575,4.188944654253048e-06
235.887,0.009701292265456126,-0.0003068497050184424,236.131,0.009283887067074044,4.19721945007798e-06
235.887,0.009701292265456126,-0.0003068497050184424,236.231,0.009293099360098254,4.205502376087173e-06
236.087,0.009715132115268314,-0.0003067915280203797,236.331,0.009302311653171153,4.213793432178648e-06
236.187,0.00972980124975657,-0.00030525162163011846,236.431,0.00931152394629281,4.22209261825055e-06
236.187,0.00972980124975657,-0.00030525162163011846,236.531,0.009320736239463136,4.230399934200872e-06
236.387,0.009743641206055023,-0.00030519321362398237,236.631,0.009329948532682254,4.238715379927789e-06
236.487,0.009757437953005967,-0.0003052603919486308,236.731,0.009339160825949974,4.247038955329219e-06
236.487,0.009757437953005967,-0.0003052603919486308,236.831,0.009348373119266453,4.255370660303386e-06
236.687,0.009771671483672239,-0.00030550430802763867,236.931,0.009357585412631556,4.263710494748235e-06
236.787,0.009785468181640103,-0.000305571425094649,237.031,0.009366797706045338,4.272058458561908e-06
236.787,0.009785468181640103,-0.000305571425094649,237.131,0.00937600999950775,4.280414551642435e-06
236.987,0.009799421300737111,-0.00030562375373455815,237.231,0.009385222293018927,4.288778773888017e-06
236.987,0.009799421300737111,-0.00030562375373455815,237.331,0.00939443458657871,4.297151125196614e-06
237.087,0.009813217996164825,-0.00030569082980915684,237.431,0.009403646880187107,4.305531605466295e-06
237.287,0.009831992288428584,-0.00030649003878224876,237.531,0.0094128591738441,4.313920214595152e-06
237.287,0.009831992288428584,-0.00030649003878224876,237.631,0.009422071467549777,4.322316952481342e-06
237.487,0.009845832348443415,-0.0003064315978078051,237.731,0.00943128376130402,4.330721819022848e-06
237.587,0.009865014781813697,-0.0003071644299961926,237.831,0.009440496055106868,4.3391348141177985e-06
237.587,0.009865014781813697,-0.0003071644299961926,237.931,0.009449708348958344,4.347555937664316e-06
237.787,0.009873469047320794,-0.00030644005409591877,238.031,0.009458920642858373,4.355985189560405e-06
237.887,0.009892651483986195,-0.00030717286752040326,238.131,0.009468132936807053,4.364422569704268e-06
237.887,0.009892651483986195,-0.00030717286752040326,238.231,0.009477345230804237,4.37286807799386e-06
238.087,0.009906492173658818,-0.00030711441289794596,238.331,0.00948655752484995,4.381321714327295e-06
238.187,0.009920310528256622,-0.00030711858264169763,238.431,0.009495769818944299,4.3897834786027904e-06
238.187,0.009920310528256622,-0.00030711858264169763,238.531,0.009504982113087137,4.398253370718291e-06
238.387,0.009934128878052591,-0.00030712273256474916,238.631,0.009514194407278518,4.406731390571961e-06
238.487,0.009947947231382837,-0.00030712686571316116,238.731,0.009523406701518428,4.4152175380618685e-06
238.487,0.009947947231382837,-0.00030712686571316116,238.831,0.009532618995806963,4.423711813086219e-06
238.687,0.009961765583226713,-0.0003071309790207567,238.931,0.009541831290143871,4.432214215542904e-06
238.787,0.00997558393423134,-0.00030713507562689406,239.031,0.00955104358452932,4.4407247453301675e-06
238.787,0.00997558393423134,-0.00030713507562689406,239.131,0.009560255878963255,4.44924340234607e-06
238.987,0.009989402289566407,-0.00030713915235359914,239.231,0.009569468173445629,4.457770186488669e-06
239.087,0.010003806247458995,-0.0003067365451556975,239.331,0.009578680467976546,4.466305097656172e-06
239.087,0.010003806247458995,-0.0003067365451556975,239.431,0.009587892762555953,4.474848135746642e-06
239.287,0.010023143613029042,-0.00030791364049084275,239.531,0.00959710505718375,4.483399300658108e-06
239.287,0.010023143613029042,-0.00030791364049084275,239.631,0.00960631735185995,4.491958592288695e-06
239.387,0.010036939456792267,-0.0003079802607269791,239.731,0.009615529646584669,4.5005260105366365e-06
239.587,0.010050780323268688,-0.0003079216654672638,239.831,0.00962474194135778,4.509101555299921e-06
239.587,0.010050780323268688,-0.0003079216654672638,239.931,0.009633954236179366,4.517685226476716e-06
239.787,0.010068075091221915,-0.0003056038273430418,240.031,0.009643166531049376,4.526277023965116e-06
239.887,0.010081893449158066,-0.0003056078026604572,240.131,0.009652378825967783,4.5348769476632114e-06
239.887,0.010081893449158066,-0.0003056078026604572,240.231,0.009661591120934603,4.543484997469142e-06
240.087,0.010095711801228004,-0.00030561175810432634,240.331,0.009670803415949778,4.5521011732809785e-06
240.187,0.010109530153859906,-0.0003056156968001858,240.431,0.009680015711013398,4.560725474996926e-06
240.187,0.010109530153859906,-0.0003056156968001858,240.531,0.00968922800612532,4.569357902514969e-06
240.387,0.010123348501610105,-0.0003056196156609953,240.631,0.009698440301285645,4.577998455733345e-06
240.487,0.010137166855013166,-0.00030562351780550576,240.731,0.009707652596494296,4.586647134550112e-06
240.487,0.010137166855013166,-0.00030562351780550576,240.831,0.009716864891751316,4.595303938863427e-06
240.687,0.01015098521116433,-0.000305627400109012,240.931,0.0097260771870567,4.603968868571416e-06
240.787,0.010164803569414892,-0.0003056312657054121,241.031,0.009735289482410371,4.612641923572148e-06
240.787,0.010164803569414892,-0.0003056312657054121,241.131,0.00974450177781236,4.621323103763781e-06
240.987,0.010178621923357127,-0.00030563511142742166,241.231,0.009753714073262667,4.6300124090444414e-06
241.087,0.010192936392161192,-0.00030567058091910613,241.331,0.009762926368761244,4.6387098393122205e-06
241.087,0.010192936392161192,-0.00030567058091910613,241.431,0.009772138664308217,4.6474153944653755e-06
241.287,0.010208837093210405,-0.0003064101249228801,241.531,0.009781350959903458,4.6561290744019396e-06
241.387,0.010222655449455161,-0.0003064139056471154,241.631,0.009790563255546919,4.6648508790199944e-06
241.387,0.010222655449455161,-0.0003064139056471154,241.731,0.00979977555123867,4.673580808217734e-06
241.587,0.010236473809536415,-0.00030641766657091713,241.831,0.009808987846978688,4.6823188618932985e-06
241.687,0.010250292163479505,-0.00030642141081238945,241.931,0.009818200142766974,4.691065039944823e-06
241.687,0.010250292163479505,-0.00030642141081238945,242.031,0.009827412438603455,4.699819342270384e-06
241.887,0.010264110519453347,-0.0003064251351569806,242.131,0.009836624734488283,4.7085817687682666e-06
241.987,0.010277339961436979,-0.00030591172471097235,242.231,0.00984583703042128,4.717352319336469e-06
241.987,0.010277339961436979,-0.00030591172471097235,242.331,0.00985504932640248,4.726130993873147e-06
242.187,0.010291747227434441,-0.000306432530662016,242.431,0.009864261622431864,4.734917792276439e-06
242.287,0.010304976669962542,-0.0003059190883500407,242.531,0.009873473918509542,4.743712714444603e-06
242.287,0.010304976669962542,-0.0003059190883500407,242.631,0.009882686214635325,4.752515760275613e-06
242.487,0.010318795029015594,-0.00030592274203460144,242.731,0.009891898510809348,4.761326929667748e-06
242.587,0.010333239786783535,-0.00030639537752970546,242.831,0.00990111080703157,4.770146222519116e-06
242.587,0.010333239786783535,-0.00030639537752970546,242.931,0.009910323103301881,4.778973638727778e-06
242.787,0.010346850062897938,-0.00030724275329810266,243.031,0.009919535399620377,4.787809178191982e-06
242.887,0.010361294908524395,-0.00030771544998644884,243.131,0.009928747695987039,4.796652840809859e-06
242.887,0.010361294908524395,-0.00030771544998644884,243.231,0.009937959992401851,4.805504626479566e-06
243.087,0.01037511326357339,-0.00030771903446911395,243.331,0.00994717228886479,4.814364535099234e-06
243.087,0.01037511326357339,-0.00030771903446911395,243.431,0.00995638458537591,4.823232566567082e-06
243.287,0.010393537734761324,-0.00030772378640072463,243.531,0.0099655968819351,4.832108720781158e-06
243.387,0.010406552607309872,-0.00030698442789203826,243.631,0.009974809178542416,4.840992997639688e-06
243.387,0.010406552607309872,-0.00030698442789203826,243.731,0.009984021475197804,4.849885397040785e-06
243.587,0.010421291958030845,-0.00030785519600032627,243.831,0.009993233771901321,4.8587859188826786e-06
243.687,0.010435606876871416,-0.00030830554797121526,243.931,0.010002446068652901,4.8676945630634655e-06
243.687,0.010435606876871416,-0.00030830554797121526,244.031,0.01001165836545251,4.876611329481279e-06
243.887,0.010448433945221183,-0.00030757178645735494,244.131,0.010020870662300261,4.885536218034396e-06
243.987,0.010463552489714392,-0.0003087651516771051,244.231,0.010030082959196053,4.8944692286208956e-06
243.987,0.010463552489714392,-0.0003087651516771051,244.331,0.010039295256139915,4.903410361138984e-06
244.187,0.010477773685831105,-0.00030937603209816775,244.431,0.010048507553131757,4.912359615486749e-06
244.287,0.010491597441693555,-0.0003093695793992746,244.531,0.010057719850171658,4.921316991562445e-06
244.287,0.010491597441693555,-0.0003093695793992746,244.631,0.010066932147259592,4.930282489264217e-06
244.487,0.010505415800327374,-0.00030937298988029474,244.731,0.010076144444395509,4.939256108490195e-06
244.587,0.010519234161687423,-0.00030937638364861894,244.831,0.010085356741579512,4.948237849138655e-06
244.587,0.010519234161687423,-0.00030937638364861894,244.931,0.01009456903881141,4.9572277111076045e-06
244.787,0.010533052518838876,-0.00030937975763056867,245.031,0.010103781336091357,4.966225694295369e-06
244.887,0.010551476997004351,-0.0003093842303205298,245.131,0.0101129936334193,4.975231798600084e-06
244.887,0.010551476997004351,-0.0003093842303205298,245.231,0.0101222059307952,4.98424602391988e-06
245.087,0.010565295349384309,-0.0003093875617856003,245.331,0.010131418228219039,4.9932683701529415e-06
245.087,0.010565295349384309,-0.0003093875617856003,245.431,0.010140630525690874,5.0022988371975106e-06
245.287,0.010583722293244079,-0.0003104017688511069,245.531,0.010149842823210646,5.011337424951731e-06
245.387,0.01059754065087921,-0.0003104050579578174,245.631,0.010159055120778363,5.0203841333137835e-06
245.387,0.01059754065087921,-0.0003104050579578174,245.731,0.010168267418393979,5.029438962181808e-06
245.587,0.010611359012484452,-0.00031040832720463006,245.831,0.01017747971605753,5.038501911454055e-06
245.687,0.010625177372406579,-0.00031041157966386695,245.931,0.01018669201376904,5.047572981028729e-06
245.687,0.010625177372406579,-0.00031041157966386695,246.031,0.010195904311528406,5.056652170803908e-06
245.887,0.010639456093060332,-0.00030909935266132654,246.131,0.010205116609335669,5.065739480677855e-06
245.987,0.010653274452926909,-0.0003091025724390976,246.231,0.010214328907190812,5.074834910548733e-06
245.987,0.010653274452926909,-0.0003091025724390976,246.331,0.010223541205093847,5.0839384603147565e-06
246.187,0.010667092812328773,-0.0003091057724021711,246.431,0.01023275350304476,5.09305012987412e-06
246.187,0.010667092812328773,-0.0003091057724021711,246.531,0.01024196580104355,5.102169919125017e-06
246.387,0.010685722221596902,-0.0003094671816643504,246.631,0.010251178099090165,5.111297827965599e-06
246.487,0.010699540578362622,-0.0003094703415973595,246.731,0.010260390397184647,5.120433856294109e-06
246.487,0.010699540578362622,-0.0003094703415973595,246.831,0.010269602695326958,5.129578004008724e-06
246.687,0.01071340593936292,-0.0003094814285678443,246.931,0.01027881499351705,5.138730271007601e-06
246.787,0.010727224300126193,-0.00030948455196690394,247.031,0.010288027291755002,5.147890657189025e-06
246.787,0.010727224300126193,-0.00030948455196690394,247.131,0.010297239590040788,5.157059162451179e-06
246.987,0.01074104265815987,-0.0003094876555460182,247.231,0.010306451888374387,5.1662357866922374e-06
247.087,0.010754861018208023,-0.0003094907424106654,247.331,0.010315664186755776,5.175420529810413e-06
247.087,0.010754861018208023,-0.0003094907424106654,247.431,0.010324876485184927,5.184613391703885e-06
247.287,0.010773285493967836,-0.00030949482877357624,247.531,0.010334088783661875,5.193814372270892e-06
247.287,0.010773285493967836,-0.00030949482877357624,247.631,0.010343301082186613,5.203023471409657e-06
247.487,0.010787103848613347,-0.0003094978714918647,247.731,0.010352513380758991,5.212240689018226e-06
247.587,0.010801313303129549,-0.000308687783574044,247.831,0.010361725679379293,5.221466024995102e-06
247.587,0.010801313303129549,-0.000308687783574044,247.931,0.010370937978047232,5.230699479238243e-06
247.787,0.010815131668809506,-0.00030869079297228796,248.031,0.010380150276762968,5.2399410516460045e-06
247.887,0.010828950027725567,-0.00030869378566377337,248.131,0.010389362575526423,5.2491907421165375e-06
247.887,0.010828950027725567,-0.00030869378566377337,248.231,0.010398574874337556,5.258448550548043e-06
248.087,0.010842768387269757,-0.0003086967585962017,248.331,0.010407787173196346,5.267714476838706e-06
248.087,0.010842768387269757,-0.0003086967585962017,248.431,0.010416999472102935,5.276988520886883e-06
248.187,0.010861192863896562,-0.00030870069659159926,248.531,0.010426211771057212,5.2862706825907105e-06
248.387,0.010876020501277615,-0.00030736922432024737,248.631,0.010435424070059113,5.295560961848334e-06
248.387,0.010876020501277615,-0.00030736922432024737,248.731,0.010444636369108778,5.30485935855814e-06
248.487,0.010889838861027887,-0.0003073721413114804,248.831,0.010453848668206018,5.314165872618162e-06
248.687,0.010903657222144944,-0.0003073750385216277,248.931,0.01046306096735092,5.323480503926722e-06
248.687,0.010903657222144944,-0.0003073750385216277,249.031,0.010472273266543543,5.3328032523821156e-06
248.887,0.010917475585896808,-0.0003073779174547555,249.131,0.010481485565783719,5.3421341178823805e-06
248.987,0.010931293948303788,-0.0003073807796361926,249.231,0.01049069786507159,5.3514731003259245e-06
248.987,0.010931293948303788,-0.0003073807796361926,249.331,0.010499910164407078,5.360820199610894e-06
249.187,0.010945112309898955,-0.00030738362207472023,249.431,0.010509122463790124,5.370175415635472e-06
249.287,0.010959490400338244,-0.000307724125470342,249.531,0.0105183347632209,5.379538748298076e-06
249.287,0.010959490400338244,-0.000307724125470342,249.631,0.010527547062699157,5.388910197496684e-06
249.487,0.010973308764006012,-0.00030772692879345315,249.731,0.010536759362225047,5.398289763129692e-06
249.587,0.010988482050755505,-0.0003087194986169165,249.831,0.010545971661798574,5.407677445095358e-06
249.587,0.010988482050755505,-0.0003087194986169165,249.931,0.010555183961419612,5.417073243291785e-06
249.787,0.011002300416620082,-0.0003087222606813729,250.031,0.010564396261088231,5.426477157617304e-06
249.887,0.011016118777517297,-0.0003087250060847021,250.131,0.010573608560804453,5.435889187970168e-06
249.887,0.011016118777517297,-0.0003087250060847021,250.231,0.010582820860568174,5.445309334248535e-06
250.087,0.011029937139316652,-0.00030872773167743,250.331,0.010592033160379486,5.454737596350741e-06
250.187,0.011043755501161335,-0.0003087304404835178,250.431,0.010601245460238306,5.464173974174957e-06
250.187,0.011043755501161335,-0.0003087304404835178,250.531,0.010610457760144614,5.473618467619402e-06
250.387,0.011057573867101446,-0.0003087331295635785,250.631,0.010619670060098386,5.483071076582329e-06
250.487,0.011071392229639846,-0.0003087358019001157,250.731,0.010628882360099727,5.492531800962075e-06
250.487,0.011071392229639846,-0.0003087358019001157,250.831,0.010638094660148624,5.502000640656885e-06
250.687,0.01108521059580471,-0.0003087384543538998,250.931,0.010647306960244973,5.511477595564919e-06
250.787,0.011099028956833772,-0.00030874109016248817,251.031,0.01065651926038872,5.5209626655843855e-06
250.787,0.011099028956833772,-0.00030874109016248817,251.131,0.010665731560580058,5.530455850613713e-06
250.987,0.01111382245408252,-0.0003077788369958447,251.231,0.010674943860818733,5.539957150550962e-06
251.087,0.011127640825778749,-0.00030778144188529027,251.331,0.010684156161105005,5.549466565294606e-06
251.087,0.011127640825778749,-0.00030778144188529027,251.431,0.010693368461438651,5.558984094742697e-06
251.287,0.011142490233177878,-0.0003070068952002185,251.531,0.01070258076181968,5.568509738793515e-06
251.387,0.011156877802588233,-0.00030618927142494204,251.631,0.010711793062248263,5.578043497345482e-06
251.387,0.011156877802588233,-0.00030618927142494204,251.731,0.010721005362724264,5.587585370296738e-06
251.587,0.01117069616369704,-0.0003061918266537283,251.831,0.01073021766324764,5.5971353575455015e-06
251.587,0.01117069616369704,-0.0003061918266537283,251.931,0.010739429963818391,5.606693458990057e-06
251.687,0.011189065871981126,-0.00030627437379640934,252.031,0.010748642264436559,5.616259674528716e-06
251.887,0.011202884235848734,-0.00030627688619304946,252.131,0.010757854565102127,5.625834004059718e-06
251.887,0.011202884235848734,-0.00030627688619304946,252.231,0.010767066865815066,5.635416447481305e-06
251.987,0.011216702600448155,-0.0003062793819093658,252.331,0.010776279166575286,5.6450070046916775e-06
252.187,0.011230520967121488,-0.00030628185781127166,252.431,0.01078549146738292,5.654605675589242e-06
252.187,0.011230520967121488,-0.00030628185781127166,252.531,0.010794703768237966,5.664212460072265e-06
252.387,0.011244394101584173,-0.0003062051499177325,252.631,0.010803916069140346,5.673827358038957e-06
252.487,0.0112581576902072,-0.000306286756413825,252.731,0.010813128370089936,5.683450369387447e-06
252.487,0.0112581576902072,-0.000306286756413825,252.831,0.010822340671087016,5.693081494016338e-06
252.687,0.011271976051432217,-0.0003062891776029849,252.931,0.010831552972131323,5.7027207318236146e-06
252.787,0.011290225074078536,-0.00030678945373564906,253.031,0.010840765273223031,5.71236808270775e-06
252.787,0.011290225074078536,-0.00030678945373564906,253.131,0.010849977574361892,5.722023546566777e-06
252.987,0.011304043438292664,-0.00030679183424862856,253.231,0.01085918987554814,5.73168712329922e-06
253.087,0.011319456402389367,-0.00030775762309147824,253.331,0.010868402176781745,5.741358812803327e-06
253.087,0.011319456402389367,-0.00030775762309147824,253.431,0.010877614478062509,5.751038614977199e-06
253.287,0.01133327476762011,-0.00030775996842651325,253.531,0.01088682677939059,5.760726529719282e-06
253.387,0.011347093136493151,-0.00030776229708248285,253.631,0.010896039080765916,5.7704225569277865e-06
253.387,0.011347093136493151,-0.00030776229708248285,253.731,0.01090525138218848,5.780126696501001e-06
253.587,0.011360911503145221,-0.00030776460585108027,253.831,0.01091446368365834,5.789838948337277e-06
253.687,0.011374143187997817,-0.0003070748189250991,253.931,0.010923675985175373,5.7995593123347865e-06
253.687,0.011374143187997817,-0.0003070748189250991,254.031,0.010932888286739686,5.809287788391936e-06
253.887,0.011388895642104106,-0.0003073925742133177,254.131,0.010942100588351187,5.819024376406925e-06
253.987,0.011402127343533323,-0.00030670271727817664,254.231,0.010951312890009845,5.828769076278016e-06
253.987,0.011402127343533323,-0.00030670271727817664,254.331,0.010960525191715809,5.838521887903673e-06
254.187,0.011416745215281666,-0.00030696877260327765,254.431,0.010969737493468957,5.84828281118207e-06
254.287,0.011419995568451117,-0.0003044758386004022,254.531,0.010978949795269172,5.858051846011382e-06
254.287,0.011419995568451117,-0.0003044758386004022,254.631,0.01098816209711663,5.867828992290098e-06
254.487,0.011442639369428988,-0.000306575771004924,254.731,0.010997374399011273,5.87761424991646e-06
254.487,0.011442639369428988,-0.000306575771004924,254.831,0.011006586700953036,5.88740761878871e-06
254.587,0.011452238428310522,-0.0003044809860363949,254.931,0.01101579900294201,5.897209098805258e-06
254.787,0.011466056801090606,-0.00030448316056531477,255.031,0.011025011304978063,5.907018689864265e-06
254.787,0.011466056801090606,-0.00030448316056531477,255.131,0.011034223607061276,5.916836391864136e-06
254.987,0.011481073410934047,-0.00030515665924576074,255.231,0.011043435909191648,5.926662204703168e-06
255.087,0.011494891778037475,-0.0003051588008117112,255.331,0.01105264821136916,5.936496128279663e-06
255.087,0.011494891778037475,-0.0003051588008117112,255.431,0.011061860513593723,5.946338162491837e-06
255.287,0.01150871014529373,-0.00030516092251355937,255.531,0.011071072815865371,5.956188307238047e-06
255.387,0.01152172877966128,-0.000304899099305297,255.631,0.011080285118184145,5.966046562416648e-06
255.387,0.01152172877966128,-0.000304899099305297,255.731,0.011089497420549986,5.975912927925902e-06
255.587,0.011536346878389064,-0.00030516511283650157,255.831,0.011098709722962933,5.985787403664166e-06
255.687,0.011549365512723475,-0.00030490325879950627,255.931,0.011107922025422906,5.995669989529659e-06
255.687,0.011549365512723475,-0.00030490325879950627,256.031,0.011117134327929924,6.005560685420743e-06
255.887,0.011563183878971327,-0.00030490531042694544,256.131,0.011126346630484047,6.015459491235806e-06
255.987,0.011577002242060036,-0.0003049073453228842,256.231,0.011135558933085174,6.025366406873043e-06
255.987,0.011577002242060036,-0.0003049073453228842,256.331,0.011144771235733285,6.0352814322307775e-06
256.187,0.011594560528663735,-0.00030557500957242644,256.431,0.011153983538428426,6.045204567207364e-06
256.287,0.01160837889459376,-0.0003055770022479181,256.531,0.011163195841170651,6.055135811701203e-06
256.287,0.01160837889459376,-0.0003055770022479181,256.631,0.011172408143959834,6.065075165610496e-06
256.487,0.011622197268653732,-0.0003055789750720022,256.731,0.011181620446796041,6.075022628833632e-06
256.587,0.011636015636824272,-0.0003055809312372957,256.831,0.011190832749679198,6.084978201268874e-06
256.587,0.011636015636824272,-0.0003055809312372957,256.931,0.011200045052609386,6.094941882814635e-06
256.787,0.011650347012967764,-0.0003056522406495897,257.031,0.011209257355586519,6.104913673369148e-06
256.887,0.011664165375031605,-0.0003056541557125089,257.131,0.011218469658610612,6.114893572830788e-06
256.887,0.011664165375031605,-0.0003056541557125089,257.231,0.011227681961681692,6.124881581097891e-06
257.087,0.011682589863706449,-0.0003056566798061546,257.331,0.011236894264799683,6.134877698068729e-06
257.087,0.011682589863706449,-0.0003056566798061546,257.431,0.01124610656796462,6.144881923641689e-06
257.187,0.011696408235463921,-0.00030565855229545464,257.531,0.011255318871176553,6.154894257715152e-06
257.387,0.011710226605545267,-0.0003056604051005704,257.631,0.011264531174435339,6.164914700187305e-06
257.387,0.011710226605545267,-0.0003056604051005704,257.731,0.011273743477741098,6.174943250956628e-06
257.587,0.011724044974156578,-0.0003056622395886969,257.831,0.011282955781093647,6.184979909921263e-06
257.687,0.011737863341028219,-0.00030566405743073853,257.931,0.0112921680844932,6.195024676979791e-06
257.687,0.011737863341028219,-0.00030566405743073853,258.031,0.011301380387939554,6.205077552030331e-06
257.887,0.011751681706037747,-0.00030566585545244607,258.131,0.011310592691432829,6.2151385349713785e-06
257.987,0.011765500079612036,-0.000305667636726593,258.231,0.011319804994972964,6.225207625701195e-06
257.987,0.011765500079612036,-0.000305667636726593,258.331,0.011329017298560019,6.235284824118199e-06
258.187,0.011779318452248855,-0.00030566939832083384,258.431,0.011338229602193868,6.245370130120615e-06
258.287,0.011795210529647522,-0.0003048559880235969,258.531,0.011347441905874564,6.2554635436068534e-06
258.287,0.011795210529647522,-0.0003048559880235969,258.631,0.011356654209602104,6.2655650644752805e-06
258.487,0.011809028902528457,-0.0003048577202057381,258.731,0.011365866513376531,6.275674692624272e-06
258.587,0.01182284727816594,-0.0003048594355875589,258.831,0.011375078817197707,6.285792427952036e-06
