MCL_Timestamp,MCL_X,MCL_Y,Odom_Timestamp,Odom_X,Odom_Y
138.582,0.0006584799389691006,-0.0002678545309118237,138.834,0.0003210873900217316,6.151217080387123e-09
138.782,0.000672298207285519,-0.0002678709163380265,138.934,0.00033029963399164693,6.475734925427998e-09
138.782,0.000672298207285519,-0.0002678709163380265,139.034,0.00033951187707160243,6.808482597355928e-09
138.882,0.0006861164715156696,-0.00026788728471304244,139.134,0.0003487241195122127,7.149460001254613e-09
139.082,0.00070265028754236,-0.000266734371712548,139.234,0.0003579363615009201,7.49866704025058e-09
139.082,0.00070265028754236,-0.000266734371712548,139.334,0.0003671486031778722,7.856103615966698e-09
139.182,0.0007168898399455292,-0.00026674793058299506,139.434,0.00037636084464764453,8.22176962886243e-09
139.382,0.0007307081041091102,-0.00026676424298068387,139.534,0.00038557308598792365,8.595664978497925e-09
139.382,0.0007307081041091102,-0.00026676424298068387,139.634,0.00039478532725641065,8.977789563748012e-09
139.482,0.0007443546080751365,-0.00026687878816172833,139.734,0.00040399756849606464,9.368143282974078e-09
139.482,0.0007443546080751365,-0.00026687878816172833,139.834,0.0004132098097382086,9.766726034119284e-09
139.682,0.0007583446228457542,-0.00026679681383034976,139.934,0.00042242205100599407,1.01735377148311e-08
139.782,0.0007719911327120767,-0.0002669113235553668,140.034,0.0004316342923162891,1.0588578222525666e-08
139.782,0.0007719911327120767,-0.0002669113235553668,140.134,0.00044084653368121023,1.1011847454438054e-08
139.982,0.0007858093959605965,-0.0002669275627471509,140.234,0.00045005877510938773,1.144334530767224e-08
140.182,0.0008042337479587937,-0.0002669491872666333,140.334,0.00045927101660703126,1.1883071679241324e-08
140.182,0.0008042337479587937,-0.0002669491872666333,140.434,0.00046848325817804167,1.2331026466065344e-08
140.282,0.0008134459229266431,-0.00026695998715404903,140.534,0.00047769549982529816,1.278720956502781e-08
140.382,0.0008272700506277976,-0.00026697385417083383,140.634,0.00048690774155050277,1.325162087296622e-08
140.382,0.0008272700506277976,-0.00026697385417083383,140.734,0.000496119983354537,1.372426028668835e-08
140.582,0.0008432885746939149,-0.0002672420294954562,140.834,0.0005053322252379479,1.420512770299298e-08
140.682,0.0008571068359659559,-0.00026725817737705606,140.934,0.0005145444672005505,1.4694223018648783e-08
140.682,0.0008571068359659559,-0.00026725817737705606,141.034,0.00052375670924216,1.5191546130430486e-08
140.882,0.0008755311868190796,-0.00026727967808426597,141.134,0.0005329689513623484,1.5697096935104484e-08
140.882,0.0008755311868190796,-0.00026727967808426597,141.234,0.0005421811935604849,1.6210875329431914e-08
141.082,0.0008893494524009608,-0.00026729578125612774,141.334,0.0005513934358359634,1.6732881210179444e-08
141.282,0.0009080735980979394,-0.00026724843070262806,141.434,0.0005606056781879322,1.7263114474102562e-08
141.282,0.0009080735980979394,-0.00026724843070262806,141.534,0.0005698179206158521,1.7801575017978833e-08
141.382,0.000921891863880738,-0.0002672644905361138,141.634,0.0005790301631188494,1.834826273857141e-08
141.582,0.0009357101274130095,-0.00026728053025364243,141.734,0.0005882424056962281,1.890317753265663e-08
141.582,0.0009357101274130095,-0.00026728053025364243,141.834,0.0005974546483472924,1.946631929701344e-08
141.682,0.000949528392294472,-0.00026729655308923417,141.934,0.0006066668910712586,2.0037687928418424e-08
141.882,0.0009643194809961867,-0.0002674518064716665,142.034,0.0006158791338675637,2.0617283323663627e-08
141.882,0.0009643194809961867,-0.0002674518064716665,142.134,0.0006250913767354893,2.1205105379534143e-08
141.982,0.0009781377442234455,-0.00026746779274907555,142.234,0.0006343036196743846,2.1801153992823362e-08
142.182,0.0009919560082893967,-0.000267483759043329,142.334,0.0006435158626837539,2.240542906033674e-08
142.182,0.0009919560082893967,-0.000267483759043329,142.434,0.0006527281057630129,2.3017930478876733e-08
142.282,0.0010057742706773534,-0.00026749970826063014,142.534,0.0006619403489115316,2.3638658145244003e-08
142.482,0.0010195925377433801,-0.00026751563749217636,142.634,0.0006711525921289038,2.42676119562571e-08
142.482,0.0010195925377433801,-0.00026751563749217636,142.734,0.0006803648354146109,2.4904791808729264e-08
142.582,0.0010334107988956575,-0.00026753154976748945,142.834,0.000689577078768113,2.5550197599473848e-08
142.782,0.0010494313633026952,-0.00026839224238755436,142.934,0.0006987893221890692,2.6203829225319475e-08
142.782,0.0010494313633026952,-0.00026839224238755436,143.034,0.0007080015656769847,2.6865686583086912e-08
142.882,0.001064044714637582,-0.0002681660343337904,143.134,0.0007172138092315847,2.7535769569615262e-08
143.082,0.0010778629729739678,-0.00026818188850184056,143.234,0.0007264260528523516,2.8214078081728233e-08
143.082,0.0010778629729739678,-0.00026818188850184056,143.334,0.0007356382965389458,2.8900612016263652e-08
143.182,0.0010916812326947397,-0.00026819772574311726,143.434,0.0007448505402911362,2.9595371270069693e-08
143.382,0.0011069251651469522,-0.00026673534591577827,143.534,0.0007540627841084278,3.029835573997745e-08
143.382,0.0011069251651469522,-0.00026673534591577827,143.634,0.0007632750279906364,3.1009565322843784e-08
143.482,0.0011207434248338927,-0.0002667511493209516,143.734,0.0007724872719374203,3.172899991551354e-08
143.682,0.0011365443500454134,-0.00026689230067676963,143.834,0.0007816995159485285,3.2456659414840406e-08
143.682,0.0011365443500454134,-0.00026689230067676963,143.934,0.0007909117600235761,3.319254371766843e-08
143.782,0.0011503626122385349,-0.00026690806510000124,144.034,0.0008001240041624439,3.3936652720865315e-08
143.982,0.0011641808668501387,-0.0002669238093525345,144.134,0.000809336248364771,3.468898632128143e-08
143.982,0.0011641808668501387,-0.0002669238093525345,144.234,0.0008185484926303938,3.544954441578278e-08
144.082,0.0011782380681584635,-0.00026553030789673305,144.334,0.0008277607369590608,3.621832690123184e-08
144.282,0.0011918173987949447,-0.0002669552440584656,144.434,0.0008369729813505644,3.699533367449685e-08
144.282,0.0011918173987949447,-0.0002669552440584656,144.534,0.0008461852258046758,3.778056463244503e-08
144.382,0.001205874596582459,-0.00026556170797414116,144.634,0.0008553974703212322,3.8574019671950504e-08
144.582,0.001223136663893708,-0.0002658732534656062,144.734,0.0008646097148999596,3.937569868988212e-08
144.582,0.001223136663893708,-0.0002658732534656062,144.834,0.0008738219595407835,4.0185601583126824e-08
144.682,0.0012384251816369147,-0.00026609333390668444,144.934,0.000883034204243432,4.100372824855441e-08
144.882,0.0012527333681273158,-0.0002659372755585261,145.034,0.000892246449007807,4.1830078583052274e-08
144.882,0.0012527333681273158,-0.0002659372755585261,145.134,0.0009014586938336796,4.266465248349655e-08
144.982,0.0012665516315555885,-0.00026595288352641784,145.234,0.0009106709387209318,4.3507449846775656e-08
145.182,0.0012803698939306656,-0.0002659684715016372,145.334,0.0009198831836694449,4.435847056978006e-08
145.182,0.0012803698939306656,-0.0002659684715016372,145.434,0.0009290954286790349,4.5217714549394394e-08
145.282,0.0012916917006915698,-0.0002652146917583629,145.534,0.0009383076737494486,4.6085181682499656e-08
145.482,0.0013080064244490003,-0.00026599959343460625,145.634,0.0009475199188807683,4.6960871866009504e-08
145.482,0.0013080064244490003,-0.00026599959343460625,145.734,0.0009567321640726979,4.784478499680217e-08
145.582,0.0013193282370717709,-0.00026524579888874736,145.834,0.0009659444093251634,4.873692097177923e-08
145.782,0.0013331464989216825,-0.00026526132393001197,145.934,0.0009751566546380914,4.963727968784342e-08
145.782,0.0013331464989216825,-0.00026526132393001197,146.034,0.0009843689000112513,5.0545861041884456e-08
145.882,0.0013469647697005847,-0.0002652768320187866,146.134,0.0009935811454447048,5.1462664930821176e-08
146.082,0.001360783037176446,-0.00026529232004904085,146.234,0.0010027933909381316,5.2387691251537236e-08
146.082,0.001360783037176446,-0.00026529232004904085,146.334,0.0010120056364915486,5.332093990095104e-08
146.182,0.001374601301224863,-0.0002653077911276106,146.434,0.0010212178821049024,5.426241077597559e-08
146.382,0.001388419568413305,-0.00026532324214195496,146.534,0.0010304301277779167,5.52121037735014e-08
146.382,0.001388419568413305,-0.00026532324214195496,146.634,0.0010396423735106997,5.617001879046077e-08
146.482,0.0014022378311159332,-0.0002653386762364779,146.734,0.0010488546193029751,5.713615572374693e-08
146.482,0.0014022378311159332,-0.0002653386762364779,146.834,0.0010580668651548038,5.811051447028893e-08
146.682,0.0014166453692854213,-0.0002652921361722688,146.934,0.0010672791110660214,5.90930949269956e-08
146.882,0.0014350697232705834,-0.000265312655109423,147.034,0.001076491357036643,6.008389699079595e-08
146.882,0.0014350697232705834,-0.000265312655109423,147.134,0.0010857036030664188,6.108292055859247e-08
146.982,0.0014488879904008712,-0.0002653280234991151,147.234,0.001094915849155361,6.209016552731646e-08
147.182,0.001464529557891797,-0.0002655806364417413,147.334,0.0011041280953033754,6.310563179388991e-08
147.182,0.001464529557891797,-0.0002655806364417413,147.434,0.0011133403415104545,6.412931925524452e-08
147.282,0.0014783478273834604,-0.00026559596599731,147.534,0.00112255258777639,6.516122780829124e-08
147.482,0.0014921660929006662,-0.0002656112776541153,147.634,0.001131764834101288,6.620135734997692e-08
147.482,0.0014921660929006662,-0.0002656112776541153,147.734,0.001140977080484961,6.724970777721883e-08
147.582,0.001505984358545475,-0.000265626572387791,147.834,0.0011501893269273576,6.83062789869496e-08
147.782,0.0015198026249101046,-0.0002656418471177579,147.934,0.0011594015734284265,6.937107087610302e-08
147.782,0.0015198026249101046,-0.0002656418471177579,148.034,0.0011686138199881165,7.044408334161444e-08
147.882,0.0015298995822530983,-0.0002649221660667974,148.134,0.001177826066606309,7.152531628041192e-08
148.082,0.0015474391624377135,-0.00026567234256036755,148.234,0.0011870383132829962,7.261476958943935e-08
148.082,0.0015474391624377135,-0.00026567234256036755,148.334,0.0011962505600181716,7.371244316564202e-08
148.182,0.0015588254670657919,-0.00026412265186495887,148.434,0.0012054628068116724,7.481833690594784e-08
148.382,0.0015726437395128373,-0.0002641378642659909,148.534,0.0012146750536634688,7.593245070730135e-08
148.382,0.0015726437395128373,-0.0002641378642659909,148.634,0.0012238873005735523,7.705478446665244e-08
148.482,0.0015864620102273173,-0.0002641530597141214,148.734,0.0012330995475419175,7.818533808095016e-08
148.682,0.0016002802843703102,-0.0002641682351431942,148.834,0.0012423117945683788,7.932411144712438e-08
148.682,0.0016002802843703102,-0.0002641682351431942,148.934,0.0012515240416529278,8.047110446212797e-08
148.782,0.001614098547426834,-0.0002641833935456428,149.034,0.00126073628879558,8.162631702291816e-08
148.782,0.001614098547426834,-0.0002641833935456428,149.134,0.001269948535996196,8.278974902643506e-08
148.982,0.0016281717739512925,-0.00026416914398733553,149.234,0.0012791607832547465,8.396140036963345e-08
149.082,0.0016419900445537182,-0.00026418426398695436,149.334,0.0012883730305712669,8.5141270949478e-08
149.082,0.0016419900445537182,-0.00026418426398695436,149.434,0.0012975852779456814,8.632936066291968e-08
149.282,0.001655808314095176,-0.00026419936390520817,149.534,0.001306797525377919,8.752566940691114e-08
149.382,0.0016696265831149114,-0.00026421444690831366,149.634,0.0013160097728679065,8.873019707840681e-08
149.382,0.0016696265831149114,-0.00026421444690831366,149.734,0.001325222020415679,8.994294357437751e-08
149.582,0.0016834448526459262,-0.00026422950988080527,149.834,0.0013344342680211413,9.116390879177637e-08
149.682,0.0016972631250204038,-0.0002642445558654512,149.934,0.0013436465156843077,9.239309262757162e-08
149.682,0.0016972631250204038,-0.0002642445558654512,150.034,0.001352858763405061,9.363049497871771e-08
149.882,0.0017110814026658307,-0.000264259581843211,150.134,0.001362071011183482,9.487611574219744e-08
149.982,0.0017248996775124025,-0.000264274590875598,150.234,0.001371283259019386,9.61299548149575e-08
149.982,0.0017248996775124025,-0.000264274590875598,150.334,0.0013804955069128312,9.739201209397907e-08
150.182,0.001738717944778744,-0.0002642895798467013,150.434,0.0013897077548637882,9.866228747623246e-08
150.282,0.0017525362159647527,-0.0002643045519377252,150.534,0.0013989200028721182,9.994078085867326e-08
150.282,0.0017525362159647527,-0.0002643045519377252,150.634,0.0014081322509379244,1.0122749213829256e-07
150.482,0.0017663544883957723,-0.0002643195039273686,150.734,0.001417344499061109,1.0252242121205512e-07
150.682,0.001784778849314036,-0.0002643394122173546,150.834,0.0014265567472415766,1.0382556797692623e-07
150.682,0.001784778849314036,-0.0002643394122173546,150.934,0.0014357689954794105,1.0513693232989877e-07
150.782,0.0017985971208107712,-0.00026435432263326517,151.034,0.001444981243774513,1.0645651416794327e-07
150.982,0.0018124153976031758,-0.0002643692129707029,151.134,0.0014541934921268992,1.0778431338804496e-07
150.982,0.0018124153976031758,-0.0002643692129707029,151.234,0.0014634057405364497,1.0912032988717105e-07
151.082,0.0018262336736962629,-0.00026438408640259997,151.334,0.001472617989003269,1.1046456356232514e-07
151.282,0.0018400657757447895,-0.00026431545153035157,151.434,0.0014818302375272172,1.1181701431047539e-07
151.282,0.0018400657757447895,-0.00026431545153035157,151.534,0.0014910424861082862,1.1317768202860933e-07
151.382,0.0018538840480793782,-0.0002643302858872446,151.634,0.0015002547347464912,1.1454656661371955e-07
151.582,0.0018677023186500171,-0.00026434510028285215,151.734,0.0015094669834417366,1.1592366796278332e-07
151.582,0.0018677023186500171,-0.00026434510028285215,151.834,0.0015186792321940812,1.1730898597280238e-07
151.682,0.0018815205943321076,-0.0002643598976917469,151.934,0.001527891481003428,1.1870252054075741e-07
151.882,0.0018953388638390737,-0.00026437467509956165,152.034,0.0015371037298697943,1.2010427156364627e-07
151.882,0.0018953388638390737,-0.00026437467509956165,152.134,0.0015463159787931274,1.2151423893845705e-07
151.982,0.001909157134967973,-0.00026438943557272136,152.234,0.0015555282277733965,1.2293242256218286e-07
152.182,0.001922975407010936,-0.0002644041760409189,152.334,0.0015647404768105938,1.2435882233182343e-07
152.182,0.001922975407010936,-0.0002644041760409189,152.434,0.0015739527259046684,1.2579343814437218e-07
152.282,0.0019382022826915353,-0.00026364700226183806,152.534,0.0015831649750556352,1.2723626989683288e-07
152.482,0.0019526280654910706,-0.0002612649470891995,152.634,0.0015923772242633786,1.2868731748619101e-07
152.482,0.0019526280654910706,-0.0002612649470891995,152.734,0.0016015894735280439,1.301465808094751e-07
152.582,0.001967855306378481,-0.00026050739621239454,152.834,0.0016108017228494236,1.3161405976365923e-07
152.782,0.001981673583219977,-0.0002605220769083377,152.934,0.001620013972227623,1.3308975424576792e-07
152.782,0.001981673583219977,-0.0002605220769083377,153.034,0.001629226221662566,1.3457366415279765e-07
152.882,0.001995491863274094,-0.0002605367407442412,153.134,0.0016384384711542468,1.360657893817579e-07
153.082,0.002009310138395208,-0.0002605513844522642,153.234,0.001647650720702569,1.375661298296443e-07
153.082,0.002009310138395208,-0.0002605513844522642,153.334,0.0016568629703075932,1.39074685393479e-07
153.182,0.0020231284094413466,-0.0002605660112922538,153.434,0.0016660752199693768,1.4059145597028776e-07
153.382,0.0020369466796651076,-0.0002605806181031876,153.534,0.0016752874696877127,1.4211644145705203e-07
153.382,0.0020369466796651076,-0.0002605806181031876,153.634,0.001684499719462706,1.436496417508048e-07
153.482,0.0020507649579070836,-0.00026059520796737034,153.734,0.001693711969294304,1.4519105674855535e-07
153.482,0.0020507649579070836,-0.00026059520796737034,153.834,0.0017029242191824116,1.467406863473059e-07
153.682,0.002064583233283257,-0.0002606097778292365,153.934,0.0017121364691271308,1.4829853044409602e-07
153.882,0.002078401507539189,-0.0002606243291058668,154.034,0.0017213487191284104,1.4986458893593857e-07
153.882,0.002078401507539189,-0.0002606243291058668,154.134,0.0017305609691861566,1.5143886171984027e-07
153.982,0.0020922625245103853,-0.0002615176299295657,154.234,0.0017397732193004485,1.5302134869284052e-07
154.182,0.0021106441454053775,-0.0002606582129531415,154.334,0.0017489854694711898,1.5461204975194897e-07
154.182,0.0021106441454053775,-0.0002606582129531415,154.434,0.0017581977196984193,1.5621096479419855e-07
154.282,0.002119899074748902,-0.00026154664661427637,154.534,0.0017674099699820619,1.5781809371660516e-07
154.482,0.00213385239610442,-0.0002617395860509087,154.634,0.0017766222203221766,1.5943343641620972e-07
154.482,0.00213385239610442,-0.0002617395860509087,154.734,0.0017858344707186223,1.6105699279001986e-07
154.582,0.0021476706717382587,-0.0002617540497350922,154.834,0.0017950467211714832,1.6268876273508213e-07
154.782,0.0021614889508217395,-0.0002617684933913538,154.934,0.0018042589716807283,1.6432874614842595e-07
154.782,0.0021614889508217395,-0.0002617684933913538,155.034,0.0018134712222462608,1.6597694292706886e-07
154.882,0.002175307228584582,-0.00026178292007358216,155.134,0.001822683472868208,1.6763335296806939e-07
155.082,0.0021891255098131653,-0.00026179732675102926,155.234,0.0018318957235464502,1.6929797616844368e-07
155.082,0.0021891255098131653,-0.00026179732675102926,155.334,0.001841107974280937,1.7097081242522204e-07
155.182,0.002203258629957738,-0.0002623738211945447,155.434,0.0018503202250717923,1.726518616354672e-07
155.382,0.002217501902407271,-0.0002610523564565441,155.534,0.0018595324759189,1.743411236961988e-07
155.382,0.002217501902407271,-0.0002610523564565441,155.634,0.0018687447268222286,1.7603859850445394e-07
155.482,0.0022313201773343436,-0.000261066718967887,155.734,0.0018779569777818174,1.7774428595728478e-07
155.682,0.0022451384512424954,-0.00026108106149219375,155.834,0.0018871692287975909,1.7945818595172225e-07
155.682,0.0022451384512424954,-0.00026108106149219375,155.934,0.0018963814798695661,1.8118029838481653e-07
155.782,0.0022589567288483336,-0.0002610953869976723,156.034,0.0019055937309977327,1.8291062315361503e-07
155.982,0.0022727750139464953,-0.0002611096925274975,156.134,0.0019148059821820621,1.8464916015516055e-07
155.982,0.0022727750139464953,-0.0002611096925274975,156.234,0.0019240182334225254,1.8639590928649697e-07
156.082,0.0022884077100182986,-0.0002621567696310509,156.334,0.0019332304847190932,1.8815087044467142e-07
156.082,0.0022884077100182986,-0.0002621567696310509,156.434,0.0019424427360718011,1.8991404352674402e-07
156.282,0.0023014306523216955,-0.00026158453064890343,156.534,0.0019516549874806222,1.9168542842976334e-07
156.382,0.002317064832829934,-0.00026258920905238784,156.634,0.001960867238945482,1.9346502505077156e-07
156.382,0.002317064832829934,-0.00026258920905238784,156.734,0.001970079490466458,1.9525283328684325e-07
156.582,0.002331516931054076,-0.0002620706635387199,156.834,0.0019792917420434816,1.9704885303502413e-07
156.682,0.0023453352143851837,-0.0002620848845568859,156.934,0.0019885039936765434,1.988530841923721e-07
156.682,0.0023453352143851837,-0.0002620848845568859,157.034,0.001997716245365638,2.0066552665594716e-07
156.882,0.0023642211222801067,-0.00026203570173447444,157.134,0.002006928497110754,2.0248618032280915e-07
156.982,0.002378039398483827,-0.0002620498799598019,157.234,0.002016140748911819,2.043150450900089e-07
156.982,0.002378039398483827,-0.0002620498799598019,157.334,0.002025353000768895,2.061521208546227e-07
157.182,0.002391857673470928,-0.0002620640382575917,157.434,0.002034565252681906,2.0799740751370177e-07
157.282,0.0024056759487201484,-0.00026207817949811576,157.534,0.0020437775046509114,2.0985090496432603e-07
157.282,0.0024056759487201484,-0.00026207817949811576,157.634,0.002052989756675837,2.1171261310354955e-07
157.482,0.0024194942327628996,-0.0002620923008002011,157.734,0.0020622020087566967,2.135825318284457e-07
157.582,0.0024333125102906027,-0.00026210640523066637,157.834,0.0020714142608934164,2.1546066103606895e-07
157.582,0.0024333125102906027,-0.00026210640523066637,157.934,0.0020806265130861043,2.1734700062351516e-07
157.782,0.002451949294076445,-0.0002608757787607167,158.034,0.002089838765334594,2.192415504878247e-07
157.982,0.0024671173379043516,-0.0002598845261812054,158.134,0.0020990510176389695,2.211443105260885e-07
157.982,0.0024671173379043516,-0.0002598845261812054,158.234,0.0021082632699992426,2.230552806353866e-07
158.082,0.0024809356175616525,-0.0002598985767513916,158.334,0.0021174755224153624,2.2497446071278605e-07
158.282,0.0024947538955391187,-0.00025991260720291675,158.434,0.0021266877748872346,2.2690185065534655e-07
158.282,0.0024947538955391187,-0.00025991260720291675,158.534,0.0021359000274150048,2.2883745036017852e-07
158.382,0.002508572176694745,-0.00025992662075104616,158.634,0.0021451122799985116,2.3078125972433016e-07
158.582,0.002522390454451084,-0.0002599406142891051,158.734,0.0021543245326378154,2.3273327864489798e-07
158.582,0.002522390454451084,-0.0002599406142891051,158.834,0.002163536785332928,2.3469350701897032e-07
158.682,0.0025363368274352394,-0.0002595638121486141,158.934,0.002172749038083732,2.366619447436073e-07
158.882,0.0025500270084726755,-0.00025996854752942925,159.034,0.002181961290890312,2.386385917159122e-07
158.882,0.0025500270084726755,-0.00025996854752942925,159.134,0.0021911735437527033,2.40623447832981e-07
158.982,0.0025647712718465114,-0.0002595892483934258,159.234,0.0022003857966707654,2.4261651299187387e-07
159.182,0.0025777916652567957,-0.00025960563489150167,159.334,0.002209598049644513,2.446177870896841e-07
159.182,0.0025777916652567957,-0.00025960563489150167,159.434,0.0022188103026739175,2.466272700234976e-07
159.282,0.0025924078294359463,-0.000259617081234159,159.534,0.0022280225557590803,2.4864496169042966e-07
159.282,0.0025924078294359463,-0.000259617081234159,159.634,0.0022372348088998393,2.5067086198753984e-07
159.482,0.0026062261089598187,-0.00025963096910738706,159.734,0.002246447062096371,2.527049708119603e-07
159.582,0.002620044391013787,-0.0002596448400892923,159.834,0.0022556593153483925,2.547472880607267e-07
159.582,0.002620044391013787,-0.0002596448400892923,159.934,0.002264871568656189,2.567978136309996e-07
159.782,0.0026337971890922664,-0.00025933874202039957,160.034,0.00227408382201953,2.588565474198284e-07
159.882,0.002647615474415623,-0.0002593525651185209,160.134,0.002283296075438499,2.6092348932433234e-07
159.882,0.002647615474415623,-0.0002593525651185209,160.234,0.0022925083289130634,2.6299863924160905e-07
160.082,0.002661433756796062,-0.00025936636816414817,160.334,0.0023017205824431976,2.6508199706875735e-07
160.182,0.0026752520304857788,-0.0002593801543013179,160.434,0.0023109328360288923,2.6717356270287893e-07
160.182,0.0026752520304857788,-0.0002593801543013179,160.534,0.0023201450896701645,2.6927333604108275e-07
160.382,0.0026890703127143427,-0.0002593939204257734,160.634,0.0023293573433670017,2.713813169804758e-07
160.582,0.002707494687296534,-0.0002594122475491982,160.734,0.002338569597119337,2.734975054181502e-07
160.582,0.002707494687296534,-0.0002594122475491982,160.834,0.0023477818509272034,2.756219012512241e-07
160.682,0.002721312969030527,-0.000259425972176468,160.934,0.002356994104790571,2.7775450437680265e-07
160.682,0.002721312969030527,-0.000259425972176468,161.034,0.0023662063587094355,2.7989531469199617e-07
160.882,0.002735693975194301,-0.00025798854563808795,161.134,0.002375418612683786,2.820443320939165e-07
160.982,0.0027495122568600813,-0.0002580022388653609,161.234,0.002384630866713596,2.8420155647967184e-07
160.982,0.0027495122568600813,-0.0002580022388653609,161.334,0.0023938431207989217,2.8636698774639275e-07
161.182,0.0027633305398760345,-0.0002580159121491175,161.434,0.0024030553749396478,2.8854062579117034e-07
161.282,0.0027771488179468063,-0.0002580295684600809,161.534,0.0024122676291358333,2.9072247051113686e-07
161.282,0.0027771488179468063,-0.0002580295684600809,161.634,0.002421479883387426,2.9291252180340136e-07
161.482,0.0027914801824830064,-0.0002591527113269976,161.734,0.0024306921376945046,2.9511077956510583e-07
161.582,0.002806172500390367,-0.000259474310732305,161.834,0.00243990439205691,2.9731724369333387e-07
161.582,0.002806172500390367,-0.000259474310732305,161.934,0.0024491166464747464,2.995319140852346e-07
161.782,0.002823348142409967,-0.0002593834323750496,162.034,0.00245832890094789,3.017547906379053e-07
161.782,0.002823348142409967,-0.0002593834323750496,162.134,0.002467541155476451,3.0398587324849646e-07
161.982,0.002838245598909846,-0.000258947995060054,162.234,0.002476753410060442,3.062251618141393e-07
162.082,0.0028522523696164633,-0.00025898200956200797,162.334,0.0024859656646996978,3.0847265623192393e-07
162.082,0.0028522523696164633,-0.00025898200956200797,162.434,0.0024951779193942824,3.107283563989962e-07
162.282,0.00287005152948232,-0.00026020303948248225,162.534,0.002504390174144251,3.1299226221250257e-07
162.382,0.0028838881726655666,-0.0002596788647872439,162.634,0.002513602428949509,3.15264373569553e-07
162.382,0.0028838881726655666,-0.0002596788647872439,162.734,0.002522814683810073,3.1754469036728523e-07
162.582,0.0028977064559451214,-0.0002596923889032824,162.834,0.0025320269387258875,3.198332125028219e-07
162.782,0.0029161308312972817,-0.00025971039340018045,162.934,0.002541239193697015,3.2212993987331345e-07
162.782,0.0029161308312972817,-0.00025971039340018045,163.034,0.0025504514487234477,3.244348723758975e-07
162.882,0.002929949113077838,-0.0002597238760026616,163.134,0.0025596637038050223,3.26748009907673e-07
163.082,0.002943767397622269,-0.00025973733863155813,163.234,0.0025688759589419545,3.2906935236583464e-07
163.082,0.002943767397622269,-0.00025973733863155813,163.334,0.0025780882141341033,3.3139889964748834e-07
163.182,0.002957585685695379,-0.0002597507843220424,163.434,0.0025873004693813934,3.337366516497613e-07
163.382,0.002971403966027521,-0.00025976420999703197,163.534,0.0025965127246840203,3.3608260826984713e-07
163.382,0.002971403966027521,-0.00025976420999703197,163.634,0.0026057249800418383,3.384367694048567e-07
163.482,0.0029852222522848155,-0.0002597776187285567,163.734,0.0026149372354548,3.407991349519236e-07
163.682,0.0029990405375178567,-0.00025979100748279525,163.834,0.002624149490922965,3.431697048082114e-07
163.682,0.0029990405375178567,-0.00025979100748279525,163.934,0.0026333617464462805,3.4554847887085697e-07
163.782,0.0030128588171790638,-0.0002598043793623531,164.034,0.002642574002024765,3.4793545703701546e-07
163.782,0.0030128588171790638,-0.0002598043793623531,164.134,0.0026517862576583826,3.5033063920383237e-07
163.982,0.003026677100137803,-0.00025981773114719235,164.234,0.002660998513347195,3.527340252684773e-07
164.082,0.0030404953855479805,-0.00025983106610849045,164.334,0.002670210769091062,3.5514561512806813e-07
164.082,0.0030404953855479805,-0.00025983106610849045,164.434,0.002679423024890065,3.575654086797843e-07
164.282,0.003054313674231167,-0.0002598443810441892,164.534,0.0026886352807442195,3.5999340582078726e-07
164.482,0.0030727380542914812,-0.00025986210654989,164.634,0.002697847536653385,3.624296064481974e-07
164.482,0.0030727380542914812,-0.00025986210654989,164.734,0.0027070597926177552,3.6487401045922786e-07
164.582,0.0030873303886817297,-0.000261307439503008,164.834,0.002716272048637161,3.673266177509969e-07
164.782,0.0031003746217727114,-0.00025988863334885817,164.934,0.0027254843047115123,3.697874282206413e-07
164.782,0.0031003746217727114,-0.00025988863334885817,165.034,0.0027346965608410685,3.722564417653945e-07
164.882,0.0031131422788629503,-0.00026134891169863223,165.134,0.0027439088170255984,3.747336582823593e-07
165.082,0.003128011192819947,-0.0002599150863264728,165.234,0.0027531210732651855,3.772190776687247e-07
165.082,0.003128011192819947,-0.0002599150863264728,165.334,0.002762333329559756,3.7971269982163895e-07
165.182,0.003140778847206242,-0.0002613753480103285,165.434,0.002771545585909435,3.822145246383061e-07
165.382,0.0031564218179053957,-0.00026137353053897974,165.534,0.002780757842314033,3.847245520158465e-07
165.382,0.0031564218179053957,-0.00026137353053897974,165.634,0.0027899700987736157,3.87242781851448e-07
165.482,0.0031684154200071813,-0.00026140171054049414,165.734,0.002799182355288195,3.8976921404228726e-07
165.482,0.0031684154200071813,-0.00026140171054049414,165.834,0.002808394611857764,3.923038484855345e-07
165.682,0.003182233708643621,-0.00026141486330008817,165.934,0.002817606868482272,3.948466850783511e-07
165.782,0.00319605199646101,-0.00026142799922790105,166.034,0.002826819125161734,3.973977237179175e-07
165.782,0.00319605199646101,-0.00026142799922790105,166.134,0.0028360313818961416,3.9995696430140983e-07
165.982,0.003209870281702204,-0.0002614411151024223,166.234,0.0028452436386854434,4.025244067259947e-07
166.082,0.0032236885670099964,-0.0002614542140549328,166.334,0.002854455895529676,4.05100050888864e-07
166.082,0.0032236885670099964,-0.0002614542140549328,166.434,0.0028636681524288536,4.076838966872041e-07
166.282,0.0032401664225120315,-0.00025927899816860684,166.534,0.0028728804093829277,4.102759440181829e-07
166.382,0.003253984709993519,-0.0002592920629141495,166.634,0.0028820926663918433,4.128761927789699e-07
166.382,0.003253984709993519,-0.0002592920629141495,166.734,0.0028913049234556417,4.154846428667616e-07
166.582,0.0032683663915622878,-0.0002592520264095724,166.834,0.0029005171805743563,4.181012941787562e-07
166.682,0.0032822999942228016,-0.0002610073619880798,166.934,0.0029097294377479787,4.207261466121401e-07
166.682,0.0032822999942228016,-0.0002610073619880798,167.034,0.002918941694976328,4.2335920006404994e-07
166.882,0.0032960029660638267,-0.00025927805189425755,167.134,0.002928153952259575,4.26000454431725e-07
166.982,0.0033099365730972995,-0.00026103335844997796,167.234,0.0029373662095976416,4.2864990961233764e-07
166.982,0.0033099365730972995,-0.00026103335844997796,167.334,0.002946578466990567,4.3130756550309233e-07
167.182,0.0033294913502217556,-0.0002619368692633534,167.434,0.0029557907244381876,4.3397342200113533e-07
167.382,0.00334218694303197,-0.0002610456864912135,167.534,0.0029650029819407635,4.3664747900373774e-07
167.382,0.00334218694303197,-0.0002610456864912135,167.634,0.0029742152394979997,4.393297364080109e-07
167.482,0.0033571279255973216,-0.0002619627465793217,167.734,0.0029834274971100865,4.420201941112095e-07
167.682,0.0033698235179480747,-0.00026107152301615093,167.834,0.0029926397547769094,4.447188520104986e-07
167.682,0.0033698235179480747,-0.00026107152301615093,167.934,0.003001852012498503,4.4742571000309086e-07
167.782,0.003384764498168377,-0.00026198855005682734,168.034,0.003011064270274836,4.5014076798618205e-07
167.982,0.003397460138309617,-0.0002610972272059809,168.134,0.003020276528105924,4.528640258569802e-07
167.982,0.003397460138309617,-0.0002610972272059809,168.234,0.0030294887859917624,4.555954835126878e-07
168.082,0.003412401121501841,-0.00026201422125414226,168.334,0.0030387010439322532,4.5833514085048224e-07
168.082,0.003412401121501841,-0.00026201422125414226,168.434,0.0030479133019275,4.610829977676022e-07
168.282,0.00342542404304389,-0.00026125104298951456,168.534,0.0030571255599774086,4.63839054161229e-07
168.482,0.003443848427866242,-0.0002612681255522306,168.634,0.0030663378180820385,4.666033099285895e-07
168.482,0.003443848427866242,-0.0002612681255522306,168.734,0.0030755500762413577,4.693757649668872e-07
168.582,0.0034587908520927716,-0.0002621887114086057,168.834,0.0030847623344553133,4.7215641917332025e-07
168.782,0.0034714850081388614,-0.0002612936878954365,168.934,0.0030939745927239487,4.7494527244511375e-07
168.782,0.0034714850081388614,-0.0002612936878954365,169.034,0.0031031868510472036,4.77742324679466e-07
168.882,0.0034864274294348742,-0.00026221424082471047,169.134,0.003112399109425102,4.805475757735978e-07
169.082,0.0034991215853547404,-0.00026131917650115845,169.234,0.0031216113678577176,4.833610256247516e-07
169.082,0.0034991215853547404,-0.00026131917650115845,169.334,0.0031308236263448896,4.861826741300971e-07
169.182,0.003514064010806226,-0.00026223969644981584,169.434,0.0031400358848866603,4.890125211868643e-07
169.382,0.0035278809128613353,-0.0002622487933331863,169.534,0.0031492481434829945,4.918505666922667e-07
169.382,0.0035278809128613353,-0.0002622487933331863,169.634,0.0031584604021340215,4.946968105435676e-07
169.482,0.003541700594925264,-0.00026226507830779837,169.734,0.0031676726608396433,4.975512526379602e-07
169.682,0.003555517496379811,-0.00026227413815894463,169.834,0.0031768849195996977,5.004138928726181e-07
169.682,0.003555517496379811,-0.00026227413815894463,169.934,0.0031860971784144236,5.032847311448432e-07
169.782,0.0035718614070746352,-0.00026271875774696847,170.034,0.0031953094372836346,5.061637673518063e-07
169.982,0.003585678309611679,-0.00026272777515730665,170.134,0.0032045216962074113,5.090510013907642e-07
169.982,0.003585678309611679,-0.00026272777515730665,170.234,0.0032137339551857455,5.119464331589447e-07
170.082,0.003601380190977609,-0.0002616017055029478,170.334,0.003222946214218524,5.148500625535416e-07
170.282,0.0036151984855767993,-0.00026161429065079696,170.434,0.003232158473305911,5.177618894718434e-07
170.282,0.0036151984855767993,-0.00026161429065079696,170.534,0.003241370732447771,5.206819138110389e-07
170.382,0.0036290167775037334,-0.00026162685876392303,170.634,0.0032505829916440934,5.236101354683627e-07
170.582,0.0036428350728733064,-0.00026163940700828854,170.734,0.003259795250894915,5.265465543410623e-07
170.582,0.0036428350728733064,-0.00026163940700828854,170.834,0.003269007510200251,5.294911703263815e-07
170.682,0.0036566533633133115,-0.00026165193824599555,170.934,0.00327821976956005,5.324439833215443e-07
170.882,0.003670471653597313,-0.0002616644495492495,171.034,0.003287432028974309,5.354049932237875e-07
170.882,0.003670471653597313,-0.0002616644495492495,171.134,0.0032966442884429722,5.383741999303381e-07
170.982,0.003684289944898814,-0.0002616769439461821,171.234,0.003305856547966122,5.413516033384664e-07
170.982,0.003684289944898814,-0.0002616769439461821,171.334,0.0033150688075436617,5.443372033453865e-07
171.182,0.003698108235582521,-0.00026168941839276006,171.434,0.003324281067175629,5.473309998483536e-07
171.282,0.0037119265296233057,-0.0002617018758980968,171.534,0.003333493326861974,5.503329927445988e-07
171.282,0.0037119265296233057,-0.0002617018758980968,171.634,0.0033427055866027964,5.533431819314064e-07
171.482,0.0037257448228970886,-0.0002617143134363469,171.734,0.0033519178463979364,5.563615673059734e-07
171.582,0.003739563117331318,-0.00026172673407393195,171.834,0.0033611301062474977,5.593881487655856e-07
171.582,0.003739563117331318,-0.00026172673407393195,171.934,0.0033703423661514053,5.624229262074705e-07
171.782,0.0037579875066588012,-0.00026174326519709675,172.034,0.003379554626109764,5.654658995289176e-07
171.982,0.0037718058048065634,-0.00026175564125953074,172.134,0.0033887668861223466,5.685170686271058e-07
171.982,0.0037718058048065634,-0.00026175564125953074,172.234,0.003397979146189319,5.715764333993446e-07
172.082,0.0037856240938099624,-0.0002617680004009839,172.334,0.0034071914063106543,5.746439937428841e-07
172.282,0.0037994423883443416,-0.0002617803395580186,172.434,0.0034164036664863,5.777197495549655e-07
172.282,0.0037994423883443416,-0.0002617803395580186,172.534,0.0034256159267162687,5.808037007328554e-07
172.382,0.003819433056710732,-0.0002625631423533075,172.634,0.003434828187000536,5.838958471738047e-07
172.582,0.0038332513549522236,-0.0002625754451229357,172.734,0.0034440404473390696,5.869961887750653e-07
172.582,0.0038332513549522236,-0.0002625754451229357,172.834,0.0034532527077318627,5.901047254338981e-07
172.682,0.0038470696450879976,-0.0002625877310097375,172.934,0.0034624649681790414,5.932214570476104e-07
172.682,0.0038470696450879976,-0.0002625877310097375,173.034,0.003471677228680398,5.963463835133986e-07
172.882,0.0038608879313421036,-0.0002625999969486364,173.134,0.003480889489236014,5.994795047285596e-07
172.982,0.003874706224608082,-0.0002626122459515166,173.234,0.003490101749845904,6.026208205903662e-07
172.982,0.003874706224608082,-0.0002626122459515166,173.334,0.0034993140105100185,6.057703309960705e-07
173.182,0.003889547735211392,-0.0002626576916349601,173.434,0.0035085262712283914,6.08928035842958e-07
173.282,0.003903366026281186,-0.00026266989791810374,173.534,0.0035177385320009523,6.120939350282748e-07
173.282,0.003903366026281186,-0.00026266989791810374,173.634,0.003526950792827737,6.152680284493066e-07
173.482,0.003921790415159582,-0.0002626861432444531,173.734,0.0035361630537086497,6.184503160032958e-07
173.682,0.0039356087107060836,-0.000262698305016434,173.834,0.0035453753146438794,6.216407975875866e-07
173.682,0.0039356087107060836,-0.000262698305016434,173.934,0.0035545875756332044,6.248394730993805e-07
173.782,0.003949427011383083,-0.00026271044985456,174.034,0.0035637998366767447,6.280463424360015e-07
173.982,0.003963245308795605,-0.0002627225747577081,174.134,0.0035730120977744266,6.312614054947048e-07
173.982,0.003963245308795605,-0.0002627225747577081,174.234,0.0035822243589262895,6.344846621727846e-07
174.082,0.003977063601651139,-0.0002627346826589119,174.334,0.0035914366201323473,6.377161123675276e-07
174.082,0.003977063601651139,-0.0002627346826589119,174.434,0.0036006488813924587,6.409557559761679e-07
174.282,0.0039908818964221925,-0.00026274677062832386,174.534,0.003609861142706708,6.44203592896022e-07
174.382,0.004006111079911431,-0.00026120174392907467,174.634,0.0036190734040750846,6.474596230243738e-07
174.382,0.004006111079911431,-0.00026120174392907467,174.734,0.003628285665497559,6.507238462584995e-07
174.582,0.004018518485960832,-0.000262770892828474,174.834,0.0036374979269741484,6.539962624956949e-07
174.682,0.0040337476644018155,-0.00026122584411198725,174.934,0.0036467101885048468,6.572768716332482e-07
174.682,0.0040337476644018155,-0.00026122584411198725,175.034,0.0036559224500896485,6.605656735684479e-07
174.882,0.004052172056784797,-0.0002612418699820532,175.134,0.003665134711728431,6.638626681985456e-07
175.082,0.004065990351206492,-0.0002612538670814336,175.234,0.003674346973421339,6.671678554208885e-07
175.082,0.004065990351206492,-0.0002612538670814336,175.334,0.0036835592351683486,6.704812351327637e-07
175.182,0.004078879429313075,-0.00026142372546541235,175.434,0.0036927714969693624,6.738028072314329e-07
175.382,0.0040936269401194835,-0.00026127780753168174,175.534,0.0037019837588243743,6.771325716141932e-07
175.382,0.0040936269401194835,-0.00026127780753168174,175.634,0.0037111960207334613,6.804705281783751e-07
175.482,0.004107708632870616,-0.00025828191546430334,175.734,0.003720408282696513,6.838166768212355e-07
175.482,0.004107708632870616,-0.00025828191546430334,175.834,0.003729620544713583,6.871710174400967e-07
175.682,0.0041224563164556395,-0.0002581358693318329,175.934,0.003738832806784687,6.905335499322694e-07
175.782,0.004135345220136885,-0.00025830576155570236,176.034,0.003748045068909709,6.939042741950153e-07
175.782,0.004135345220136885,-0.00025830576155570236,176.134,0.003757257331088793,6.972831901256927e-07
175.982,0.004149163517598188,-0.00025831765622280677,176.234,0.0037664695933218007,7.006702976215571e-07
176.082,0.004162984211230174,-0.0002583796799007422,176.334,0.003775681855608749,7.04065596579924e-07
176.082,0.004162984211230174,-0.0002583796799007422,176.434,0.0037848941179497173,7.074690868981339e-07
176.282,0.0041814086014473825,-0.0002583954869412852,176.534,0.0037941063803445204,7.108807684734272e-07
176.482,0.004195224502685428,-0.00025835717450190194,176.634,0.003803318642793375,7.143006412031971e-07
176.482,0.004195224502685428,-0.00025835717450190194,176.734,0.0038125309052961195,7.177287049846977e-07
176.582,0.0042092667689329925,-0.00025747518083300326,176.834,0.0038217431678527875,7.211649597152571e-07
176.782,0.0042228634892214215,-0.00025843093225572816,176.934,0.00383095543046333,7.246094052921739e-07
176.782,0.0042228634892214215,-0.00025843093225572816,177.034,0.00384016769312774,7.28062041612763e-07
176.882,0.004236903355903511,-0.00025749876910457185,177.134,0.0038493799558460724,7.315228685743655e-07
176.882,0.004236903355903511,-0.00025749876910457185,177.234,0.0038585922186183206,7.34991886074298e-07
177.082,0.004250721654916291,-0.00025751053483103516,177.334,0.0038678044814443474,7.384690940098291e-07
177.182,0.004270370668171875,-0.0002575347073210457,177.434,0.0038770167443243444,7.419544922783541e-07
177.182,0.004270370668171875,-0.0002575347073210457,177.534,0.003886229007258085,7.454480807771104e-07
177.382,0.004284188968726268,-0.00025754642662127633,177.634,0.003895441270245714,7.489498594034825e-07
177.482,0.004298007263515832,-0.000257558129041773,177.734,0.0039046535332871823,7.524598280547753e-07
177.482,0.004298007263515832,-0.000257558129041773,177.834,0.003913865796382478,7.559779866283145e-07
177.682,0.004317063732780658,-0.0002577537948094812,177.934,0.003923078059531557,7.595043350214086e-07
177.882,0.004330882033443706,-0.0002577654511333867,178.034,0.003932290322734474,7.630388731314115e-07
177.882,0.004330882033443706,-0.0002577654511333867,178.134,0.00394150258599113,7.665816008556173e-07
177.982,0.004344700330511104,-0.00025777709053690295,178.234,0.003950714849301678,7.701325180914162e-07
178.182,0.004358518626232993,-0.0002577887100203084,178.334,0.0039599271126659254,7.736916247360734e-07
178.182,0.004358518626232993,-0.0002577887100203084,178.434,0.003969139376083946,7.77258920686947e-07
178.282,0.004372336930938361,-0.0002578003126474365,178.534,0.003978351639555742,7.808344058413781e-07
178.282,0.004372336930938361,-0.0002578003126474365,178.634,0.003987563903081335,7.844180800967114e-07
178.482,0.00438615523285056,-0.00025781189524792374,178.734,0.0039967761666606216,7.880099433502495e-07
178.582,0.0043999735321368465,-0.00025782346093389653,178.834,0.004005988430293664,7.916099954993557e-07
178.582,0.0043999735321368465,-0.00025782346093389653,178.934,0.004015200693980461,7.952182364413697e-07
178.782,0.00441421688268791,-0.0002579406807747082,179.034,0.004024412957720932,7.988346660736048e-07
178.882,0.0044280351829343,-0.0002579522043385448,179.134,0.004033625221515077,8.024592842934011e-07
178.882,0.0044280351829343,-0.0002579522043385448,179.234,0.00404283748536293,8.060920909981209e-07
179.082,0.0044418534787865884,-0.00025796370794507056,179.334,0.004052049749264502,8.097330860851168e-07
179.282,0.004460995285902831,-0.000258046336566892,179.434,0.004061262013219747,8.133822694517172e-07
179.282,0.004460995285902831,-0.000258046336566892,179.534,0.004070474277228677,8.170396409952775e-07
179.382,0.004470207484900369,-0.0002580539767213298,179.634,0.004079686541291259,8.207052006131355e-07
179.582,0.004488631882505163,-0.00025806923250818375,179.734,0.0040888988054074695,8.243789482026309e-07
179.582,0.004488631882505163,-0.00025806923250818375,179.834,0.0040981110695772986,8.280608836611149e-07
179.682,0.004502450182391609,-0.00025808065363976796,179.934,0.004107323333800851,8.317510068859857e-07
179.682,0.004502450182391609,-0.00025808065363976796,180.034,0.004116535598077896,8.35449317774508e-07
179.882,0.004516268483999587,-0.0002580920548352736,180.134,0.0041257478624086505,8.391558162241246e-07
179.982,0.004530086786076808,-0.00025810343914125605,180.234,0.004134960126792992,8.428705021321477e-07
179.982,0.004530086786076808,-0.00025810343914125605,180.334,0.004144172391230946,8.465933753959412e-07
180.182,0.004543905086268345,-0.00025811480346043776,180.434,0.004153384655722514,8.503244359128724e-07
180.282,0.004557723387639589,-0.0002581261508736339,180.534,0.00416259692026763,8.540636835802726e-07
180.282,0.004557723387639589,-0.0002581261508736339,180.634,0.00417180918486628,8.578111182955025e-07
180.482,0.004571541686143893,-0.00025813747836264813,180.734,0.00418102144951849,8.61566739955933e-07
180.582,0.004585904223214584,-0.0002571945821862043,180.834,0.004190233714224353,8.653305484589746e-07
180.582,0.004585904223214584,-0.0002571945821862043,180.934,0.004199445978983625,8.691025437018887e-07
180.782,0.004604328624055192,-0.00025720963712727016,181.034,0.004208658243796512,8.728827255821345e-07
180.982,0.00461814692317087,-0.0002572209065453432,181.134,0.004217870508662887,8.766710939970228e-07
180.982,0.00461814692317087,-0.0002572209065453432,181.234,0.0042270827735828,8.804676488439502e-07
181.082,0.004633988390025902,-0.0002577155792920993,181.334,0.004236295038556182,8.842723900202586e-07
181.282,0.004647806692599612,-0.00025772681188340274,181.434,0.004245507303583108,8.880853174233559e-07
181.282,0.004647806692599612,-0.00025772681188340274,181.534,0.004254719568663532,8.919064309505976e-07
181.382,0.004662894327921079,-0.00025642498661085654,181.634,0.004263931833797423,8.957357304993465e-07
181.382,0.004662894327921079,-0.00025642498661085654,181.734,0.0042731440989847245,8.995732159669608e-07
181.582,0.004675443301128367,-0.0002577492234394468,181.834,0.004282356364225547,9.034188872508622e-07
181.682,0.0046905309403312495,-0.00025644736708617486,181.934,0.004291568629519808,9.072727442483994e-07
181.682,0.0046905309403312495,-0.00025644736708617486,182.034,0.004300780894867491,9.111347868569413e-07
181.882,0.004703079903459218,-0.0002577715613358547,182.134,0.004309993160268668,9.150050149739047e-07
182.082,0.004722773644034987,-0.0002564733837793397,182.234,0.004319205425723313,9.188834284966611e-07
182.082,0.004722773644034987,-0.0002564733837793397,182.334,0.0043284176912312886,9.227700273225367e-07
182.182,0.004736591949277371,-0.00025648450423850443,182.434,0.0043376299567926485,9.266648113489433e-07
182.382,0.004750410254582724,-0.00025649560469695525,182.534,0.00434684222240748,9.305677804733031e-07
182.382,0.004750410254582724,-0.00025649560469695525,182.634,0.004356054488075702,9.344789345929741e-07
182.482,0.004764228559840323,-0.0002565066883145947,182.734,0.004365266753797269,9.383982736053243e-07
182.682,0.00477804686149488,-0.00025651775195526384,182.834,0.004374479019572214,9.423257974077599e-07
182.682,0.00477804686149488,-0.00025651775195526384,182.934,0.004383691285400558,9.462615058976816e-07
182.782,0.004791865164286103,-0.00025652879868549617,183.034,0.00439290355128215,9.50205398972422e-07
182.982,0.004805683464166919,-0.00025653982550713153,183.134,0.004402115817217172,9.5415747652945e-07
182.982,0.004805683464166919,-0.00025653982550713153,183.234,0.004411328083205537,9.581177384661315e-07
183.082,0.004819501771281604,-0.00025655083542760093,183.334,0.004420540349247271,9.620861846798722e-07
183.082,0.004819501771281604,-0.00025655083542760093,183.434,0.004429752615342253,9.660628150680198e-07
183.282,0.004835243172446074,-0.0002551459047126614,183.534,0.004438964881490544,9.700476295279994e-07
183.382,0.004849061473264622,-0.0002551568868803496,183.634,0.004448177147692179,9.740406279572283e-07
183.382,0.004849061473264622,-0.0002551568868803496,183.734,0.004457389413947086,9.7804181025308e-07
183.582,0.0048628797788100265,-0.0002551678491379675,183.834,0.0044666016802552095,9.82051176312937e-07
183.682,0.004879863255061683,-0.00025586586535305476,183.934,0.0044758139466167255,9.860687260342794e-07
183.682,0.004879863255061683,-0.00025586586535305476,184.034,0.004485026213031401,9.900944593144144e-07
183.882,0.004893681560479763,-0.00025587679311234483,184.134,0.0044942384794993805,9.94128376050813e-07
183.982,0.00490757679481596,-0.00025501827193284433,184.234,0.004503450746020596,9.98170476140854e-07
183.982,0.00490757679481596,-0.00025501827193284433,184.334,0.004512663012595042,1.0022207594819439e-06
184.182,0.0049213181715470865,-0.0002558985948520836,184.434,0.00452187527922275,1.0062792259715105e-06
184.382,0.00493634844125279,-0.00025668077010291207,184.534,0.004531087545903646,1.0103458755069363e-06
184.382,0.00493634844125279,-0.00025668077010291207,184.634,0.004540299812637814,1.0144207079856717e-06
184.482,0.00495484982602793,-0.0002558257790741408,184.734,0.004549512079425111,1.0185037233050703e-06
184.682,0.004968668135219384,-0.00025583661360384943,184.834,0.004558724346265668,1.0225949213626079e-06
184.682,0.004968668135219384,-0.00025583661360384943,184.934,0.004567936613159297,1.0266943020556176e-06
184.782,0.0049824864429725895,-0.00025584743118003576,185.034,0.004577148880106235,1.0308018652816254e-06
184.982,0.004996304747200491,-0.0002558582288671449,185.134,0.004586361147106277,1.0349176109379617e-06
184.982,0.004996304747200491,-0.0002558582288671449,185.234,0.004595573414159434,1.0390415389220551e-06
185.082,0.0050472730070288425,-0.00026143757953136593,185.334,0.004604785681265792,1.0431736491313651e-06
185.282,0.00502394135842214,-0.0002558797703587458,185.434,0.004613997948425259,1.047313941463274e-06
185.282,0.00502394135842214,-0.0002558797703587458,185.534,0.004623210215637887,1.0514624158152363e-06
185.382,0.005076046100498194,-0.0002600176298967471,185.634,0.004632422482903598,1.0556190720846455e-06
185.582,0.0050515779702132516,-0.00025590123833869947,185.734,0.004641634750222479,1.059783910168966e-06
185.582,0.0050515779702132516,-0.00025590123833869947,185.834,0.004650847017594417,1.0639569299655744e-06
185.682,0.005103682712166551,-0.0002600391718832053,185.934,0.004660059285019506,1.0681381313719488e-06
185.682,0.005103682712166551,-0.0002600391718832053,186.034,0.004669271552497592,1.0723275142854494e-06
185.882,0.005080353404946307,-0.0002544826937026017,186.134,0.004678483820028838,1.0765250786035848e-06
186.082,0.005098777810979639,-0.00025449692523560845,186.234,0.004687696087613111,1.0807308242237275e-06
186.082,0.005098777810979639,-0.00025449692523560845,186.334,0.004696908355250442,1.084944751043331e-06
186.182,0.005150259291079575,-0.00026083324978331586,186.434,0.004706120622940872,1.0891668589598475e-06
186.382,0.005163562042247411,-0.0002600855928057376,186.534,0.004715332890684371,1.093397147870704e-06
186.382,0.005163562042247411,-0.0002600855928057376,186.634,0.0047245451584808215,1.0976356176732864e-06
186.482,0.005177895905686782,-0.00026085459605439327,186.734,0.00473375742633032,1.1018822682650845e-06
186.482,0.005177895905686782,-0.00026085459605439327,186.834,0.0047429696942328835,1.1061370995435485e-06
186.682,0.005191915836506326,-0.0002602420145909392,186.934,0.004752181962188447,1.1104001114060884e-06
186.782,0.0052062496965838865,-0.0002610109982885367,187.034,0.004761394230196974,1.1146713037501356e-06
186.782,0.0052062496965838865,-0.0002610109982885367,187.134,0.004770606498258482,1.1189506764731429e-06
186.982,0.005219552456752378,-0.0002602632489588462,187.234,0.004779818766372984,1.1232382294725656e-06
187.082,0.005233886317522538,-0.00026103219649477316,187.334,0.0047890310345404755,1.1275339626458482e-06
187.082,0.005233886317522538,-0.00026103219649477316,187.434,0.0047982433027609775,1.1318378758904512e-06
187.282,0.005247704627510581,-0.00026104276712032057,187.534,0.0048074555710343175,1.1361499691037494e-06
187.482,0.005267301268988168,-0.0002600280703330314,187.634,0.004816667839360688,1.1404702421832856e-06
187.482,0.005267301268988168,-0.0002600280703330314,187.734,0.00482588010773995,1.1447986950264485e-06
187.582,0.005281119579672733,-0.0002600386067240753,187.834,0.004835092376172148,1.14913532753071e-06
187.782,0.005294937888156847,-0.00026004912314241894,187.934,0.004844304644657268,1.1534801395935252e-06
187.782,0.005294937888156847,-0.00026004912314241894,188.034,0.004853516913195391,1.1578331311123902e-06
187.882,0.005308713189808119,-0.0002588572678724528,188.134,0.0048627291817862645,1.1621943019846454e-06
188.082,0.005322574505386041,-0.00026007010238127685,188.234,0.0048719414504301084,1.1665636521078521e-06
188.082,0.005322574505386041,-0.00026007010238127685,188.334,0.00488115371912684,1.1709411813794384e-06
188.182,0.005336349808883988,-0.00025887821586081147,188.434,0.004890365987876398,1.1753268896968314e-06
188.382,0.005350211123017003,-0.0002600910078932799,188.534,0.004899578256678924,1.1797207769575666e-06
188.382,0.005350211123017003,-0.0002600910078932799,188.634,0.004908790525534161,1.1841228430589888e-06
188.482,0.0053639864228255734,-0.0002588990901754926,188.734,0.004918002794442359,1.1885330878986797e-06
188.482,0.0053639864228255734,-0.0002588990901754926,188.834,0.004927215063403367,1.1929515113740394e-06
188.682,0.00537780473108672,-0.00025890949888813635,188.934,0.004936427332417178,1.1973781133825337e-06
188.782,0.005394741054183968,-0.00025938488837564603,189.034,0.004945639601483789,1.2018128938216302e-06
188.782,0.005394741054183968,-0.00025938488837564603,189.134,0.004954851870603236,1.2062558525888193e-06
188.982,0.005413165463917971,-0.00025939869962029284,189.234,0.004964064139775533,1.2107069895815836e-06
189.182,0.0054269837762631985,-0.0002594090358813814,189.334,0.004973276409000631,1.2151663046973709e-06
189.182,0.0054269837762631985,-0.0002594090358813814,189.434,0.004982488678278346,1.2196337978335681e-06
189.282,0.005440802084012476,-0.0002594193552902515,189.534,0.004991700947609001,1.2241094688878105e-06
189.282,0.005440802084012476,-0.0002594193552902515,189.634,0.005000913216992366,1.2285933177574647e-06
189.482,0.005455257522885383,-0.00025829379673031723,189.734,0.005010125486428526,1.2330853443400497e-06
189.582,0.005469075827602245,-0.00025830408033025796,189.834,0.005019337755917404,1.2375855485330091e-06
189.582,0.005469075827602245,-0.00025830408033025796,189.934,0.005028550025459058,1.2420939302338573e-06
189.782,0.005482894136809153,-0.0002583143439042127,190.034,0.005037762295053397,1.2466104893400281e-06
189.882,0.005496741393473672,-0.0002583201147267646,190.134,0.00504697456470056,1.2511352257490797e-06
189.882,0.005496741393473672,-0.0002583201147267646,190.234,0.005056186834400377,1.255668139358406e-06
190.082,0.005510530762074063,-0.00025833481754213385,190.334,0.005065399104152921,1.2602092300655346e-06
190.182,0.0055296267494398576,-0.00026005011617025246,190.434,0.005074611373958139,1.2647584977679299e-06
190.182,0.0055296267494398576,-0.00026005011617025246,190.534,0.005083823643816073,1.2693159423630998e-06
190.382,0.0055480511594804376,-0.0002600637009473812,190.634,0.005093035913726666,1.273881563748511e-06
190.582,0.005556620736852044,-0.0002583643017246427,190.734,0.005102248183690002,1.2784553618216957e-06
190.582,0.005556620736852044,-0.0002583643017246427,190.834,0.0051114604537059365,1.28303733648008e-06
190.682,0.0055756877747630525,-0.0002600840167573167,190.934,0.005120672723774425,1.2876274876211314e-06
190.882,0.005589506089519789,-0.00026009414630332004,191.034,0.005129884993895678,1.292225815142454e-06
190.882,0.005589506089519789,-0.00026009414630332004,191.134,0.005139097264069538,1.2968323189414637e-06
190.982,0.0056033388153310035,-0.0002601086508334659,191.234,0.005148309534296054,1.3014469989156898e-06
190.982,0.0056033388153310035,-0.0002601086508334659,191.334,0.005157521804575162,1.3060698549625943e-06
191.182,0.0056171427109570115,-0.0002601143516868776,191.434,0.005166734074906897,1.310700886979699e-06
191.382,0.0056425144484802126,-0.0002613454516113435,191.534,0.005175946345291142,1.3153400948644476e-06
191.382,0.0056425144484802126,-0.0002613454516113435,191.634,0.005185158615728083,1.3199874785144393e-06
191.482,0.005656347175400394,-0.0002613598962188772,191.734,0.005194370886217609,1.3246430378271234e-06
191.682,0.005670165485252665,-0.00026136992734088037,191.834,0.005203583156759687,1.3293067726999877e-06
191.682,0.005670165485252665,-0.00026136992734088037,191.934,0.005212795427354308,1.333978683030538e-06
191.782,0.005683983794139632,-0.0002613799417864531,192.034,0.005222007698001471,1.3386587687162802e-06
191.982,0.0056978021087738424,-0.0002613899361863479,192.134,0.005231219968701228,1.3433470296547551e-06
191.982,0.0056978021087738424,-0.0002613899361863479,192.234,0.005240432239453513,1.3480434657434347e-06
192.082,0.005711631235737321,-0.00026139768025993835,192.334,0.00524964451025831,1.3527480768798295e-06
192.282,0.0057254495550525,-0.0002614076377834854,192.434,0.005258856781115651,1.3574608629614618e-06
192.282,0.0057254495550525,-0.0002614076377834854,192.534,0.00526806905202553,1.3621818238858553e-06
192.382,0.0057432326872618265,-0.00026338940727911326,192.634,0.005277281322987795,1.3669109595504419e-06
192.382,0.0057432326872618265,-0.00026338940727911326,192.734,0.005286493594002633,1.3716482698528366e-06
192.582,0.005753086176326369,-0.00026142749940629963,192.834,0.005295705865069999,1.3763937546905335e-06
192.682,0.00577127077883456,-0.00026371713208304823,192.934,0.005304918136189749,1.3811474139609813e-06
192.682,0.00577127077883456,-0.00026371713208304823,193.034,0.005314130407362055,1.385909247561789e-06
192.882,0.0057857620853401645,-0.0002632919361937865,193.134,0.005323342678586773,1.3906792553904084e-06
192.982,0.005799580398291589,-0.0002633018079145971,193.234,0.005332554949863941,1.395457437344382e-06
192.982,0.005799580398291589,-0.0002633018079145971,193.334,0.005341767221193601,1.4002437933212547e-06
193.182,0.005814757604644701,-0.00026326582371501335,193.434,0.005350979492575678,1.405038323218516e-06
193.282,0.005828575917420385,-0.0002632756542677486,193.534,0.005360191764010138,1.40984102693368e-06
193.282,0.005828575917420385,-0.0002632756542677486,193.634,0.005369404035497047,1.4146519043643057e-06
193.482,0.0058423943361359835,-0.0002632854349703406,193.734,0.00537861630703639,1.4194709554079204e-06
193.582,0.0058588970444879125,-0.0002645339507637879,193.834,0.005387828578628074,1.4242981799620038e-06
193.582,0.0058588970444879125,-0.0002645339507637879,193.934,0.005397040850272202,1.4291335779241472e-06
193.782,0.005877930687141363,-0.000263632072323868,194.034,0.0054062531219687075,1.4339771491918423e-06
193.982,0.0058917489972387035,-0.00026364182695330824,194.134,0.005415465393717555,1.438828893662613e-06
193.982,0.0058917489972387035,-0.00026364182695330824,194.234,0.00542467766551876,1.4436888112340011e-06
194.082,0.005905567311775944,-0.00026365156477868687,194.334,0.005433889937372384,1.448556901803578e-06
194.282,0.005920926653905882,-0.00026297990309525926,194.434,0.005443102209278378,1.4534331652688564e-06
194.282,0.005920926653905882,-0.00026297990309525926,194.534,0.0054523144812366805,1.4583176015273499e-06
194.382,0.005934744964965833,-0.0002629896087895626,194.634,0.0054615267532472185,1.46321021047656e-06
194.382,0.005934744964965833,-0.0002629896087895626,194.734,0.005470739025310191,1.4681109920141336e-06
194.582,0.0059492236557244366,-0.0002637143797906078,194.834,0.005479951297425411,1.4730199460375181e-06
194.682,0.005963041966079684,-0.00026372404847091013,194.934,0.0054891635695929865,1.4779370724443159e-06
194.682,0.005963041966079684,-0.00026372404847091013,195.034,0.005498375841812795,1.4828623711320111e-06
194.882,0.005976860277318405,-0.0002637336971983666,195.134,0.0055075881140848725,1.4877958419981724e-06
194.982,0.005990678593229815,-0.0002637433291442246,195.234,0.0055168003864093694,1.4927374849404276e-06
194.982,0.005990678593229815,-0.0002637433291442246,195.334,0.005526012658785989,1.497687299856172e-06
195.182,0.006004496910639411,-0.0002637529411413123,195.434,0.005535224931214927,1.5026452866430604e-06
195.382,0.006019839518323623,-0.0002649882050620804,195.534,0.005544437203696108,1.5076114451986084e-06
195.382,0.006019839518323623,-0.0002649882050620804,195.634,0.005553649476229546,1.5125857754203762e-06
195.482,0.0060382639381749035,-0.00026500097605503496,195.734,0.005562861748815166,1.5175682772058797e-06
195.682,0.006052082258056665,-0.00026501053095811475,195.834,0.0055720740214530275,1.5225589504527088e-06
195.682,0.006052082258056665,-0.00026501053095811475,195.934,0.005581286294143148,1.527557795058429e-06
195.782,0.006065900564231155,-0.0002650200689061663,196.034,0.005590498566885407,1.5325648109205361e-06
195.982,0.006080917158604915,-0.0002657828148171932,196.134,0.005599710839679931,1.5375799979366595e-06
195.982,0.006080917158604915,-0.0002657828148171932,196.234,0.005608923112526539,1.542603356004262e-06
196.082,0.006094735472197682,-0.0002657923162707562,196.334,0.0056181353854253945,1.5476348850209999e-06
196.282,0.006108553789594936,-0.00026580179768293346,196.434,0.005627347658376359,1.552674584884362e-06
196.282,0.006108553789594936,-0.00026580179768293346,196.534,0.005636559931379605,1.5577224554920094e-06
196.382,0.0061223721035407975,-0.0002658112623873874,196.634,0.005645772204434904,1.5627784967413853e-06
196.582,0.00613619041625088,-0.0002658207070783778,196.734,0.005654984477542448,1.567842708530164e-06
196.582,0.00613619041625088,-0.0002658207070783778,196.834,0.005664196750702026,1.5729150907558025e-06
196.682,0.006151487137658542,-0.0002670591767777256,196.934,0.005673409023913792,1.5779956433159506e-06
196.682,0.006151487137658542,-0.0002670591767777256,197.034,0.005682621297177649,1.5830843661081305e-06
196.882,0.0061655824054887825,-0.00026745198865021626,197.134,0.005691833570493659,1.5881812590299487e-06
197.082,0.006184006837452393,-0.0002674645070102949,197.234,0.005701045843861736,1.5932863219789398e-06
197.082,0.006184006837452393,-0.0002674645070102949,197.334,0.005710258117281907,1.5983995548526874e-06
197.182,0.0061978251512346625,-0.00026747387504834623,197.434,0.005719470390754228,1.603520957548802e-06
197.182,0.0061978251512346625,-0.00026747387504834623,197.534,0.005728682664278557,1.608650529964787e-06
197.382,0.006212565752757531,-0.00026767195079550735,197.634,0.005737894937855021,1.6137882719982919e-06
197.482,0.006225620400938566,-0.00026818692065741143,197.734,0.005747107211483391,1.6189341835467696e-06
197.482,0.006225620400938566,-0.00026818692065741143,197.834,0.005756319485163951,1.624088264507959e-06
197.682,0.006192739766894082,-0.0002690193935076372,197.934,0.005765531758896535,1.6292505147793555e-06
197.882,0.0062121241365278605,-0.00026897611704464956,198.034,0.0057747440326810714,1.634420934258503e-06
197.882,0.0062121241365278605,-0.00026897611704464956,198.134,0.0057839563065177286,1.6395995228430831e-06
197.982,0.006271906727189828,-0.00026822617044945315,198.234,0.005793168580406391,1.6447862804306194e-06
198.182,0.006238257751938223,-0.0002695645560263516,198.334,0.005802380854347046,1.6499812069186973e-06
198.182,0.006238257751938223,-0.0002695645560263516,198.434,0.005811593128339624,1.6551843022048675e-06
198.282,0.006299550402032256,-0.00026824131836124016,198.534,0.005820805402384273,1.6603955661868034e-06
198.482,0.006265901417598188,-0.00026957939230158725,198.634,0.005830017676480851,1.66561499876202e-06
198.482,0.006265901417598188,-0.00026957939230158725,198.734,0.005839229950629398,1.6708425998281314e-06
198.582,0.006279719730258759,-0.0002695884431532323,198.834,0.005848442224829949,1.6760783692827577e-06
198.582,0.006279719730258759,-0.0002695884431532323,198.934,0.005857654499082458,1.6813223070234624e-06
198.782,0.006294278368065736,-0.0002695335861843894,199.034,0.005866866773386818,1.68657441294779e-06
198.882,0.006307356355090629,-0.00026960648826462587,199.134,0.005876079047743227,1.6918346869534502e-06
198.882,0.006307356355090629,-0.00026960648826462587,199.234,0.005885291322151525,1.697103128937953e-06
199.082,0.006321914998035112,-0.00026955159671102145,199.334,0.0058945035966116825,1.702379738798881e-06
199.182,0.006334992986040892,-0.0002696244598744606,199.434,0.005903715871123756,1.7076645164338738e-06
199.182,0.006334992986040892,-0.0002696244598744606,199.534,0.005912928145687783,1.7129574617405557e-06
199.382,0.006349551632168321,-0.000269569533732465,199.634,0.005922140420303711,1.7182585746165023e-06
199.482,0.006362629622535557,-0.0002696423579954807,199.734,0.005931352694971474,1.7235678549592777e-06
199.482,0.006362629622535557,-0.0002696423579954807,199.834,0.005940564969691054,1.7288853026664884e-06
199.682,0.006377188269928367,-0.00026958739728843073,199.934,0.005949777244462645,1.734210917635854e-06
199.782,0.0063902662601980935,-0.00026966018254249855,200.034,0.005958989519286017,1.7395446997648539e-06
199.782,0.0063902662601980935,-0.00026966018254249855,200.134,0.00596820179416122,1.7448866489511228e-06
199.982,0.006404824908368364,-0.00026960518728004327,200.234,0.00597741406908835,1.7502367650923332e-06
200.082,0.006417902897652345,-0.00026967793366822223,200.334,0.005986626344067219,1.7555950480859908e-06
200.082,0.006417902897652345,-0.00026967793366822223,200.434,0.005995838619097984,1.7609614978298017e-06
200.282,0.006436327329692069,-0.00026968972687338276,200.534,0.0060050508941805174,1.7663361142213111e-06
200.482,0.006451948327639973,-0.00026745740744466207,200.634,0.006014263169314837,1.7717188971581478e-06
200.482,0.006451948327639973,-0.00026745740744466207,200.734,0.006023475444501002,1.7771098465379661e-06
200.582,0.006465766650356428,-0.0002674662168943835,200.834,0.006032687719738892,1.7825089622583181e-06
200.782,0.006479584966870707,-0.0002674750064358206,200.934,0.006041899995028621,1.7879162442168876e-06
200.782,0.006479584966870707,-0.0002674750064358206,201.034,0.006051112270370107,1.793331692311256e-06
200.882,0.0064934032800584825,-0.0002674837790995226,201.134,0.006060324545763342,1.7987553064390433e-06
201.082,0.006507221594210263,-0.0002674925319360172,201.234,0.006069536821208344,1.8041870864978836e-06
201.082,0.006507221594210263,-0.0002674925319360172,201.334,0.006078749096705079,1.8096270323853873e-06
201.182,0.006521039916586189,-0.00026750126784468373,201.434,0.00608796137225361,1.8150751439992184e-06
201.382,0.006534858237093163,-0.00026750998384477467,201.534,0.006097173647853823,1.8205314212369375e-06
201.382,0.006534858237093163,-0.00026750998384477467,201.634,0.006106385923505727,1.8259958639961835e-06
201.482,0.00654867655963435,-0.00026751868297700753,201.734,0.00611559819920941,1.831468472174639e-06
201.682,0.006562494875762022,-0.00026752736225217865,201.834,0.006124810474964698,1.8369492456698427e-06
201.682,0.006562494875762022,-0.00026752736225217865,201.934,0.0061340227507717445,1.8424381843795152e-06
201.782,0.006576313189507409,-0.0002675360247087232,202.034,0.006143235026630501,1.8479352882012654e-06
201.782,0.006576313189507409,-0.0002675360247087232,202.134,0.006152447302540894,1.8534405570326868e-06
201.982,0.0065901315104064185,-0.00026754466721880433,202.234,0.0061616595785029355,1.858953990771426e-06
202.082,0.006603949831803714,-0.0002675532929116917,202.334,0.00617087185451664,1.8644755893151318e-06
202.082,0.006603949831803714,-0.0002675532929116917,202.434,0.006180084130582044,1.8700053525614685e-06
202.282,0.006617768151773652,-0.00026756189873862956,202.534,0.0061892964066990385,1.8755432804080073e-06
202.382,0.006631586471404564,-0.00026757048769848095,202.634,0.006198508682867721,1.8810893727524565e-06
202.382,0.006631586471404564,-0.00026757048769848095,202.734,0.006207720959087924,1.886643629492362e-06
202.582,0.0066540085034312675,-0.0002681411014729043,202.834,0.006216933235359824,1.892206050525475e-06
202.782,0.006667826825466679,-0.0002681496433735938,202.934,0.00622614551168326,1.8977766357493456e-06
202.782,0.006667826825466679,-0.0002681496433735938,203.034,0.006235357788058328,1.9033553850616834e-06
202.882,0.006681645143081265,-0.00026815816835961033,203.134,0.006244570064485025,1.908942298360136e-06
203.082,0.006695463465425037,-0.00026816667352591616,203.234,0.00625378234096328,1.9145373755423097e-06
203.082,0.006695463465425037,-0.00026816667352591616,203.334,0.006262994617493084,1.9201406165058553e-06
203.182,0.006709281784551497,-0.000268175161768276,203.434,0.0062722068940744245,1.925752021148419e-06
203.182,0.006709281784551497,-0.000268175161768276,203.534,0.006281419170707324,1.931371589367669e-06
203.382,0.006723100102856355,-0.00026818363019513345,203.634,0.006290631447391816,1.936999321061281e-06
203.482,0.00673691842342309,-0.0002681920817545452,203.734,0.006299843724127809,1.9426352161268573e-06
203.482,0.00673691842342309,-0.0002681920817545452,203.834,0.006309056000915386,1.948279274462104e-06
203.682,0.006750736746323751,-0.0002682005133831042,203.934,0.006318268277754357,1.9539314959645736e-06
203.682,0.006750736746323751,-0.0002682005133831042,204.034,0.0063274805546449705,1.9595918805320837e-06
203.882,0.006769161166823572,-0.0002682117280267087,204.134,0.006336692831587028,1.965260428062155e-06
203.982,0.006782979486868905,-0.00026822011839299225,204.234,0.006345905108580608,1.9709371384525183e-06
203.982,0.006782979486868905,-0.00026822011839299225,204.334,0.0063551173856257,1.976622011600833e-06
204.182,0.00679679781205384,-0.0002682284888330329,204.434,0.006364329662722152,1.9823150474046697e-06
204.282,0.006810616133574641,-0.000268236842439148,204.534,0.00637354193987011,1.988016245761784e-06
204.282,0.006810616133574641,-0.000268236842439148,204.634,0.006382754217069589,1.9937256065698567e-06
204.482,0.006824434458927388,-0.0002682451761323336,204.734,0.00639196649432043,1.9994431297264573e-06
204.582,0.006838252779402552,-0.00026825349300917627,204.834,0.006401178771622753,2.0051688151293393e-06
204.582,0.006838252779402552,-0.00026825349300917627,204.934,0.006410391048976533,2.010902662676156e-06
204.782,0.006858088054865726,-0.0002686995903361878,205.034,0.006419603326381715,2.016644672264552e-06
204.982,0.006872095558712476,-0.00026886762764104526,205.134,0.0064288156038382754,2.022394843792182e-06
204.982,0.006872095558712476,-0.00026886762764104526,205.234,0.006438027881346271,2.028153177156762e-06
205.082,0.0068859138817468175,-0.00026887588080947827,205.334,0.006447240158905667,2.0339196722559496e-06
205.082,0.0068859138817468175,-0.00026887588080947827,205.434,0.006456452436516466,2.039694328987423e-06
205.282,0.006899732208799556,-0.00026888411413253886,205.534,0.006465664714178655,2.0454771472488595e-06
205.382,0.006913550528752985,-0.0002688923306438959,205.634,0.006474876991892183,2.051268126937908e-06
205.382,0.006913550528752985,-0.0002688923306438959,205.734,0.006484089269657087,2.057067267952273e-06
205.582,0.006929276044682556,-0.0002697830571457803,205.834,0.006493301547473384,2.0628745701896495e-06
205.682,0.006943094362656866,-0.00026979124019036203,205.934,0.006502513825340957,2.068690033547651e-06
205.682,0.006943094362656866,-0.00026979124019036203,206.034,0.006511726103259858,2.074513657924004e-06
205.882,0.006956912689939938,-0.00026979940336431486,206.134,0.00652093838123015,2.080345443216428e-06
205.982,0.00697092397837674,-0.00026869480579604104,206.234,0.006530150659251671,2.0861853893225174e-06
205.982,0.00697092397837674,-0.00026869480579604104,206.334,0.006539362937324531,2.0920334961400234e-06
206.182,0.006985622896660716,-0.00026973780683274307,206.434,0.006548575215448737,2.0978897635666473e-06
206.382,0.006999441223607934,-0.0002697459064217813,206.534,0.006557787493624152,2.1037541914999985e-06
206.382,0.006999441223607934,-0.0002697459064217813,206.634,0.006566999771850945,2.109626779837877e-06
206.482,0.007018058718717891,-0.0002686438219854603,206.734,0.006576212050128996,2.11550752847791e-06
206.682,0.007031877041484628,-0.00026865187970422533,206.834,0.006585424328458323,2.1213964373178006e-06
206.682,0.007031877041484628,-0.00026865187970422533,206.934,0.006594636606838854,2.127293506255199e-06
206.782,0.007045695363601139,-0.0002686599205811338,207.034,0.006603848885270692,2.1331987351878727e-06
206.982,0.007059513690057062,-0.0002686679415983128,207.134,0.006613061163753671,2.1391121240134207e-06
206.982,0.007059513690057062,-0.0002686679415983128,207.234,0.006622273442287962,2.145033672629655e-06
207.082,0.0070733320127959465,-0.00026867594578759745,207.334,0.006631485720873535,2.1509633809342553e-06
207.282,0.007087150344670692,-0.0002686839300773735,207.434,0.006640697999510183,2.1569012488247995e-06
207.282,0.007087150344670692,-0.0002686839300773735,207.534,0.006649910278198124,2.162847276199129e-06
207.382,0.007100968666503397,-0.00026869189754797615,207.634,0.006659122556937243,2.1688014629548762e-06
207.582,0.007114786994020343,-0.0002686998450654005,207.734,0.0066683348357275485,2.1747638089897613e-06
207.582,0.007114786994020343,-0.0002686998450654005,207.834,0.00667754711456906,2.1807343142014997e-06
207.682,0.007128605312334221,-0.0002687077758145965,207.934,0.006686759393461697,2.186712978487758e-06
207.682,0.007128605312334221,-0.0002687077758145965,208.034,0.006695971672405547,2.1926998017463036e-06
207.882,0.007142819060655412,-0.000268844480992587,208.134,0.006705183951400494,2.1986947838747725e-06
207.982,0.007160072277567399,-0.000270807669995288,208.234,0.006714396230446613,2.2046979247709303e-06
207.982,0.007160072277567399,-0.000270807669995288,208.334,0.006723608509543878,2.2107092243324806e-06
208.182,0.007173890600335708,-0.0002708155444515343,208.434,0.0067328207886922795,2.216728682457131e-06
208.282,0.007187708930480502,-0.0002708234021433477,208.534,0.006742033067891771,2.2227562990425716e-06
208.282,0.007187708930480502,-0.0002708234021433477,208.634,0.006751245347142451,2.2287920739865906e-06
208.482,0.007201527257643713,-0.00027083123987952057,208.734,0.006760457626444162,2.2348360071868026e-06
208.682,0.007219951687424777,-0.00027084166266703904,208.834,0.006769669905796965,2.2408880985409714e-06
208.682,0.007219951687424777,-0.00027084166266703904,208.934,0.006778882185200889,2.2469483479468433e-06
208.782,0.007233770010411232,-0.000270849459099966,209.034,0.006788094464655865,2.2530167553020945e-06
208.782,0.007233770010411232,-0.000270849459099966,209.134,0.006797306744161923,2.259093320504478e-06
208.982,0.007247588338695712,-0.0002708572357196859,209.234,0.006806519023719001,2.2651780434516723e-06
209.082,0.007261869813580335,-0.00027081752468145173,209.334,0.0068157313033271995,2.271270924041476e-06
209.082,0.007261869813580335,-0.00027081752468145173,209.434,0.00682494358298642,2.2773719621715544e-06
209.282,0.007275688135632211,-0.0002708252581463549,209.534,0.0068341558626966335,2.28348115773962e-06
209.482,0.007294112575643594,-0.00027083554197408836,209.634,0.006843368142457917,2.2895985106434604e-06
209.482,0.007294112575643594,-0.00027083554197408836,209.734,0.0068525804222701395,2.2957240207807164e-06
209.582,0.007310780066008733,-0.0002727718150369639,209.834,0.006861792702133467,2.301857688049237e-06
209.782,0.007321749222689817,-0.00027085090647148435,209.934,0.006871004982047761,2.307999512346667e-06
209.782,0.007321749222689817,-0.00027085090647148435,210.034,0.006880217262013008,2.314149493570741e-06
209.882,0.007340773613713739,-0.0002735888079982771,210.134,0.006889429542029273,2.3203076316192407e-06
210.082,0.0073517426719404205,-0.0002716677149363658,210.234,0.006898641822096526,2.3264739263898848e-06
210.082,0.0073517426719404205,-0.0002716677149363658,210.334,0.006907854102214739,2.3326483777803972e-06
210.182,0.007368410265330501,-0.00027360406617002057,210.434,0.006917066382383833,2.338830985688468e-06
210.382,0.007382228594719578,-0.0002736116669014897,210.534,0.0069262786626039415,2.3450217500119312e-06
210.382,0.007382228594719578,-0.0002736116669014897,210.634,0.006935490942874983,2.3512206706484802e-06
210.482,0.007397507148661772,-0.000274308446088828,210.734,0.006944703223196934,2.357427747495845e-06
210.482,0.007397507148661772,-0.000274308446088828,210.834,0.006953915503569809,2.3636429804517813e-06
210.682,0.007411325480491069,-0.0002743160064890199,210.934,0.006963127783993598,2.369866369414032e-06
210.782,0.007425143806898345,-0.0002743235500309287,211.034,0.006972340064468273,2.376097914280331e-06
210.782,0.007425143806898345,-0.0002743235500309287,211.134,0.0069815523449938705,2.3823376149484523e-06
210.982,0.007438962135201248,-0.00027433107369661326,211.234,0.00699076462557034,2.3885854713161167e-06
211.082,0.007454625304128078,-0.00027432171378151843,211.334,0.006999976906197742,2.394841483281117e-06
211.082,0.007454625304128078,-0.00027432171378151843,211.434,0.007009189186875979,2.401105650741147e-06
211.282,0.007473049746093272,-0.0002743316811979163,211.534,0.007018401467605021,2.4073779735939442e-06
211.482,0.007486868071267755,-0.000274339134633023,211.634,0.007027613748384969,2.413658451737338e-06
211.482,0.007486868071267755,-0.000274339134633023,211.734,0.007036826029215773,2.4199470850690517e-06
211.582,0.007500381241376541,-0.00027441678594619954,211.834,0.007046038310097389,2.4262438734868127e-06
211.582,0.007500381241376541,-0.00027441678594619954,211.934,0.007055250591029827,2.4325488168883953e-06
211.782,0.00751459713140897,-0.00027466651275816786,212.034,0.007064462872013079,2.438861915171556e-06
211.882,0.007528110267546674,-0.0002747441259239576,212.134,0.0070736751530471416,2.4451831682340583e-06
211.882,0.007528110267546674,-0.0002747441259239576,212.234,0.007082887434132022,2.451512575973676e-06
212.082,0.0075419285988776175,-0.00027475150386416225,212.334,0.007092099715267609,2.4578501382880987e-06
212.282,0.00755605211848626,-0.00027468864275071933,212.434,0.007101311996454069,2.464195855075206e-06
212.282,0.00755605211848626,-0.00027468864275071933,212.534,0.007110524277691268,2.470549726232676e-06
212.382,0.0075741713654497245,-0.0002747686500788619,212.634,0.007119736558979237,2.4769117516583038e-06
212.582,0.007587989097614563,-0.00027477490398074934,212.734,0.007128948840317992,2.483281931249875e-06
212.582,0.007587989097614563,-0.00027477490398074934,212.834,0.007138161121707394,2.489660264905062e-06
212.682,0.007601807429163739,-0.00027478220378167437,212.934,0.0071473734031476535,2.4960467525217936e-06
212.682,0.007601807429163739,-0.00027478220378167437,213.034,0.007156585684638568,2.5024413939976986e-06
212.882,0.007615625761203044,-0.00027478948379453997,213.134,0.007165797966180201,2.5088441892305964e-06
212.982,0.00762944409288679,-0.00027479674692579054,213.234,0.007175010247772609,2.5152551381183106e-06
212.982,0.00762944409288679,-0.00027479674692579054,213.334,0.007184222529415708,2.5216742405585675e-06
213.182,0.007643262422856446,-0.00027480399023439676,213.434,0.007193434811109504,2.5281014964491476e-06
213.282,0.00765708075293817,-0.000274811216691145,213.534,0.007202647092854025,2.5345369056878564e-06
213.282,0.00765708075293817,-0.000274811216691145,213.634,0.00721185937464914,2.5409804681723794e-06
213.482,0.007675505191058532,-0.00027482082240058063,213.734,0.007221071656494947,2.5474321838005756e-06
213.682,0.007689323518607099,-0.000274828004588241,213.834,0.007230283938391416,2.5538920524702128e-06
213.682,0.007689323518607099,-0.000274828004588241,213.934,0.007239496220338542,2.56036007407907e-06
213.782,0.007703141850645825,-0.0002748351698720985,214.034,0.007248708502336361,2.566836248524961e-06
213.982,0.007717419566393262,-0.00027390220175637834,214.134,0.00725792078438476,2.5733205757055973e-06
213.982,0.007717419566393262,-0.00027390220175637834,214.234,0.007267133066483764,2.5798130555187957e-06
214.082,0.007731237897845319,-0.0002739093304901057,214.334,0.007276345348633423,2.5863136878623756e-06
214.282,0.007745056230801772,-0.00027391643931200997,214.434,0.007285557630833681,2.5928224726340937e-06
214.282,0.007745056230801772,-0.00027391643931200997,214.534,0.007294769913084507,2.599339409731728e-06
214.382,0.0077589056637627565,-0.00027475480854193446,214.634,0.007303982195385982,2.6058644990531284e-06
214.382,0.0077589056637627565,-0.00027475480854193446,214.734,0.007313194477738038,2.6123977404960433e-06
214.582,0.007772692887778696,-0.00027393060347242836,214.834,0.007322406760140685,2.618939133958284e-06
214.682,0.007786542325486535,-0.00027476894666601706,214.934,0.007331619042593828,2.625488679337575e-06
214.682,0.007786542325486535,-0.00027476894666601706,215.034,0.007340831325097593,2.632046376531817e-06
214.882,0.00780036055843159,-0.0002747760202063114,215.134,0.0073500436076518825,2.638612225438741e-06
214.982,0.007814685450455883,-0.0002748670994396362,215.234,0.007359255890256671,2.6451862259561325e-06
214.982,0.007814685450455883,-0.0002748670994396362,215.334,0.007368468172912107,2.651768377981899e-06
215.182,0.007828503783989993,-0.00027487409769946124,215.434,0.007377680455617957,2.6583586814136864e-06
215.382,0.007846928227165302,-0.0002748834011868851,215.534,0.007386892738374395,2.664957136149427e-06
215.382,0.007846928227165302,-0.0002748834011868851,215.634,0.007396105021181319,2.6715637420868572e-06
215.482,0.007860746557631177,-0.0002748903581453111,215.734,0.007405317304038732,2.6781784991237855e-06
215.682,0.007874564894818333,-0.0002748972952671179,215.834,0.007414529586946593,2.6848014071579994e-06
215.682,0.007874564894818333,-0.0002748972952671179,215.934,0.007423741869904945,2.6914324660873405e-06
215.782,0.007888383324356122,-0.0002749041828267854,216.034,0.00743295415291376,2.698071675809604e-06
215.782,0.007888383324356122,-0.0002749041828267854,216.134,0.007442166435973081,2.704719036222631e-06
215.982,0.00789527396226462,-0.00027592346877387716,216.234,0.007451378719082847,2.7113745472242034e-06
216.082,0.007916019988772761,-0.00027491796687936586,216.334,0.007460591002243011,2.7180382087120995e-06
216.082,0.007916019988772761,-0.00027491796687936586,216.434,0.0074698032854536725,2.724710020584216e-06
216.282,0.007922910631826985,-0.0002759371831310919,216.534,0.007479015568714767,2.7313899827383193e-06
216.382,0.007943656658162651,-0.00027493167754975124,216.634,0.007488227852026231,2.7380780950721964e-06
216.382,0.007943656658162651,-0.00027493167754975124,216.734,0.007497440135388172,2.7447743574837435e-06
216.582,0.00795076282285443,-0.00027591132037816887,216.834,0.007506652418800496,2.751478769870717e-06
216.782,0.007972854551084936,-0.0002771103738709016,216.934,0.007515864702263199,2.7581913321309386e-06
216.782,0.007972854551084936,-0.0002771103738709016,217.034,0.007525076985776334,2.764912044162277e-06
216.882,0.007984639722115376,-0.00028123760409931673,217.134,0.007534289269339781,2.771640905862479e-06
217.082,0.008002700800435818,-0.00027839332902530764,217.234,0.007543501552953676,2.778377917129461e-06
217.082,0.008002700800435818,-0.00027839332902530764,217.334,0.007552713836617876,2.785123077860954e-06
217.182,0.008012276387579788,-0.00028125114152911617,217.434,0.00756192612033239,2.791876387954804e-06
217.182,0.008012276387579788,-0.00028125114152911617,217.534,0.007571138404097285,2.7986378473088845e-06
217.382,0.008030370982398366,-0.00027836442237054345,217.634,0.0075803506879125035,2.8054074558209946e-06
217.482,0.008039946580829105,-0.0002812222409262218,217.734,0.007589562971778148,2.8121852133890443e-06
217.482,0.008039946580829105,-0.0002812222409262218,217.834,0.007598775255693992,2.818971119910705e-06
217.682,0.00805800765747612,-0.00027837779362607546,217.934,0.007607987539660169,2.825765175283905e-06
217.782,0.00806859729840485,-0.0002792499223763956,218.034,0.0076171998236766675,2.8325673794064794e-06
217.782,0.00806859729840485,-0.0002792499223763956,218.134,0.007626412107743435,2.839377732176235e-06
217.982,0.008082415631937808,-0.0002792565932862606,218.234,0.007635624391860547,2.8461962334910713e-06
218.082,0.008096233964602005,-0.00027926324742376927,218.334,0.007644836676027847,2.8530228832487144e-06
218.082,0.008096233964602005,-0.00027926324742376927,218.434,0.007654048960245503,2.8598576813471357e-06
218.282,0.008114658406868126,-0.0002792720899977629,218.534,0.0076632612445133325,2.866700627684042e-06
218.482,0.00812847674416515,-0.0002792786997982168,218.634,0.007672473528831419,2.873551722157342e-06
218.482,0.00812847674416515,-0.0002792786997982168,218.734,0.007681685813199709,2.8804109646648484e-06
218.582,0.00814229507516831,-0.0002792852927457903,218.834,0.007690898097618347,2.8872783551045173e-06
218.782,0.00815611341139252,-0.00027929186587773234,218.934,0.007700110382087153,2.894153893374064e-06
218.782,0.00815611341139252,-0.00027929186587773234,219.034,0.007709322666606165,2.9010375793713713e-06
218.882,0.008168507048678228,-0.0002817819888149001,219.134,0.007718534951175327,2.9079294129942533e-06
219.082,0.008186760699700132,-0.0002772774919099708,219.234,0.007727747235794742,2.9148293941406474e-06
219.082,0.008186760699700132,-0.0002772774919099708,219.334,0.007736959520464339,2.9217375227083494e-06
219.182,0.008198104625638475,-0.0002829223268867368,219.434,0.007746171805184138,2.9286537985952307e-06
219.182,0.008198104625638475,-0.0002829223268867368,219.534,0.007755384089954015,2.9355782216990575e-06
219.382,0.00821439737418803,-0.0002772905315570147,219.634,0.007764596374774139,2.942510791917821e-06
219.482,0.008225741297812112,-0.000282935351018949,219.734,0.0077738086596443766,2.949451509149279e-06
219.482,0.008225741297812112,-0.000282935351018949,219.834,0.007783020944564732,2.956400373291304e-06
219.682,0.008239677183055094,-0.000282940581737499,219.934,0.007792233229535276,2.9633573842418057e-06
219.782,0.008253495518263767,-0.00028294704660407284,220.034,0.007801445514555953,2.970322541898613e-06
219.782,0.008253495518263767,-0.00028294704660407284,220.134,0.007810657799626777,2.9772958461596033e-06
219.982,0.008268488804583968,-0.00028347808210619596,220.234,0.007819870084747564,2.9842772969225038e-06
220.182,0.008290903162381376,-0.00027524525262932753,220.334,0.007829082369918597,2.9912668940853966e-06
220.182,0.008290903162381376,-0.00027524525262932753,220.434,0.007838294655139643,2.998264637545979e-06
220.282,0.008304812102360148,-0.00027979419564045727,220.534,0.00784750694041078,3.0052705272021814e-06
220.482,0.00831863043836065,-0.0002798005788579562,220.634,0.007856719225732027,3.0122845629518923e-06
220.482,0.00831863043836065,-0.0002798005788579562,220.734,0.007865931511103298,3.019306744692911e-06
220.582,0.008332648213325461,-0.0002803878195462198,220.834,0.007875143796524714,3.02633707232321e-06
220.782,0.00834702911769906,-0.00028070231542460145,220.934,0.007884356081996103,3.033375545740543e-06
220.782,0.00834702911769906,-0.00028070231542460145,221.034,0.007893568367517624,3.0404221648429004e-06
220.882,0.008362119143017372,-0.00027980631014907457,221.134,0.00790278065308909,3.047476929528018e-06
220.882,0.008362119143017372,-0.00027980631014907457,221.234,0.007911992938710607,3.0545398396938563e-06
221.082,0.00837593747507604,-0.0002798126260485074,221.334,0.007921205224382158,3.0616108952382935e-06
221.182,0.008389755814184365,-0.00027981892512519426,221.434,0.007930417510103696,3.068690096059172e-06
221.182,0.008389755814184365,-0.00027981892512519426,221.534,0.007939629795875256,3.0757774420544045e-06
221.382,0.008408180261766447,-0.00027982729447325266,221.634,0.007948842081696814,3.082872933121855e-06
221.582,0.008421998601110512,-0.0002798335493028638,221.734,0.007958054367568322,3.0899765691593744e-06
221.582,0.008421998601110512,-0.0002798335493028638,221.834,0.007967266653489808,3.097088350064874e-06
221.682,0.008435816936813816,-0.0002798397872883953,221.934,0.007976478939461294,3.1042082757362587e-06
221.682,0.008435816936813816,-0.0002798397872883953,222.034,0.007985691225482705,3.1113363460713618e-06
221.882,0.008449635275403329,-0.0002798460054975239,222.134,0.007994903511554052,3.1184725609680853e-06
221.982,0.00846345360814561,-0.00027985220687531894,222.234,0.00800411579767537,3.1256169203243507e-06
221.982,0.00846345360814561,-0.00027985220687531894,222.334,0.008013328083846543,3.1327694240379623e-06
222.182,0.008477351759161388,-0.00027983077974514905,222.434,0.008022540370067723,3.1399300720069347e-06
222.282,0.008491090284213293,-0.0002798645530499392,222.534,0.008031752656338795,3.147098864129067e-06
222.282,0.008491090284213293,-0.0002798645530499392,222.634,0.008040964942659767,3.154275800302271e-06
222.482,0.00850498844039743,-0.0002798430883073299,222.734,0.008050177229030616,3.1614608804244238e-06
222.582,0.008519329256609334,-0.00027999780882495697,222.834,0.008059389515451331,3.168654104393421e-06
222.582,0.008519329256609334,-0.00027999780882495697,222.934,0.008068601801921932,3.175855472107177e-06
222.782,0.008532625123917984,-0.0002798553235461363,223.034,0.008077814088442449,3.1830649834636233e-06
222.982,0.008551651903834103,-0.00027998443249293106,223.134,0.008087026375012792,3.1902826383605905e-06
222.982,0.008551651903834103,-0.00027998443249293106,223.234,0.008096238661632985,3.1975084366960146e-06
223.082,0.008565390399150045,-0.00028001810394801674,223.334,0.00810545094830302,3.2047423783677777e-06
223.282,0.00857928858123923,-0.00027999654740933387,223.434,0.008114663235022983,3.2119844632738703e-06
223.282,0.00857928858123923,-0.00027999654740933387,223.534,0.00812387552179265,3.219234691312023e-06
223.382,0.008593027076139655,-0.00028003018330863586,223.634,0.008133087808612147,3.226493062380248e-06
223.582,0.008606925260232004,-0.0002800085891045602,223.734,0.00814230009548152,3.233759576376487e-06
223.582,0.008606925260232004,-0.0002800085891045602,223.834,0.008151512382400661,3.2410342331985775e-06
223.682,0.00862066375381922,-0.00028004218937945226,223.934,0.008160724669369537,3.248317032744409e-06
223.682,0.00862066375381922,-0.00028004218937945226,224.034,0.008169936956388292,3.2556079749119975e-06
223.882,0.008634561942804207,-0.0002800205575139479,224.134,0.00817914924345675,3.262907059599136e-06
223.982,0.008648735706755326,-0.0002788116513890866,224.234,0.008188361530575028,3.2702142867038276e-06
223.982,0.008648735706755326,-0.0002788116513890866,224.334,0.00819757381774306,3.2775296561239454e-06
224.182,0.008662633923679355,-0.0002787899131663668,224.434,0.008206786104960801,3.284853167757371e-06
224.282,0.008676372383984561,-0.00027882352203629227,224.534,0.008215998392228337,3.29218482150209e-06
224.282,0.008676372383984561,-0.00027882352203629227,224.634,0.008225210679545543,3.2995246172559375e-06
224.482,0.008690270599896719,-0.00027880174608034823,224.734,0.008234422966912533,3.3068725549169164e-06
224.682,0.00870869505341698,-0.0002788095940026497,224.834,0.008243635254329192,3.3142286343828816e-06
224.682,0.00870869505341698,-0.0002788095940026497,224.934,0.00825284754179563,3.321592855551836e-06
224.782,0.00872251339464569,-0.00027881545935489046,225.034,0.00826205982931174,3.328965218321622e-06
224.982,0.00873633173447292,-0.0002788213047692174,225.134,0.008271272116877554,3.3363457225901916e-06
224.982,0.00873633173447292,-0.0002788213047692174,225.234,0.008280484404493017,3.3437343682554427e-06
225.082,0.008750150071426852,-0.00027882713344537226,225.334,0.00828969669215817,3.3511311552153366e-06
225.282,0.008763968407012874,-0.00027883294228847155,225.434,0.008298908979873024,3.358536083367816e-06
225.282,0.008763968407012874,-0.00027883294228847155,225.534,0.008308121267637508,3.3659491526107584e-06
225.382,0.008777786753566528,-0.00027883873437428946,225.634,0.008317333555451565,3.373370362842062e-06
225.582,0.008791605094810702,-0.00027884450660885837,225.734,0.008326545843315342,3.3807997139597794e-06
225.582,0.008791605094810702,-0.00027884450660885837,225.834,0.008335758131228624,3.388237205861667e-06
225.682,0.008775312555007558,-0.0002950169017024773,225.934,0.008344970419191626,3.3956828384458372e-06
225.682,0.008775312555007558,-0.0002950169017024773,226.034,0.008354182707204255,3.4031366116101737e-06
225.882,0.008819805684133515,-0.00027983745133664537,226.134,0.008363394995266392,3.4105985252525023e-06
225.982,0.008803510264670047,-0.00029601286058351044,226.234,0.008372607283378146,3.4180685792708676e-06
225.982,0.008803510264670047,-0.00029601286058351044,226.334,0.008381819571539542,3.4255467735632314e-06
226.182,0.008847442368518197,-0.0002798488699789964,226.434,0.008391031859750491,3.4330331080274805e-06
226.182,0.008847442368518197,-0.0002798488699789964,226.534,0.008400244148010966,3.4405275825615204e-06
226.282,0.0088319685630579,-0.0002974857550233431,226.634,0.008409456436321095,3.448030197063401e-06
226.482,0.008850393015734306,-0.00029749336817034406,226.734,0.008418668724680783,3.4555409514310155e-06
226.482,0.008850393015734306,-0.00029749336817034406,226.834,0.008427881013089916,3.4630598455622192e-06
226.682,0.008839983170038953,-0.0003033908825159236,226.934,0.008437093301548597,3.470586879355052e-06
226.782,0.008878029692281455,-0.0002975047268288823,227.034,0.008446305590056899,3.4781220527075132e-06
226.782,0.008878029692281455,-0.0002975047268288823,227.134,0.008455517878614673,3.485665365517445e-06
226.982,0.008867619852758723,-0.0003034019633402538,227.234,0.008464730167221953,3.493216817682836e-06
227.182,0.008911610606223055,-0.00028721165253457954,227.334,0.008473942455878692,3.5007764091016023e-06
227.182,0.008911610606223055,-0.00028721165253457954,227.434,0.008483154744584996,3.508344139671787e-06
227.282,0.00892409083639268,-0.00029752349527880533,227.534,0.008492367033340609,3.5159200092911618e-06
227.482,0.008913680995910637,-0.00030342026864680456,227.634,0.008501579322145873,3.523504017857943e-06
227.482,0.008913680995910637,-0.00030342026864680456,227.734,0.008510791611000535,3.531096165269901e-06
227.582,0.008928323527710516,-0.00030488822741920447,227.834,0.008520003899904692,3.5386964514250687e-06
227.782,0.008942141875369859,-0.0003048936615670943,227.934,0.008529216188858317,3.546304876221387e-06
227.782,0.008942141875369859,-0.0003048936615670943,228.034,0.008538428477861326,3.5539214395567636e-06
227.882,0.008955960215255385,-0.0003048990789865259,228.134,0.008547640766913738,3.5615461413291745e-06
228.082,0.008971287124382795,-0.00030516007271613597,228.234,0.008556853056015647,3.569178981436682e-06
228.082,0.008971287124382795,-0.00030516007271613597,228.334,0.008566065345166934,3.576819959777154e-06
228.182,0.008985105466394881,-0.0003051654507914323,228.434,0.008575277634367702,3.58446907624863e-06
228.182,0.008985105466394881,-0.0003051654507914323,228.534,0.008584489923617792,3.592126330748972e-06
228.382,0.008998923813483613,-0.0003051708090125747,228.634,0.008593702212917295,3.599791723176217e-06
228.482,0.009012742150845658,-0.00030517615052894304,228.734,0.00860291450226622,3.607465253428353e-06
228.482,0.009012742150845658,-0.00030517615052894304,228.834,0.008612126791664431,3.615146921403243e-06
228.682,0.009029662071926278,-0.00030638451608190474,228.934,0.008621339081112078,3.6228367269989893e-06
228.782,0.009043480414872893,-0.0003063898250082188,229.034,0.008630551370609087,3.630534670113506e-06
228.782,0.009043480414872893,-0.0003063898250082188,229.134,0.008639763660155444,3.638240750644789e-06
228.982,0.00905729875817693,-0.0003063951141267902,229.234,0.0086489759497511,3.645954968490742e-06
229.082,0.009071117101672483,-0.00030640038643161497,229.334,0.008658188239396087,3.653677323549398e-06
229.082,0.009071117101672483,-0.00030640038643161497,229.434,0.00866740052909041,3.6614078157187315e-06
229.282,0.009084935448314261,-0.00030640563894827026,229.534,0.008676612818833971,3.6691464448966518e-06
229.482,0.0091033599179334,-0.00030641261482763796,229.634,0.008685825108626952,3.6768932109813025e-06
229.482,0.0091033599179334,-0.00030641261482763796,229.734,0.008695037398469132,3.684648113870488e-06
229.582,0.009117178265902076,-0.0003064178261162479,229.834,0.008704249688360635,3.692411153462301e-06
229.782,0.009130996604829907,-0.0003064230175318758,229.934,0.008713461978301393,3.7001823296546717e-06
229.782,0.009130996604829907,-0.0003064230175318758,230.034,0.008722674268291479,3.7079616423456588e-06
229.882,0.009144962587669869,-0.0003060972058543097,230.134,0.008731886558330787,3.7157490914331567e-06
230.082,0.009158780933800717,-0.0003061023626529356,230.234,0.008741098848419367,3.723544676815214e-06
230.082,0.009158780933800717,-0.0003061023626529356,230.334,0.00875031113855717,3.7313483983897764e-06
230.182,0.009172599275519343,-0.0003061075027476271,230.434,0.008759523428744252,3.7391602560548953e-06
230.382,0.00918641762053756,-0.00030611262294575,230.534,0.008768735718980524,3.7469802497084885e-06
230.382,0.00918641762053756,-0.00030611262294575,230.634,0.008777948009265974,3.754808379248551e-06
230.482,0.009201806787107707,-0.00030595651239953683,230.734,0.008787160299600682,3.7626446445731554e-06
230.482,0.009201806787107707,-0.00030595651239953683,230.834,0.008796372589984563,3.7704890455802363e-06
230.682,0.009214426846614457,-0.00030752822672782656,230.934,0.008805584880417706,3.7783415821678495e-06
230.782,0.009229816268250713,-0.00030737217623170857,231.034,0.008814797170899977,3.7862022542338986e-06
230.782,0.009229816268250713,-0.00030737217623170857,231.134,0.008824009461431366,3.794071061676386e-06
230.982,0.009243634615118842,-0.00030737722998878795,231.234,0.008833221752012068,3.801948004393484e-06
231.082,0.009257452958222579,-0.00030738226700084356,231.334,0.008842434042641768,3.8098330822829267e-06
231.082,0.009257452958222579,-0.00030738226700084356,231.434,0.008851646333320648,3.817726295242895e-06
231.282,0.0092712713035414,-0.00030738728411299816,231.534,0.008860858624048765,3.825627643171427e-06
231.382,0.009285089644891414,-0.00030739228444022205,231.634,0.008870070914826004,3.833537125966454e-06
231.382,0.009285089644891414,-0.00030739228444022205,231.734,0.008879283205652348,3.841454743525966e-06
231.582,0.00929890798819385,-0.0003073972649731069,231.834,0.008888495496527761,3.849380495747955e-06
231.782,0.009312726329119548,-0.0003074022271365205,231.934,0.008897707787452263,3.85731438253045e-06
231.782,0.009312726329119548,-0.0003074022271365205,232.034,0.008906920078425976,3.86525640377158e-06
231.882,0.009331130048498011,-0.0003075089150597472,232.134,0.008916132369448757,3.8732065593692354e-06
232.082,0.009344948399713374,-0.0003075138343068745,232.234,0.008925344660520576,3.881164849221419e-06
232.082,0.009344948399713374,-0.0003075138343068745,232.334,0.008934556951641456,3.8891312732261536e-06
232.182,0.00935876675375006,-0.0003075187368656927,232.434,0.008943769242811461,3.8971058312815216e-06
232.382,0.009372585106601836,-0.0003075236195575595,232.534,0.008952981534030484,3.9050885232854595e-06
232.382,0.009372585106601836,-0.0003075236195575595,232.634,0.008962193825298587,3.913079349136052e-06
232.482,0.009386403450970552,-0.0003075284855278425,232.734,0.008971406116615637,3.9210783087312e-06
232.682,0.009400221802333155,-0.0003075333315930717,232.834,0.008980618407981814,3.929085401969098e-06
232.682,0.009400221802333155,-0.0003075333315930717,232.934,0.00898983069939693,3.937100628747596e-06
232.782,0.009414040151899549,-0.000307538160977888,233.034,0.008999042990861112,3.945123988964844e-06
232.782,0.009414040151899549,-0.000307538160977888,233.134,0.009008255282374358,3.953155482518883e-06
232.982,0.009427858493860299,-0.0003075429704233353,233.234,0.009017467573936462,3.961195109307558e-06
233.182,0.00944628295980585,-0.00030754935566896477,233.334,0.009026679865547643,3.969242869229091e-06
233.182,0.00944628295980585,-0.00030754935566896477,233.434,0.009035892157207837,3.977298762181458e-06
233.282,0.009460101310858315,-0.00030755412403649936,233.534,0.009045104448916931,3.98536278806261e-06
233.282,0.009460101310858315,-0.00030755412403649936,233.634,0.009054316740674967,3.993434946770615e-06
233.482,0.009473919661980346,-0.00030755887248778697,233.734,0.00906352903248199,4.001515238203548e-06
233.582,0.009487738013776632,-0.0003075636042952217,233.834,0.009072741324337932,4.009603662259403e-06
233.582,0.009487738013776632,-0.0003075636042952217,233.934,0.009081953616242805,4.017700218836211e-06
233.782,0.009503763535664797,-0.00030552376791921024,234.034,0.009091165908196613,4.025804907832032e-06
233.882,0.009517559510571465,-0.000305493553035164,234.134,0.009100378200199377,4.033917729144927e-06
233.882,0.009517559510571465,-0.000305493553035164,234.234,0.00910959049225097,4.042038682672836e-06
234.082,0.00953160432916431,-0.0003055569153847366,234.334,0.00911880278435161,4.050167768313988e-06
234.182,0.009545422679562212,-0.00030556157130627354,234.434,0.009128015076500986,4.05830498596616e-06
234.182,0.009545422679562212,-0.00030556157130627354,234.534,0.009137227368699357,4.066450335527629e-06
234.382,0.009559241031461987,-0.00030556620765349445,234.634,0.009146439660946575,4.074603816896319e-06
234.482,0.009573059387345036,-0.00030557082730606113,234.734,0.009155651953242616,4.082765429970256e-06
234.482,0.009573059387345036,-0.00030557082730606113,234.834,0.009164864245587599,4.090935174647607e-06
234.682,0.00958687773401684,-0.0003055754269896349,234.934,0.009174076537981418,4.099113050826319e-06
234.882,0.009605302191047669,-0.0003055815326069997,235.034,0.009183288830424071,4.107299058404466e-06
234.882,0.009605302191047669,-0.0003055815326069997,235.134,0.009192501122915498,4.115493197280032e-06
234.982,0.009617239985752195,-0.0003067630787443345,235.234,0.009201713415455823,4.123695467351196e-06
235.182,0.009632938893320734,-0.00030559062996162074,235.334,0.009210925708044949,4.13190586851593e-06
235.182,0.009632938893320734,-0.00030559062996162074,235.434,0.00922013800068283,4.140124400672248e-06
235.282,0.009644876676420057,-0.0003067721413863297,235.534,0.00922935029336958,4.148351063718323e-06
235.482,0.009660575588778126,-0.0003055996541723448,235.634,0.009238562586105045,4.1565858575520715e-06
235.482,0.009660575588778126,-0.0003055996541723448,235.734,0.009247774878889347,4.1648287820716776e-06
235.582,0.009672513374186892,-0.0003067811307814558,235.834,0.009256987171722415,4.173079837175136e-06
235.782,0.009686331726745184,-0.00030678559729796457,235.934,0.009266199464604245,4.1813390227605166e-06
235.782,0.009686331726745184,-0.00030678559729796457,236.034,0.009275411757534864,4.189606338725902e-06
235.882,0.009701365319686869,-0.0003068514708793847,236.134,0.009284624050514168,4.197881784969269e-06
236.082,0.009715205171517173,-0.0003067932963984009,236.234,0.009293836343542259,4.206165361388781e-06
236.082,0.009715205171517173,-0.0003067932963984009,236.334,0.009303048636619122,4.214457067882498e-06
236.182,0.009729874304707854,-0.00030525339255188776,236.434,0.009312260929744633,4.2227569043483906e-06
236.182,0.009729874304707854,-0.00030525339255188776,236.534,0.009321473222918904,4.231064870684629e-06
236.382,0.009743714254098368,-0.00030519498704526915,236.634,0.009330685516141898,4.239380966789245e-06
236.482,0.009757511009259805,-0.0003052621679532921,236.734,0.00933989780941354,4.247705192560261e-06
236.482,0.009757511009259805,-0.0003052621679532921,236.834,0.00934911010273389,4.256037547895821e-06
236.682,0.009771744537257755,-0.00030550608644274086,236.934,0.009358322396102868,4.264378032693908e-06
236.782,0.009785541240695599,-0.00030557320604624914,237.034,0.00936753468952059,4.272726646852725e-06
236.782,0.009785541240695599,-0.00030557320604624914,237.134,0.009376746982986899,4.281083390270203e-06
236.982,0.00979949436163878,-0.0003056255371511057,237.234,0.009385959276501902,4.28944826284452e-06
237.082,0.009813291047329956,-0.0003056926157294807,237.334,0.00939517157006558,4.297821264473761e-06
237.082,0.009813291047329956,-0.0003056926157294807,237.434,0.00940438386367787,4.306202395055929e-06
237.282,0.009832065340940652,-0.00030649182807003576,237.534,0.00941359615733878,4.314591654489143e-06
237.482,0.009845905400287295,-0.00030643338957162035,237.634,0.009422808451048285,4.3229890426714555e-06
237.482,0.009845905400287295,-0.00030643338957162035,237.734,0.009432020744806485,4.33139455950105e-06
237.582,0.009859702048275513,-0.00030650033412633296,237.834,0.009441233038613222,4.339808204875876e-06
237.782,0.009873542102723626,-0.000306441851025793,237.934,0.009450445332468593,4.348229978694118e-06
237.782,0.009873542102723626,-0.000306441851025793,238.034,0.009459657626372488,4.356659880853757e-06
237.882,0.009892724540755078,-0.00030717466694299514,238.134,0.009468869920325034,4.365097911253016e-06
238.082,0.009901178807072187,-0.00030645023905532685,238.234,0.009478082214326087,4.373544069789852e-06
238.082,0.009901178807072187,-0.00030645023905532685,238.334,0.00948729450837573,4.381998356362439e-06
238.182,0.009920383577967701,-0.00030712038703962715,238.434,0.009496506802473902,4.390460770868832e-06
238.382,0.009934201932799648,-0.0003071245394209907,238.534,0.00950571909662067,4.398931313207179e-06
238.382,0.009934201932799648,-0.0003071245394209907,238.634,0.00951493139081592,4.407409983275484e-06
238.482,0.009948020290387835,-0.00030712867516472403,238.734,0.009524143685059758,4.415896780971932e-06
238.482,0.009948020290387835,-0.00030712867516472403,238.834,0.009533355979352112,4.4243917061945725e-06
238.682,0.009961838642634845,-0.0003071327909876362,238.934,0.009542568273692882,4.432894758841435e-06
238.782,0.009975656997228313,-0.00030713689009774286,239.034,0.009551780568082216,4.441405938810745e-06
238.782,0.009975656997228313,-0.00030713689009774286,239.134,0.009560992862520035,4.44992524600054e-06
238.982,0.009989475351723549,-0.00030714096931576894,239.234,0.00957020515700632,4.458452680308903e-06
239.082,0.010003879303970287,-0.0003067383646084587,239.334,0.009579417451541093,4.466988241633974e-06
239.082,0.010003879303970287,-0.0003067383646084587,239.434,0.00958862974612434,4.475531929873845e-06
239.282,0.010018024942716768,-0.0003083208965373517,239.534,0.009597842040756087,4.4840837449266594e-06
239.482,0.01003644941014122,-0.0003083262614128895,239.634,0.009607054335436144,4.4926436866903635e-06
239.482,0.01003644941014122,-0.0003083262614128895,239.734,0.009616266630164742,4.5012117550632875e-06
239.582,0.010050853377091109,-0.00030792349328709594,239.834,0.009625478924941781,4.509787949943447e-06
239.782,0.010068148139009908,-0.00030560565770817284,239.934,0.0096346912197672,4.518372271228886e-06
239.782,0.010068148139009908,-0.00030560565770817284,240.034,0.009643903514641046,4.526964718817772e-06
239.882,0.010081966491891465,-0.0003056096354966949,240.134,0.00965311580956333,4.535565292608252e-06
240.082,0.010095784847509417,-0.0003056135934505001,240.234,0.009662328104534004,4.544173992498391e-06
240.082,0.010095784847509417,-0.0003056135934505001,240.334,0.00967154039955308,4.552790818386327e-06
240.182,0.010109603205254222,-0.0003056175346936456,240.434,0.009680752694620555,4.561415770170182e-06
240.382,0.010123421558678377,-0.000305621456055708,240.534,0.0096899649897364,4.570048847748047e-06
240.382,0.010123421558678377,-0.000305621456055708,240.634,0.009699177284900532,4.5786900510179905e-06
240.482,0.010137239915368221,-0.00030562536071899836,240.734,0.0097083895801131,4.5873393798782765e-06
240.682,0.010151058269806175,-0.00030562924553300503,240.834,0.009717601875373997,4.595996834226919e-06
240.682,0.010151058269806175,-0.00030562924553300503,240.934,0.009726814170683188,4.604662413962023e-06
240.782,0.010164876625552481,-0.0003056331135950273,241.034,0.009736026466040729,4.6133361189817835e-06
240.982,0.010178694985098189,-0.0003056369618294576,241.134,0.009745238761446591,4.622017949184295e-06
240.982,0.010178694985098189,-0.0003056369618294576,241.234,0.009754451056900771,4.630707904467684e-06
241.082,0.010193009450034094,-0.00030567243377278234,241.334,0.009763663352403243,4.639405984730062e-06
241.082,0.010193009450034094,-0.00030567243377278234,241.434,0.009772875647954087,4.648112189869646e-06
241.282,0.010208910151646669,-0.0003064119802791266,241.534,0.009782087943553109,4.656826519784406e-06
241.382,0.01022272850557433,-0.0003064157635700977,241.634,0.009791300239200464,4.665548974372612e-06
241.382,0.01022272850557433,-0.0003064157635700977,241.734,0.009800512534896128,4.674279553532375e-06
241.582,0.01023654685856122,-0.00030641952702325473,241.834,0.00980972483063997,4.6830182571617294e-06
241.682,0.0102503652126296,-0.0003064232737030574,241.934,0.009818937126432148,4.69176508515896e-06
241.682,0.0102503652126296,-0.0003064232737030574,242.034,0.009828149422272496,4.700520037422055e-06
241.882,0.010268789691687,-0.00030642823989667146,242.134,0.009837361718161146,4.70928311384928e-06
242.082,0.01028260804571247,-0.0003064319424150972,242.234,0.009846574014097987,4.718054314338698e-06
242.082,0.01028260804571247,-0.0003064319424150972,242.334,0.009855786310083098,4.726833638788505e-06
242.182,0.010295837485299966,-0.0003059185132149064,242.434,0.009864998606116325,4.735621087096716e-06
242.382,0.010310244754041145,-0.0003064392941274256,242.534,0.009874210902197866,4.744416659161672e-06
242.382,0.010310244754041145,-0.0003064392941274256,242.634,0.009883423198327471,4.753220354881283e-06
242.482,0.010323474196144305,-0.00030592583323549083,242.734,0.009892635494505335,4.76203217415389e-06
242.482,0.010323474196144305,-0.00030592583323549083,242.834,0.009901847790731375,4.770852116877563e-06
242.682,0.0103377108774656,-0.00030724222029142816,242.934,0.009911060087005593,4.779680182950466e-06
242.782,0.010352155721633999,-0.00030771493100247965,243.034,0.009920272383327973,4.788516372270742e-06
242.782,0.010352155721633999,-0.00030771493100247965,243.134,0.009929484679698453,4.797360684736479e-06
242.982,0.010365347588263176,-0.0003072494365846765,243.234,0.009938696976117102,4.806213120245919e-06
243.182,0.010383772062637688,-0.0003072542068636685,243.334,0.009947909272583905,4.815073678697195e-06
243.182,0.010383772062637688,-0.0003072542068636685,243.434,0.009957121569098878,4.823942359988502e-06
243.282,0.010398216909196319,-0.00030772685982480817,243.534,0.009966333865661932,4.83281916401789e-06
243.482,0.010412035267126711,-0.00030773039813076467,243.634,0.009975546162273084,4.841704090683563e-06
243.482,0.010412035267126711,-0.00030773039813076467,243.734,0.009984758458932286,4.8505971398836354e-06
243.582,0.010425167611327115,-0.00030711532560738654,243.834,0.009993970755639662,4.8594983115164006e-06
243.782,0.01044009832436243,-0.00030831432689259314,243.934,0.010003183052395052,4.868407605479867e-06
243.782,0.01044009832436243,-0.00030831432689259314,244.034,0.01001239534919854,4.8773250216722815e-06
243.882,0.01045441331039231,-0.00030876474131656575,244.134,0.010021607646050147,4.886250559991827e-06
243.882,0.01045441331039231,-0.00030876474131656575,244.234,0.010030819942949838,4.8951842203366525e-06
244.082,0.010467334177600578,-0.0003081855804260652,244.334,0.010040032239897488,4.904126002604815e-06
244.182,0.010482458263482495,-0.0003093691998932345,244.434,0.010049244536893187,4.913075906694569e-06
244.182,0.010482458263482495,-0.0003093691998932345,244.534,0.010058456833936937,4.92203393250411e-06
244.382,0.010496276622056317,-0.000309372625109678,244.634,0.010067669131028637,4.931000079931492e-06
244.482,0.010510094973967023,-0.0003093760335271495,244.734,0.010076881428168472,4.9399743488750865e-06
244.482,0.010510094973967023,-0.0003093760335271495,244.834,0.010086093725356262,4.948956739232887e-06
244.682,0.010523913332381628,-0.0003093794221474796,244.934,0.010095306022592053,4.957947250903138e-06
244.782,0.010537731689388865,-0.00030938279402053273,245.034,0.010104518319875829,4.9669458837839946e-06
244.782,0.010537731689388865,-0.00030938279402053273,245.134,0.01011373061720758,4.975952637773634e-06
244.982,0.010556156171657591,-0.00030938726045337967,245.234,0.010122942914587308,4.9849675127702295e-06
245.182,0.010569974531534255,-0.0003093905881396967,245.334,0.010132155212015019,4.993990508671991e-06
245.182,0.010569974531534255,-0.0003093905881396967,245.434,0.010141367509490655,5.003021625377046e-06
245.282,0.010588401471120308,-0.00031040479091402667,245.534,0.010150579807014209,5.012060862783587e-06
245.282,0.010588401471120308,-0.00031040479091402667,245.634,0.010159792104585796,5.021108220789901e-06
245.482,0.010602219830971524,-0.0003104080748863605,245.734,0.010169004402205278,5.030163699294043e-06
245.582,0.0106160381894698,-0.0003104113420949165,245.834,0.010178216699872745,5.0392272981943065e-06
245.582,0.0106160381894698,-0.0003104113420949165,245.934,0.010187428997587991,5.048299017388674e-06
245.782,0.010630316916547007,-0.00030909912724807174,246.034,0.0101966412953512,5.057378856775514e-06
245.882,0.01064413527276159,-0.0003091023617298156,246.134,0.010205853593162307,5.066466816252976e-06
245.882,0.01064413527276159,-0.0003091023617298156,246.234,0.010215065891021294,5.075562895719224e-06
246.082,0.010657953626170783,-0.0003091055763813783,246.334,0.010224278188928152,5.084667095072452e-06
246.182,0.010671771986450064,-0.00030910877431206065,246.434,0.010233490486882905,5.093779414210896e-06
246.182,0.010671771986450064,-0.00030910877431206065,246.534,0.01024270278488547,5.102899853032663e-06
246.382,0.01069040138629903,-0.0003094701790980519,246.634,0.010251915082935974,5.112028411436084e-06
246.582,0.010704219746319413,-0.00030947333393376724,246.734,0.010261127381034229,5.121165089319176e-06
246.582,0.010704219746319413,-0.00030947333393376724,246.834,0.010270339679180401,5.130309886580319e-06
246.682,0.010718085110409958,-0.0003094844189019125,246.934,0.010279551977374402,5.139462803117621e-06
246.882,0.010731903464507664,-0.00030948753716560513,247.034,0.01028876427561615,5.1486238388292186e-06
246.882,0.010731903464507664,-0.00030948753716560513,247.134,0.010297976573905751,5.157792993613423e-06
246.982,0.01074572182703843,-0.00030949063866773675,247.234,0.010307188872243144,5.166970267368368e-06
247.182,0.010759540192209135,-0.00030949372039695334,247.334,0.010316401170628325,5.176155659992283e-06
247.182,0.010759540192209135,-0.00030949372039695334,247.434,0.010325613469061358,5.185349171383442e-06
247.282,0.010773358550675436,-0.00030949678545822324,247.534,0.01033482576754212,5.194550801439928e-06
247.482,0.010787176909615623,-0.0003094998306412651,247.634,0.010344038066070607,5.203760550059957e-06
247.482,0.010787176909615623,-0.0003094998306412651,247.734,0.010353250364646908,5.212978417141828e-06
247.582,0.010801386359046717,-0.0003086897453383299,247.834,0.010362462663270934,5.2222044025836635e-06
247.582,0.010801386359046717,-0.0003086897453383299,247.934,0.010371674961942733,5.231438506283753e-06
247.782,0.01081520471805152,-0.00030869275723946444,248.034,0.010380887260662323,5.240680728140321e-06
247.882,0.010829023077286618,-0.0003086957524237019,248.134,0.010390099559429497,5.249931068051382e-06
247.882,0.010829023077286618,-0.0003086957524237019,248.234,0.010399311858244487,5.259189525915407e-06
248.082,0.010847447557361983,-0.00030869971657947,248.334,0.010408524157107177,5.268456101630495e-06
248.282,0.010861265920608381,-0.0003087026676254255,248.434,0.010417736456017549,5.27773079509484e-06
248.282,0.010861265920608381,-0.0003087026676254255,248.534,0.010426948754975594,5.287013606206671e-06
248.382,0.010876093560144882,-0.00030737119936208725,248.634,0.010436161053981369,5.2963045348642685e-06
248.382,0.010876093560144882,-0.00030737119936208725,248.734,0.010445373353034774,5.3056035809657695e-06
248.582,0.010889911921176079,-0.00030737411732868926,248.834,0.010454585652135825,5.314910744409415e-06
248.782,0.010903730282015266,-0.00030737701717295594,248.934,0.010463797951284532,5.3242260250934545e-06
248.782,0.010903730282015266,-0.00030737701717295594,249.034,0.010473010250480962,5.333549422916186e-06
248.882,0.010922154766429293,-0.00030738085752323867,249.134,0.01048222254972505,5.342880937775758e-06
249.082,0.01093597312685715,-0.0003073837146063944,249.234,0.010491434849016639,5.352220569570269e-06
249.082,0.01093597312685715,-0.0003073837146063944,249.334,0.010500647148355953,5.361568318198173e-06
249.182,0.01095035122092826,-0.0003077242343500961,249.434,0.010509859447742846,5.370924183557568e-06
249.382,0.010964169581755601,-0.0003077270523775791,249.534,0.010519071747177403,5.380288165546779e-06
249.382,0.010964169581755601,-0.0003077270523775791,249.634,0.010528284046659508,5.389660264063919e-06
249.482,0.01097798794267481,-0.0003077298537022612,249.734,0.010537496346189197,5.399040479007276e-06
249.482,0.01097798794267481,-0.0003077298537022612,249.834,0.010546708645766506,5.408428810275127e-06
249.682,0.010993161230584783,-0.00030872241684959845,249.934,0.010555920945391366,5.417825257765641e-06
249.782,0.011006979595538027,-0.00030872517686172,250.034,0.010565133245063786,5.427229821377084e-06
249.782,0.011006979595538027,-0.00030872517686172,250.134,0.010574345544783766,5.436642501007688e-06
249.982,0.011020797958044124,-0.00030872791711506386,250.234,0.010583557844551285,5.446063296555699e-06
250.182,0.011034616323767633,-0.00030873063908605936,250.334,0.010592770144366371,5.455492207919385e-06
250.182,0.011034616323767633,-0.00030873063908605936,250.434,0.010601982444228992,5.464929234996964e-06
250.282,0.0110484346843168,-0.0003087333443438274,250.534,0.010611194744139164,5.474374377686697e-06
250.482,0.011066859169367796,-0.0003087369219833741,250.634,0.010620407044096798,5.4838276358867735e-06
250.482,0.011066859169367796,-0.0003087369219833741,250.734,0.010629619344101938,5.493289009495463e-06
250.582,0.011080677540570365,-0.0003087395846132623,250.834,0.010638831644154564,5.502758498411006e-06
250.782,0.011094495906211595,-0.00030874222748047324,250.934,0.010648043944254709,5.512236102531701e-06
250.782,0.011094495906211595,-0.00030874222748047324,251.034,0.010657256244402339,5.521721821755779e-06
250.882,0.0111092894093048,-0.0003077799826261666,251.134,0.010666468544597378,5.5312156559814e-06
251.082,0.011123107769924194,-0.00030778259455930244,251.234,0.010675680844839915,5.540717605106958e-06
251.082,0.011123107769924194,-0.00030778259455930244,251.334,0.010684893145129935,5.55022766903066e-06
251.182,0.011136926132784537,-0.0003077851897118302,251.434,0.010694105445467372,5.559745847650713e-06
251.382,0.01115234473656032,-0.00030619043912638117,251.534,0.010703317745852285,5.569272140865449e-06
251.382,0.01115234473656032,-0.00030619043912638117,251.634,0.010712530046284615,5.578806548573052e-06
251.482,0.011166163100691696,-0.0003061930044431605,251.734,0.010721742346764339,5.588349070671786e-06
251.682,0.011179981466915227,-0.0003061955499417356,251.834,0.010730954647291504,5.597899707059955e-06
251.682,0.011179981466915227,-0.0003061955499417356,251.934,0.01074016694786609,5.607458457635826e-06
251.782,0.011193799824842,-0.00030619807872807314,252.034,0.010749379248488004,5.617025322297566e-06
251.782,0.011193799824842,-0.00030619807872807314,252.134,0.010758591549157337,5.626600300943533e-06
251.982,0.011207618189068099,-0.00030620058774369065,252.234,0.010767803849874087,5.6361833934719944e-06
252.082,0.011221436549377085,-0.00030620308004757817,252.334,0.010777016150638181,5.645774599781172e-06
252.082,0.011221436549377085,-0.00030620308004757817,252.434,0.010786228451449604,5.655373919769311e-06
252.282,0.011235254913713329,-0.00030620555248759483,252.534,0.010795440752308367,5.664981353334702e-06
252.382,0.0112490185013608,-0.000306287173777897,252.634,0.010804653053214533,5.6745969003756905e-06
252.382,0.0112490185013608,-0.000306287173777897,252.734,0.010813865354167998,5.684220560790434e-06
252.582,0.011262891645406588,-0.00030621044423054895,252.834,0.01082307765516877,5.693852334477251e-06
252.782,0.01128574680851006,-0.00030671153267371843,252.934,0.010832289956216998,5.703492221334551e-06
252.782,0.01128574680851006,-0.00030671153267371843,253.034,0.010841502257312355,5.713140221260292e-06
252.882,0.011299510382124065,-0.0003067930937763993,253.134,0.010850714558455066,5.722796334152999e-06
253.082,0.011314923343996875,-0.00030775888924129105,253.234,0.01085992685964514,5.7324605599109555e-06
253.082,0.011314923343996875,-0.00030775888924129105,253.334,0.010869139160882437,5.742132898432304e-06
253.182,0.011328741710616997,-0.00030776124472364866,253.434,0.010878351462167007,5.751813349615395e-06
253.382,0.011342560078902865,-0.00030776358039024055,253.534,0.010887563763498843,5.761501913358513e-06
253.382,0.011342560078902865,-0.00030776358039024055,253.634,0.010896776064877977,5.7711985895599605e-06
253.482,0.011356378442084052,-0.0003077658992980223,253.734,0.010905988366304365,5.7809033781180046e-06
253.682,0.011370196800701029,-0.0003077681984744918,253.834,0.010915200667777932,5.790616278930858e-06
253.682,0.011370196800701029,-0.0003077681984744918,253.934,0.010924412969298787,5.800337291896922e-06
253.782,0.011383775908644374,-0.00030670176443003765,254.034,0.010933625270866882,5.810066416914446e-06
253.782,0.011383775908644374,-0.00030670176443003765,254.134,0.010942837572482138,5.819803653881647e-06
253.982,0.011398180939611592,-0.00030739614747234546,254.234,0.010952049874144595,5.82954900269686e-06
254.082,0.01141221215724821,-0.000306970099410777,254.334,0.010961262175854287,5.839302463258434e-06
254.082,0.01141221215724821,-0.000306970099410777,254.434,0.010970474477611212,5.8490640354646566e-06
254.282,0.011426030529379674,-0.0003069723285833397,254.534,0.010979686779415247,5.858833719213708e-06
254.382,0.011429280885869282,-0.0003044793948474453,254.634,0.010988899081266478,5.868611514403974e-06
254.382,0.011429280885869282,-0.0003044793948474453,254.734,0.010998111383164831,5.878397420933684e-06
254.582,0.01145366726700558,-0.00030697673382563024,254.834,0.011007323685110435,5.8881914387012885e-06
254.682,0.011456917619309271,-0.0003044837930649548,254.934,0.011016535987103155,5.897993567604958e-06
254.682,0.011456917619309271,-0.0003044837930649548,255.034,0.011025748289143001,5.907803807542998e-06
254.882,0.011471934225795868,-0.0003051573051611563,255.134,0.01103496059123001,5.917622158413767e-06
254.982,0.011485752589691077,-0.00030515946140018943,255.234,0.01104417289336411,5.927448620115491e-06
254.982,0.011485752589691077,-0.00030515946140018943,255.334,0.011053385195545369,5.9372831925465665e-06
255.182,0.011499570958017381,-0.00030516159784086305,255.434,0.01106259749777368,5.947125875605184e-06
255.382,0.011517995444414094,-0.0003051644190161454,255.534,0.011071809800049119,5.956976669189749e-06
255.382,0.011517995444414094,-0.0003051644190161454,255.634,0.011081022102371663,5.966835573198548e-06
255.482,0.011531813807074269,-0.00030516651439030894,255.734,0.011090234404741271,5.976702587529863e-06
255.682,0.011545632174523562,-0.0003051685900215258,255.834,0.011099446707158008,5.986577712082078e-06
255.682,0.011545632174523562,-0.0003051685900215258,255.934,0.011108659009621706,5.996460946753317e-06
255.782,0.011558650806086866,-0.00030490672822625797,256.034,0.011117871312132531,6.006352291442106e-06
255.982,0.011573268913602903,-0.00030517268801910993,256.134,0.01112708361469038,6.016251746046644e-06
255.982,0.011573268913602903,-0.00030517268801910993,256.234,0.011136295917295317,6.026159310465319e-06
256.082,0.011590027466257811,-0.0003055764464993077,256.334,0.011145508219947172,6.03607498459628e-06
256.282,0.011603845830110182,-0.0003055784461540493,256.434,0.011154720522646095,6.045998768338011e-06
256.282,0.011603845830110182,-0.0003055784461540493,256.534,0.011163932825392062,6.05593066158881e-06
256.382,0.01161766419178563,-0.0003055804291278719,256.634,0.011173145128184986,6.065870664246927e-06
256.582,0.011631482558776487,-0.00030558239233967907,256.734,0.011182357431024931,6.075818776210758e-06
256.582,0.011631482558776487,-0.00030558239233967907,256.834,0.011191569733911878,6.085774997378607e-06
256.682,0.011645813941907052,-0.00030565371335511155,256.934,0.011200782036845847,6.095739327648839e-06
256.682,0.011645813941907052,-0.00030565371335511155,257.034,0.011209994339826692,6.105711766919618e-06
256.882,0.011659632311529167,-0.000305655635567595,257.134,0.011219206642854572,6.1156923150894635e-06
256.982,0.011673450679121383,-0.00030565754099778507,257.234,0.011228418945929412,6.125680972056614e-06
256.982,0.011673450679121383,-0.00030565754099778507,257.334,0.011237631249051137,6.1356777377193415e-06
257.182,0.011687269046104209,-0.0003056594267063477,257.434,0.011246843552219835,6.145682611976083e-06
257.382,0.011705693529538508,-0.00030566191355227933,257.534,0.011256055855435506,6.15569559472517e-06
257.382,0.011705693529538508,-0.00030566191355227933,257.634,0.01126526815869807,6.16571668586486e-06
257.482,0.01171951190273495,-0.00030566375818102417,257.734,0.011274480462007562,6.175745885293539e-06
257.682,0.011733330274935946,-0.00030566558308690005,257.834,0.011283692765363914,6.18578319290947e-06
257.682,0.011733330274935946,-0.00030566558308690005,257.934,0.011292905068767156,6.1958286086110416e-06
257.782,0.011747148642534042,-0.0003056673912148266,258.034,0.011302117372217242,6.20588213229654e-06
257.982,0.011760967014959054,-0.0003056691796070831,258.134,0.011311329675714315,6.215943763864483e-06
257.982,0.011760967014959054,-0.0003056691796070831,258.234,0.011320541979258253,6.226013503213067e-06
258.082,0.011774785390172309,-0.00030567095127203604,258.334,0.01132975428284897,6.236091350240558e-06
258.282,0.011790677470890593,-0.0003048575457789365,258.434,0.01133896658648664,6.246177304845499e-06
258.282,0.011790677470890593,-0.0003048575457789365,258.534,0.011348178890171019,6.256271366925985e-06
258.382,0.01180449583893128,-0.0003048592880047799,258.634,0.011357391193902357,6.266373536380647e-06
258.382,0.01180449583893128,-0.0003048592880047799,258.734,0.011366603497680447,6.2764838131075965e-06
