MCL_Timestamp,MCL_X,MCL_Y,Odom_Timestamp,Odom_X,Odom_Y
142.391,0.0010150157300060907,-0.00026751040391260144,142.647,0.0006715210818590285,2.4292941211047115e-08
142.591,0.0010288339928774632,-0.00026752632164328934,142.747,0.000680733325147444,2.493045010303039e-08
142.591,0.0010288339928774632,-0.00026752632164328934,142.847,0.0006899455685036319,2.5576184929158535e-08
142.691,0.0010448545554869444,-0.000268387020785631,142.947,0.000699157811927296,2.6230145586263423e-08
142.891,0.0010594679084997476,-0.00026816082051588346,143.047,0.000708370055417919,2.6892331971164524e-08
142.891,0.0010594679084997476,-0.00026816082051588346,143.147,0.0007175822989751595,2.7562743980696067e-08
142.991,0.0010732861650265787,-0.0002681766831955041,143.247,0.0007267945425985668,2.8241381511686744e-08
143.191,0.0010871044264675563,-0.0002681925258539647,143.347,0.0007360067862878454,2.8928244460977728e-08
143.191,0.0010871044264675563,-0.0002681925258539647,143.447,0.0007452190300425867,2.9623332725403946e-08
143.291,0.0011009226877890614,-0.0002682083514995936,143.547,0.00075443127386254,3.032664620181513e-08
143.491,0.001116166618512125,-0.00026674596232423314,143.647,0.0007636435177472989,3.103818478705118e-08
143.491,0.001116166618512125,-0.00026674596232423314,143.747,0.000772855761696655,3.175794837796722e-08
143.591,0.00112998488039333,-0.0002667617542115923,143.847,0.0007820680057102907,3.248593687141175e-08
143.791,0.001145785805773154,-0.0002669028927192412,143.947,0.0007912802497879543,3.322215016423951e-08
143.791,0.001145785805773154,-0.0002669028927192412,144.047,0.0008004924939293047,3.3966588153300605e-08
143.891,0.0011598429955534406,-0.0002655094151222609,144.147,0.0008097047381341584,3.4719250735459526e-08
144.091,0.001173422324601661,-0.00026693437836417666,144.247,0.000818916982402352,3.548013780758271e-08
144.091,0.001173422324601661,-0.00026693437836417666,144.347,0.0008281292267335228,3.6249249266523376e-08
144.191,0.0011874795273896757,-0.0002655408661642696,144.447,0.0008373414711275077,3.702658500915351e-08
144.191,0.0011874795273896757,-0.0002655408661642696,144.547,0.0008465537155841446,3.781214493234612e-08
144.391,0.0012012977898801767,-0.0002655565631833208,144.647,0.000855765960103204,3.860592893296966e-08
144.591,0.001223165941934235,-0.0002658733387479808,144.747,0.0008649782046844118,3.940793690789318e-08
144.591,0.001223165941934235,-0.0002658733387479808,144.847,0.0008741904493276938,4.0218168754003514e-08
144.691,0.0012384544596739876,-0.0002660934199724561,144.947,0.0008834026940327777,4.10366243681705e-08
144.891,0.0012527626461894298,-0.00026593736240886377,145.047,0.0008926149387996322,4.186330364728754e-08
144.891,0.0012527626461894298,-0.00026593736240886377,145.147,0.0009018271836279841,4.2698206488226756e-08
144.991,0.0012665809096021087,-0.00026595297121144614,145.247,0.000911039428517671,4.354133278787302e-08
145.191,0.001280399171978087,-0.0002659685599868406,145.347,0.0009202516734686184,4.439268244312048e-08
145.191,0.001280399171978087,-0.0002659685599868406,145.447,0.0009294639184806645,4.5252255350856e-08
145.291,0.001291720978738312,-0.00026521478109412455,145.547,0.0009386761635535343,4.612005140795871e-08
145.491,0.0013080357024816607,-0.0002659996835630453,145.647,0.000947888408687243,4.6996070511335865e-08
145.491,0.0013080357024816607,-0.0002659996835630453,145.747,0.0009571006538815834,4.788031255787409e-08
145.591,0.0013193575151450804,-0.00026524588983529925,145.847,0.0009663128991365485,4.87727774444819e-08
145.791,0.0013345228950139099,-0.00026521745156271175,145.947,0.0009755251444518201,4.967346506803798e-08
145.791,0.0013345228950139099,-0.00026521745156271175,146.047,0.0009847373898274345,5.0582375325458354e-08
145.891,0.0013469940477349048,-0.0002652769246109848,146.147,0.0009939496352632533,5.149950811364203e-08
146.091,0.0013608123152586524,-0.0002652924134226195,146.247,0.0010031618807591117,5.2424863329488445e-08
146.091,0.0013608123152586524,-0.0002652924134226195,146.347,0.001012374126314916,5.3358440869904705e-08
146.191,0.0013746305792639044,-0.0002653078853487973,146.447,0.0010215863719306784,5.43002406318108e-08
146.391,0.0013884488464542628,-0.00026532333720503395,146.547,0.001030798617606057,5.525026251209025e-08
146.391,0.0013884488464542628,-0.00026532333720503395,146.647,0.0010400108633412037,5.620850640768019e-08
146.491,0.0014022671092215493,-0.0002653387720497575,146.747,0.0010492231091358873,5.717497221547833e-08
146.691,0.0014166746473513658,-0.00026529223282316806,146.847,0.0010584353549901236,5.814965983240931e-08
146.691,0.0014166746473513658,-0.00026529223282316806,146.947,0.0010676476009037264,5.913256915537968e-08
146.791,0.0014304929125718371,-0.00026530762667254117,147.047,0.0010768598468766885,6.01237000813161e-08
146.991,0.0014443111814032676,-0.0002653230005671792,147.147,0.0010860720929088267,6.11230525071282e-08
146.991,0.0014443111814032676,-0.0002653230005671792,147.247,0.001095284339000153,6.213062632974731e-08
147.091,0.0014581294474674024,-0.00026533835740912123,147.347,0.0011044965851505519,6.314642144609331e-08
147.091,0.0014581294474674024,-0.00026533835740912123,147.447,0.0011137088313599476,6.417043775309034e-08
147.291,0.0014737710182918806,-0.00026559095688170864,147.547,0.0011229210776282446,6.520267514766175e-08
147.491,0.0014921953692501315,-0.0002656113786381771,147.647,0.0011321333239554814,6.624313352674705e-08
147.491,0.0014921953692501315,-0.0002656113786381771,147.747,0.001141345570341537,6.729181278727113e-08
147.591,0.0015060136348743467,-0.00026562667421733656,147.847,0.0011505578167862944,6.834871282615921e-08
147.791,0.001519831901264448,-0.00026564194972964817,147.947,0.001159770063289701,6.941383354034483e-08
147.791,0.001519831901264448,-0.00026564194972964817,148.047,0.0011689823098517062,7.048717482676347e-08
147.891,0.0015336501675065435,-0.0002656572083146133,148.147,0.0011781945564722585,7.15687365823511e-08
148.091,0.0015474684387669607,-0.0002656724468222868,148.247,0.0011874068031513271,7.265851870404917e-08
148.091,0.0015474684387669607,-0.0002656724468222868,148.347,0.0011966190498887501,7.375652108878442e-08
148.191,0.001558854743396251,-0.0002641227569433169,148.447,0.0012058312966846095,7.486274363351384e-08
148.391,0.0015726730158303907,-0.00026413797017824065,148.547,0.0012150435435387197,7.597718623516373e-08
148.391,0.0015726730158303907,-0.00026413797017824065,148.647,0.00122425579045125,7.709984879070536e-08
148.591,0.0015902126169077685,-0.0002648882012330988,148.747,0.0012334680374218399,7.823073119704452e-08
148.591,0.0015902126169077685,-0.0002648882012330988,148.847,0.0012426802844506142,7.936983335114904e-08
148.691,0.0016003095607251704,-0.00026416834262652655,148.947,0.001251892531537498,8.051715514996383e-08
148.891,0.001614127825471763,-0.0002641835003664143,149.047,0.001261104778682463,8.16726964904407e-08
148.891,0.001614127825471763,-0.0002641835003664143,149.147,0.0012703170258853906,8.283645726952254e-08
148.991,0.0016328071371806208,-0.000264174296001535,149.247,0.0012795292731463202,8.400843738417271e-08
149.191,0.0016466254095988747,-0.00026418940903874587,149.347,0.001288741520465174,8.518863673134186e-08
149.191,0.0016466254095988747,-0.00026418940903874587,149.447,0.0012979537678418553,8.637705520797796e-08
149.291,0.0016604436774301273,-0.00026420450522726327,149.547,0.0013071660152764043,8.757369271104797e-08
149.491,0.001674261948241674,-0.0002642195812814445,149.647,0.001316378262768658,8.87785491374949e-08
149.491,0.001674261948241674,-0.0002642195812814445,149.747,0.001325590510318785,8.999162438430723e-08
149.591,0.001683474127838267,-0.00026422962226222785,149.847,0.0013348027579265797,9.121291834842338e-08
149.791,0.0017018984932027107,-0.0002642496795443937,149.947,0.0013440150055920336,9.244243092680863e-08
149.791,0.0017018984932027107,-0.0002642496795443937,150.047,0.0013532272533151187,9.368016201642968e-08
149.891,0.0017157167691815474,-0.00026426470172159045,150.147,0.0013624395010958267,9.492611151425703e-08
150.091,0.0017295350458191561,-0.0002642797038370426,150.247,0.0013716517489339953,9.618027931724066e-08
150.091,0.0017295350458191561,-0.0002642797038370426,150.347,0.0013808639968297715,9.744266532237367e-08
150.191,0.001743353311401599,-0.00026429468902569803,150.447,0.0013900762447830145,9.871326942661147e-08
150.391,0.001757171584392813,-0.0002643096541802845,150.547,0.0013992884927936525,9.999209152691872e-08
150.391,0.001757171584392813,-0.0002643096541802845,150.647,0.0014085007408617665,1.0127913152028353e-07
150.591,0.0017709898564717066,-0.00026432460101368383,150.747,0.0014177129889871918,1.0257438930366127e-07
150.591,0.0017709898564717066,-0.00026432460101368383,150.847,0.001426925237170011,1.0387786477404247e-07
150.691,0.001789414216131699,-0.00026434450353004444,150.947,0.0014361374854100631,1.0518955782838546e-07
150.891,0.0018032324894219193,-0.0002643594070716776,151.047,0.0014453497337075167,1.0650946836369864e-07
150.891,0.0018032324894219193,-0.0002643594070716776,151.147,0.0014545619820621647,1.0783759627693558e-07
150.991,0.0018170507644947,-0.00026437429365504326,151.247,0.0014637742304740653,1.091739414650893e-07
151.191,0.00183088286984205,-0.0002643056732171943,151.347,0.001472986478943124,1.1051850382513436e-07
151.191,0.00183088286984205,-0.0002643056732171943,151.447,0.0014821987274693553,1.1187128325406144e-07
151.291,0.001844701142724951,-0.00026432052077786475,151.547,0.0014914109760527515,1.132322796488585e-07
151.491,0.0018585194168736208,-0.0002643353482587219,151.647,0.0015006232246931948,1.1460149290649819e-07
151.491,0.0018585194168736208,-0.0002643353482587219,151.747,0.001509835473390789,1.1597892292398759e-07
151.591,0.001872337685776942,-0.00026435015885480746,151.847,0.001519047722145371,1.1736456959829541e-07
151.791,0.001886155963233943,-0.00026436494938543773,151.947,0.0015282599709569998,1.1875843282642568e-07
151.791,0.001886155963233943,-0.00026436494938543773,152.047,0.0015374722198256256,1.2016051250536616e-07
151.891,0.0018999742310723954,-0.0002643797229756258,152.147,0.0015466844687512396,1.2157080853211175e-07
152.091,0.0019137925039557568,-0.0002643944765836047,152.247,0.0015558967177337674,1.2298932080364886e-07
152.091,0.0019137925039557568,-0.0002643944765836047,152.347,0.0015651089667732454,1.2441604921698405e-07
152.191,0.001927610774370736,-0.0002644092131890143,152.447,0.0015743212158696224,1.2585099366911104e-07
152.391,0.001941429052175174,-0.00026442392983254767,152.547,0.0015835334650228248,1.2729415405701956e-07
152.391,0.001941429052175174,-0.00026442392983254767,152.647,0.0015927457142328922,1.2874553027771968e-07
152.491,0.0019586724016817476,-0.00026049772668617087,152.747,0.001601957963499748,1.3020512222820493e-07
152.691,0.001971081706498822,-0.00026128466488358236,152.847,0.0016111702128234736,1.3167292980549498e-07
152.691,0.001971081706498822,-0.00026128466488358236,152.947,0.0016203824622039518,1.3314895290657942e-07
152.791,0.001986308950775361,-0.000260527097503487,153.047,0.001629594711641151,1.346331914284616e-07
152.991,0.0020001272326597695,-0.00026054175440127743,153.147,0.0016388069611351103,1.3612564526815845e-07
152.991,0.0020001272326597695,-0.00026054175440127743,153.247,0.0016480192106857105,1.3762631432266168e-07
153.191,0.0020139455078141593,-0.0002605563927923491,153.347,0.0016572314602930345,1.391351984889975e-07
153.191,0.0020139455078141593,-0.0002605563927923491,153.447,0.0016664437099569625,1.406522976641624e-07
153.291,0.0020323698675979683,-0.00026057588454470254,153.547,0.0016756559596776196,1.421776117451926e-07
153.491,0.0020461881379352054,-0.0002605904798020024,153.647,0.0016848682094548454,1.4371114062907717e-07
153.491,0.0020461881379352054,-0.0002605904798020024,153.747,0.0016940804592886975,1.4525288421284393e-07
153.591,0.002060006416284688,-0.0002606050581671772,153.847,0.0017032927091791255,1.4680284239350269e-07
153.791,0.0020738246917765494,-0.0002606196165108061,153.947,0.0017125049591261428,1.4836101506807807e-07
153.791,0.0020738246917765494,-0.0002606196165108061,154.047,0.0017217172091296537,1.4992740213357547e-07
153.891,0.0020830796197646205,-0.00026150807726745657,154.147,0.0017309294591896973,1.5150200348702442e-07
154.091,0.0021014612385615713,-0.0002606486791984452,154.247,0.00174014170930622,1.5308481902544135e-07
154.091,0.0021014612385615713,-0.0002606486791984452,154.347,0.0017493539594792141,1.546758486458514e-07
154.191,0.0021107161680934713,-0.00026153712027642977,154.447,0.0017585662097086509,1.5627509224527578e-07
154.391,0.0021245344441130397,-0.00026155161324620946,154.547,0.0017677784599946125,1.578825497207578e-07
154.391,0.0021245344441130397,-0.00026155161324620946,154.647,0.0017769907103369785,1.5949822096930726e-07
154.491,0.002138487763861772,-0.00026174454913241104,154.747,0.0017862029607356535,1.611221058879396e-07
154.691,0.002152306041199297,-0.00026175900591000276,154.847,0.0017954152111907876,1.627542043737133e-07
154.691,0.002152306041199297,-0.00026175900591000276,154.947,0.0018046274617022613,1.643945163236419e-07
154.791,0.0021661243186523837,-0.0002617734457940614,155.047,0.001813839712270133,1.6604304163477085e-07
154.991,0.0021799425981365445,-0.00026178786559198473,155.147,0.001823051962894264,1.6769978020411095e-07
154.991,0.0021799425981365445,-0.00026178786559198473,155.247,0.001832264213574756,1.6936473192871822e-07
155.091,0.0021937608692918806,-0.00026180229311662976,155.347,0.0018414764643115812,1.7103789670562743e-07
155.291,0.0022078939996860204,-0.0002623787568214583,155.447,0.0018506887151045748,1.7271927443184849e-07
155.291,0.0022078939996860204,-0.0002623787568214583,155.547,0.0018599009659539761,1.744088650044659e-07
155.491,0.0022221372721857725,-0.00026105728917663807,155.647,0.0018691132168595754,1.7610666832048462e-07
155.491,0.0022221372721857725,-0.00026105728917663807,155.747,0.0018783254678213684,1.7781268427694848e-07
155.591,0.0022405616378746414,-0.0002610764285181313,155.847,0.001887537718839412,1.7952691277091305e-07
155.791,0.0022543799118858172,-0.0002610907595240995,155.947,0.0018967499699136352,1.8124935369941217e-07
155.791,0.0022543799118858172,-0.0002610907595240995,156.047,0.0019059622210440051,1.8298000695948913e-07
155.891,0.0022681981896049523,-0.0002611050734872061,156.147,0.0019151744722306484,1.847188724482159e-07
155.891,0.0022681981896049523,-0.0002611050734872061,156.247,0.0019243867234733363,1.8646595006259875e-07
156.091,0.002282016474829656,-0.000261119367530836,156.347,0.0019335989747721063,1.8822123969969733e-07
156.291,0.002301459925841481,-0.0002615846794709088,156.447,0.0019428112261270386,1.8998474125658058e-07
156.291,0.002301459925841481,-0.0002615846794709088,156.547,0.00195202347753815,1.9175645463030537e-07
156.391,0.002317094108915516,-0.00026258935875593206,156.647,0.001961235729005256,1.935363797178927e-07
156.591,0.0023297318280102062,-0.00026103792333806073,156.747,0.0019704479805284546,1.9532451641642165e-07
156.591,0.0023297318280102062,-0.00026103792333806073,156.847,0.001979660232107724,1.9712086462294635e-07
156.691,0.0023453644820704647,-0.0002620850358969939,156.947,0.0019888724837429862,1.989254242345119e-07
156.891,0.0023642503927183093,-0.00026203585381914525,157.047,0.0019980847354343916,2.0073819514820858e-07
156.891,0.0023642503927183093,-0.00026203585381914525,157.147,0.0020072969871816853,2.0255917726104858e-07
156.991,0.0023780686736552593,-0.00026205003294234964,157.247,0.0020165092389850398,2.0438837047013066e-07
157.191,0.0023918869516511964,-0.0002620641919168641,157.347,0.002025721490844337,2.0622577467249637e-07
157.191,0.0023918869516511964,-0.0002620641919168641,157.447,0.0020349337427596577,2.0807138976522766e-07
157.391,0.0024057052267743148,-0.0002620783325304145,157.547,0.002044145994730862,2.0992521564536442e-07
157.391,0.0024057052267743148,-0.0002620783325304145,157.647,0.00205335824675803,2.1178725220999223e-07
157.491,0.002424129592399602,-0.0002620971604696442,157.747,0.0020625704988411105,2.1365749935617087e-07
157.691,0.0024381602934760256,-0.00026086185420256093,157.847,0.0020717827509800727,2.1553595698096405e-07
157.791,0.002447372479245258,-0.00026087124347934034,157.947,0.002080995003174958,2.1742262498145386e-07
157.791,0.002447372479245258,-0.00026087124347934034,158.047,0.002090207255425712,2.1931750325470358e-07
157.991,0.002461718820186128,-0.0002615038701288541,158.147,0.002099419507732373,2.2122059169779534e-07
158.091,0.002476358798447749,-0.00025989405333047327,158.247,0.002108631760094798,2.2313189020777664e-07
158.091,0.002476358798447749,-0.00025989405333047327,158.347,0.002117844012513159,2.2505139868176076e-07
158.291,0.002490177079881821,-0.000259908090821856,158.447,0.0021270562649873385,2.2697911701680316e-07
158.291,0.002490177079881821,-0.000259908090821856,158.547,0.0021362685175172376,2.2891504510996278e-07
158.391,0.0025039953562990165,-0.00025992211132735196,158.647,0.0021454807701030065,2.3085918285835353e-07
158.591,0.0025224197335358017,-0.00025994077560500406,158.747,0.0021546930227445502,2.328115301590389e-07
158.591,0.0025224197335358017,-0.00025994077560500406,158.847,0.0021639052754418354,2.3477208690909815e-07
158.691,0.00253636610518054,-0.0002595639743446075,158.947,0.002173117528194968,2.3674085300563858e-07
158.891,0.002550056289128068,-0.0002599687104784054,159.047,0.002182329781003742,2.3871782834570175e-07
158.891,0.002550056289128068,-0.0002599687104784054,159.147,0.0021915420338683273,2.4070301282641225e-07
158.991,0.002564800544546013,-0.00025958941216665027,159.247,0.0022007542867885834,2.426964063448304e-07
159.191,0.0025778209442671005,-0.00025960579947200985,159.347,0.002209966539764613,2.446980087980688e-07
159.191,0.0025778209442671005,-0.00025960579947200985,159.447,0.0022191787927962558,2.4670782008318435e-07
159.291,0.002592437106221431,-0.00025961724661878336,159.547,0.0022283910458836334,2.4872584009729754e-07
159.491,0.002606255387197093,-0.00025963113532486185,159.647,0.002237603299026696,2.5075206873749187e-07
159.491,0.002606255387197093,-0.00025963113532486185,159.747,0.0022468155522253753,2.52786505900846e-07
159.591,0.0026200736652560374,-0.0002596450071061639,159.847,0.002256027805479656,2.5482915148445457e-07
159.791,0.002633826466521169,-0.00025933890982127416,159.947,0.0022652400587896884,2.568800053854486e-07
159.791,0.002633826466521169,-0.00025933890982127416,160.047,0.0022744523121551985,2.589390675008675e-07
159.891,0.002647644745783993,-0.00025935273373663506,160.147,0.0022836645655763812,2.6100633772785555e-07
160.091,0.0026614630329027914,-0.0002593665376335964,160.247,0.0022928768190531813,2.630818159635057e-07
160.091,0.0026614630329027914,-0.0002593665376335964,160.347,0.002302089072585528,2.651655021049062e-07
160.191,0.002675281313787653,-0.00025938032455904915,160.447,0.0023113013261734793,2.6725739604917434e-07
160.391,0.002689099589280585,-0.00025939409152823435,160.547,0.002320513579816964,2.6935749769339885e-07
160.391,0.002689099589280585,-0.00025939409152823435,160.647,0.0023297258335160348,2.714658069347018e-07
160.491,0.0027029178700049964,-0.00025940784150885567,160.747,0.00233893808727056,2.7358232367016045e-07
160.691,0.0027167361520753484,-0.0002594215715120066,160.847,0.0023481503410807047,2.7570704779692333e-07
160.691,0.0027167361520753484,-0.0002594215715120066,160.947,0.0023573625949462828,2.7783997921205987e-07
160.791,0.0027305544339492715,-0.0002594352846040495,161.047,0.002366574848867314,2.799811178126856e-07
160.791,0.0027305544339492715,-0.0002594352846040495,161.147,0.002375787102843919,2.821304634959432e-07
160.991,0.0027449354402121814,-0.0002579978503221792,161.247,0.002384999356875961,2.842880161589152e-07
161.191,0.0027633598171672414,-0.00025801608754948656,161.347,0.002394211610963475,2.864537756987271e-07
161.191,0.0027633598171672414,-0.00025801608754948656,161.447,0.002403423865106411,2.886277420124855e-07
161.291,0.002777178098645021,-0.00025802974469451813,161.547,0.0024126361193048057,2.908099149973175e-07
161.491,0.00279150945940108,-0.00025915288836374196,161.647,0.0024218483735586735,2.9300029455034817e-07
161.491,0.00279150945940108,-0.00025915288836374196,161.747,0.0024310606278679166,2.9519888056867723e-07
161.591,0.002806032200792374,-0.0002589164457752631,161.847,0.0024402728822325087,2.9740567294942e-07
161.791,0.002819146027391534,-0.00025918012177936044,161.947,0.002449485136652531,2.996206715897202e-07
161.791,0.002819146027391534,-0.00025918012177936044,162.047,0.002458697391127993,3.018438763867076e-07
161.991,0.002832964315819995,-0.0002591937100371213,162.147,0.0024679096456587837,3.0407528723747904e-07
161.991,0.002832964315819995,-0.0002591937100371213,162.247,0.0024771219002448935,3.0631490403916024e-07
162.091,0.002847487061277034,-0.0002589572220367667,162.347,0.0024863341548864008,3.085627266889007e-07
162.291,0.002865305238234162,-0.00025964063905893815,162.447,0.0024955464095832588,3.108187550838196e-07
162.291,0.002865305238234162,-0.00025964063905893815,162.547,0.002504758664335389,3.1308298912103056e-07
162.391,0.0028839174445379335,-0.00025967904701550956,162.647,0.0025139709191428976,3.153554286976929e-07
162.591,0.0028977357298304797,-0.0002596925719744328,162.747,0.002523183174005623,3.176360737109001e-07
162.591,0.0028977357298304797,-0.0002596925719744328,162.847,0.0025323954289236876,3.1992492405781925e-07
162.691,0.0029115540115606394,-0.00025970608004221375,162.947,0.0025416076838969976,3.222219796355622e-07
162.891,0.0029253722946225077,-0.0002597195680121455,163.047,0.002550819938925613,3.245272403412829e-07
162.891,0.0029253722946225077,-0.0002597195680121455,163.147,0.002560032194009481,3.268407060721087e-07
162.991,0.0029391905764494524,-0.000259733039190901,163.247,0.002569244449148595,3.291623767251782e-07
163.191,0.002953008861131349,-0.0002597464902778381,163.347,0.002578456704342904,3.3149225219761996e-07
163.191,0.002953008861131349,-0.0002597464902778381,163.447,0.002587668959592487,3.338303323866003e-07
163.291,0.0029668271493180037,-0.00025975992444943923,163.547,0.0025968812148972945,3.361766171892511e-07
163.491,0.002980645429738777,-0.00025977333861375724,163.647,0.0026060934702572943,3.3853110650271145e-07
163.491,0.002980645429738777,-0.00025977333861375724,163.747,0.002615305725672481,3.408938002241263e-07
163.591,0.0029944637160939196,-0.0002597867359145816,163.847,0.0026245179811428708,3.432646982506479e-07
163.791,0.003008282001414752,-0.00025980011319749996,163.947,0.0026337302366683446,3.456438004793961e-07
163.791,0.003008282001414752,-0.00025980011319749996,164.047,0.0026429424922490966,3.4803110680757187e-07
163.891,0.0030221002812075206,-0.0002598134735591527,164.147,0.002652154747884916,3.5042661713227516e-07
163.891,0.0030221002812075206,-0.0002598134735591527,164.247,0.002661367003575886,3.528303313506808e-07
164.091,0.0030405246562213743,-0.0002598312575899121,164.347,0.0026705792593219317,3.5524224935992426e-07
164.291,0.003054342943452498,-0.0002598445733483458,164.447,0.0026797915151232244,3.576623710572084e-07
164.291,0.003054342943452498,-0.0002598445733483458,164.547,0.0026890037709795577,3.6009069633963647e-07
164.491,0.0030681612323112755,-0.00025985787057042115,164.647,0.0026982160268909897,3.6252722510438156e-07
164.491,0.0030681612323112755,-0.00025985787057042115,164.747,0.0027074282828574493,3.649719572485861e-07
164.591,0.003087359660402241,-0.0002613076336860366,164.847,0.0027166405388790553,3.6742489266944513e-07
164.791,0.003100403897537916,-0.00025988882840066957,164.947,0.002725852794955672,3.6988603126408384e-07
164.791,0.003100403897537916,-0.00025988882840066957,165.047,0.0027350650510874273,3.723553729297e-07
164.891,0.0031149962282203854,-0.000261334127436095,165.147,0.002744277307274178,3.7483291756342013e-07
165.091,0.0031280404676679798,-0.00025991528298929204,165.247,0.002753489563515875,3.7731866506239776e-07
165.091,0.0031280404676679798,-0.00025991528298929204,165.347,0.0027627018198127322,3.7981261532385894e-07
165.191,0.003140808119839187,-0.0002613755455055182,165.447,0.002771914076164498,3.823147682449055e-07
165.391,0.0031564510859870467,-0.00026137372882700213,165.547,0.0027811263325713603,3.8482512372276017e-07
165.391,0.0031564510859870467,-0.00026137372882700213,165.647,0.0027903385890331407,3.8734368165454485e-07
165.491,0.0031684446955454865,-0.00026140190962337535,165.747,0.0027995508455498728,3.898704419374418e-07
165.691,0.003182262979278536,-0.0002614150632339375,165.847,0.002808763102121683,3.9240540446865804e-07
165.691,0.003182262979278536,-0.0002614150632339375,165.947,0.002817975358748454,3.949485691453367e-07
165.791,0.0031960812663352142,-0.00026142819993515867,166.047,0.0028271876154301124,3.9749993586463396e-07
165.991,0.0032098995559971554,-0.0002614413166497258,166.147,0.002836399872166671,4.000595045237318e-07
165.991,0.0032098995559971554,-0.0002614413166497258,166.247,0.0028456121289581913,4.0262727501982805e-07
166.091,0.0032237178397117043,-0.0002614544164337213,166.347,0.0028548243858046406,4.052032472500957e-07
166.291,0.003240195692655772,-0.00025927920132131466,166.447,0.002864036642705947,4.0778742111169653e-07
166.291,0.003240195692655772,-0.00025927920132131466,166.547,0.0028732488996621934,4.1037979650183584e-07
166.491,0.0032540125925472323,-0.0002592886633693653,166.647,0.0028824611566733707,4.129803733176956e-07
166.491,0.0032540125925472323,-0.0002592886633693653,166.747,0.0028916734137393856,4.155891514564349e-07
166.591,0.003268395669002362,-0.000259252231265389,166.847,0.0029008856708602716,4.182061308152521e-07
166.791,0.0032868200425428917,-0.0002592695908277525,166.947,0.0029100979280359766,4.2083131129132066e-07
166.791,0.0032868200425428917,-0.0002592695908277525,167.047,0.0029193101852665634,4.2346469278184697e-07
166.891,0.003300753645447478,-0.00026102490787641955,167.147,0.0029285224425520035,4.261062751840134e-07
167.091,0.0033141312424431295,-0.0002600810282742437,167.247,0.0029377346998922626,4.2875605839500516e-07
167.091,0.0033141312424431295,-0.0002600810282742437,167.347,0.0029469469572874244,4.314140423120393e-07
167.191,0.003328397914331221,-0.00026103294968151796,167.447,0.002956159214737282,4.3408022683224963e-07
167.391,0.0033422162162545102,-0.0002610459024306996,167.547,0.002965371472241983,4.36754611852875e-07
167.391,0.0033422162162545102,-0.0002610459024306996,167.647,0.002974583729801411,4.3943719727107814e-07
167.491,0.0033571571913011055,-0.00026196295654732233,167.747,0.002983795987415645,4.4212798298408175e-07
167.691,0.0033698527831256173,-0.00026107173380987363,167.847,0.0029930082450847256,4.448269688890962e-07
167.691,0.0033698527831256173,-0.00026107173380987363,167.947,0.0030022205028085312,4.475341548832889e-07
167.791,0.003384793766555971,-0.0002619887616587276,168.047,0.00301143276058701,4.502495408638489e-07
167.991,0.0033974893987646524,-0.0002610974396543048,168.147,0.0030206450184203115,4.529731267280239e-07
167.991,0.0033974893987646524,-0.0002610974396543048,168.247,0.003029857276308295,4.5570491237297636e-07
168.091,0.0034124303872016515,-0.00026201443446852174,168.347,0.003039069534251042,4.5844489769593704e-07
168.291,0.0034254533054453914,-0.0002612512570270805,168.447,0.003048281792248478,4.611930825940916e-07
168.291,0.0034254533054453914,-0.0002612512570270805,168.547,0.0030574940503005753,4.6394946696464145e-07
168.391,0.0034403957313532264,-0.00026217186567882215,168.647,0.0030667063084073715,4.6671405070480654e-07
168.391,0.0034403957313532264,-0.00026217186567882215,168.747,0.0030759185665688573,4.694868337117974e-07
168.591,0.003453089885668556,-0.00026127687018752665,168.847,0.003085130824785001,4.722678158828188e-07
168.791,0.003471514272066751,-0.0002612939046675202,168.947,0.0030943430830558676,4.7505699711510233e-07
168.791,0.003471514272066751,-0.0002612939046675202,169.047,0.0031035553413813334,4.778543773058266e-07
168.891,0.003486456697420452,-0.0002622144584972697,169.147,0.0031127675997613736,4.806599563521986e-07
169.091,0.003499150849675579,-0.0002613193948914206,169.247,0.0031219798581961318,4.834737341514812e-07
169.091,0.003499150849675579,-0.0002613193948914206,169.347,0.00313119211668549,4.862957106008581e-07
169.191,0.003514093274923569,-0.0002622399156823325,169.447,0.0031404043752294693,4.891258855975518e-07
169.391,0.0035267874313869006,-0.0002613448112564667,169.547,0.003149616633828034,4.919642590387767e-07
169.391,0.0035267874313869006,-0.0002613448112564667,169.647,0.0031588288924811808,4.948108308217545e-07
169.491,0.0035417298567585196,-0.0002622652991925274,169.747,0.0031680411511889653,4.976656008437267e-07
169.691,0.0035555467617787457,-0.0002622743598734701,169.847,0.0031772534099512493,5.005285690018737e-07
169.691,0.0035555467617787457,-0.0002622743598734701,169.947,0.003186465668768116,5.033997351934492e-07
169.791,0.0035718906725460305,-0.0002627189802197642,170.047,0.003195677927639534,5.062790993156732e-07
169.791,0.0035718906725460305,-0.0002627189802197642,170.147,0.003204890186565517,5.091666612657805e-07
169.991,0.003590313670699281,-0.0002627322025018076,170.247,0.0032141024455459685,5.120624209409719e-07
170.191,0.0036060155521115736,-0.00026160612647254793,170.347,0.0032233147045809744,5.149663782385037e-07
170.191,0.0036060155521115736,-0.00026160612647254793,170.447,0.003232526963670524,5.178785330556089e-07
170.291,0.003619833843669027,-0.00026161870773426684,170.547,0.0032417392228145446,5.20798885289497e-07
170.491,0.003633652138466686,-0.00026163126905187465,170.647,0.0032509514820130933,5.237274348374238e-07
170.491,0.003633652138466686,-0.00026163126905187465,170.747,0.003260163741266098,5.266641815966019e-07
170.591,0.003647470430588642,-0.00026164381344298397,170.847,0.0032693760005735937,5.296091254642819e-07
170.791,0.0036612887257698205,-0.00026165633804061213,170.947,0.003278588259935575,5.32562266337702e-07
170.791,0.0036612887257698205,-0.00026165633804061213,171.047,0.0032878005193519937,5.355236041140851e-07
170.891,0.0036751070167869203,-0.000261668845398869,171.147,0.003297012778822838,5.384931386906724e-07
171.091,0.003688925307256554,-0.000261681332937963,171.247,0.0033062250383481245,5.414708699647126e-07
171.091,0.003688925307256554,-0.000261681332937963,171.347,0.003315437297927845,5.444567978334486e-07
171.191,0.0037027435987678835,-0.00026169380352563044,171.447,0.003324649557562015,5.474509221941286e-07
171.391,0.003716561889663958,-0.00026170625417844555,171.547,0.0033338618172505177,5.504532429439622e-07
171.391,0.003716561889663958,-0.00026170625417844555,171.647,0.0033430740769935423,5.534637599802626e-07
171.591,0.003729257395384637,-0.00026081422104110415,171.747,0.0033522863367908616,5.564824732002049e-07
171.691,0.003744198477329173,-0.0002617311016941891,171.847,0.0033614985966426026,5.595093825010826e-07
171.691,0.003744198477329173,-0.0002617311016941891,171.947,0.0033707108565487337,5.625444877801377e-07
171.891,0.003756893983486612,-0.0002608390277970749,172.047,0.0033799231165092055,5.655877889346086e-07
171.891,0.003756893983486612,-0.0002608390277970749,172.147,0.0033891353765240105,5.686392858617471e-07
171.991,0.0037718350651679187,-0.00026175587543875856,172.247,0.003398347636593139,5.716989784588043e-07
172.191,0.003790259463810919,-0.00026177235023809955,172.347,0.0034075598967166078,5.747668666230452e-07
172.191,0.003790259463810919,-0.00026177235023809955,172.447,0.003416772156894431,5.778429502517332e-07
172.291,0.0038040777530103484,-0.0002617846856072355,172.547,0.0034259844171265993,5.809272292421271e-07
172.491,0.003824068421195276,-0.0002625674816819203,172.647,0.0034351966774130434,5.840197034914637e-07
172.491,0.003824068421195276,-0.0002625674816819203,172.747,0.003444408937753731,5.871203728969942e-07
172.591,0.003837886716219949,-0.00026257978068989357,172.847,0.0034536211981487227,5.902292373560025e-07
172.791,0.0038517050146381158,-0.0002625920597211523,172.947,0.0034628334585980335,5.933462967657585e-07
172.791,0.0038517050146381158,-0.0002625920597211523,173.047,0.0034720457191015877,5.964715510235033e-07
172.891,0.0038655233049736054,-0.0002626043218397579,173.147,0.0034812579796594024,5.996050000265117e-07
173.091,0.003879822395347449,-0.0002627587685874361,173.247,0.0034904702402714007,6.027466436720261e-07
173.091,0.003879822395347449,-0.0002627587685874361,173.347,0.0034996825009377566,6.058964818573745e-07
173.191,0.003894183096827415,-0.0002626620038745205,173.447,0.00350889476165826,6.090545144797588e-07
173.191,0.003894183096827415,-0.0002626620038745205,173.547,0.0035181070224329955,6.122207414364784e-07
173.391,0.003908001395801866,-0.0002626742033591814,173.647,0.0035273192832619544,6.15395162624804e-07
173.591,0.0039264257843986145,-0.00026269044157191585,173.747,0.0035365315441450627,6.185777779419855e-07
173.591,0.0039264257843986145,-0.00026269044157191585,173.847,0.0035457438050823555,6.217685872853136e-07
173.691,0.003940244076058198,-0.00026270259947893873,173.947,0.0035549560660739204,6.249675905520976e-07
173.891,0.003954062371788319,-0.0002627147374908883,174.047,0.0035641683271196113,6.281747876395688e-07
173.891,0.003954062371788319,-0.0002627147374908883,174.147,0.0035733805882194876,6.313901784450289e-07
173.991,0.003967880672660415,-0.00026272685857326816,174.247,0.0035825928493735232,6.346137628657493e-07
174.191,0.003981698970254849,-0.00026273895966670726,174.347,0.0035918051105816415,6.378455407989846e-07
174.191,0.003981698970254849,-0.00026273895966670726,174.447,0.003601017371843969,6.410855121420634e-07
174.291,0.003996928151822596,-0.0002611939412534771,174.547,0.0036102296331603453,6.443336767922159e-07
174.491,0.004009335558283825,-0.0002627631080804403,174.647,0.0036194418945309378,6.475900346467893e-07
174.491,0.004009335558283825,-0.0002627631080804403,174.747,0.0036286541559555833,6.508545856030121e-07
174.591,0.00402456474194359,-0.00026121806747586806,174.847,0.0036378664174343653,6.541273295582038e-07
174.791,0.004038383036950463,-0.00026123010229099766,174.947,0.0036470786789671904,6.574082664096214e-07
174.791,0.004038383036950463,-0.00026123010229099766,175.047,0.003656290940554184,6.606973960546007e-07
174.891,0.004052201326771157,-0.000261242120197021,175.147,0.0036655032021951366,6.639947183903618e-07
175.091,0.004066019622483828,-0.0002612541180946047,175.247,0.003674715463890258,6.67300233314276e-07
175.091,0.004066019622483828,-0.0002612541180946047,175.347,0.003683927725639348,6.70613940723566e-07
175.291,0.004079837917019379,-0.00026126609761185644,175.447,0.003693139987442486,6.73935840515558e-07
175.291,0.004079837917019379,-0.00026126609761185644,175.547,0.0037023522492996667,6.77265932587549e-07
175.391,0.004097333092664384,-0.000261439924095441,175.647,0.003711564511210922,6.806042168368533e-07
175.591,0.00411327338848639,-0.00025812817117956097,175.747,0.0037207767731761423,6.839506931607282e-07
175.591,0.00411327338848639,-0.00025812817117956097,175.847,0.0037299890351953796,6.873053614564958e-07
175.691,0.004126162296608639,-0.0002582980756952884,175.947,0.0037392012972686513,6.906682216214674e-07
175.891,0.004139980595115772,-0.0002583099834033692,176.047,0.003748413559395862,6.94039273552912e-07
175.891,0.004139980595115772,-0.0002583099834033692,176.147,0.003757625821577047,6.974185171481478e-07
175.991,0.004153798883836165,-0.00025832187439863433,176.247,0.0037668380838121987,7.008059523044788e-07
176.191,0.004167617181870727,-0.0002583337451717782,176.347,0.003776050346101358,7.042015789192296e-07
176.191,0.004167617181870727,-0.0002583337451717782,176.447,0.0037852626084444257,7.076053968896746e-07
176.291,0.004181437875740392,-0.0002583957447849375,176.547,0.003794474870841483,7.110174061131527e-07
176.491,0.004195253773536586,-0.0002583574333298296,176.647,0.0038036871332924366,7.144376064869424e-07
176.491,0.004195253773536586,-0.0002583574333298296,176.747,0.0038128993957973244,7.178659979083715e-07
176.591,0.004209296039766586,-0.000257475440346459,176.847,0.003822111658356157,7.213025802747606e-07
176.791,0.004222892764892323,-0.0002584311927417699,176.947,0.0038313239209688643,7.247473534833992e-07
176.791,0.004222892764892323,-0.0002584311927417699,177.047,0.0038405361836354383,7.28200317431603e-07
176.991,0.004236708662139593,-0.0002583928262133562,177.147,0.0038497484463559566,7.316614720167214e-07
177.091,0.004250750925587581,-0.0002575107967808473,177.247,0.00385896070913028,7.351308171360205e-07
177.091,0.004250750925587581,-0.0002575107967808473,177.347,0.0038681729719585584,7.386083526868781e-07
177.291,0.0042703999435333,-0.00025753496854604395,177.447,0.003877385234840674,7.420940785665718e-07
177.291,0.0042703999435333,-0.00025753496854604395,177.547,0.003886597497776578,7.455879946724069e-07
177.391,0.004288824334617066,-0.0002575505937945041,177.647,0.0038958097607663254,7.490901009017337e-07
177.591,0.004303274700728099,-0.0002577423831778222,177.747,0.003905022023809956,7.526003971518912e-07
177.591,0.004303274700728099,-0.0002577423831778222,177.847,0.003914234286907413,7.561188833201879e-07
177.691,0.004317092995736429,-0.0002577540602617201,177.947,0.003923446550058698,7.596455593039498e-07
177.891,0.0043309112985214365,-0.00025776571741297264,178.047,0.0039326588132636885,7.631804250004624e-07
177.891,0.0043309112985214365,-0.00025776571741297264,178.147,0.003941871076522549,7.667234803071222e-07
177.991,0.004344729597592117,-0.00025777735762825144,178.247,0.003951083339835191,7.702747251212259e-07
178.191,0.004358547896568603,-0.00025778897792534314,178.347,0.0039602956032016,7.738341593401066e-07
178.191,0.004358547896568603,-0.00025778897792534314,178.447,0.003969507866621824,7.774017828611145e-07
178.291,0.004372366190645353,-0.000257800581362466,178.547,0.003978720130095781,7.80977595581556e-07
178.491,0.004386184497307633,-0.00025781216479725473,178.647,0.003987932393623467,7.845615973987671e-07
178.491,0.004386184497307633,-0.00025781216479725473,178.747,0.00399714465720489,7.881537882100939e-07
178.691,0.004400002799344609,-0.0002578237298051336,178.847,0.004006356920840136,7.917541679129082e-07
178.691,0.004400002799344609,-0.0002578237298051336,178.947,0.004015569184529003,7.95362736404472e-07
178.791,0.004418852249921557,-0.0002579447959812295,179.047,0.004024781448271611,7.989794935821762e-07
178.991,0.00443267054923205,-0.0002579563126204487,179.147,0.00403399371206798,8.026044393433704e-07
178.991,0.00443267054923205,-0.0002579563126204487,179.247,0.0040432059759180124,8.062375735853646e-07
179.091,0.00444648884965938,-0.0002579678124598066,179.347,0.004052418239821699,8.098788962055026e-07
179.291,0.00446102455320038,-0.000258046610429612,179.447,0.004061630503779079,8.135284071011472e-07
179.291,0.00446102455320038,-0.000258046610429612,179.547,0.004070842767790121,8.17186106169637e-07
179.391,0.0044748428522546355,-0.0002580580691848015,179.647,0.004080055031854837,8.20851993308327e-07
179.391,0.0044748428522546355,-0.0002580580691848015,179.747,0.004089267295973205,8.245260684145574e-07
179.591,0.004488661151045788,-0.00025806950802325496,179.847,0.004098479560145167,8.282083313856615e-07
179.791,0.004507085548912361,-0.000258084732134044,179.947,0.004107691824370897,8.318987821190645e-07
179.791,0.004507085548912361,-0.000258084732134044,180.047,0.0041169040886501,8.355974205120043e-07
179.891,0.004520903849007261,-0.00025809612950204936,180.147,0.004126116352983031,8.393042464619415e-07
180.091,0.004534722150803631,-0.0002581075069452047,180.247,0.004135328617369439,8.430192598661345e-07
180.091,0.004534722150803631,-0.0002581075069452047,180.347,0.004144540881809591,8.467424606220463e-07
180.191,0.004548540452674414,-0.0002581188676439922,180.447,0.004153753146303269,8.504738486269538e-07
180.391,0.004562358753478408,-0.0002581302080622643,180.547,0.004162965410850516,8.542134237782341e-07
180.391,0.004562358753478408,-0.0002581302080622643,180.647,0.004172177675451365,8.579611859732656e-07
180.491,0.0045761770550104015,-0.00025814153179622097,180.747,0.004181389940105684,8.617171351093556e-07
180.691,0.004590539589247422,-0.00025719862986999133,180.847,0.004190602204813657,8.654812710839519e-07
180.691,0.004590539589247422,-0.00025719862986999133,180.947,0.004199814469575104,8.692535937943421e-07
180.791,0.004604357890961234,-0.00025720992007504805,181.047,0.004209026734390122,8.7303410313794e-07
180.991,0.004618176192073841,-0.00025722119028129763,181.147,0.004218238999258626,8.768227990120758e-07
180.991,0.004618176192073841,-0.00025722119028129763,181.247,0.004227451264180692,8.806196813141546e-07
181.191,0.004634017654347096,-0.00025771586228706114,181.347,0.004236663529156247,8.844247499415179e-07
181.191,0.004634017654347096,-0.00025771586228706114,181.447,0.004245875794185347,8.882380047915656e-07
181.291,0.0046537113973142445,-0.00025641779508723574,181.547,0.004255088059267811,8.920594457615971e-07
181.491,0.00466626036465337,-0.00025774204693736777,181.647,0.004264300324403831,8.958890727490676e-07
181.491,0.00466626036465337,-0.00025774204693736777,181.747,0.004273512589593394,8.997268856513542e-07
181.591,0.004681348000239632,-0.00025644020177055955,181.847,0.004282724854836301,9.035728843657487e-07
181.791,0.0046938969735703644,-0.00025776441105082517,181.947,0.004291937120132756,9.074270687897207e-07
181.791,0.0046938969735703644,-0.00025776441105082517,182.047,0.004301149385482612,9.112894388205832e-07
181.891,0.0047089846130041494,-0.00025646253481349866,182.147,0.004310361650885871,9.151599943557252e-07
182.091,0.004722802911641861,-0.00025647367292735854,182.247,0.004319573916342599,9.190387352925555e-07
182.091,0.004722802911641861,-0.00025647367292735854,182.347,0.004328786181852679,9.229256615284092e-07
182.291,0.00473535188092664,-0.0002577978182468831,182.447,0.004337998447416277,9.268207729607456e-07
182.291,0.00473535188092664,-0.0002577978182468831,182.547,0.00434721071303319,9.307240694868653e-07
182.391,0.004755045624478269,-0.0002564995928035629,182.647,0.004356422978703494,9.346355510041915e-07
182.591,0.004768863929940484,-0.00025651066955930394,182.747,0.004365635244427229,9.385552174101297e-07
182.591,0.004768863929940484,-0.00025651066955930394,182.847,0.004374847510204322,9.4248306860204e-07
182.691,0.004782682235445153,-0.0002565217293817421,182.947,0.004384059776034768,9.464191044773126e-07
182.691,0.004782682235445153,-0.0002565217293817421,183.047,0.004393272041918553,9.503633249333379e-07
182.891,0.004796500537275224,-0.00025653276930571263,183.147,0.004402484307855721,9.543157298675272e-07
183.091,0.004814924942669115,-0.00025654746155107506,183.247,0.004411696573846188,9.582763191772471e-07
183.091,0.004814924942669115,-0.00025654746155107506,183.347,0.004420908839890002,9.622450927599124e-07
183.191,0.004830666339995922,-0.00025514253629277834,183.447,0.004430121105987174,9.662220505129281e-07
183.391,0.004844484649106361,-0.00025515352391223487,183.547,0.004439333372137609,9.702071923336525e-07
183.391,0.004844484649106361,-0.00025515352391223487,183.647,0.004448545638341346,9.742005181195031e-07
183.491,0.0048583029498288945,-0.0002551644946134078,183.747,0.004457757904598375,9.782020277678822e-07
183.691,0.004872121252656972,-0.00025517544541219054,183.847,0.004466970170908688,9.822117211761915e-07
183.691,0.004872121252656972,-0.00025517544541219054,183.947,0.00447618243727226,9.86229598241825e-07
183.791,0.004889104731781373,-0.00025587345173922057,184.047,0.004485394703689079,9.90255658862185e-07
183.991,0.004902923034988546,-0.00025588436797479463,184.147,0.004494606970159202,9.942899029347055e-07
183.991,0.004902923034988546,-0.00025588436797479463,184.247,0.004503819236682561,9.983323303567643e-07
184.191,0.004916741340662582,-0.0002558952658425506,184.347,0.00451303150325915,1.0023829410257686e-06
184.191,0.004916741340662582,-0.0002558952658425506,184.447,0.004522243769889023,1.0064417348391557e-06
184.291,0.004935242675658383,-0.0002550403402066509,184.547,0.0045314560365720385,1.0105087116942789e-06
184.491,0.00495027299149319,-0.00025582246470149517,184.647,0.004540668303308261,1.0145838714885784e-06
184.491,0.00495027299149319,-0.00025582246470149517,184.747,0.0045498805700976775,1.0186672141194676e-06
184.591,0.00496409130243341,-0.0002558333077069624,184.847,0.004559092836940354,1.0227587394843922e-06
184.791,0.004977909607578614,-0.00025584413069269156,184.947,0.004568305103836168,1.0268584474807151e-06
184.791,0.004977909607578614,-0.00025584413069269156,185.047,0.004577517370785204,1.0309663380058935e-06
184.891,0.004991727915257559,-0.00025585493680883674,185.147,0.004586729637787321,1.0350824109572868e-06
185.091,0.005005546225043573,-0.00025586572298473635,185.247,0.004595941904842662,1.0392066662323839e-06
185.091,0.005005546225043573,-0.00025586572298473635,185.347,0.004605154171951183,1.0433391037285846e-06
185.191,0.005056514483837671,-0.0002614450945349715,185.447,0.004614366439112767,1.047479723343261e-06
185.191,0.005056514483837671,-0.0002614450945349715,185.547,0.004623578706327489,1.051628524973878e-06
185.391,0.005033182833325778,-0.0002558872416625094,185.647,0.004632790973595319,1.0557855085178485e-06
185.591,0.0050470011411806225,-0.0002558979726140366,185.747,0.004642003240916317,1.0599506738726274e-06
185.591,0.0050470011411806225,-0.0002558979726140366,185.847,0.004651215508290371,1.0641240209355913e-06
185.691,0.005103711984989698,-0.00026003948098918657,185.947,0.004660427775717598,1.0683055496042287e-06
185.891,0.005080382676060165,-0.0002544830035196135,186.047,0.0046696400431978455,1.0724952597758995e-06
185.891,0.005080382676060165,-0.0002544830035196135,186.147,0.0046788523107311845,1.0766931513480717e-06
185.991,0.005131348597218305,-0.00026006095101588963,186.247,0.004688064578317617,1.080899224218179e-06
186.191,0.0051080192913218305,-0.0002545043401696732,186.347,0.004697276845957042,1.0851134782836143e-06
186.191,0.0051080192913218305,-0.0002545043401696732,186.447,0.004706489113649542,1.08933591344185e-06
186.291,0.005159500767512728,-0.0002608406858034061,186.547,0.004715701381395199,1.0935665295903631e-06
186.491,0.0051728035166206015,-0.00026009301711294873,186.647,0.004724913649193808,1.0978053266265e-06
186.491,0.0051728035166206015,-0.00026009301711294873,186.747,0.0047341259170454435,1.10205230444774e-06
186.591,0.0051878545599689605,-0.00026099713928340123,186.847,0.004743338184950098,1.106307462951523e-06
186.591,0.0051878545599689605,-0.00026099713928340123,186.947,0.0047525504529077976,1.1105708020353e-06
186.791,0.005201157315319957,-0.0002602494157060444,187.047,0.004761762720918438,1.1148423215964723e-06
186.991,0.005219581724611597,-0.00026026356486235903,187.147,0.00477097498898208,1.119122021532512e-06
186.991,0.005219581724611597,-0.00026026356486235903,187.247,0.0047801872570986965,1.123409901740855e-06
187.091,0.005233915584986613,-0.0002610325131751589,187.347,0.004789399525268256,1.127705962118935e-06
187.291,0.005247733894992658,-0.00026104308472731287,187.447,0.004798611793490802,1.1320102025642225e-06
187.291,0.005247733894992658,-0.00026104308472731287,187.547,0.00480782406176641,1.1363226229742077e-06
187.391,0.005261552206478451,-0.00026105363939402614,187.647,0.004817036330094847,1.140643223246235e-06
187.591,0.005276542750984768,-0.00026003541532680554,187.747,0.0048262485984762425,1.1449720032778182e-06
187.591,0.005276542750984768,-0.00026003541532680554,187.847,0.004835460866910597,1.1493089629664087e-06
187.691,0.005290361056407691,-0.0002600459403089116,187.947,0.0048446731353978265,1.1536541022094302e-06
187.691,0.005290361056407691,-0.0002600459403089116,188.047,0.004853885403937971,1.158007420904358e-06
187.891,0.005308785473780834,-0.00026005994388140726,188.147,0.00486309767253102,1.162368918948647e-06
188.091,0.0053226037825521025,-0.0002600704243083169,188.247,0.004872309941176997,1.1667385962397654e-06
188.091,0.0053226037825521025,-0.0002600704243083169,188.347,0.0048815222098757705,1.1711164526751196e-06
188.191,0.005336379084504556,-0.0002588785386186659,188.447,0.004890734478627504,1.1755024881522414e-06
188.391,0.00535024040036626,-0.00026009133149096315,188.547,0.004899946747432073,1.1798967025685417e-06
188.391,0.00535024040036626,-0.00026009133149096315,188.647,0.004909159016289529,1.1842990958215112e-06
188.491,0.005364015704144844,-0.00025889941458788306,188.747,0.004918371285199791,1.1887096678085744e-06
188.691,0.005377877018553939,-0.00026011216506494897,188.847,0.004927583554162886,1.1931284184272157e-06
188.691,0.005377877018553939,-0.00026011216506494897,188.947,0.004936795823178848,1.1975553475749218e-06
188.791,0.005394770332932477,-0.00025938521443634064,189.047,0.00494600809224759,1.2019904551491181e-06
188.991,0.005408588641922336,-0.0002593955758334548,189.147,0.0049552203613691635,1.2064337410473056e-06
188.991,0.005408588641922336,-0.0002593955758334548,189.247,0.004964432630543524,1.210885205166936e-06
189.091,0.005422406951044743,-0.00025940592061813813,189.347,0.004973644899770684,1.2153448474054876e-06
189.291,0.005436225259320073,-0.0002594162454332949,189.447,0.004982857169050616,1.219812667660423e-06
189.291,0.005436225259320073,-0.0002594162454332949,189.547,0.004992069438383311,1.224288665829217e-06
189.391,0.005450043570596415,-0.0002594265534253002,189.647,0.005001281707768804,1.2287728418093644e-06
189.391,0.005450043570596415,-0.0002594265534253002,189.747,0.005010493977207046,1.2332651954983202e-06
189.591,0.005464499006773587,-0.00025830098406994434,189.847,0.005019706246698051,1.2377657267935716e-06
189.791,0.005478317318954642,-0.0002583112546039083,189.947,0.00502891851624181,1.2422744355925994e-06
189.791,0.005478317318954642,-0.0002583112546039083,190.047,0.005038130785838254,1.24679132179285e-06
189.891,0.005496770668562288,-0.00025832044669268445,190.147,0.005047343055487521,1.2513163852918795e-06
190.091,0.0055105600329649115,-0.0002583351503193233,190.247,0.005056555325189442,1.2558496259870837e-06
190.091,0.0055105600329649115,-0.0002583351503193233,190.347,0.005065767594944156,1.2603910437760226e-06
190.191,0.005529656020571878,-0.0002600504497742529,190.447,0.005074979864751478,1.2649406385560947e-06
190.391,0.005538225603784276,-0.00025835107659978937,190.547,0.00508419213461147,1.2694984102248187e-06
190.391,0.005538225603784276,-0.00025835107659978937,190.647,0.005093404404524166,1.2740643586797055e-06
190.491,0.005557292646282248,-0.000260070816337769,190.747,0.0051026166744896255,1.278638483818276e-06
190.691,0.005565862224727321,-0.0002583714050631958,190.847,0.005111828944507664,1.2832207855379356e-06
190.691,0.005565862224727321,-0.0002583714050631958,190.947,0.005121041214578319,1.2878112637361947e-06
190.891,0.005579680533376711,-0.00025838154090784674,191.047,0.005130253484701631,1.2924099183105692e-06
190.891,0.005579680533376711,-0.00025838154090784674,191.147,0.005139465754877615,1.2970167491585643e-06
190.991,0.005603368086364755,-0.00026010898879778925,191.247,0.005148678025106254,1.301631756177675e-06
191.191,0.005617171986990665,-0.0002601146904962104,191.347,0.005157890295387418,1.3062549392653314e-06
191.191,0.005617171986990665,-0.0002601146904962104,191.447,0.0051671025657212535,1.3108862983191098e-06
191.291,0.0056310047170576045,-0.0002601291413102357,191.547,0.0051763148361076644,1.3155258332364653e-06
191.491,0.00565177034995949,-0.00026135688768194544,191.647,0.005185527106546684,1.32017354391492e-06
191.491,0.00565177034995949,-0.00026135688768194544,191.747,0.005194739377038243,1.3248294302519443e-06
191.591,0.0056655886620293775,-0.0002613669274099021,191.847,0.005203951647582421,1.3294934921450826e-06
191.791,0.0056794069696088,-0.00026137694719818475,191.947,0.005213163918179184,1.3341657294918292e-06
191.791,0.0056794069696088,-0.00026137694719818475,192.047,0.005222376188828468,1.3388461421896573e-06
191.891,0.0056932252784198546,-0.00026138695009261304,192.147,0.00523158845953028,1.3435347301360844e-06
191.891,0.0056932252784198546,-0.00026138695009261304,192.247,0.00524080073028464,1.3482314932286278e-06
192.091,0.0057070544036307526,-0.0002613946995956298,192.347,0.0052500130010915795,1.3529364313648206e-06
192.291,0.00572547882391808,-0.00026140798259077097,192.447,0.0052592252719510174,1.3576495444421288e-06
192.291,0.00572547882391808,-0.00026140798259077097,192.547,0.005268437542862927,1.3623708323580645e-06
192.391,0.00574326196122739,-0.0002633897528906785,192.647,0.005277649813827468,1.3671002950102194e-06
192.591,0.00575311545593152,-0.00026142784575707896,192.747,0.005286862084844358,1.3718379322959687e-06
192.591,0.00575311545593152,-0.00026142784575707896,192.847,0.005296074355913753,1.3765837441129093e-06
192.691,0.005771300053939482,-0.0002637174792836734,192.947,0.005305286627035689,1.3813377303585817e-06
192.891,0.005785791360832678,-0.0002632922842736937,193.047,0.0053144988982100246,1.386099890930435e-06
192.891,0.005785791360832678,-0.0002632922842736937,193.147,0.005323711169436815,1.390870225726023e-06
192.991,0.005799609673258659,-0.0002633021568044269,193.247,0.0053329234407161,1.3956487346428891e-06
192.991,0.005799609673258659,-0.0002633021568044269,193.347,0.005342135712047811,1.4004354175785214e-06
193.191,0.005819392982435231,-0.0002632694531065337,193.447,0.005351347983432027,1.4052302744304886e-06
193.391,0.005833211297132105,-0.0002632792767948379,193.547,0.005360560254868603,1.410033305096248e-06
193.391,0.005833211297132105,-0.0002632792767948379,193.647,0.005369772526357628,1.414844509473371e-06
193.491,0.005849714112240417,-0.00026452777445887623,193.747,0.0053789847978990436,1.41966388745936e-06
193.491,0.005849714112240417,-0.00026452777445887623,193.847,0.005388197069492865,1.4244914389517541e-06
193.691,0.005863532426699544,-0.0002645375632363916,193.947,0.00539740934113902,1.4293271638480508e-06
193.891,0.005882566070932904,-0.00026363567885108046,194.047,0.005406621612837663,1.4341710620458599e-06
193.891,0.005882566070932904,-0.00026363567885108046,194.147,0.0054158338845885804,1.43902313344261e-06
193.991,0.005896384384882478,-0.0002636454297610419,194.247,0.005425046156391945,1.4438833779359257e-06
194.191,0.005911743731298663,-0.0002629737780933941,194.347,0.005434258428247616,1.4487517954232731e-06
194.191,0.005911743731298663,-0.0002629737780933941,194.447,0.00544347070015568,1.4536283858022347e-06
194.291,0.005925562040367265,-0.0002629834967943645,194.547,0.005452682972116074,1.458513148970325e-06
194.491,0.005940040733298454,-0.0002637082810764671,194.647,0.005461895244128771,1.4634060848250693e-06
194.491,0.005940040733298454,-0.0002637082810764671,194.747,0.005471107516193768,1.4683071932640076e-06
194.591,0.005953859041072183,-0.0002637179628251517,194.847,0.005480319788311122,1.4732164741847177e-06
194.791,0.005967677353851604,-0.00026372762464449564,194.947,0.005489532060480744,1.478133927484695e-06
194.791,0.005967677353851604,-0.00026372762464449564,195.047,0.005498744332702642,1.4830595530614958e-06
194.891,0.0059814956668539105,-0.0002637372696795525,195.147,0.005507956604976899,1.4879933508127118e-06
195.091,0.005995313978910502,-0.00026374689467572666,195.247,0.005517168877303395,1.492935320635828e-06
195.091,0.005995313978910502,-0.00026374689467572666,195.347,0.005526381149682171,1.4978854624284196e-06
195.191,0.006009132289089649,-0.000263756502917943,195.447,0.005535593422113199,1.5028437760880205e-06
195.191,0.006009132289089649,-0.000263756502917943,195.547,0.005544805694596447,1.5078102615121716e-06
195.391,0.006024474897675171,-0.00026499176298575206,195.647,0.005554017967131927,1.5127849185984318e-06
195.591,0.006042899321509975,-0.00026500452529968146,195.747,0.005563230239719679,1.5177677472443784e-06
195.591,0.006042899321509975,-0.00026500452529968146,195.847,0.005572442512359652,1.522758747347541e-06
195.691,0.006056717637234107,-0.00026501407639151876,195.947,0.005581654785051793,1.5277579188054485e-06
195.891,0.006070535953848988,-0.0002650236075264539,196.047,0.005590867057796184,1.532765261515705e-06
195.891,0.006070535953848988,-0.0002650236075264539,196.147,0.005600079330592728,1.5377807753758202e-06
195.991,0.006085552554090589,-0.00026578634976744125,196.247,0.005609291603441489,1.5428044602833894e-06
196.191,0.006099370861977111,-0.00026579584426421576,196.347,0.00561850387634243,1.54783631613596e-06
196.191,0.006099370861977111,-0.00026579584426421576,196.447,0.005627716149295525,1.5528763428310818e-06
196.291,0.006113189173840101,-0.00026580532201807625,196.547,0.00563692842230079,1.5579245402663305e-06
196.291,0.006113189173840101,-0.00026580532201807625,196.647,0.005646140695358197,1.5629809083392588e-06
196.491,0.006127007489128347,-0.0002658147798120184,196.747,0.005655352968467805,1.5680454469474686e-06
196.691,0.006146910320981155,-0.0002670564032078138,196.847,0.005664565241629513,1.573118155988477e-06
196.691,0.006146910320981155,-0.0002670564032078138,196.947,0.005673777514843319,1.5781990353598494e-06
196.791,0.006161005589559044,-0.0002674492242856943,197.047,0.005682989788109304,1.5832880849592048e-06
196.791,0.006161005589559044,-0.0002674492242856943,197.147,0.005692202061427397,1.588385304684077e-06
196.991,0.0061794300040956245,-0.0002674617520116928,197.247,0.00570141433479758,1.5934906944320372e-06
197.191,0.006193248319347203,-0.00026747112531582047,197.347,0.005710626608219835,1.5986042541006449e-06
197.191,0.006193248319347203,-0.00026747112531582047,197.447,0.00571983888169424,1.6037259835875225e-06
197.291,0.00620706663200687,-0.0002674804820052478,197.547,0.0057290511552206295,1.6088558827901606e-06
197.491,0.006174344604121785,-0.00026900751750336116,197.647,0.005738263428799087,1.613993951606185e-06
197.491,0.006174344604121785,-0.00026900751750336116,197.747,0.005747475702429673,1.6191401899332089e-06
197.591,0.006234861887630491,-0.00026819350443398743,197.847,0.005756687976112271,1.6242945976687487e-06
197.791,0.006201981248201175,-0.0002690258740793311,197.947,0.005765900249846869,1.6294571747103863e-06
197.791,0.006201981248201175,-0.0002690258740793311,198.047,0.0057751125236335755,1.6346279209557653e-06
197.891,0.006262723790501294,-0.0002682203753080713,198.147,0.005784324797472314,1.6398068363024308e-06
198.091,0.006229837489915232,-0.00026905254083422765,198.247,0.005793537071362969,1.6449939206479056e-06
198.091,0.006229837489915232,-0.00026905254083422765,198.347,0.005802749345305726,1.650189173889888e-06
198.191,0.006290367470053862,-0.0002682355493371568,198.447,0.005811961619300385,1.6553925959258536e-06
198.391,0.006256718490912706,-0.00026957372634521884,198.547,0.005821173893347069,1.6606041866534632e-06
198.391,0.006256718490912706,-0.00026957372634521884,198.647,0.005830386167445816,1.6658239459703325e-06
198.491,0.006270536805076927,-0.0002695827903159826,198.747,0.005839598441596442,1.6710518737739505e-06
198.691,0.006285095445652154,-0.0002695279456278309,198.847,0.005848810715799071,1.6762879699619866e-06
198.691,0.006285095445652154,-0.0002695279456278309,198.947,0.005858022990053594,1.681532234431967e-06
198.791,0.006298173432035683,-0.0002696008615080932,199.047,0.005867235264360144,1.6867846670815755e-06
198.991,0.006312732071920877,-0.0002695459823165793,199.147,0.005876447538718542,1.6920452678083062e-06
198.991,0.006312732071920877,-0.0002695459823165793,199.247,0.005885659813128874,1.6973140365098087e-06
199.191,0.006326550383425002,-0.00026955497230815416,199.347,0.005894872087591131,1.702590973083679e-06
199.191,0.006326550383425002,-0.00026955497230815416,199.447,0.005904084362105348,1.7078760774275426e-06
199.291,0.0063403686973581485,-0.0002695639454627851,199.547,0.00591329663667143,1.7131693494389497e-06
199.491,0.006358793119344381,-0.00026957588007555457,199.647,0.00592250891128937,1.7184707890154985e-06
199.491,0.006358793119344381,-0.00026957588007555457,199.747,0.005931721185959231,1.7237803960548324e-06
199.591,0.006371871107695695,-0.0002696486921076652,199.847,0.005940933460681019,1.7290981704545694e-06
199.791,0.006386429754267924,-0.0002695937207540428,199.947,0.005950145735454554,1.7344241121122118e-06
199.791,0.006386429754267924,-0.0002695937207540428,200.047,0.0059593580102800005,1.7397582209254698e-06
199.891,0.006399507744967996,-0.00026966649384298355,200.147,0.005968570285157391,1.745100496791966e-06
200.091,0.006414066392720241,-0.00026961148788111003,200.247,0.0059777825600864625,1.750450939609166e-06
200.091,0.006414066392720241,-0.00026961148788111003,200.347,0.00598699483506743,1.7558095492748076e-06
200.191,0.006427144383375884,-0.000269684222050155,200.447,0.00599620711010029,1.761176325686507e-06
200.391,0.006442765387316136,-0.0002674519133335161,200.547,0.006005419385184876,1.7665512687417838e-06
200.391,0.006442765387316136,-0.0002674519133335161,200.647,0.006014631660321293,1.771934378338319e-06
200.491,0.00645658370352373,-0.00026746073590854457,200.747,0.006023843935509531,1.777325654373727e-06
200.491,0.00645658370352373,-0.00026746073590854457,200.847,0.006033056210749516,1.7827250967455866e-06
200.691,0.00647500813603051,-0.0002674724695669616,200.947,0.006042268486041319,1.7881327053515551e-06
200.891,0.006488826452318128,-0.00026748124766836766,201.047,0.006051480761384833,1.7935484800892012e-06
200.891,0.006488826452318128,-0.00026748124766836766,201.147,0.006060693036780163,1.7989724208562107e-06
200.991,0.006502644775408121,-0.0002674900089451606,201.247,0.0060699053122272376,1.8044045275501647e-06
201.191,0.00651646309228109,-0.0002674987502823524,201.347,0.006079117587726,1.8098448000686608e-06
201.191,0.00651646309228109,-0.0002674987502823524,201.447,0.006088329863276625,1.8152932383094288e-06
201.291,0.00653028140591555,-0.00026750747482018875,201.547,0.006097542138878886,1.8207498421699633e-06
201.491,0.006544099720361952,-0.0002675161793909852,201.647,0.006106754414532907,1.8262146115479695e-06
201.491,0.006544099720361952,-0.0002675161793909852,201.747,0.0061159666902385924,1.8316875463410249e-06
201.591,0.006557918043091946,-0.00026752486715328407,201.847,0.006125178965995996,1.8371686464467988e-06
201.791,0.006571736363972408,-0.0002675335349785467,201.947,0.006134391241805158,1.8426579117629478e-06
201.791,0.006571736363972408,-0.0002675335349785467,202.047,0.006143603517665917,1.848155342187013e-06
201.891,0.0065855546869657,-0.0002675421859991086,202.147,0.0061528157935784025,1.8536609376167077e-06
202.091,0.0065993730034364555,-0.00026755081708539866,202.247,0.006162028069542512,1.8591746979496126e-06
202.091,0.0065993730034364555,-0.00026755081708539866,202.347,0.0061712403455582866,1.8646966230833896e-06
202.191,0.006613191317548766,-0.0002675594313667632,202.447,0.006180452621625716,1.870226712915676e-06
202.391,0.006627009638831536,-0.0002675680256834658,202.547,0.006189664897744823,1.8757649673441243e-06
202.391,0.006627009638831536,-0.0002675680256834658,202.647,0.0061988771739155514,1.8813113862663481e-06
202.591,0.006644825566951145,-0.00026813579490895563,202.747,0.006208089450137821,1.886865969579947e-06
202.591,0.006644825566951145,-0.00026813579490895563,202.847,0.006217301726411723,1.8924287171826192e-06
202.691,0.00665864388703593,-0.0002681443514215237,202.947,0.0062265140027373145,1.8979996289720482e-06
202.891,0.006677068313822276,-0.00026815573045539854,203.047,0.0062357262791144724,1.9035787048458102e-06
202.891,0.006677068313822276,-0.00026815573045539854,203.147,0.006244938555543168,1.909165944701539e-06
202.991,0.006690886633708936,-0.00026816424400645137,203.247,0.006254150832023446,1.9147613484369083e-06
203.191,0.006704704956117731,-0.00026817273774487756,203.347,0.006263363108555316,1.920364915949582e-06
203.191,0.006704704956117731,-0.00026817273774487756,203.447,0.006272575385138745,1.9259766471371947e-06
203.291,0.0067185232741476504,-0.0002681812145937133,203.547,0.00628178766177371,1.9315965418973856e-06
203.491,0.0067323415968392995,-0.00026818967159325627,203.647,0.006290999938460291,1.9372246001278577e-06
203.491,0.0067323415968392995,-0.00026818967159325627,203.747,0.006300212215198282,1.942860821726146e-06
203.591,0.006746159916360989,-0.0002681981116675541,203.847,0.006309424491987946,1.9485052065900657e-06
203.791,0.006759978235014504,-0.0002682065318982265,203.947,0.006318636768828981,1.954157754617101e-06
203.791,0.006759978235014504,-0.0002682065318982265,204.047,0.006327849045721682,1.9598184657050967e-06
203.891,0.006773796555535164,-0.0002682149354486821,204.147,0.0063370613226658035,1.965487339751546e-06
204.091,0.006787614879248742,-0.00026822331880077945,204.247,0.006346273599661424,1.9711643766541803e-06
204.091,0.006787614879248742,-0.00026822331880077945,204.347,0.006355485876708557,1.9768495763106723e-06
204.291,0.006801433196575159,-0.0002682316839639008,204.447,0.006364698153807093,1.98254293861862e-06
204.291,0.006801433196575159,-0.0002682316839639008,204.547,0.006373910430957138,1.988244463475753e-06
204.391,0.006819857623098462,-0.00026824281143234555,204.647,0.006383122708158656,1.993954150779722e-06
204.591,0.006833675948696465,-0.0002682511337402699,204.747,0.006392334985411515,1.9996720004281135e-06
204.591,0.006833675948696465,-0.0002682511337402699,204.847,0.0064015472627159675,2.0053980123187612e-06
204.691,0.006847494270545764,-0.0002682594391593643,204.947,0.006410759540071743,2.0111321863491675e-06
204.891,0.006862723433180382,-0.0002687027618170452,205.047,0.006419971817478964,2.0168745224170873e-06
204.891,0.006862723433180382,-0.0002687027618170452,205.147,0.006429184094937629,2.0226250204201902e-06
204.991,0.0068767309359521285,-0.00026887079518142997,205.247,0.006438396372447729,2.0283836802561496e-06
205.191,0.00689054926367032,-0.0002688790415900167,205.347,0.0064476086500091425,2.0341505018225688e-06
205.191,0.00689054926367032,-0.0002688790415900167,205.447,0.006456820927621957,2.0399254850171797e-06
205.291,0.006904367585580503,-0.00026888727110072373,205.547,0.006466033205286228,2.045708629737703e-06
205.491,0.006918185909235019,-0.00026889548074897856,205.647,0.006475245483001793,2.051499935881718e-06
205.491,0.006918185909235019,-0.00026889548074897856,205.747,0.006484457760768779,2.0572994033469843e-06
205.691,0.006933911428401333,-0.0002697862030365717,205.847,0.006493670038587025,2.063107032031085e-06
205.691,0.006933911428401333,-0.0002697862030365717,205.947,0.006502882316456745,2.0689228218318455e-06
205.791,0.006952335854139948,-0.000269797103134487,206.047,0.006512094594377704,2.0747467726468067e-06
205.991,0.006966154178744711,-0.00026980525487839825,206.147,0.0065213068723499875,2.0805788843737047e-06
205.991,0.006966154178744711,-0.00026980525487839825,206.247,0.0065305191503736105,2.0864191569102462e-06
206.091,0.006981239106092304,-0.0002686226628937772,206.347,0.006539731428448551,2.0922675901540984e-06
206.291,0.006994864382408732,-0.00026974362985648605,206.447,0.006548943706574747,2.0981241840029184e-06
206.291,0.006994864382408732,-0.00026974362985648605,206.547,0.006558155984752308,2.103988938354473e-06
206.391,0.00700887575648741,-0.00026863886102637945,206.647,0.0065673682629810905,2.1098618531063635e-06
206.391,0.00700887575648741,-0.00026863886102637945,206.747,0.0065765805412611325,2.115742928156316e-06
206.591,0.007027300193682367,-0.0002686496190291258,206.847,0.006585792819592538,2.12163216340209e-06
206.791,0.007041118521036949,-0.0002686576653068305,206.947,0.00659500509797517,2.1275295587412947e-06
206.791,0.007041118521036949,-0.0002686576653068305,207.047,0.006604217376408995,2.133435114071611e-06
206.891,0.0070549368520280925,-0.000268665694774555,207.147,0.006613429654894142,2.1393488292908237e-06
207.091,0.007068755175153857,-0.0002686737043374741,207.247,0.006622641933430399,2.145270704296502e-06
207.091,0.007068755175153857,-0.0002686737043374741,207.347,0.00663185421201796,2.1512007389864687e-06
207.191,0.007082573497650644,-0.0002686816970799617,207.447,0.006641066490656751,2.1571389332583876e-06
207.191,0.007082573497650644,-0.0002686816970799617,207.547,0.006650278769346723,2.1630852870099283e-06
207.391,0.007096391824533987,-0.00026868966998172756,207.647,0.006659491048087851,2.1690398001387803e-06
207.591,0.007114816254916333,-0.00026870027287734444,207.747,0.006668703326880257,2.175002472542736e-06
207.591,0.007114816254916333,-0.00026870027287734444,207.847,0.006677915605723732,2.1809733041193665e-06
207.691,0.007128634586914177,-0.00026870820443728436,207.947,0.006687127884618444,2.1869522947664974e-06
207.891,0.007142848333845708,-0.0002688449104229428,208.047,0.006696340163564325,2.192939444381795e-06
207.891,0.007142848333845708,-0.0002688449104229428,208.147,0.00670555244256139,2.1989347528629827e-06
207.991,0.007157554615479498,-0.00026969447923884453,208.247,0.006714764721609563,2.204938220107724e-06
208.191,0.007173919874048752,-0.00027081597558025226,208.347,0.006723977000708879,2.2109498460137665e-06
208.191,0.007173919874048752,-0.00027081597558025226,208.447,0.00673318927985931,2.216969630478803e-06
208.291,0.00718773819804954,-0.00027082383405742757,208.547,0.006742401559060831,2.2229975734005387e-06
208.491,0.007201556521651881,-0.00027083167275503085,208.647,0.00675161383831354,2.2290336746767604e-06
208.491,0.007201556521651881,-0.00027083167275503085,208.747,0.00676082611761728,2.235077934205085e-06
208.691,0.007215374845289477,-0.00027083949279969936,208.847,0.006770038396972156,2.241130351883304e-06
208.691,0.007215374845289477,-0.00027083949279969936,208.947,0.006779250676378108,2.2471909276091053e-06
208.791,0.007233799288241218,-0.00027084989377852166,209.047,0.0067884629558351535,2.253259661280224e-06
208.991,0.007247617615864135,-0.0002708576711503099,209.147,0.006797675235343196,2.2593365527943256e-06
208.991,0.007247617615864135,-0.0002708576711503099,209.247,0.006806887514902412,2.2654216020492488e-06
209.091,0.007261899090180438,-0.0002708179608803555,209.347,0.00681609979451257,2.2715148089425746e-06
209.291,0.007275717414099215,-0.0002708256951910663,209.447,0.006825312074173862,2.2776161733721563e-06
209.291,0.007275717414099215,-0.0002708256951910663,209.547,0.006834524353886123,2.2837256952356204e-06
209.391,0.007289535742366188,-0.00027083341272458015,209.647,0.006843736633649455,2.289843374430768e-06
209.391,0.007289535742366188,-0.00027083341272458015,209.747,0.006852948913463793,2.2959692108552848e-06
209.591,0.007303354067106944,-0.0002708411103118325,209.847,0.006862161193329079,2.302103204406872e-06
209.791,0.007321778494956004,-0.000270851346252174,209.947,0.0068713734732454195,2.3082453549833377e-06
209.791,0.007321778494956004,-0.000270851346252174,210.047,0.006880585753212714,2.3143956624823556e-06
209.891,0.007340802885628977,-0.0002735892486574035,210.147,0.006889798033231049,2.3205541268017253e-06
210.091,0.007351771937348466,-0.00027166815639126683,210.247,0.006899010313300258,2.326720747839073e-06
210.091,0.007351771937348466,-0.00027166815639126683,210.347,0.006908222593420519,2.332895525492258e-06
210.191,0.0073684395334989205,-0.0002736045084069314,210.447,0.006917434873591658,2.3390784596589117e-06
210.391,0.007379408597555874,-0.00027168337489002364,210.547,0.006926647153813833,2.3452695502368818e-06
210.391,0.007379408597555874,-0.00027168337489002364,210.647,0.006935859434086877,2.3514687971238032e-06
210.491,0.007397536415851303,-0.0002743088900003864,210.747,0.006945071714410829,2.3576762002174494e-06
210.691,0.007411354743593496,-0.00027431645114617205,210.847,0.006954283994785815,2.3638917594156524e-06
210.691,0.007411354743593496,-0.00027431645114617205,210.947,0.006963496275211603,2.3701154746160043e-06
210.791,0.007425173073021201,-0.0002743239955260989,211.047,0.006972708555688345,2.3763473457163588e-06
210.991,0.007438991400442708,-0.0002743315199989439,211.147,0.0069819208362159645,2.3825873726144163e-06
210.991,0.007438991400442708,-0.0002743315199989439,211.247,0.006991133116794478,2.3888355552079413e-06
211.091,0.0074546545770457434,-0.00027432216090415975,211.347,0.0070003453974238775,2.395091893394682e-06
211.291,0.00746847290430824,-0.00027432963961865646,211.447,0.007009557678104158,2.401356387072394e-06
211.291,0.00746847290430824,-0.00027432963961865646,211.547,0.007018769958835265,2.4076290361387973e-06
211.491,0.007479441612673193,-0.0002724079523135122,211.647,0.007027982239617211,2.4139098404916624e-06
211.491,0.007479441612673193,-0.0002724079523135122,211.747,0.007037194520450058,2.4201988000287877e-06
211.591,0.007500410502735299,-0.0002744172357837382,211.847,0.007046406801333715,2.4264959146478703e-06
211.791,0.007514626395565756,-0.00027466696339819565,211.947,0.007055619082268151,2.4328011842466546e-06
211.791,0.007514626395565756,-0.00027466696339819565,212.047,0.0070648313632534435,2.4391146087229584e-06
211.891,0.0075281395307718576,-0.0002747445774104363,212.147,0.0070740436442895465,2.4454361879745135e-06
212.091,0.0075419578630372104,-0.0002747519561772206,212.247,0.007083255925376492,2.45176592189911e-06
212.091,0.0075419578630372104,-0.0002747519561772206,212.347,0.0070924682065141185,2.4581038103944068e-06
212.191,0.007555776191563069,-0.00027475931803206094,212.447,0.007101680487702597,2.4644498533582835e-06
212.191,0.007555776191563069,-0.00027475931803206094,212.547,0.007110892768941814,2.4708040506884334e-06
212.391,0.007574200626366541,-0.0002747691043072455,212.647,0.0071201050502317995,2.477166402282652e-06
212.591,0.007588018357908665,-0.00027477535897294295,212.747,0.007129317331572594,2.4835369080387396e-06
212.591,0.007588018357908665,-0.00027477535897294295,212.847,0.007138529612964033,2.489915567854354e-06
212.691,0.007601836687631354,-0.0002747826596159456,212.947,0.007147741894406288,2.496302381627394e-06
212.891,0.007615655016479888,-0.0002747899404373944,213.047,0.00715695417589922,2.502697349255533e-06
212.891,0.007615655016479888,-0.0002747899404373944,213.147,0.007166166457442891,2.50910047063659e-06
212.991,0.007629473348854204,-0.0002747972043923988,213.247,0.00717537873903736,2.515511745668392e-06
213.191,0.007643291681224747,-0.00027480444856822523,213.347,0.007184591020682472,2.5219311742486153e-06
213.191,0.007643291681224747,-0.00027480444856822523,213.447,0.007193803302378306,2.528358756275089e-06
213.291,0.00765711001326919,-0.0002748116757703961,213.547,0.007203015584124864,2.5347944916456025e-06
213.291,0.00765711001326919,-0.0002748116757703961,213.647,0.007212227865921995,2.5412383802578256e-06
213.491,0.007675534457329816,-0.0002748212825858651,213.747,0.007221440147769838,2.547690422009649e-06
213.691,0.0076893527877730326,-0.000274828465552234,213.847,0.007230652429668342,2.5541506167988245e-06
213.691,0.0076893527877730326,-0.000274828465552234,213.947,0.007239864711617482,2.5606189645231155e-06
213.791,0.007703171118312214,-0.0002748356316796863,214.047,0.007249076993617315,2.5670954650803516e-06
213.991,0.0077174488366816285,-0.0002739026644232589,214.147,0.007258289275667748,2.5735801183682606e-06
213.991,0.0077174488366816285,-0.0002739026644232589,214.247,0.007267501557768766,2.580072924284627e-06
214.091,0.007731267164219245,-0.000273909793911022,214.347,0.007276713839920459,2.586573882727302e-06
214.291,0.007745085497041839,-0.0002739169035916495,214.447,0.007285926122122751,2.5930829935940274e-06
214.291,0.007745085497041839,-0.0002739169035916495,214.547,0.007295138404375612,2.599600256782581e-06
214.391,0.007758903824123627,-0.0002739239964255092,214.647,0.0073043506866791,2.606125672190796e-06
214.591,0.007772722156268251,-0.00027393106940509505,214.747,0.007313562969033167,2.6126592397164383e-06
214.591,0.007772722156268251,-0.00027393106940509505,214.847,0.007322775251437801,2.6192009592573003e-06
214.791,0.00778654039282789,-0.00027393815678487777,214.947,0.007331987533893045,2.625750830711205e-06
214.791,0.00778654039282789,-0.00027393815678487777,215.047,0.0073411998163987755,2.6323088539758773e-06
214.891,0.007800358721145377,-0.00027394519454547575,215.147,0.007350412098955076,2.6388750289491753e-06
215.091,0.007819320823278063,-0.0002748699023571463,215.247,0.007359624381561962,2.645449355528916e-06
215.091,0.007819320823278063,-0.0002748699023571463,215.347,0.007368836664219342,2.652031833612833e-06
215.191,0.007833139156438346,-0.0002748768967912404,215.447,0.007378048946927267,2.6586224630987777e-06
215.391,0.007846957486714662,-0.0002748838714167831,215.547,0.007387261229685648,2.6652212438844934e-06
215.391,0.007846957486714662,-0.0002748838714167831,215.647,0.007396473512494625,2.6718281758678897e-06
215.491,0.007860775820212787,-0.0002748908292229292,215.747,0.007405685795354026,2.678443258946648e-06
215.691,0.00787459415419978,-0.0002748977671624419,215.847,0.007414898078263938,2.685066493018653e-06
215.691,0.00787459415419978,-0.0002748977671624419,215.947,0.007424110361224343,2.6916978779816974e-06
215.791,0.007888412583597503,-0.00027490465549553363,216.047,0.0074333226442351436,2.6983374137335286e-06
215.791,0.007888412583597503,-0.00027490465549553363,216.147,0.007442534927296471,2.704985100172052e-06
215.991,0.007906837024509372,-0.0002749138540952265,216.247,0.007451747210408266,2.7116409371950486e-06
216.191,0.007913727666950456,-0.00027593309439084645,216.347,0.0074609594935704385,2.7183049247002662e-06
216.191,0.007913727666950456,-0.00027593309439084645,216.447,0.007470171776783172,2.7249770625856633e-06
216.291,0.007934473695213117,-0.0002749275909272271,216.547,0.0074793840600462505,2.7316573507488975e-06
216.491,0.007941579853610579,-0.00027590726354056696,216.647,0.007488596343359788,2.7383457890878823e-06
216.491,0.007941579853610579,-0.00027590726354056696,216.747,0.007497808626723713,2.745042377500385e-06
216.691,0.00795906547277327,-0.0002771040682555826,216.847,0.007507020910138042,2.7517471158842433e-06
216.691,0.00795906547277327,-0.0002771040682555826,216.947,0.007516233193602771,2.7584600041372783e-06
216.791,0.007979699509667482,-0.00027838254797493895,217.047,0.00752544547711789,2.765181042157311e-06
216.991,0.007993517841682892,-0.00027838931008772983,217.147,0.007534657760683407,2.7719102298421848e-06
216.991,0.007993517841682892,-0.00027838931008772983,217.247,0.007543870044299218,2.778647567089638e-06
217.091,0.008003093433957003,-0.0002812471170219185,217.347,0.007553082327965489,2.7853930537976295e-06
217.291,0.008021188026840785,-0.00027836042961848343,217.447,0.007562294611682006,2.7921466898638412e-06
217.291,0.008021188026840785,-0.00027836042961848343,217.547,0.007571506895448926,2.798908475186214e-06
217.391,0.008030763621601461,-0.0002812182424820112,217.647,0.007580719179266172,2.8056784096625293e-06
217.591,0.008048824693088333,-0.00027837382686619785,217.747,0.007589931463133774,2.8124564931906487e-06
217.591,0.008048824693088333,-0.00027837382686619785,217.847,0.007599143747051665,2.819242725668357e-06
217.791,0.00806365706078355,-0.0002763953606216134,217.947,0.00760835603101991,2.826037106993535e-06
217.791,0.00806365706078355,-0.0002763953606216134,218.047,0.007617568315038389,2.8328396370639352e-06
217.891,0.00807783877580464,-0.0002792548563606007,218.147,0.007626780599107158,2.839650315777446e-06
218.091,0.00809165711433112,-0.0002792615159134018,218.247,0.007635992883226249,2.846469143031936e-06
218.091,0.00809165711433112,-0.0002792615159134018,218.347,0.0076452051673955934,2.853296118725194e-06
218.191,0.00810547545198214,-0.00027926815857452845,218.447,0.007654417451615207,2.860131242755079e-06
218.391,0.008119293792120464,-0.00027927478148833204,218.547,0.007663629735885059,2.8669745150194117e-06
218.391,0.008119293792120464,-0.00027927478148833204,218.647,0.007672842020205168,2.873825935416052e-06
218.491,0.008133112125905098,-0.0002792813874642026,218.747,0.007682054304575546,2.880685503842862e-06
218.491,0.008133112125905098,-0.0002792813874642026,218.847,0.0076912665889961405,2.887553220197648e-06
218.691,0.008146930459230515,-0.0002792879736139966,218.947,0.007700478873466901,2.894429084378227e-06
218.891,0.008168365519705414,-0.0002772692474573298,219.047,0.007709691157987956,2.9013130962825466e-06
218.891,0.008168365519705414,-0.0002772692474573298,219.147,0.0077189034425592055,2.9082052558083884e-06
218.991,0.008179709445210145,-0.00028291409365459026,219.247,0.007728115727180621,2.9151055628535897e-06
218.991,0.008179709445210145,-0.00028291409365459026,219.347,0.007737328011852171,2.9220140173159794e-06
219.191,0.008198133886257173,-0.00028292281820351423,219.447,0.007746540296573879,2.9289306190934284e-06
219.391,0.008214426634818549,-0.0002772910237317776,219.547,0.007755752581345865,2.935855368083889e-06
219.391,0.008214426634818549,-0.0002772910237317776,219.647,0.0077649648661679655,2.942788264185099e-06
219.491,0.008225770562152944,-0.0002829358439583258,219.747,0.00777417715104022,2.9497293072949504e-06
219.691,0.00824414187012916,-0.00027842918713155755,219.847,0.007783389435962662,2.9566784973113352e-06
219.691,0.00824414187012916,-0.00027842918713155755,219.947,0.007792601720935202,2.9636358341320428e-06
219.791,0.008253524786900649,-0.0002829475412515223,220.047,0.007801814005957832,2.9706013176549386e-06
219.791,0.008253524786900649,-0.0002829475412515223,220.147,0.007811026291030584,2.9775749477779137e-06
219.991,0.008273124189152294,-0.0002834807215641894,220.247,0.007820238576153502,2.984556724398865e-06
220.191,0.008291023041216244,-0.00027978828905973725,220.347,0.007829450861326461,2.9915466474155717e-06
220.191,0.008291023041216244,-0.00027978828905973725,220.447,0.007838663146549527,2.99854471672595e-06
220.291,0.008304841372964012,-0.0002797946929546751,220.547,0.007847875431822656,3.0055509322278467e-06
220.491,0.008318659709085413,-0.0002798010769790653,220.647,0.007857087717145921,3.012565293819183e-06
220.491,0.008318659709085413,-0.0002798010769790653,220.747,0.007866300002519274,3.019587801397792e-06
220.591,0.008332677481541081,-0.000280388318519918,220.847,0.007875512287942641,3.0266184548614954e-06
220.791,0.008347058383971252,-0.0002807028151970752,220.947,0.007884724573416046,3.0336572541081983e-06
220.791,0.008347058383971252,-0.0002807028151970752,221.047,0.007893936858939495,3.040704199035773e-06
220.891,0.008362148407690053,-0.000279806810819051,221.147,0.007903149144512997,3.0477592895421073e-06
221.091,0.008375966744184562,-0.00027981312748400844,221.247,0.00791236143013653,3.0548225255250603e-06
221.091,0.008375966744184562,-0.00027981312748400844,221.347,0.00792157371581005,3.0618939068824935e-06
221.191,0.008389785082832552,-0.00027981942743883595,221.447,0.007930786001533624,3.068973433512335e-06
221.391,0.008403603419675387,-0.0002798257074662622,221.547,0.0079399982873072,3.076061105312427e-06
221.391,0.008403603419675387,-0.0002798257074662622,221.647,0.007949210573130704,3.083156922180603e-06
221.591,0.008417501571501871,-0.0002798043628598398,221.747,0.007958422859004206,3.090260884014796e-06
221.591,0.008417501571501871,-0.0002798043628598398,221.847,0.007967635144927704,3.097372990712902e-06
221.691,0.00843584619921463,-0.0002798402922267555,221.947,0.007976847430901159,3.1044932421727735e-06
221.891,0.00844966453932222,-0.0002798465112043484,222.047,0.00798605971692456,3.1116216382922957e-06
221.891,0.00844966453932222,-0.0002798465112043484,222.147,0.00799527200299801,3.1187581789694413e-06
221.991,0.008463482875777643,-0.0002798527134150138,222.247,0.00800448428912125,3.125902864101906e-06
222.191,0.008477381028484195,-0.0002798312871571332,222.347,0.00801369657529448,3.1330556935877356e-06
222.191,0.008477381028484195,-0.0002798312871571332,222.447,0.008022908861517627,3.1402166673247728e-06
222.291,0.008491119551991156,-0.0002798650613339033,222.547,0.008032121147790642,3.147385785210868e-06
222.491,0.008505017703890203,-0.0002798435973751562,222.647,0.00804133343411356,3.1545630471439513e-06
222.491,0.008505017703890203,-0.0002798435973751562,222.747,0.008050545720486486,3.161748453022003e-06
222.691,0.00851883603748872,-0.00027984972416379483,222.847,0.00805975800690921,3.1689420027427623e-06
222.691,0.00851883603748872,-0.00027984972416379483,222.947,0.0080689702933818,3.1761436962041795e-06
222.791,0.008537782962479545,-0.0002800064622183475,223.047,0.00807818257990426,3.183353533304168e-06
222.991,0.008551681147018058,-0.00027998494424043676,223.147,0.008087394866476635,3.1905715139406634e-06
222.991,0.008551681147018058,-0.00027998494424043676,223.247,0.008096607153098795,3.1977976380114792e-06
223.091,0.0085654196449458,-0.00028001861654640767,223.347,0.008105819439770836,3.2050319054145843e-06
223.291,0.008579317833527325,-0.0002799970608519891,223.447,0.00811503172649272,3.212274316047867e-06
223.291,0.008579317833527325,-0.0002799970608519891,223.547,0.008124244013264484,3.219524869809263e-06
223.391,0.008593056329655093,-0.0002800306975167941,223.647,0.008133456300085924,3.226783566596527e-06
223.591,0.008606954519369044,-0.000280009104146324,223.747,0.008142668586957306,3.2340504063077736e-06
223.591,0.008606954519369044,-0.000280009104146324,223.847,0.00815188087387843,3.24132538884077e-06
223.791,0.008620772861211073,-0.00028001509754994365,223.947,0.00816109316084936,3.248608514093477e-06
223.791,0.008620772861211073,-0.00028001509754994365,224.047,0.008170305447870055,3.2558997819637697e-06
223.891,0.00863911746344927,-0.0002800506696418903,224.147,0.008179517734940564,3.263199192349617e-06
224.091,0.008653450954163583,-0.0002787864703074417,224.247,0.008188730022060782,3.270506745148845e-06
224.091,0.008653450954163583,-0.0002787864703074417,224.347,0.008197942309230778,3.2778224402594346e-06
224.191,0.008667189416143601,-0.00027882009186852797,224.447,0.008207154596450522,3.285146277579283e-06
224.391,0.008681087633113347,-0.000278798329369717,224.547,0.008216366883720065,3.2924782570063426e-06
224.391,0.008681087633113347,-0.000278798329369717,224.647,0.008225579171039273,3.299818378438445e-06
224.491,0.008694905976725524,-0.000278804232131235,224.747,0.008234791458408226,3.3071666417735633e-06
224.691,0.008708724314691248,-0.000278810115063853,224.847,0.008244003745826955,3.314523046909671e-06
224.691,0.008708724314691248,-0.000278810115063853,224.947,0.00825321603329531,3.3218875937445624e-06
224.891,0.00872254265507466,-0.00027881597957493307,225.047,0.008262428320813402,3.3292602821762538e-06
224.891,0.00872254265507466,-0.00027881597957493307,225.147,0.008271640608381243,3.336641112102683e-06
224.991,0.00874096710438573,-0.00027882377315066625,225.247,0.008280852895998685,3.3440300834216747e-06
225.191,0.008754785443927372,-0.0002788295949766381,225.347,0.008290065183665886,3.351427196031279e-06
225.191,0.008754785443927372,-0.0002788295949766381,225.447,0.008299277471382633,3.358832449829262e-06
225.291,0.008768603784501791,-0.0002788354000812857,225.547,0.008308489759149053,3.366245844713661e-06
225.491,0.008782422126696282,-0.0002788411853373013,225.647,0.008317702046965202,3.3736673805824633e-06
225.491,0.008782422126696282,-0.0002788411853373013,225.747,0.008326914334830893,3.3810970573334535e-06
225.591,0.008766129586903511,-0.00029501356154292224,225.847,0.008336126622746265,3.3885348748646744e-06
225.591,0.008766129586903511,-0.00029501356154292224,225.947,0.0083453389107112,3.39598083307397e-06
225.791,0.008784554036389372,-0.0002950212873880532,226.047,0.008354551198725744,3.403434931859331e-06
225.991,0.008829047160605567,-0.0002798417937491457,226.147,0.008363763486789947,3.4108971711187276e-06
225.991,0.008829047160605567,-0.0002798417937491457,226.247,0.00837297577490368,3.4183675507500066e-06
226.091,0.008812751747302575,-0.0002960172238126338,226.347,0.008382188063067056,3.425846070651202e-06
226.291,0.00885668384957432,-0.00027985318962922215,226.447,0.008391400351279958,3.433332730720182e-06
226.291,0.00885668384957432,-0.00027985318962922215,226.547,0.008400612639542457,3.440827530854924e-06
226.391,0.008840388430363215,-0.0002960286791862,226.647,0.008409824927854517,3.448330470953353e-06
226.591,0.008830800203390155,-0.00030338770389090597,226.747,0.008419037216216205,3.4558415509134884e-06
226.591,0.008830800203390155,-0.00030338770389090597,226.847,0.00842824950462732,3.4633607706331126e-06
226.791,0.008874790955025759,-0.000287197570676332,226.947,0.008437461793088038,3.4708881300103368e-06
226.791,0.008874790955025759,-0.000287197570676332,227.047,0.008446674081598254,3.478423628943001e-06
226.891,0.008887271187911477,-0.0002975090302689384,227.147,0.008455886370158002,3.4859672673291063e-06
227.091,0.008876861346008964,-0.00030340617469745614,227.247,0.008465098658767215,3.4935190450665527e-06
227.091,0.008876861346008964,-0.00030340617469745614,227.347,0.008474310947426017,3.5010789620534016e-06
227.191,0.008914907870695276,-0.0002975202928919989,227.447,0.00848352323613423,3.508647018187461e-06
227.391,0.00890449802346306,-0.00030341715944765744,227.547,0.00849273552489193,3.5162232133667734e-06
227.391,0.00890449802346306,-0.00030341715944765744,227.647,0.008501947813699123,3.5238075474892822e-06
227.491,0.008919140550891254,-0.00030488513046524,227.747,0.00851116010255576,3.531400020452924e-06
227.691,0.008932134707451264,-0.0003034280709939641,227.847,0.00852037239146189,3.5390006321556924e-06
227.691,0.008932134707451264,-0.0003034280709939641,227.947,0.008529584680417444,3.546609382495494e-06
227.891,0.008945953053687129,-0.00030343349854207224,228.047,0.008538796969422472,3.5542262713703464e-06
227.891,0.008945953053687129,-0.00030343349854207224,228.147,0.008548009258476923,3.56185129867817e-06
227.991,0.008966710260076085,-0.0003051588161579516,228.247,0.008557221547580738,3.569484464316896e-06
228.191,0.008980528604858056,-0.0003051641995946549,228.347,0.008566433836734043,3.5771257681845997e-06
228.191,0.008980528604858056,-0.0003051641995946549,228.447,0.008575646125936717,3.5847752101791335e-06
228.291,0.008994346949833023,-0.00030516956630901096,228.547,0.008584858415188846,3.592432790198562e-06
228.491,0.009008165298083485,-0.0003051749131020386,228.647,0.008594070704490364,3.6000985081407944e-06
228.491,0.009008165298083485,-0.0003051749131020386,228.747,0.008603282993841194,3.607772363903744e-06
228.591,0.009021983638537871,-0.0003051802431725664,228.847,0.008612495283241487,3.6154543573855146e-06
228.791,0.00903890356366652,-0.00030638860011093094,228.947,0.008621707572691015,3.6231444884838935e-06
228.791,0.00903890356366652,-0.00030638860011093094,229.047,0.008630919862189973,3.6308427570970175e-06
228.891,0.009052721906331124,-0.00030639389768838903,229.147,0.008640132151738302,3.638549163122846e-06
229.091,0.009066540254084585,-0.0003063991753936455,229.247,0.008649344441335974,3.6462637064593002e-06
229.091,0.009066540254084585,-0.0003063991753936455,229.347,0.008658556730982883,3.653986387004301e-06
229.291,0.009080358592169956,-0.0003064044347534207,229.447,0.008667769020679223,3.661717204655974e-06
229.291,0.009080358592169956,-0.0003064044347534207,229.547,0.008676981310424773,3.6694561593121347e-06
229.391,0.009098783046389735,-0.00030641142140693173,229.647,0.00868619360021968,3.677203250870889e-06
229.591,0.009112601390271959,-0.000306416638109589,229.747,0.008695405890063915,3.684958479230209e-06
229.591,0.009112601390271959,-0.000306416638109589,229.847,0.008704618179957343,3.6927218442879635e-06
229.691,0.009126419734020475,-0.00030642183804923263,229.947,0.008713830469900092,3.700493345942253e-06
229.891,0.00914038571631048,-0.000306096031023554,230.047,0.008723042759892103,3.708272984091021e-06
229.891,0.00914038571631048,-0.000306096031023554,230.147,0.00873225504993342,3.716060758632294e-06
229.991,0.009154204063399824,-0.0003061011963557041,230.247,0.008741467340023925,3.7238566694639706e-06
230.191,0.009168022414416202,-0.0003061063417601671,230.347,0.008750679630163738,3.7316607164841475e-06
230.191,0.009168022414416202,-0.0003061063417601671,230.447,0.00875989192035274,3.7394728995907254e-06
230.291,0.009181840763049252,-0.000306111470471357,230.547,0.00876910421059098,3.747293218681735e-06
230.291,0.009181840763049252,-0.000306111470471357,230.647,0.008778316500878418,3.755121673655153e-06
230.491,0.009195659102642507,-0.0003061165793048135,230.747,0.008787528791215093,3.7629582644090136e-06
230.691,0.009214456099186967,-0.0003075287802947499,230.847,0.00879674108160094,3.7708029908412706e-06
230.691,0.009214456099186967,-0.0003075287802947499,230.947,0.008805953372036006,3.7786558528499424e-06
230.791,0.009229845523738532,-0.0003073727306892335,231.047,0.008815165662520285,3.7865168503330445e-06
230.991,0.009243663865883643,-0.0003073777854258986,231.147,0.008824377953053682,3.794385983188506e-06
230.991,0.009243663865883643,-0.0003073777854258986,231.247,0.008833590243636261,3.8022632513143845e-06
231.091,0.009257482211898886,-0.0003073828230663916,231.347,0.00884280253426799,3.8101486546086603e-06
231.291,0.009271300558968918,-0.0003073878409790079,231.447,0.008852014824948856,3.818042192969344e-06
231.291,0.009271300558968918,-0.0003073878409790079,231.547,0.008861227115678938,3.825943866294491e-06
231.491,0.009285118903934459,-0.000307392840610958,231.647,0.008870439406458073,3.833853674481999e-06
231.491,0.009285118903934459,-0.000307392840610958,231.747,0.00887965169728638,3.841771617429969e-06
231.591,0.009303522612220231,-0.00030749957881331377,231.847,0.008888863988163756,3.849697695036335e-06
231.791,0.009317361709933874,-0.000307404437844054,231.947,0.008898076279090285,3.857631907199186e-06
231.791,0.009317361709933874,-0.000307404437844054,232.047,0.00890728857006596,3.865574253816535e-06
231.891,0.009331159303149096,-0.00030750947565526455,232.147,0.008916500861090639,3.8735247347862715e-06
232.091,0.009344977649588986,-0.0003075143956131341,232.247,0.008925713152164462,3.881483350006553e-06
232.091,0.009344977649588986,-0.0003075143956131341,232.347,0.008934925443287304,3.889450099375267e-06
232.191,0.009358795991688065,-0.00030751929898229787,232.447,0.008944137734459248,3.897424982790516e-06
232.391,0.009372614335713686,-0.0003075241825211981,232.547,0.008953350025680276,3.9054080001503154e-06
232.391,0.009372614335713686,-0.0003075241825211981,232.647,0.008962562316950317,3.913399151352631e-06
232.491,0.009386432677177363,-0.0003075290492780808,232.747,0.008971774608269393,3.921398436295499e-06
232.691,0.009400251028849555,-0.0003075338961370587,232.847,0.008980986899637486,3.929405854876944e-06
232.691,0.009400251028849555,-0.0003075338961370587,232.947,0.008990199191054584,3.937421406994965e-06
232.791,0.009414069380566594,-0.0003075387263065394,233.047,0.008999411482520705,3.945445092547621e-06
232.791,0.009414069380566594,-0.0003075387263065394,233.147,0.009008623774035864,3.953476911432968e-06
232.991,0.00942788773547939,-0.00030754353660368593,233.247,0.009017836065600015,3.961516863548988e-06
233.191,0.009446312209227366,-0.00030754992295337313,233.347,0.009027048357213088,3.969564948793653e-06
233.191,0.009446312209227366,-0.00030754992295337313,233.447,0.009036260648875263,3.9776211670651504e-06
233.291,0.009460130554274995,-0.00030755469211918377,233.547,0.009045472940586339,3.985685518261355e-06
233.491,0.009473948906374543,-0.00030755944144246527,233.647,0.00905468523234631,3.993758002280295e-06
233.491,0.009473948906374543,-0.00030755944144246527,233.747,0.009063897524155264,4.0018386190200806e-06
233.591,0.009487767256557051,-0.0003075641739823082,233.847,0.00907310981601321,4.00992736837877e-06
233.791,0.009503792772646224,-0.00030552433851455796,233.947,0.009082322107920017,4.018024250254276e-06
233.791,0.009503792772646224,-0.00030552433851455796,234.047,0.009091534399875806,4.026129264544757e-06
233.891,0.009517588744032756,-0.0003054941244391324,234.147,0.009100746691880568,4.034242411148251e-06
234.091,0.00953163356378453,-0.00030555748758662686,234.247,0.009109958983934074,4.042363689962603e-06
234.091,0.00953163356378453,-0.00030555748758662686,234.347,0.009119171276036645,4.05049310088614e-06
234.291,0.009545473492995516,-0.0003054994484062646,234.447,0.009128383568188044,4.058630643816697e-06
234.291,0.009545473492995516,-0.0003054994484062646,234.547,0.009137595860388304,4.066776318652353e-06
234.391,0.009563876386898054,-0.0003055683242140755,234.647,0.009146808152637454,4.074930125291192e-06
234.591,0.009577694736244011,-0.0003055729369558872,234.747,0.009156020444935516,4.083092063631279e-06
234.591,0.009577694736244011,-0.0003055729369558872,234.847,0.009165232737282454,4.091262133570643e-06
234.691,0.009591513090139616,-0.0003055775330361465,234.947,0.009174445029678202,4.099440335007269e-06
234.891,0.009605331441602144,-0.0003055821091927944,235.047,0.009183657322122767,4.107626667839234e-06
234.891,0.009605331441602144,-0.0003055821091927944,235.147,0.009192869614616168,4.115821131964599e-06
234.991,0.00961726923030443,-0.000306763656169048,235.247,0.009202081907158424,4.124023727281444e-06
235.191,0.009632968145487874,-0.00030559120822706463,235.347,0.009211294199749526,4.132234453687821e-06
235.191,0.009632968145487874,-0.00030559120822706463,235.447,0.00922050649238938,4.140453311081703e-06
235.291,0.009644905939457582,-0.00030677272039562604,235.547,0.009229718785078082,4.148680299361246e-06
235.491,0.00966060484945709,-0.00030560023405350683,235.647,0.009238931077815545,4.156915418424425e-06
235.491,0.00966060484945709,-0.00030560023405350683,235.747,0.009248143370601756,4.165158668169304e-06
235.591,0.009672542631913335,-0.0003067817114988378,235.847,0.009257355663436797,4.1734100484940165e-06
235.791,0.009686360990150796,-0.0003067861787677493,235.947,0.009266567956320554,4.181669559296534e-06
235.791,0.009686360990150796,-0.0003067861787677493,236.047,0.00927578024925308,4.189937200474959e-06
235.891,0.009701394578854257,-0.0003068520531662867,236.147,0.009284992542234336,4.198212971927328e-06
236.091,0.009715234425011047,-0.0003067938794953401,236.247,0.00929420483526442,4.206496873551804e-06
236.091,0.009715234425011047,-0.0003067938794953401,236.347,0.009303417128343166,4.2147889052463085e-06
236.291,0.009731806381248995,-0.00030401375349334823,236.447,0.009312629421470715,4.223089066909052e-06
236.291,0.009731806381248995,-0.00030401375349334823,236.547,0.009321841714646825,4.231397358437882e-06
236.391,0.009748328025366631,-0.00030525983591145664,236.647,0.009331054007871814,4.239713779731155e-06
236.591,0.00976214637816188,-0.00030526420855399,236.747,0.009340266301145404,4.24803833068671e-06
236.591,0.00976214637816188,-0.00030526420855399,236.847,0.009349478594467725,4.2563710112027505e-06
236.691,0.009776358256983423,-0.00030557089973421727,236.947,0.009358690887838627,4.264711821177202e-06
236.891,0.00979031138250227,-0.00030562324752074385,237.047,0.009367903181258297,4.273060760508325e-06
236.891,0.00979031138250227,-0.00030562324752074385,237.147,0.009377115474726555,4.281417829094035e-06
236.991,0.009804108066882415,-0.0003056903363544432,237.247,0.009386327768243528,4.289783026832526e-06
237.191,0.009818297944761587,-0.0003064254442230515,237.347,0.009395540061809177,4.298156353621864e-06
237.191,0.009818297944761587,-0.0003064254442230515,237.447,0.009404752355423365,4.306537809359992e-06
237.391,0.009832116303985405,-0.0003064297206293862,237.547,0.009413964649086204,4.314927393945108e-06
237.391,0.009832116303985405,-0.0003064297206293862,237.647,0.009423176942797718,4.3233251072753275e-06
237.491,0.009850519065366506,-0.0003064980979995802,237.747,0.009432389236557778,4.3317309492486125e-06
237.691,0.009864359125550217,-0.00030643963045143946,237.847,0.009441601530366437,4.340144919763112e-06
237.691,0.009864359125550217,-0.00030643963045143946,237.947,0.009450813824223797,4.34856701871701e-06
237.791,0.0098835415592632,-0.0003071724535654146,238.047,0.009460026118129638,4.3569972460081895e-06
237.791,0.0098835415592632,-0.0003071724535654146,238.147,0.00946923841208413,4.365435601534911e-06
237.991,0.00990196602498628,-0.0003071780586188577,238.247,0.009478450706087148,4.373882085195155e-06
238.191,0.009910420292729337,-0.0003064536133936677,238.347,0.009487663000138737,4.382336696887054e-06
238.191,0.009910420292729337,-0.0003064536133936677,238.447,0.009496875294238876,4.390799436508703e-06
238.291,0.009929625067339848,-0.0003071237532715753,238.547,0.00950608758838752,4.3992703039581475e-06
238.491,0.009943443422470203,-0.0003071278942559471,238.647,0.009515299882584758,4.407749299133575e-06
238.491,0.009943443422470203,-0.0003071278942559471,238.747,0.009524512176830518,4.41623642193301e-06
238.591,0.009957261772125784,-0.0003071320186038447,238.847,0.009533724471124747,4.424731672254519e-06
238.791,0.009971080126089457,-0.0003071361230904431,238.947,0.009542936765467526,4.433235049996298e-06
238.791,0.009971080126089457,-0.0003071361230904431,239.047,0.009552149059858846,4.4417465550564266e-06
238.891,0.00998489847780242,-0.0003071402108033136,239.147,0.009561361354298586,4.450266187332904e-06
239.091,0.009998716829340738,-0.0003071442786548601,239.247,0.009570573648786834,4.458793946723913e-06
239.091,0.009998716829340738,-0.0003071442786548601,239.347,0.009579785943323548,4.467329833127536e-06
239.291,0.01001344806576855,-0.0003083201497226843,239.447,0.009588998237908715,4.47587384644186e-06
239.291,0.01001344806576855,-0.0003083201497226843,239.547,0.009598210532542312,4.484425986564992e-06
239.391,0.010032458160450449,-0.000307918749536474,239.647,0.009607422827224397,4.4929862533951e-06
239.591,0.010046276513439504,-0.0003079227615251315,239.747,0.009616635121954892,4.501554646830232e-06
239.591,0.010046276513439504,-0.0003079227615251315,239.847,0.009625847416733828,4.510131166768524e-06
239.691,0.010061567745698132,-0.00030689565793488844,239.947,0.009635059711561231,4.5187158131081e-06
239.891,0.01007738963879197,-0.00030560891507374846,240.047,0.009644272006437063,4.527308585747051e-06
239.891,0.01007738963879197,-0.00030560891507374846,240.147,0.009653484301361218,4.535909484583414e-06
239.991,0.010091207991955951,-0.0003056128814809036,240.247,0.009662696596333809,4.544518509515402e-06
240.191,0.01010502635042762,-0.00030561682805218274,240.347,0.009671908891354823,4.553135660441132e-06
240.191,0.01010502635042762,-0.00030561682805218274,240.447,0.009681121186424214,4.561760937258687e-06
240.391,0.010118844702709566,-0.0003056207563443887,240.547,0.009690333481541998,4.570394339866197e-06
240.391,0.010118844702709566,-0.0003056207563443887,240.647,0.009699545776708089,4.5790358681617306e-06
240.491,0.010137269172500208,-0.0003056259682649399,240.747,0.009708758071922619,4.587685522043533e-06
240.691,0.010151087520525659,-0.00030562985386068975,240.847,0.009717970367185429,4.596343301409573e-06
240.691,0.010151087520525659,-0.00030562985386068975,240.947,0.009727182662496558,4.605009206158022e-06
240.791,0.010164905874230697,-0.0003056337227931403,241.047,0.009736394957856078,4.613683236187094e-06
240.991,0.010178724230637232,-0.000305637571867848,241.147,0.009745607253263833,4.6223653913947575e-06
240.991,0.010178724230637232,-0.000305637571867848,241.247,0.009754819548719951,4.631055671679267e-06
241.091,0.010193038700651778,-0.00030567304464368015,241.347,0.009764031844224403,4.639754076938732e-06
241.291,0.010208939400864765,-0.0003064125918759558,241.447,0.009773244139777069,4.648460607071182e-06
241.291,0.010208939400864765,-0.0003064125918759558,241.547,0.009782456435378029,4.657175261974836e-06
241.491,0.010222757758714427,-0.0003064163744260767,241.647,0.009791668731027341,4.6658980415478834e-06
241.491,0.010222757758714427,-0.0003064163744260767,241.747,0.009800881026724917,4.674628945688373e-06
241.591,0.01023657611360352,-0.00030642014028557055,241.847,0.009810093322470716,4.68336797429442e-06
241.791,0.010255000589773985,-0.00030642513184571797,241.947,0.009819305618264803,4.692115127264225e-06
241.791,0.010255000589773985,-0.00030642513184571797,242.047,0.009828517914107153,4.700870404495907e-06
241.891,0.010268818949806508,-0.0003064288550101512,242.147,0.009837730209997692,4.709633805887538e-06
242.091,0.010282637304372531,-0.00030643255833773784,242.247,0.009846942505936465,4.7184053313373296e-06
242.091,0.010282637304372531,-0.00030643255833773784,242.347,0.009856154801923464,4.727184980743395e-06
242.191,0.01029586674823707,-0.00030591912995095135,242.447,0.009865367097958669,4.735972754003874e-06
242.391,0.010310274015430247,-0.00030643991171600454,242.547,0.009874579394042056,4.744768651016895e-06
242.391,0.010310274015430247,-0.00030643991171600454,242.647,0.009883791690173678,4.753572671680668e-06
242.491,0.01032350345678054,-0.00030592645164335497,242.747,0.009893003986353453,4.7623848158932555e-06
242.691,0.010337740139358132,-0.00030724283952679205,242.847,0.009902216282581425,4.771205083552859e-06
242.691,0.010337740139358132,-0.00030724283952679205,242.947,0.009911428578857552,4.780033474557595e-06
242.791,0.010352184987306435,-0.00030771555110597446,243.047,0.009920640875181842,4.78886998880563e-06
242.991,0.010365376853163497,-0.000307250057506014,243.147,0.009929853171554297,4.797714626195117e-06
242.991,0.010365376853163497,-0.000307250057506014,243.247,0.009939065467974875,4.806567386624189e-06
243.191,0.010379195205871676,-0.0003072536382398255,243.347,0.009948277764443585,4.815428269991004e-06
243.191,0.010379195205871676,-0.0003072536382398255,243.447,0.009957490060960401,4.824297276193711e-06
243.291,0.010398246171067398,-0.00030772748259824976,243.547,0.009966702357525472,4.8331744051305955e-06
243.491,0.01041206452652165,-0.0003077310217172041,243.647,0.00997591465413851,4.842059656699566e-06
243.491,0.01041206452652165,-0.0003077310217172041,243.747,0.009985126950799707,4.850953030798966e-06
243.591,0.010425196871313469,-0.00030711595003680053,243.847,0.009994339247508945,4.859854527326859e-06
243.791,0.010440127579284494,-0.00030831495201832633,243.947,0.01000355154426631,4.868764146181485e-06
243.791,0.010440127579284494,-0.00030831495201832633,244.047,0.01001276384107177,4.877681887260985e-06
243.891,0.010454442562954795,-0.0003087653674041913,244.147,0.010021976137925239,4.886607750463439e-06
244.091,0.010467363426655128,-0.0003081862072231961,244.247,0.010031188434826812,4.895541735687117e-06
244.091,0.010467363426655128,-0.0003081862072231961,244.347,0.010040400731776325,4.90448384283004e-06
244.291,0.010481985401126822,-0.00030893265502699157,244.447,0.010049613028773994,4.913434071790587e-06
244.291,0.010481985401126822,-0.00030893265502699157,244.547,0.010058825325819714,4.92239242246685e-06
244.391,0.010500911993041921,-0.000309374392488785,244.647,0.010068037622913363,4.931358894756857e-06
244.391,0.010500911993041921,-0.000309374392488785,244.747,0.010077249920055101,4.94033348855896e-06
244.591,0.010514730348199223,-0.00030937779411898265,244.847,0.01008646221724475,4.9493162037711555e-06
244.791,0.010533154832993193,-0.00030938230229659246,244.947,0.010095674514482513,4.958307040291836e-06
244.791,0.010533154832993193,-0.00030938230229659246,245.047,0.010104886811768167,4.96730599801896e-06
244.891,0.01054697319160945,-0.00030938566282508927,245.147,0.010114099109101868,4.976313076850862e-06
245.091,0.010560791553762012,-0.0003093890035281759,245.247,0.010123311406483499,4.985328276685602e-06
245.091,0.010560791553762012,-0.0003093890035281759,245.347,0.01013252370391311,4.994351597421435e-06
245.191,0.010574609910886643,-0.0003093923275368992,245.447,0.010141736001390693,5.003383038956532e-06
245.391,0.010593036854444593,-0.0003104065211924875,245.547,0.010150948298916194,5.012422601189044e-06
245.391,0.010593036854444593,-0.0003104065211924875,245.647,0.010160160596489658,5.021470284017191e-06
245.491,0.01060685520770694,-0.00031040980129001697,245.747,0.010169372894111088,5.030526087339159e-06
245.691,0.010620673567018641,-0.00031041306167073915,245.847,0.010178585191780387,5.0395900110530635e-06
245.691,0.010620673567018641,-0.00031041306167073915,245.947,0.010187797489497602,5.048662055057134e-06
245.791,0.010634952289844306,-0.0003091008443367988,246.047,0.010197009787262777,5.057742219249603e-06
245.791,0.010634952289844306,-0.0003091008443367988,246.147,0.010206222085075718,5.06683050352849e-06
245.991,0.010648770651798952,-0.0003091040719955035,246.247,0.010215434382936648,5.0759269077922005e-06
246.191,0.010667195133031068,-0.00030910834813482587,246.347,0.010224646680845429,5.085031431938797e-06
246.191,0.010667195133031068,-0.00030910834813482587,246.447,0.010233858978802126,5.0941440758665596e-06
246.291,0.01068121841341821,-0.0003094687044385251,246.547,0.010243071276806614,5.103264839473553e-06
246.491,0.010695036774105207,-0.000309471872226592,246.647,0.010252283574858948,5.112393722658036e-06
246.491,0.010695036774105207,-0.000309471872226592,246.747,0.010261495872959167,5.121530725318253e-06
246.591,0.010708855133468082,-0.000309475023258262,246.847,0.01027070817110726,5.130675847352403e-06
246.791,0.010722720503673122,-0.0003094861014126877,246.947,0.010279920469303113,5.139829088658575e-06
246.791,0.010722720503673122,-0.0003094861014126877,247.047,0.010289132767546762,5.148990449135014e-06
246.891,0.010736538860814469,-0.0003094892159970974,247.147,0.010298345065838304,5.158159928680033e-06
247.091,0.010750357215164494,-0.00030949231073373754,247.247,0.010307557364177615,5.167337527191698e-06
247.091,0.010750357215164494,-0.00030949231073373754,247.347,0.010316769662564736,5.176523244568285e-06
247.191,0.010764175576240828,-0.0003094953887145256,247.447,0.010325981960999599,5.185717080707932e-06
247.391,0.010777993934649946,-0.000309498446909988,247.547,0.010335194259482303,5.1949190355089445e-06
247.391,0.010777993934649946,-0.000309498446909988,247.647,0.010344406558012794,5.204129108869496e-06
247.491,0.010791812295059437,-0.0003095014884164332,247.747,0.010353618856590925,5.213347300687641e-06
247.691,0.010806021744842586,-0.00030869139735095313,247.847,0.010362831155216936,5.2225736108618335e-06
247.691,0.010806021744842586,-0.00030869139735095313,247.947,0.01037204345389063,5.2318080392901195e-06
247.891,0.010819840099770607,-0.0003086944040053497,248.047,0.010381255752612048,5.241050585870745e-06
247.891,0.010819840099770607,-0.0003086944040053497,248.147,0.010390468051381227,5.2503012505019725e-06
247.991,0.010838264585240941,-0.00030869838697717653,248.247,0.010399680350198087,5.259560033081959e-06
248.191,0.010852082951319687,-0.0003087013510317901,248.347,0.010408892649062628,5.268826933508912e-06
248.191,0.010852082951319687,-0.0003087013510317901,248.447,0.010418104947974917,5.27810195168112e-06
248.291,0.01086590131059062,-0.0003087042983447253,248.547,0.01042731724693492,5.287385087496786e-06
248.491,0.010880728948180107,-0.0003073728245081068,248.647,0.010436529545942543,5.296676340854035e-06
248.491,0.010880728948180107,-0.0003073728245081068,248.747,0.010445741844997867,5.305975711651186e-06
248.591,0.010894547306536698,-0.0003073757388701691,248.847,0.010454954144100895,5.3152831997864755e-06
248.791,0.010908365666853461,-0.000307378633158428,248.947,0.010464166443251516,5.324598805158022e-06
248.791,0.010908365666853461,-0.000307378633158428,249.047,0.010473378742449817,5.333922527664146e-06
248.891,0.010922184026944545,-0.00030738151087775917,249.147,0.010482591041695731,5.3432543672029935e-06
248.891,0.010922184026944545,-0.00030738151087775917,249.247,0.010491803340989321,5.352594323672888e-06
249.091,0.0109406085082411,-0.00030738531844685317,249.347,0.010501015640330505,5.36194239697197e-06
249.291,0.010954986601407606,-0.00030772583054771633,249.447,0.010510227939719334,5.371298586998541e-06
249.291,0.010954986601407606,-0.00030772583054771633,249.547,0.010519440239155735,5.380662893650766e-06
249.391,0.010968804964178657,-0.0003077286448324809,249.647,0.010528652538639778,5.39003531682694e-06
249.591,0.010983978252175234,-0.0003087212240831004,249.747,0.010537864838171354,5.399415856425216e-06
249.591,0.010983978252175234,-0.0003087212240831004,249.847,0.010547077137750598,5.408804512343961e-06
249.691,0.010997796613892687,-0.0003087239971291563,249.947,0.010556289437377324,5.418201284481228e-06
249.891,0.011011614977890863,-0.0003087267503821067,250.047,0.010565501737051678,5.427606172735424e-06
249.891,0.011011614977890863,-0.0003087267503821067,250.147,0.010574714036773614,5.437019177004733e-06
249.991,0.011025433338668478,-0.00030872948685135496,250.247,0.010583926336543044,5.4464402971873315e-06
250.191,0.011039251704958657,-0.00030873220360004035,250.347,0.010593138636360017,5.4558695331815124e-06
250.191,0.011039251704958657,-0.00030873220360004035,250.447,0.010602350936224525,5.465306884885518e-06
250.291,0.011053070066129204,-0.0003087349035751458,250.547,0.010611563236136585,5.474752352197607e-06
250.291,0.011053070066129204,-0.0003087349035751458,250.647,0.010620775536096042,5.4842059350159005e-06
250.491,0.01106688842832372,-0.000308737583841341,250.747,0.01062998783610311,5.493667633238852e-06
250.691,0.0110853129112215,-0.00030874113005901707,250.847,0.010639200136157712,5.503137446764629e-06
250.691,0.0110853129112215,-0.00030874113005901707,250.947,0.010648412436259655,5.512615375491308e-06
250.791,0.0110991312770888,-0.000308743769200821,251.047,0.010657624736409172,5.52210141931739e-06
250.991,0.011113924773335787,-0.0003077815194138596,251.147,0.010666837036606185,5.531595578141038e-06
250.991,0.011113924773335787,-0.0003077815194138596,251.247,0.010676049336850608,5.541097851860462e-06
251.091,0.011127743139447428,-0.0003077841275216593,251.347,0.01068526163714249,5.550608240373937e-06
251.291,0.011142592542608453,-0.0003070095842333705,251.447,0.010694473937481923,5.560126743579833e-06
251.291,0.011142592542608453,-0.0003070095842333705,251.547,0.010703686237868633,5.569653361376131e-06
251.391,0.011156980105792013,-0.0003061919638080157,251.647,0.010712898538302824,5.579188093661299e-06
251.391,0.011156980105792013,-0.0003061919638080157,251.747,0.0107221108387845,5.588730940333619e-06
251.591,0.011170798478292642,-0.0003061945223327204,251.847,0.010731323139313572,5.598281901291258e-06
251.791,0.011189222967538886,-0.00030619790632899284,251.947,0.010740535439890063,5.607840976432529e-06
251.791,0.011189222967538886,-0.00030619790632899284,252.047,0.010749747740513951,5.61740816565567e-06
251.891,0.011203041338448865,-0.0003062004237223832,252.147,0.010758960041185123,5.6269834688588315e-06
252.091,0.011216859700022582,-0.0003062029214595675,252.247,0.010768172341903753,5.636566885940462e-06
252.091,0.011216859700022582,-0.0003062029214595675,252.347,0.010777384642669663,5.646158416798671e-06
252.191,0.01123062328812721,-0.00030628456804897384,252.447,0.010786596943483035,5.65575806133191e-06
252.391,0.01124449642799874,-0.0003062078634463652,252.547,0.010795809244343722,5.665365819438309e-06
252.391,0.01124449642799874,-0.0003062078634463652,252.647,0.010805021545251729,5.674981691016144e-06
252.591,0.011258314793431748,-0.0003062103063363146,252.747,0.01081423384620712,5.6846056759637584e-06
252.591,0.011258314793431748,-0.0003062103063363146,252.847,0.010823446147209861,5.694237774179423e-06
252.691,0.011272133160100867,-0.00030621273252437833,252.947,0.010832658448259837,5.70387798556127e-06
252.891,0.01129498831334687,-0.00030671380302713477,253.047,0.010841870749357186,5.7135263100077465e-06
252.891,0.01129498831334687,-0.00030671380302713477,253.147,0.010851083050501776,5.723182747416999e-06
252.991,0.011308751883179985,-0.00030679535263190475,253.247,0.01086029535169371,5.732847297687412e-06
253.191,0.011324164840388007,-0.00030776113766646225,253.347,0.010869507652932908,5.742519960717195e-06
253.191,0.011324164840388007,-0.00030776113766646225,253.447,0.010878719954219403,5.752200736404675e-06
253.291,0.011337983205228604,-0.0003077634817607525,253.547,0.010887932255553118,5.761889624648066e-06
253.491,0.011351801569855317,-0.0003077658060850495,253.647,0.010897144556934106,5.771586625345694e-06
253.491,0.011351801569855317,-0.0003077658060850495,253.747,0.01090635685836235,5.781291738395849e-06
253.691,0.011365619939263367,-0.0003077681121759021,253.847,0.010915569159837863,5.791004963696842e-06
253.691,0.011365619939263367,-0.0003077681121759021,253.947,0.010924781461360574,5.800726301146881e-06
253.791,0.011384196286551658,-0.0003071638717483448,254.047,0.010933993762930524,5.810455750644313e-06
253.991,0.011398210198658727,-0.0003073968284582744,254.147,0.010943206064547727,5.820193312087447e-06
253.991,0.011398210198658727,-0.0003073968284582744,254.247,0.01095241836621215,5.829938985374548e-06
254.091,0.01141224141584319,-0.0003069707812325513,254.347,0.010961630667923694,5.839692770403823e-06
254.291,0.011426059783759272,-0.00030697301129164713,254.447,0.01097084296968241,5.8494546670736085e-06
254.291,0.011426059783759272,-0.00030697301129164713,254.547,0.010980055271488386,5.85922467528232e-06
254.391,0.011429310137990024,-0.00030448007837122285,254.647,0.010989267573341514,5.869002794928131e-06
254.591,0.011453696517047692,-0.00030697741812048257,254.747,0.010998479875241787,5.8787890259093405e-06
254.591,0.011453696517047692,-0.00030697741812048257,254.847,0.011007692177189268,5.88858336812433e-06
254.791,0.011467514876570557,-0.00030697959341679994,254.947,0.011016904479183798,5.898385821471246e-06
254.791,0.011467514876570557,-0.00030697959341679994,255.047,0.011026116781225587,5.908196385848605e-06
254.891,0.011476569591679642,-0.00030515871272777364,255.147,0.011035329083314468,5.9180150611545575e-06
255.091,0.011490387961426388,-0.00030516086212763356,255.247,0.01104454138545044,5.927841847287394e-06
255.091,0.011490387961426388,-0.00030516086212763356,255.347,0.011053753687633554,5.937676744145492e-06
255.191,0.01150420632969379,-0.0003051629947949084,255.447,0.011062965989863782,5.947519751627134e-06
255.391,0.011518024702961753,-0.0003051651077059707,255.547,0.011072178292141141,5.9573708696306576e-06
255.391,0.011518024702961753,-0.0003051651077059707,255.647,0.01108139059446558,5.9672300980543235e-06
255.591,0.01153184307510393,-0.00030516720238093575,255.747,0.01109060289683706,5.977097436796413e-06
255.591,0.01153184307510393,-0.00030516720238093575,255.847,0.011099815199255644,5.986972885755311e-06
255.691,0.01154566144264579,-0.0003051692803185622,255.947,0.011109027501721328,5.996856444829309e-06
255.891,0.011564085932480513,-0.0003051720215397727,256.047,0.011118239804233937,6.006748113916575e-06
255.891,0.011564085932480513,-0.0003051720215397727,256.147,0.011127452106793636,6.016647892915596e-06
255.991,0.011577104567470563,-0.0003049101400692864,256.247,0.01113666440940042,6.026555781724685e-06
256.191,0.011594662851794581,-0.0003055778076111706,256.347,0.011145876712054192,6.036471780242064e-06
256.191,0.011594662851794581,-0.0003055778076111706,256.447,0.011155089014755008,6.046395888366123e-06
256.291,0.011608481220571995,-0.0003055798035930199,256.547,0.011164301317502824,6.056328105995135e-06
256.291,0.011608481220571995,-0.0003055798035930199,256.647,0.01117351362029773,6.066268433027541e-06
256.491,0.011626905708385277,-0.0003055824355132385,256.747,0.011182725923139545,6.076216869361473e-06
256.691,0.011640724072616555,-0.00030558438737664304,256.847,0.01119193822602836,6.086173414895356e-06
256.691,0.011640724072616555,-0.00030558438737664304,256.947,0.011201150528964155,6.096138069527509e-06
256.691,0.011640724072616555,-0.00030558438737664304,257.047,0.011210362831946936,6.106110833156261e-06
256.791,0.011655055452278218,-0.0003056556939841038,257.147,0.011219575134976643,6.116091705679894e-06
257.091,0.011678086061379156,-0.0003056588690780601,257.247,0.011228787438053351,6.126080686996812e-06
257.091,0.011678086061379156,-0.0003056588690780601,257.347,0.011237999741177056,6.136077777005361e-06
257.191,0.01169190443558123,-0.0003056607510065269,257.447,0.01124721204434762,6.1460829756037355e-06
257.191,0.01169190443558123,-0.0003056607510065269,257.547,0.011256424347565137,6.1560962826903675e-06
257.391,0.011710328927592634,-0.0003056632308681948,257.647,0.01126563665082957,6.166117698163558e-06
257.391,0.011710328927592634,-0.0003056632308681948,257.747,0.011274848954140864,6.176147221921599e-06
257.591,0.011728753411799927,-0.00030566567827420573,257.897,0.011288667409195811,6.191206710370532e-06
257.591,0.011728753411799927,-0.00030566567827420573,257.947,0.011293273560904276,6.196230593885867e-06
257.791,0.011742571775205648,-0.00030566749180140144,258.047,0.011302485864356298,6.206284441888672e-06
257.991,0.011760996264838746,-0.0003056698824589174,258.147,0.011311698167855192,6.216346397769738e-06
257.991,0.011760996264838746,-0.0003056698824589174,258.247,0.011320910471400974,6.226416461427398e-06
257.991,0.011760996264838746,-0.0003056698824589174,258.347,0.011330122774993557,6.236494632759924e-06
258.191,0.011774814637897101,-0.00030567165342194446,258.447,0.01133933507863309,6.246580911665835e-06
258.391,0.011799918964973217,-0.00030485941383697455,258.547,0.011348547382319382,6.2566752980432755e-06
258.391,0.011799918964973217,-0.00030485941383697455,258.647,0.011357759686052585,6.266777791790773e-06
258.491,0.011813737333906778,-0.0003048611447502179,258.747,0.01136697198983258,6.276888392806545e-06
258.491,0.011813737333906778,-0.0003048611447502179,258.847,0.01137618429365937,6.2870071009889356e-06
258.691,0.011832161823389538,-0.0003048634232456691,258.947,0.011385396597533003,6.29713391623638e-06
258.891,0.011845980189266948,-0.0003048651100657217,259.047,0.011394608901453458,6.3072688384472e-06
258.891,0.011845980189266948,-0.0003048651100657217,259.147,0.011403821205420652,6.31741186751968e-06
258.991,0.011859798563792268,-0.00030486678019121723,259.247,0.011413033509434654,6.3275630033522445e-06
258.991,0.011859798563792268,-0.00030486678019121723,259.347,0.011422245813495378,6.337722245843171e-06
259.191,0.011874037427796212,-0.00030500636549195585,259.447,0.011431458117602971,6.34788959489097e-06
259.391,0.01189246191926252,-0.0003050085325529059,259.547,0.0114406704217573,6.358065050393878e-06
259.391,0.01189246191926252,-0.0003050085325529059,259.647,0.011449882725958361,6.368248612250254e-06
259.491,0.01190628029250989,-0.00030501013738736606,259.747,0.011459095030206186,6.3784402803585e-06
259.491,0.01190628029250989,-0.00030501013738736606,259.847,0.011468307334500678,6.388640054616884e-06
259.691,0.01192584185411989,-0.0003049001833164215,259.947,0.011477519638841967,6.398847934923893e-06
259.891,0.011939660226850793,-0.0003049017447910746,260.047,0.01148673194322997,6.409063921177838e-06
259.891,0.011939660226850793,-0.0003049017447910746,260.147,0.011495944247664666,6.419288013277071e-06
259.991,0.011954637955466065,-0.0003061899535649023,260.247,0.011505156552146054,6.429520211119954e-06
259.991,0.011954637955466065,-0.0003061899535649023,260.347,0.011514368856674135,6.439760514604881e-06
260.191,0.011973062449395621,-0.00030619198558331536,260.447,0.01152358116124883,6.450008923630113e-06
260.191,0.011973062449395621,-0.00030619198558331536,260.547,0.011532793465870305,6.46026543809423e-06
260.391,0.011986880822174832,-0.0003061934874781139,260.647,0.011542005770538395,6.470530057895429e-06
260.391,0.011986880822174832,-0.0003061934874781139,260.747,0.011551218075253143,6.480802782932131e-06
260.591,0.012005305323162838,-0.0003061954627438486,260.847,0.01156043038001456,6.491083613102734e-06
260.791,0.012023729819029515,-0.00030619740550083476,260.947,0.011569642684822579,6.501372548305541e-06
260.791,0.012023729819029515,-0.00030619740550083476,261.047,0.0115788549896773,6.511669588439054e-06
260.892,0.012037548192236291,-0.0003061988422647808,261.147,0.011588067294578617,6.5219747334015505e-06
260.892,0.012037548192236291,-0.0003061988422647808,261.247,0.011597279599526535,6.532287983091411e-06
261.091,0.01205597269434828,-0.0003062007281654088,261.347,0.011606491904521017,6.542609337406997e-06
261.291,0.012069791063481848,-0.00030620212066499616,261.447,0.011615704209562192,6.552938796246829e-06
261.291,0.012069791063481848,-0.00030620212066499616,261.547,0.0116249165146499,6.563276359509123e-06
261.491,0.012086447897367986,-0.00030704104783045507,261.647,0.011634128819784179,6.573622027092314e-06
261.491,0.012086447897367986,-0.00030704104783045507,261.747,0.011643341124965031,6.583975798894813e-06
261.591,0.012104872393387697,-0.00030704284412631875,261.847,0.011652553430192466,6.594337674815006e-06
261.791,0.012118690767074952,-0.0003070441682103532,261.947,0.011661765735466468,6.604707654751285e-06
261.791,0.012118690767074952,-0.0003070441682103532,262.047,0.011670978040786996,6.615085738601987e-06
261.991,0.012132509145093168,-0.00030704547400540175,262.147,0.011680190346154118,6.6254719262656045e-06
261.991,0.012132509145093168,-0.00030704547400540175,262.247,0.011689402651567682,6.6358662176403535e-06
262.091,0.012150933639319229,-0.00030704718927392045,262.347,0.011698614957027833,6.646268612624806e-06
262.091,0.012150933639319229,-0.00030704718927392045,262.447,0.011707827262534517,6.656679111117305e-06
262.291,0.012164752013824597,-0.00030704845258629963,262.547,0.011717039568087579,6.667097713016069e-06
