MCL_Timestamp,MCL_X,MCL_Y,Odom_Timestamp,Odom_X,Odom_Y
138.59,0.000653727533721062,-0.0002678487657166134,138.828,0.0003197976757770862,6.106441327561598e-09
138.69,0.0006711732666708804,-0.0002680874085523821,138.928,0.00032900991989610044,6.429806989400911e-09
138.69,0.0006711732666708804,-0.0002680874085523821,139.028,0.0003382221630838557,6.761402491226271e-09
138.89,0.0006857985097529467,-0.00026798517473620976,139.128,0.000347434405601425,7.101227738441018e-09
138.99,0.0006962690818742015,-0.00026693270377759604,139.228,0.00035664664764408844,7.449282634417875e-09
138.99,0.0006962690818742015,-0.00026693270377759604,139.328,0.0003658588893577004,7.805567080962716e-09
139.19,0.0007121374396455776,-0.0002667421668070632,139.428,0.00037507113085121055,8.170080978679518e-09
139.29,0.0007257839495931915,-0.00026685672984000147,139.528,0.00038428337220574704,8.542824227245522e-09
139.29,0.0007257839495931915,-0.00026685672984000147,139.628,0.00039349561348140944,8.923796725617945e-09
139.49,0.000739602208147968,-0.00026687302499419713,139.728,0.00040270785472302167,9.3129983722244e-09
139.59,0.0007580265552208827,-0.00026689472569786036,139.828,0.00041192009596317266,9.710429065052789e-09
139.59,0.0007580265552208827,-0.00026689472569786036,139.928,0.0004211323372262794,1.0116088701798462e-08
139.79,0.0007672387318478071,-0.00026690556134446343,140.028,0.0004303445785298539,1.0529977179900778e-08
139.89,0.0007810569932880552,-0.0002669218025492053,140.128,0.00043955681988650127,1.0952094396612722e-08
140.09,0.0007948752571535015,-0.00026693802368922147,140.228,0.0004487690613054289,1.1382440249061265e-08
140.09,0.0007948752571535015,-0.00026693802368922147,140.328,0.00045798130279300214,1.182101463426383e-08
140.19,0.0008086935196421313,-0.0002669542278021251,140.428,0.00046719354435347687,1.2267817449155655e-08
140.39,0.0008225176490149383,-0.0002669680937714181,140.528,0.00047640578598999905,1.2722848590631469e-08
140.39,0.0008225176490149383,-0.0002669680937714181,140.628,0.0004856180277042484,1.3186107955526137e-08
140.49,0.0008377851420355929,-0.00026727484273962425,140.728,0.0004948302694971949,1.3657595440650458e-08
140.69,0.0008523544341973459,-0.00026725241795844693,140.828,0.0005040425113694747,1.4137310942806629e-08
140.69,0.0008523544341973459,-0.00026725241795844693,140.928,0.0005132547533209917,1.4625254358767105e-08
140.79,0.0008661726958890897,-0.0002672685477696617,141.028,0.0005224669953515611,1.512142558530563e-08
140.99,0.0008799909613286237,-0.000267284657548887,141.128,0.0005316792374607548,1.5625824519187946e-08
140.99,0.0008799909613286237,-0.000267284657548887,141.228,0.0005408914796480755,1.6138451057182e-08
141.09,0.0008941090183650735,-0.00026723195849102227,141.328,0.0005501037219127613,1.665930509604517e-08
141.29,0.000907927285728679,-0.0002672480295179916,141.428,0.0005593159642540712,1.71883865325389e-08
141.29,0.000907927285728679,-0.0002672480295179916,141.528,0.0005685282066714226,1.7725695263437402e-08
141.39,0.0009217455472892111,-0.0002672640835900156,141.628,0.0005777404491639187,1.8271231185501856e-08
141.59,0.000935563813727114,-0.0002672801176407314,141.728,0.0005869526917309531,1.882499419551364e-08
141.59,0.000935563813727114,-0.0002672801176407314,141.828,0.0005961649343717182,1.9386984190244654e-08
141.69,0.0009493820774027563,-0.00026729613470291764,141.928,0.0006053771770855195,1.9957201066476627e-08
141.89,0.0009641731652311434,-0.0002674513824333257,142.028,0.0006145894198717051,2.0535644720995525e-08
141.89,0.0009641731652311434,-0.0002674513824333257,142.128,0.0006238016627296678,2.1122315050593222e-08
141.99,0.0009779914274334937,-0.00026746736298768463,142.228,0.0006330139056586897,2.171721195205827e-08
142.19,0.0009918096913428612,-0.0002674833235087328,142.328,0.0006422261486582759,2.2320335322195933e-08
142.19,0.0009918096913428612,-0.0002674833235087328,142.428,0.0006514383917277747,2.29316850578039e-08
142.29,0.0010056279564449307,-0.0002674992670848038,142.528,0.0006606506348666231,2.3551261055687206e-08
142.49,0.0010194462192292192,-0.0002675151905623884,142.628,0.0006698628780743706,2.4179063212660646e-08
142.49,0.0010194462192292192,-0.0002675151905623884,142.728,0.000679075121350543,2.4815091425540293e-08
142.59,0.0010332644842524,-0.0002675310972407925,142.828,0.0006882873646945776,2.5459345591138034e-08
142.79,0.0010492850480148537,-0.00026839178397401617,142.928,0.0006974996081060898,2.6111825606278814e-08
142.79,0.0010492850480148537,-0.00026839178397401617,143.028,0.0007067118515847176,2.6772531367792668e-08
142.89,0.0010638983909111526,-0.0002681655702574532,143.128,0.0007159240951299423,2.7441462772500545e-08
142.89,0.0010638983909111526,-0.0002681655702574532,143.228,0.0007251363387414235,2.811861971723896e-08
143.09,0.0010777166522087562,-0.0002681814187609337,143.328,0.0007343485824188663,2.880400209884877e-08
143.19,0.0010963796957250227,-0.0002667935854049602,143.428,0.0007435608261618843,2.9497609814166492e-08
143.19,0.0010963796957250227,-0.0002667935854049602,143.528,0.0007527730699700932,3.0199442760030606e-08
143.39,0.0011116237277239112,-0.0002653310125000782,143.628,0.00076198531384322,3.0909500833291674e-08
143.49,0.0011254419895088742,-0.00026534680526053877,143.728,0.0007711975577809901,3.162778393079933e-08
143.49,0.0011254419895088742,-0.00026534680526053877,143.828,0.0007804098017831077,3.2354291949403486e-08
143.69,0.0011412430538395974,-0.0002654878314344368,143.928,0.0007896220458492321,3.3089024785951714e-08
143.79,0.0011550613066004729,-0.00026550358505937074,144.028,0.0007988342899791335,3.383198233730228e-08
143.79,0.0011550613066004729,-0.00026550358505937074,144.128,0.0008080465341726062,3.458316450031798e-08
143.99,0.0011688795725623882,-0.00026551931871006325,144.228,0.0008172587784293978,3.5342571171857565e-08
144.09,0.0011813512158691875,-0.0002655789195334653,144.328,0.000826471022749279,3.611020224878479e-08
144.09,0.0011813512158691875,-0.0002655789195334653,144.428,0.0008356832671319978,3.688605762796403e-08
144.29,0.001196516100773055,-0.0002655507319909815,144.528,0.0008448955115773254,3.767013720626238e-08
144.39,0.0012078396071990478,-0.00026479730033155747,144.628,0.0008541077560851437,3.8462440880557345e-08
144.39,0.0012078396071990478,-0.00026479730033155747,144.728,0.0008633200006552446,3.9262968547723104e-08
144.59,0.0012229903462770576,-0.00026587272648023047,144.828,0.0008725322452873325,4.007172010462726e-08
144.69,0.0012369316215148857,-0.0002661366880048469,144.928,0.0008817444899813344,4.088869544815688e-08
144.69,0.0012369316215148857,-0.0002661366880048469,145.028,0.0008909567347370642,4.171389447519153e-08
144.89,0.0012546966777754044,-0.0002651725601119214,145.128,0.0009001689795543369,4.25473170826108e-08
144.99,0.0012685149382646818,-0.0002651881672802806,145.228,0.0009093812244330123,4.338896316730108e-08
144.99,0.0012685149382646818,-0.0002651881672802806,145.328,0.0009185934693729278,4.423883262614862e-08
145.19,0.0012823332011753256,-0.00026520375445031487,145.428,0.0009278057143739651,4.509692535604368e-08
145.29,0.0012961514685487327,-0.00026521932466640804,145.528,0.0009370179594358941,4.5963241253869314e-08
145.29,0.0012961514685487327,-0.00026521932466640804,145.628,0.0009462302045587523,4.6837780216534995e-08
145.49,0.0013099697373495387,-0.0002652348747919732,145.728,0.0009554424497421547,4.772054214091023e-08
145.59,0.0013237879972928291,-0.0002652504079854762,145.828,0.0009646546949861831,4.861152692391112e-08
145.59,0.0013237879972928291,-0.0002652504079854762,145.928,0.0009738669402906746,4.9510734462431934e-08
145.79,0.001337606269730348,-0.00026526592118325824,146.028,0.0009830791856554216,5.0418164653364e-08
145.99,0.0013514245371192826,-0.00026528141580279717,146.128,0.0009922914310803738,5.133381739361508e-08
145.99,0.0013514245371192826,-0.00026528141580279717,146.228,0.0010015036765654566,5.225769258009287e-08
146.09,0.0013652428010546332,-0.0002652968934897616,146.328,0.0010107159221104409,5.318979010969101e-08
146.29,0.0013790610680710124,-0.00026531235118856816,146.428,0.0010199281677154082,5.4130109879336104e-08
146.29,0.0013790610680710124,-0.00026531235118856816,146.528,0.0010291404133801038,5.5078651785920577e-08
146.39,0.001392879330354375,-0.00026532779199871427,146.628,0.0010383526591045244,5.603541572636512e-08
146.59,0.0014072868686982123,-0.0002652812611572338,146.728,0.0010475649048884825,5.700040159757206e-08
146.59,0.0014072868686982123,-0.0002652812611572338,146.828,0.0010567771507320172,5.7973609296468e-08
146.69,0.00142110513382842,-0.0002652966607887223,146.928,0.00106598939663492,5.895503871995664e-08
146.89,0.0014349234023465327,-0.0002653120404032236,147.028,0.0010752016425971834,5.994468976496426e-08
146.89,0.0014349234023465327,-0.0002653120404032236,147.128,0.0010844138886186901,6.094256232840757e-08
146.99,0.001448741668497859,-0.00026532740312490356,147.228,0.001093626134699299,6.194865630720084e-08
147.19,0.0014643832400698205,-0.0002655800103701804,147.328,0.0011028383808391131,6.296297159828767e-08
147.19,0.0014643832400698205,-0.0002655800103701804,147.428,0.00111205062703786,6.398550809857056e-08
147.29,0.0014782015027441377,-0.0002655953341515798,147.528,0.0011212628732956422,6.50162657049946e-08
147.29,0.0014782015027441377,-0.0002655953341515798,147.628,0.001130475119612277,6.605524431447434e-08
147.49,0.0014920197700073671,-0.0002656106401471084,147.728,0.0011396873659877097,6.710244382394125e-08
147.59,0.0015021167257853105,-0.00026489097472667377,147.828,0.001148899612421934,6.815786413033345e-08
147.59,0.0015021167257853105,-0.00026489097472667377,147.928,0.0011581118589147205,6.92215051305641e-08
147.79,0.0015196563023207226,-0.00026564119817015205,148.028,0.0011673241054662394,7.029336672159359e-08
147.89,0.0015297532627241966,-0.0002649215112749145,148.128,0.0011765363520762184,7.137344880033223e-08
147.89,0.0015297532627241966,-0.0002649215112749145,148.228,0.0011857485987447369,7.246175126373387e-08
148.09,0.0015435715360211575,-0.0002649367510209005,148.328,0.0011949608454717006,7.355827400873293e-08
148.19,0.0015586791485755482,-0.00026412198563917133,148.428,0.0012041730922570573,7.466301693227063e-08
148.19,0.0015586791485755482,-0.00026412198563917133,148.528,0.0012133853391007102,7.577597993128328e-08
148.39,0.0015724974208495969,-0.00026413719231489053,148.628,0.0012225975860026296,7.689716290271779e-08
148.49,0.001586315693128467,-0.00026415238204443567,148.728,0.0012318098329627866,7.802656574352061e-08
148.69,0.001600133957729674,-0.00026416755170130275,148.828,0.0012410220799811524,7.916418835064008e-08
148.69,0.001600133957729674,-0.00026416755170130275,148.928,0.001250234327057629,8.031003062101835e-08
148.79,0.0016139522238416933,-0.00026418270443095157,149.028,0.0012594465741921216,8.146409245159845e-08
148.99,0.0016280254545439506,-0.0002641684491791944,149.128,0.001268658821384578,8.262637373933116e-08
148.99,0.0016280254545439506,-0.0002641684491791944,149.228,0.0012778710686351033,8.379687438118797e-08
149.09,0.001641843722193308,-0.00026418356339697304,149.328,0.0012870833159434444,8.497559427409694e-08
149.29,0.0016556619927388535,-0.00026419865767398243,149.428,0.0012962955633097472,8.616253331503711e-08
149.29,0.0016556619927388535,-0.00026419865767398243,149.528,0.0013055078107338742,8.735769140095245e-08
149.39,0.0016694802604466797,-0.0002642137349053835,149.628,0.0013147200582157967,8.856106842880265e-08
149.59,0.0016832985343618336,-0.0002642287921405432,149.728,0.0013239323057554822,8.97726642955499e-08
149.59,0.0016832985343618336,-0.0002642287921405432,149.828,0.0013331445533529258,9.099247889815911e-08
149.69,0.001697116810167445,-0.0002642438324058445,149.928,0.0013423568010079855,9.222051213357766e-08
149.89,0.0017109350865533932,-0.0002642588526594162,150.028,0.0013515690487206778,9.345676389877716e-08
149.89,0.0017109350865533932,-0.0002642588526594162,150.128,0.0013607812964910163,9.470123409073124e-08
149.99,0.0017247533519094407,-0.0002642738560103363,150.228,0.001369993544318884,9.595392260639565e-08
150.19,0.0017385716247048124,-0.00026428883926166646,150.328,0.001379205792204293,9.721482934274572e-08
150.19,0.0017385716247048124,-0.00026428883926166646,150.428,0.0013884180401471928,9.848395419674795e-08
150.29,0.0017523898948519695,-0.00026430380575501227,150.528,0.0013976302881474887,9.976129706536416e-08
150.29,0.0017523898948519695,-0.00026430380575501227,150.628,0.0014068425362052841,1.0104685784558548e-07
150.49,0.0017662081668882654,-0.00026431875188746834,150.728,0.0014160547843203926,1.0234063643436397e-07
150.59,0.0017846325282624676,-0.0002643386540863925,150.828,0.00142526703249283,1.0364263272867994e-07
150.59,0.0017846325282624676,-0.0002643386540863925,150.928,0.001434479280722678,1.0495284662552639e-07
150.79,0.0017938447129111758,-0.0002643485905687184,151.028,0.0014436915290097741,1.0627127802186397e-07
150.89,0.0018076629888474256,-0.00026436348290125066,151.128,0.001452903777354133,1.0759792681467813e-07
151.09,0.0018214812632067947,-0.0002643783552343143,151.228,0.0014621160257556791,1.0893279290094207e-07
151.09,0.0018214812632067947,-0.0002643783552343143,151.328,0.0014713282742144502,1.102758761776492e-07
151.19,0.001835313362794519,-0.0002643097229752083,151.428,0.0014805405227304184,1.1162717654178362e-07
151.39,0.0018491316331766287,-0.00026432455634250215,151.528,0.0014897527713035083,1.1298669389032384e-07
151.39,0.0018491316331766287,-0.00026432455634250215,151.628,0.0014989650199337126,1.1435442812025837e-07
151.49,0.001862949908636547,-0.00026433937266002094,151.728,0.0015081772686209587,1.1573037912856759e-07
151.49,0.001862949908636547,-0.00026433937266002094,151.828,0.0015173895173653713,1.1711454681226317e-07
151.69,0.0018767681779157956,-0.0002643541690108407,151.928,0.001526601766166721,1.1850693106830548e-07
151.79,0.0018966011375572338,-0.0002636019572223969,152.028,0.0015358140150250907,1.1990753179370244e-07
151.79,0.0018966011375572338,-0.0002636019572223969,152.128,0.0015450262639404514,1.2131634888544538e-07
151.99,0.001910419409493648,-0.000263616716031279,152.228,0.0015542385129127699,1.227333822405269e-07
152.09,0.0019242376854062316,-0.0002636314578903991,152.328,0.0015634507619419302,1.2415863175592956e-07
152.09,0.0019242376854062316,-0.0002636314578903991,152.428,0.0015726630110280795,1.2559209732867744e-07
152.29,0.0019380559624026053,-0.00026364617965506646,152.528,0.0015818752601710329,1.2703377885574334e-07
152.39,0.0019472681444904004,-0.00026365598447233396,152.628,0.0015910875093708965,1.2848367623414698e-07
152.39,0.0019472681444904004,-0.00026365598447233396,152.728,0.0016002997586275288,1.2994178936087141e-07
152.59,0.001963102895508408,-0.00026050166528245185,152.828,0.0016095120079409866,1.3140811813293273e-07
152.69,0.001976921175381368,-0.00026051634795941613,152.928,0.0016187242573112877,1.3288266244734097e-07
152.89,0.0019907394502550204,-0.0002605310106710715,153.028,0.0016279365067382674,1.3436542220107868e-07
152.89,0.0019907394502550204,-0.0002605310106710715,153.128,0.001637148756221963,1.3585639729116184e-07
152.99,0.0020045577211132205,-0.0002605456564067808,153.228,0.00164636100576239,1.373555876146041e-07
153.19,0.0020183759911293394,-0.00026056028212133255,153.328,0.0016555732553594753,1.3886299306840568e-07
153.19,0.0020183759911293394,-0.00026056028212133255,153.428,0.001664785505013299,1.4037861354959544e-07
153.29,0.002027630925175896,-0.00026144877584555084,153.528,0.0016739977547237433,1.419024489551699e-07
153.49,0.002046012544350853,-0.0002605894796720878,153.628,0.0016832100044908455,1.4343449918215065e-07
153.49,0.002046012544350853,-0.0002605894796720878,153.728,0.0016924222543144203,1.4497476412752463e-07
153.59,0.0020552674722911952,-0.0002614779536089192,153.828,0.0017016345041947056,1.4652324368834937e-07
153.79,0.002069085745986391,-0.0002614925139819995,153.928,0.0017108467541314698,1.4807993776160821e-07
153.79,0.002069085745986391,-0.0002614925139819995,154.028,0.0017200590041248401,1.4964484624434448e-07
153.89,0.00208290402005008,-0.00026150705741591617,154.128,0.0017292712541746782,1.5121796903355637e-07
153.89,0.00208290402005008,-0.00026150705741591617,154.228,0.0017384835042810406,1.5279930602627972e-07
154.09,0.0020967222957428613,-0.00026152158083349276,154.328,0.0017476957544438976,1.5438885711953525e-07
154.19,0.0021105405726698522,-0.0002615360873907982,154.428,0.0017569080046632003,1.5598662221034076e-07
154.19,0.0021105405726698522,-0.0002615360873907982,154.528,0.0017661202549389611,1.5759260119572704e-07
154.39,0.0021243588497041298,-0.000261550573807693,154.628,0.0017753325052711948,1.5920679397272686e-07
154.49,0.002138312169359136,-0.00026174350317554923,154.728,0.0017845447556597389,1.6082920043834416e-07
154.69,0.002152130448520201,-0.00026175795342824905,154.828,0.0017937570061047205,1.624598204896331e-07
154.69,0.002152130448520201,-0.00026175795342824905,154.928,0.001802969256606066,1.6409865402361492e-07
154.79,0.0021659487278677353,-0.0002617723867570931,155.028,0.001812181507163744,1.6574570093731915e-07
154.79,0.0021659487278677353,-0.0002617723867570931,155.128,0.0018213937577777927,1.6740096112778804e-07
154.99,0.0021797670024760263,-0.00026178679999750077,155.228,0.0018306060084481606,1.6906443449204954e-07
155.09,0.002193585273435507,-0.00026180122103699034,155.328,0.0018398182591747734,1.7073612092712967e-07
155.09,0.002193585273435507,-0.00026180122103699034,155.428,0.001849030509957712,1.7241602033008296e-07
155.29,0.0022127494869647706,-0.0002610466286207693,155.528,0.0018582427607969035,1.7410413259793709e-07
155.39,0.002221961669711025,-0.0002610562054202842,155.628,0.0018674550116924281,1.7580045762774916e-07
155.59,0.002235779948714961,-0.00026107055451882514,155.728,0.0018766672626441025,1.7750499531653037e-07
155.59,0.002235779948714961,-0.00026107055451882514,155.828,0.0018858795136519853,1.7921774556133613e-07
155.69,0.0022514126541604814,-0.00026211766919140446,155.928,0.0018950917647160928,1.8093870825921628e-07
155.69,0.0022514126541604814,-0.00026211766919140446,156.028,0.0019043040158364599,1.8266788330722634e-07
155.89,0.0022634165071883892,-0.0002610991987880175,156.128,0.0019135162670128796,1.8440527060237618e-07
156.09,0.0022836552999033594,-0.00026215104163505534,156.228,0.0019227285182454555,1.8615087004173404e-07
156.09,0.0022836552999033594,-0.00026215104163505534,156.328,0.0019319407695342046,1.879046815223553e-07
156.19,0.0022984941437688266,-0.0002625692254214747,156.428,0.0019411530208790276,1.8966670494127488e-07
156.29,0.002312312424090791,-0.00026258348256792273,156.528,0.001950365272279943,1.9143694019554922e-07
156.29,0.002312312424090791,-0.00026258348256792273,156.628,0.001959577523737031,1.932153871822502e-07
156.49,0.002326764524885091,-0.00026206493702109494,156.728,0.001968789775250148,1.9500204579840954e-07
156.69,0.0023405828070957218,-0.0002620791568818544,156.828,0.0019780020268193575,1.9679691594109847e-07
156.69,0.0023405828070957218,-0.0002620791568818544,156.928,0.0019872142784445185,1.98599997507349e-07
156.79,0.002354401083047755,-0.00026209335990892804,157.028,0.001996426530125801,2.004112903942555e-07
156.99,0.002373286983320158,-0.00026204415523813903,157.128,0.002005638781862994,2.0223079449883848e-07
156.99,0.002373286983320158,-0.00026204415523813903,157.228,0.0020148510336562946,2.0405850971820104e-07
157.09,0.00238710525837922,-0.0002620583154166078,157.328,0.002024063285505517,2.058944359493711e-07
157.29,0.0024009235422164737,-0.00026207245560727887,157.428,0.0020332755374106977,2.0773857308942184e-07
157.29,0.0024009235422164737,-0.00026207245560727887,157.528,0.0020424877893719397,2.0959092103544157e-07
157.39,0.002414741819538896,-0.0002620865788959676,157.628,0.0020517000413890155,2.114514796844535e-07
157.59,0.002428560096475803,-0.0002621006822008769,157.728,0.002060912293462003,2.133202489335437e-07
157.59,0.002428560096475803,-0.0002621006822008769,157.828,0.0020701245455908538,2.1519722867977115e-07
157.69,0.002442590794738548,-0.00026086536516773247,157.928,0.0020793367977757615,2.170824188202493e-07
157.89,0.0024564090758264537,-0.0002608794324959585,158.028,0.0020885490500164266,2.1897581925199185e-07
157.89,0.0024564090758264537,-0.0002608794324959585,158.128,0.0020977613023130015,2.208774298721029e-07
157.99,0.0024715771120447268,-0.0002598881719643628,158.228,0.0021069735546654085,2.227872505776437e-07
158.19,0.0024853953946080416,-0.0002599022089775629,158.328,0.0021161858070737082,2.2470528126570438e-07
158.19,0.0024853953946080416,-0.0002599022089775629,158.428,0.002125398059537826,2.266315218333489e-07
158.29,0.0024993417658491185,-0.00025952544436614743,158.528,0.002134610312057711,2.2856597217764604e-07
158.49,0.0025130319494090616,-0.0002599302292586177,158.628,0.0021438225646334664,2.3050863219569932e-07
158.49,0.0025130319494090616,-0.0002599302292586177,158.728,0.0021530348172650207,2.3245950178457758e-07
158.59,0.0025277762043156267,-0.0002595509597787481,158.828,0.0021622470699522284,2.3441858084133537e-07
158.79,0.002540796603727277,-0.00025956739764188577,158.928,0.002171459322695262,2.363858692630944e-07
158.79,0.002540796603727277,-0.00025956739764188577,159.028,0.0021806715754940508,2.3836136694692476e-07
158.89,0.0025554127651987585,-0.00025957887969220444,159.128,0.0021898838283485856,2.403450737899124e-07
159.09,0.0025692310457631493,-0.0002595928111091533,159.228,0.002199096081258813,2.423369896891364e-07
159.09,0.0025692310457631493,-0.0002595928111091533,159.328,0.0022083083342247507,2.4433711454169e-07
159.19,0.0025830493233820685,-0.0002596067256422789,159.428,0.0022175205872464344,2.4634544824467366e-07
159.39,0.002596867606832218,-0.0002596206201179356,159.528,0.0022267328403237667,2.483619906951585e-07
159.39,0.002596867606832218,-0.0002596206201179356,159.628,0.0022359450934568066,2.5038674179025304e-07
159.49,0.002610685885643039,-0.0002596344977381309,159.728,0.002245157346645531,2.52419701427045e-07
159.49,0.002610685885643039,-0.0002596344977381309,159.828,0.00225436959988977,2.544608695025947e-07
159.69,0.0026243339542651707,-0.0002593446346465129,159.928,0.0022635818531897174,2.5651024591404225e-07
159.79,0.002642863063281094,-0.0002593468496470081,160.028,0.0022727941065452985,2.5856783055847136e-07
159.79,0.002642863063281094,-0.0002593468496470081,160.128,0.0022820063599564644,2.606336233329721e-07
159.99,0.002656681338415718,-0.00025936065314320026,160.228,0.002291218613423251,2.627076241346558e-07
159.99,0.002656681338415718,-0.00025936065314320026,160.328,0.0023004308669456294,2.647898328606218e-07
160.19,0.0026751057133727668,-0.00025937903009217437,160.428,0.002309643120523547,2.6688024940796185e-07
160.29,0.002689093576083789,-0.000259950677250697,160.528,0.00231885537415702,2.6897887367378406e-07
160.29,0.002689093576083789,-0.000259950677250697,160.628,0.0023280676278461263,2.7108570555521587e-07
160.49,0.0027027422767202792,-0.00025940653393919527,160.728,0.002337279881590666,2.732007449493188e-07
160.59,0.002716185952064231,-0.0002596191030042151,160.828,0.002346492135390736,2.753239917532255e-07
160.59,0.002716185952064231,-0.0002596191030042151,160.928,0.002355704389246355,2.7745544586405216e-07
160.79,0.0027303788374415444,-0.0002594339639811688,161.028,0.00236491664315747,2.7959510717889815e-07
160.99,0.0027447598469541186,-0.00025799652308423963,161.128,0.002374128897124006,2.817429755948598e-07
160.99,0.0027447598469541186,-0.00025799652308423963,161.228,0.002383341151146091,2.838990510090811e-07
161.09,0.0027594520359743736,-0.0002583180974542829,161.328,0.0023925534052236276,2.86063333318656e-07
161.29,0.0027723964083037557,-0.0002580238534636125,161.428,0.0024017656593566306,2.88235822420707e-07
161.29,0.0027723964083037557,-0.0002580238534636125,161.528,0.0024109779135450277,2.9041651821233475e-07
161.39,0.0027858400451258826,-0.0002582364334907671,161.628,0.0024201901677888328,2.9260542059066364e-07
161.59,0.0028012505203541993,-0.0002589105504789145,161.728,0.0024294024220881485,2.948025294528407e-07
161.59,0.0028012505203541993,-0.0002589105504789145,161.828,0.00243861467644279,2.9700784469594456e-07
161.69,0.0028152572882757243,-0.00025894458295245437,161.928,0.0024478269308529097,2.992213662171343e-07
161.89,0.00282780792785302,-0.0002593867763053275,162.028,0.0024570391853183144,3.014430939134914e-07
161.89,0.00282780792785302,-0.0002593867763053275,162.128,0.0024662514398391586,3.03673027682177e-07
161.99,0.0028428938598661314,-0.00025897176734888456,162.228,0.0024754636944153245,3.059111674202897e-07
162.19,0.0028567121447505843,-0.00025898533109999875,162.328,0.0024846759490468676,3.0815751302497287e-07
162.19,0.0028567121447505843,-0.00025898533109999875,162.428,0.002493888203733806,3.1041206439336206e-07
162.29,0.002874529662270584,-0.0002596686332332069,162.528,0.0025031004584759307,3.126748214225382e-07
162.49,0.0028883479449374424,-0.0002596821639346272,162.628,0.002512312713273478,3.1494578400969244e-07
162.49,0.0028883479449374424,-0.0002596821639346272,162.728,0.0025215249681262222,3.1722495205190247e-07
162.59,0.002902166226399429,-0.0002596956777724264,162.828,0.002530737223034373,3.1951232544635677e-07
162.79,0.0029159845106544132,-0.00025970917155218663,162.928,0.0025399494779977483,3.2180790409014486e-07
162.79,0.0029159845106544132,-0.00025970917155218663,163.028,0.0025491617330163645,3.2411168788040937e-07
162.89,0.0029298027984301215,-0.0002597226484550292,163.128,0.0025583739880903227,3.2642367671431636e-07
163.09,0.002943621078432582,-0.00025973610534424607,163.228,0.002567586243219439,3.2874387048895943e-07
163.09,0.002943621078432582,-0.00025973610534424607,163.328,0.0025767984984038615,3.3107226910151747e-07
163.19,0.002957439364404053,-0.0002597495452963541,163.428,0.0025860107536434724,3.334088724491056e-07
163.19,0.002957439364404053,-0.0002597495452963541,163.528,0.0025952230089383538,3.3575368042888987e-07
163.39,0.0029712576493389096,-0.0002597629652362968,163.628,0.0026044352642884258,3.381066929379976e-07
163.49,0.002985075928698612,-0.0002597763683248056,163.728,0.0026136475196936676,3.404679098735677e-07
163.49,0.002985075928698612,-0.0002597763683248056,163.828,0.0026228597751540897,3.4283733113275264e-07
163.69,0.0029988942113065133,-0.0002597897513326957,163.928,0.0026320720306696865,3.452149566126999e-07
163.79,0.0030134865459472237,-0.0002612351710141541,164.028,0.0026412842862404743,3.4760078621056504e-07
163.79,0.0030134865459472237,-0.0002612351710141541,164.128,0.0026504965418663743,3.499948198234817e-07
163.99,0.0030265307848637104,-0.00025981646355688174,164.228,0.0026597087975474046,3.523970573486075e-07
164.09,0.0030411231184131085,-0.0002612618485473492,164.328,0.0026689210532836,3.548074986831066e-07
164.09,0.0030411231184131085,-0.0002612618485473492,164.428,0.002678133309074889,3.5722614372411773e-07
164.29,0.0030577228193340573,-0.0002612945365409887,164.528,0.002687345564921331,3.596529923688137e-07
164.39,0.0030726635907013886,-0.0002622116091045799,164.628,0.002696557820822851,3.6208804451433273e-07
164.39,0.0030726635907013886,-0.0002622116091045799,164.728,0.0027057700767794206,3.645313000578281e-07
164.59,0.0030853593885538074,-0.000261321109038502,164.828,0.0027149823327910945,3.6698275889647756e-07
164.69,0.003100300161154502,-0.0002622381485773898,164.928,0.0027241945888578263,3.694424209274294e-07
164.69,0.003100300161154502,-0.0002622381485773898,165.028,0.002733406844979652,3.7191028604785766e-07
164.89,0.0031141184470183667,-0.00026225138988786615,165.128,0.002742619101156408,3.743863541548826e-07
164.99,0.0031279367359513424,-0.00026226461423616525,165.228,0.0027518313573883114,3.7687062514572895e-07
164.99,0.0031279367359513424,-0.00026226461423616525,165.328,0.002761043613675265,3.7936309891753874e-07
165.19,0.003141755019238314,-0.00026227781860755067,165.428,0.002770255870017129,3.8186377536744373e-07
165.29,0.0031552401967698714,-0.0002630943191963812,165.528,0.0027794681264140474,3.8437265439265444e-07
165.29,0.0031552401967698714,-0.0002630943191963812,165.628,0.0027886803828660153,3.8688973589034056e-07
165.49,0.003169391595077104,-0.00026230417354600037,165.728,0.002797892639372828,3.894150197576181e-07
165.69,0.003182087389313897,-0.0002614135307322169,165.828,0.0028071048959347417,3.9194850589173034e-07
165.69,0.003182087389313897,-0.0002614135307322169,165.928,0.002816317152551572,3.9449019418980123e-07
165.79,0.003197028165049227,-0.0002623304546360078,166.028,0.0028255294092232913,3.9704008454899906e-07
165.99,0.003209723963754918,-0.00026143977106630795,166.128,0.002834741665949981,3.9959817686652413e-07
165.99,0.003209723963754918,-0.00026143977106630795,166.228,0.0028439539227316534,4.0216447103956127e-07
166.09,0.0032247797886256297,-0.0002640988790216269,166.328,0.002853166179568169,4.047389669652531e-07
166.29,0.0032400200990526885,-0.00025927764268791176,166.428,0.002862378436459675,4.073216645408227e-07
166.29,0.0032400200990526885,-0.00025927764268791176,166.528,0.002871590693406033,4.09912563663413e-07
166.39,0.003255076260161839,-0.00026193691550998504,166.628,0.00288080295040728,4.1251166423021893e-07
166.39,0.003255076260161839,-0.00026193691550998504,166.728,0.0028900152074634094,4.1511896613842343e-07
166.59,0.0032683353901202996,-0.00026099296837687753,166.828,0.0028992274645744565,4.1773446928522477e-07
166.69,0.0032878824707248,-0.00026191444673212295,166.928,0.0029084397217403234,4.20358173567784e-07
166.69,0.0032878824707248,-0.00026191444673212295,167.028,0.00291765197896103,4.2299007888329456e-07
166.89,0.0033017007633964705,-0.00026192744349710776,167.128,0.00292686423623659,4.2563018512895115e-07
166.99,0.003315519041682746,-0.00026194041659370376,167.228,0.0029360764935669713,4.2827849220193843e-07
166.99,0.003315519041682746,-0.00026194041659370376,167.328,0.0029452887509521892,4.309349999994543e-07
167.19,0.0033247389425539614,-0.0002619311653602131,167.428,0.0029545010083922157,4.335997084186839e-07
167.29,0.003338557220336009,-0.0002619441076682826,167.528,0.0029637132658870873,4.362726173568336e-07
167.29,0.003338557220336009,-0.0002619441076682826,167.628,0.0029729255234367067,4.3895372671107237e-07
167.49,0.0033569815977881937,-0.00026196134341828026,167.728,0.002982137781041069,4.4164303637859655e-07
167.59,0.003370799932229538,-0.0002619741908619517,167.828,0.0029913500387002347,4.4434054625662307e-07
167.59,0.003370799932229538,-0.0002619741908619517,167.928,0.003000562296414195,4.470462562423512e-07
167.79,0.00338461822051187,-0.0002619870769301319,168.028,0.003009774554182894,4.4976016623296984e-07
167.89,0.0033984365105148347,-0.00026199994603799166,168.128,0.0030189868120063055,4.5248227612567416e-07
167.89,0.0033984365105148347,-0.00026199994603799166,168.228,0.00302819906988438,4.5521258581765326e-07
168.09,0.00341225479985853,-0.00026201279517151435,168.328,0.003037411327817285,4.579510952061632e-07
168.19,0.0034260730882787653,-0.0002620256273894375,168.428,0.0030466235858048803,4.6069780418837e-07
168.19,0.0034260730882787653,-0.0002620256273894375,168.528,0.0030558358438471387,4.634527126614743e-07
168.39,0.0034402201444085536,-0.00026217021331450836,168.628,0.0030650481019441184,4.6621582052270343e-07
168.49,0.0034540384299235113,-0.0002621830069108289,168.728,0.0030742603600957905,4.689871276692604e-07
168.49,0.0034540384299235113,-0.0002621830069108289,168.828,0.0030834726183020995,4.7176663399834285e-07
168.69,0.00346785672092377,-0.00026219578045285567,168.928,0.0030926848765630652,4.745543394071695e-07
168.79,0.0034816750105877356,-0.00026220853715573075,169.028,0.00310189713487872,4.773502437929656e-07
168.79,0.0034816750105877356,-0.00026220853715573075,169.128,0.0031111093932489507,4.801543470529105e-07
168.99,0.003495493301768869,-0.0002622212738917547,169.228,0.0031203216516739025,4.829666490842672e-07
169.19,0.0035093102062517356,-0.0002622303896469076,169.328,0.003129533910153366,4.857871497841919e-07
169.19,0.0035093102062517356,-0.0002622303896469076,169.428,0.0031387461686875166,4.886158490499549e-07
169.29,0.0035231298845467586,-0.00026224669345716083,169.528,0.0031479584272763013,4.914527467787625e-07
169.49,0.0035369467857884313,-0.00026225577221507604,169.628,0.0031571706859195997,4.942978428678027e-07
169.49,0.0035369467857884313,-0.00026225577221507604,169.728,0.003166382944617538,4.971511372143373e-07
169.59,0.003550766464352948,-0.00026227203924886536,169.828,0.0031755952033700008,5.000126297155541e-07
169.79,0.0035671076002727394,-0.0002627094537032781,169.928,0.003184807462177112,5.028823202687189e-07
169.79,0.0035671076002727394,-0.0002627094537032781,170.028,0.0031940197210386665,5.057602087709963e-07
169.89,0.003580927281500182,-0.0002627256793321592,170.128,0.0032032319799548087,5.086462951196632e-07
169.89,0.003580927281500182,-0.0002627256793321592,170.228,0.0032124442389255326,5.115405792119478e-07
170.09,0.0035966277760971937,-0.0002615960049483382,170.328,0.003221656497950634,5.144430609450161e-07
170.19,0.003610446069401259,-0.00026160859198313865,170.428,0.0032308687570304123,5.173537402161973e-07
170.19,0.003610446069401259,-0.00026160859198313865,170.528,0.003240081016164599,5.202726169226387e-07
170.39,0.003628870457227438,-0.00026162534503580204,170.628,0.0032492932753533355,5.231996909616239e-07
170.49,0.003642690133509503,-0.00026164149297717694,170.728,0.003258505534596552,5.261349622303652e-07
170.49,0.003642690133509503,-0.00026164149297717694,170.828,0.003267717793894195,5.290784306260838e-07
170.69,0.003656507038219879,-0.0002616504130290168,170.928,0.0032769300532463908,5.320300960460616e-07
170.79,0.003670326714895644,-0.00026166652424341346,171.028,0.0032861423126530243,5.349899583874994e-07
170.79,0.003670326714895644,-0.00026166652424341346,171.128,0.0032953545721140422,5.379580175476233e-07
170.99,0.003684143622381579,-0.0002616754072793378,171.228,0.003304566831629546,5.409342734237111e-07
171.09,0.00369796330162207,-0.00026169148168629744,171.328,0.003313779091199486,5.439187259129909e-07
171.09,0.00369796330162207,-0.00026169148168629744,171.428,0.0033229913508239,5.469113749127186e-07
171.29,0.0037117802094824345,-0.000261700327807616,171.528,0.0033322036105025805,5.499122203200738e-07
171.39,0.0037255998884638043,-0.0002617163653538263,171.628,0.003341415870235762,5.529212620323837e-07
171.39,0.0037255998884638043,-0.0002617163653538263,171.728,0.0033506281300233285,5.5593849994686e-07
171.59,0.0037394167982581273,-0.00026172517452357856,171.828,0.003359840389865296,5.589639339607594e-07
171.69,0.0037532364748902565,-0.00026174117527641785,171.928,0.003369052649761566,5.619975639713018e-07
171.69,0.0037532364748902565,-0.00026174117527641785,172.028,0.00337826490971231,5.650393898757978e-07
171.89,0.0037670533810728996,-0.0002617499474083988,172.128,0.0033874771697173225,5.680894115714352e-07
171.99,0.003780871675549885,-0.00026176230702457944,172.228,0.003396689429776682,5.711476289554926e-07
171.99,0.003780871675549885,-0.00026176230702457944,172.328,0.0034059016898903846,5.742140419252274e-07
172.19,0.003794689973426895,-0.00026177464659166036,172.428,0.0034151139500584638,5.772886503779102e-07
172.29,0.003808508263225536,-0.0002617869692799071,172.528,0.0034243262102808007,5.80371454210763e-07
172.29,0.003808508263225536,-0.0002617869692799071,172.628,0.0034335384705574588,5.834624533210664e-07
172.49,0.0038284989226455646,-0.00026256975283773756,172.728,0.003442750730888429,5.865616476060799e-07
172.59,0.0038423172155643438,-0.00026258203911386956,172.828,0.0034519629912736598,5.896690369630491e-07
172.59,0.0038423172155643438,-0.00026258203911386956,172.928,0.0034611752517131446,5.927846212892353e-07
172.79,0.0038561355139784324,-0.0002625943054642468,173.028,0.003470387512206919,5.959084004819183e-07
172.89,0.0038699538046603277,-0.00026260655492865394,173.128,0.0034795997727549545,5.990403744383568e-07
172.89,0.0038699538046603277,-0.00026260655492865394,173.228,0.0034888120333572423,6.021805430558158e-07
173.09,0.0038842529013271656,-0.00026276098841196513,173.328,0.0034980242940137987,6.053289062315703e-07
173.19,0.0038986136027380634,-0.0002626642097209824,173.428,0.003507236554724482,6.084854638628448e-07
173.19,0.0038986136027380634,-0.0002626642097209824,173.528,0.0035164488154895324,6.116502158469916e-07
173.39,0.003912431904775817,-0.0002626763964810791,173.628,0.003525661076308741,6.148231620812124e-07
173.59,0.00392625020179697,-0.0002626885647944532,173.728,0.0035348733371820787,6.180043024627724e-07
173.59,0.00392625020179697,-0.0002626885647944532,173.828,0.00354408559810969,6.211936368890001e-07
173.69,0.0039400684942789655,-0.00026270071620198464,173.928,0.0035532978590914633,6.24391165257135e-07
173.89,0.003953886788624151,-0.00026271284763132463,174.028,0.003562510120127343,6.275968874644392e-07
173.89,0.003953886788624151,-0.00026271284763132463,174.128,0.0035717223812174763,6.308108034082456e-07
173.99,0.003969115971838869,-0.0002611678444146056,174.228,0.003580934642361725,6.340329129857859e-07
174.19,0.0039815233773808694,-0.0002627370567164401,174.328,0.003590146903560169,6.372632160943706e-07
174.19,0.0039815233773808694,-0.0002627370567164401,174.428,0.003599359164812757,6.405017126312639e-07
174.29,0.003996752555491341,-0.00026119203152124415,174.528,0.0036085714261194606,6.437484024937432e-07
174.49,0.0040105708506017225,-0.00026120409661569755,174.628,0.0036177836874802492,6.470032855790852e-07
174.49,0.0040105708506017225,-0.00026120409661569755,174.728,0.003626995948895182,6.50266361784597e-07
174.59,0.0040234599264962045,-0.00026137401775995847,174.828,0.003636208210364162,6.535376310075342e-07
174.79,0.0040382074385198015,-0.000261228173115999,174.928,0.003645420471887319,6.568170931452327e-07
174.79,0.0040382074385198015,-0.000261228173115999,175.028,0.003654632733464558,6.601047480949489e-07
174.89,0.004051096514550471,-0.000261398059961083,175.128,0.0036638449950957357,6.634005957539269e-07
175.09,0.0040658440253148204,-0.00026125217583201584,175.228,0.003673057256781085,6.667046360195446e-07
175.09,0.0040658440253148204,-0.00026125217583201584,175.328,0.003682269518520491,6.700168687890571e-07
175.19,0.0040787331051740485,-0.0002614220284601822,175.428,0.003691481780313946,6.733372939597592e-07
175.39,0.004092551395427138,-0.00026143398426105644,175.528,0.0037006940421614233,6.766659114289381e-07
175.39,0.004092551395427138,-0.00026143398426105644,175.628,0.0037099063040629335,6.80002721093901e-07
175.49,0.004107562306570401,-0.0002582802069373849,175.728,0.0037191185660184517,6.833477228519369e-07
175.69,0.004121380604957107,-0.0002582921327361013,175.828,0.0037283308280279897,6.867009166003515e-07
175.69,0.004121380604957107,-0.0002582921327361013,175.928,0.0037375430900914524,6.900623022364145e-07
175.79,0.004135201293922147,-0.0002583541878608715,176.028,0.003746755352208967,6.934318796574777e-07
175.99,0.0041490171946937885,-0.00025831593051045803,176.128,0.0037559676143804326,6.968096487608091e-07
175.99,0.0041490171946937885,-0.00025831593051045803,176.228,0.0037651798766058916,7.001956094437292e-07
176.09,0.004163059460355859,-0.00025743397180488174,176.328,0.00377439213888538,7.035897616035613e-07
176.29,0.004176656180210872,-0.00025838980035375965,176.428,0.003783604401218689,7.069921051375401e-07
176.29,0.004176656180210872,-0.00025838980035375965,176.528,0.0037928166636060343,7.104026399430523e-07
176.39,0.0041906960463826675,-0.0002574576714510812,176.628,0.0038020289260472765,7.138213659173606e-07
176.59,0.004204514344930444,-0.0002574694928804269,176.728,0.0038112411885424975,7.172482829578086e-07
176.59,0.004204514344930444,-0.0002574694928804269,176.828,0.003820453451091578,7.206833909616667e-07
176.69,0.004218332638810922,-0.0002574812974327726,176.928,0.0038296657136945777,7.241266898262747e-07
176.89,0.004232150938813678,-0.0002574930819948325,177.028,0.0038388779763514898,7.27578179448948e-07
176.89,0.004232150938813678,-0.0002574930819948325,177.128,0.0038480902390623044,7.310378597270016e-07
176.99,0.004245969233094564,-0.0002575048496426231,177.228,0.003857302501826947,7.345057305577273e-07
177.19,0.004265618253866413,-0.0002575290243675991,177.328,0.003866514764645457,7.379817918384606e-07
177.19,0.004265618253866413,-0.0002575290243675991,177.428,0.003875727027517917,7.414660434665545e-07
177.29,0.004279436552213856,-0.0002575407456000734,177.528,0.0038849392904441206,7.449584853392544e-07
177.49,0.00429325485048551,-0.0002575524468838077,177.628,0.0038941515534242142,7.484591173539446e-07
177.49,0.00429325485048551,-0.0002575524468838077,177.728,0.0039033638164581255,7.519679394079219e-07
177.59,0.004307705209323025,-0.00025774422455011273,177.828,0.003912576079545931,7.554849513985455e-07
177.79,0.0043215235153237965,-0.0002577558874425273,177.928,0.0039217883426874755,7.590101532230811e-07
177.79,0.0043215235153237965,-0.0002577558874425273,178.028,0.003931000605882864,7.625435447789e-07
177.89,0.004335341814908128,-0.000257767533418191,178.128,0.003940212869131989,7.660851259632952e-07
178.09,0.004349160115403853,-0.0002577791594755169,178.228,0.003949425132434917,7.696348966736231e-07
178.09,0.004349160115403853,-0.0002577791594755169,178.328,0.003958637395791704,7.731928568072426e-07
178.19,0.004362978412194681,-0.0002577907685723803,178.428,0.003967849659202197,7.767590062614261e-07
178.39,0.004376796713674287,-0.00025780235778997024,178.528,0.003977061922666422,7.803333449335234e-07
178.39,0.004376796713674287,-0.00025780235778997024,178.628,0.00398627418618449,7.839158727209129e-07
178.49,0.004390615007211102,-0.00025781393006394916,178.728,0.0039954864497563185,7.875065895209056e-07
178.49,0.004390615007211102,-0.00025781393006394916,178.828,0.0040046987133818155,7.911054952308049e-07
178.69,0.004404433307251767,-0.00025782548239792065,178.928,0.004013910977061002,7.947125897479577e-07
178.79,0.004418676654913334,-0.0002579426901969571,179.028,0.004023123240793973,7.983278729697475e-07
178.79,0.004418676654913334,-0.0002579426901969571,179.128,0.004032335504580619,8.019513447934716e-07
178.99,0.004432494953942394,-0.00025795420029555257,179.228,0.00404154776842102,8.055830051165076e-07
179.09,0.00444631325325803,-0.0002579656935655917,179.328,0.004050760032315074,8.09222853836166e-07
179.09,0.00444631325325803,-0.0002579656935655917,179.428,0.004059972296262799,8.128708908497997e-07
179.29,0.004465455061129586,-0.00025804830506812975,179.528,0.004069184560264214,8.165271160547651e-07
179.39,0.004479273362665925,-0.0002580597511802375,179.628,0.004078396824319215,8.201915293483731e-07
179.39,0.004479273362665925,-0.0002580597511802375,179.728,0.004087609088427956,8.238641306280336e-07
179.59,0.004493091662351396,-0.0002580711773369639,179.828,0.00409682135259027,8.275449197910353e-07
179.69,0.004506909963189758,-0.00025808258656489017,179.928,0.004106033616806244,8.312338967347682e-07
179.69,0.004506909963189758,-0.00025808258656489017,180.028,0.00411524588107589,8.349310613565937e-07
179.89,0.004520728261131491,-0.000258093975913871,180.128,0.00412445814539911,8.386364135538312e-07
180.09,0.004534546563859496,-0.0002581053468005632,180.228,0.004133670409775987,8.423499532238716e-07
180.09,0.004534546563859496,-0.0002581053468005632,180.328,0.0041428826742064325,8.460716802640347e-07
180.19,0.004548364862458142,-0.0002581167007906287,180.428,0.004152094938690429,8.498015945716784e-07
180.39,0.004562183161020439,-0.0002581280347791091,180.528,0.0041613072032281265,8.535396960442234e-07
180.39,0.004562183161020439,-0.0002581280347791091,180.628,0.004170519467819229,8.57285984578914e-07
180.49,0.004576001464315005,-0.0002581393519466079,180.728,0.004179731732463978,8.610404600732102e-07
180.69,0.004590364001810492,-0.0002571964434055417,180.828,0.004188943997162248,8.648031224244322e-07
180.69,0.004590364001810492,-0.0002571964434055417,180.928,0.00419815626191415,8.685739715299871e-07
180.79,0.004605451407047399,-0.00025589475825047375,181.028,0.004207368526719471,8.723530072871593e-07
180.99,0.0046180006105372064,-0.0002572189901405298,181.128,0.004216580791578323,8.761402295933615e-07
180.99,0.0046180006105372064,-0.0002572189901405298,181.228,0.004225793056490759,8.799356383459898e-07
181.09,0.004635111412198613,-0.00025640061027479977,181.328,0.004235005321456733,8.83739233442394e-07
181.29,0.0046489297100631485,-0.00025641184007447007,181.428,0.004244217586476139,8.875510147799092e-07
181.29,0.0046489297100631485,-0.00025641184007447007,181.528,0.004253429851548998,8.913709822559185e-07
181.39,0.004662748012148988,-0.0002564230529965519,181.628,0.00426264211667544,8.951991357678487e-07
181.59,0.004676566318569278,-0.000256434245962911,181.728,0.004271854381855292,8.990354752130117e-07
181.59,0.004676566318569278,-0.000256434245962911,181.828,0.0042810666470886,9.028800004888011e-07
181.69,0.004690384621463774,-0.000256445422061838,181.928,0.004290278912375412,9.067327114926211e-07
181.89,0.00470420292789364,-0.0002564565782041607,182.028,0.004299491177715648,9.105936081218133e-07
181.89,0.00470420292789364,-0.0002564565782041607,182.128,0.0043087034431093345,9.144626902737754e-07
181.99,0.004718021227135422,-0.00025646771744586847,182.228,0.0043179157085564265,9.183399578458684e-07
182.19,0.004731839531070664,-0.00025647883674600444,182.328,0.004327127974056978,9.222254107355034e-07
182.19,0.004731839531070664,-0.00025647883674600444,182.428,0.004336340239610853,9.261190488400074e-07
182.29,0.004745657828541415,-0.00025648993919596583,182.528,0.0043455525052182,9.300208720568309e-07
182.49,0.004759476136818411,-0.00025650102161670226,182.628,0.0043547647708789125,9.33930880283322e-07
182.49,0.004759476136818411,-0.00025650102161670226,182.728,0.004363977036593038,9.378490734168861e-07
182.59,0.004773294436613047,-0.00025651208724669,182.828,0.0043731893023605025,9.417754513548827e-07
182.79,0.004787112738586031,-0.00025652313287847416,182.928,0.004382401568181319,9.457100139947116e-07
182.79,0.004787112738586031,-0.00025652313287847416,183.028,0.0043916138340555425,9.496527612337908e-07
182.89,0.004800931041709453,-0.0002565341616206982,183.128,0.004400826099983105,9.536036929694845e-07
183.09,0.00481474934401316,-0.0002565451704363917,183.228,0.004410038365963993,9.575628090991865e-07
183.09,0.00481474934401316,-0.0002565451704363917,183.328,0.004419250631998158,9.615301095202748e-07
183.19,0.004830490745929523,-0.000255140238567552,183.428,0.004428462898085708,9.655055941301914e-07
183.39,0.004844309050283861,-0.00025515121963013115,183.528,0.004437675164226589,9.69489262826314e-07
183.39,0.004844309050283861,-0.00025515121963013115,183.628,0.00444688743042075,9.73481115506022e-07
183.49,0.004858127355689829,-0.00025516218381651525,183.728,0.004456099696668117,9.774811520666865e-07
183.69,0.004875110842666526,-0.00025586019809826545,183.828,0.004465311962968902,9.814893724058074e-07
183.69,0.004875110842666526,-0.00025586019809826545,183.928,0.004474524229322901,9.855057764207e-07
183.79,0.004889006076251655,-0.00025500169446244456,184.028,0.00448373649573015,9.895303640087867e-07
183.99,0.004902824384776683,-0.00025501260521035773,184.128,0.004492948762190682,9.935631350674915e-07
183.99,0.004902824384776683,-0.00025501260521035773,184.228,0.004502161028704473,9.97604089494211e-07
184.09,0.004953788875866594,-0.00026059072675730055,184.328,0.0045113732952714045,1.001653227186303e-06
184.29,0.0049304609954069,-0.00025503437288501465,184.428,0.004520585561891648,1.0057105480412546e-06
184.29,0.0049304609954069,-0.00025503437288501465,184.528,0.004529797828565121,1.0097760519564466e-06
184.39,0.00498264126559168,-0.00026138484129635396,184.628,0.0045390100952918035,1.0138497388292814e-06
184.59,0.004959309613073632,-0.00025582733814053394,184.728,0.00454822236207166,1.0179316085571617e-06
184.59,0.004959309613073632,-0.00025582733814053394,184.828,0.004557434628904731,1.022021661037522e-06
184.69,0.005010277877232147,-0.0002614066030047271,184.928,0.004566646895791031,1.0261198961677862e-06
184.89,0.004986946223540579,-0.00025584896645005885,185.028,0.004575859162730442,1.0302263138453208e-06
184.89,0.004986946223540579,-0.00025584896645005885,185.128,0.004585071429723068,1.034340913967595e-06
184.99,0.005039566528250008,-0.0002607450566947,185.228,0.004594283696768811,1.0384636964319873e-06
185.19,0.005051732792997091,-0.000261439106640763,185.328,0.0046034959638676905,1.0425946611359276e-06
185.19,0.005051732792997091,-0.000261439106640763,185.428,0.004612708231019766,1.0467338079768683e-06
185.29,0.005067203136550637,-0.0002607666860258703,185.528,0.004621920498224916,1.050881136852182e-06
185.49,0.005080505884768462,-0.00026001913557955556,185.628,0.004631132765483218,1.0550366476593337e-06
185.49,0.005080505884768462,-0.00026001913557955556,185.728,0.004640345032794625,1.0592003402957273e-06
185.59,0.0050948397539997085,-0.0002607882417294984,185.828,0.004649557300159176,1.0633722146588079e-06
185.59,0.0050948397539997085,-0.0002607882417294984,185.928,0.00465876956757679,1.067552270645975e-06
185.79,0.00510814249794993,-0.0002600406538660708,186.028,0.004667981835047471,1.0717405081546587e-06
185.99,0.005126566905947078,-0.0002600549584722553,186.128,0.004677194102571289,1.075936927082327e-06
185.99,0.005126566905947078,-0.0002600549584722553,186.228,0.004686406370148134,1.0801415273263614e-06
186.09,0.005140900775804835,-0.00026082400428870356,186.328,0.004695618637778019,1.0843543087842058e-06
186.29,0.005154719084865944,-0.00026083469238305875,186.428,0.004704830905461002,1.0885752713533229e-06
186.29,0.005154719084865944,-0.00026083469238305875,186.528,0.004714043173197056,1.0928044149311387e-06
186.39,0.005168537395397198,-0.00026084536364279226,186.628,0.004723255440986127,1.0970417394150692e-06
186.59,0.005183072877861329,-0.000260991145162113,186.728,0.004732467708828272,1.101287244702585e-06
186.59,0.005183072877861329,-0.000260991145162113,186.828,0.004741679976723349,1.1055409306910627e-06
186.69,0.0051968911823093225,-0.0002610017792025389,186.928,0.00475089224467147,1.1098027972779956e-06
186.89,0.005210709493579647,-0.00026101239326565607,187.028,0.004760104512672601,1.1140728443608147e-06
186.89,0.005210709493579647,-0.00026101239326565607,187.128,0.004769316780726737,1.1183510718369624e-06
186.99,0.0052245278000284875,-0.0002610229904354441,187.228,0.0047785290488337765,1.122637479603841e-06
187.19,0.005238346109586164,-0.0002610335676674317,187.328,0.004787741316993878,1.1269320675589686e-06
187.19,0.005238346109586164,-0.0002610335676674317,187.428,0.0047969535852068965,1.1312348355997316e-06
187.29,0.005252121349174626,-0.0002598418981215703,187.528,0.004806165853472846,1.1355457836235892e-06
187.49,0.00526715496143651,-0.0002600259050021672,187.628,0.004815378121791805,1.1398649115280308e-06
187.49,0.00526715496143651,-0.0002600259050021672,187.728,0.004824590390163678,1.144192219210467e-06
187.59,0.0052809302589467404,-0.0002588340750951067,187.828,0.004833802658588533,1.1485277065683795e-06
187.79,0.005294791573983903,-0.0002600469463476714,187.928,0.00484301492706622,1.1528713734991597e-06
187.79,0.005294791573983903,-0.0002600469463476714,188.028,0.004852227195596824,1.157223219900304e-06
187.89,0.005308566872907372,-0.0002588550852379367,188.128,0.004861439464180402,1.1615832456692993e-06
188.09,0.005322385182296735,-0.0002588655618620107,188.228,0.004870651732816794,1.1659514507035293e-06
188.09,0.005322385182296735,-0.0002588655618620107,188.328,0.004879864001506122,1.1703278349005157e-06
188.19,0.005336203488197745,-0.0002588760217596922,188.428,0.004889076270248274,1.1747123981576631e-06
188.19,0.005336203488197745,-0.0002588760217596922,188.528,0.0048982885390433314,1.1791051403724773e-06
188.39,0.005350021799788343,-0.00025888646157415254,188.628,0.0049075008078912335,1.183506061442397e-06
188.49,0.005368446208442102,-0.00025890035542151785,188.728,0.004916713076792031,1.1879151612649093e-06
188.49,0.005368446208442102,-0.00025890035542151785,188.828,0.004925925345745662,1.1923324397374557e-06
188.69,0.005382264519585903,-0.0002589107522792353,188.928,0.004935137614752074,1.19675789675748e-06
188.79,0.005404449384721495,-0.00026109546783341554,189.028,0.004944349883811308,1.201191532222472e-06
188.79,0.005404449384721495,-0.00026109546783341554,189.128,0.004953562152923423,1.2056333460299322e-06
188.99,0.005413019146837923,-0.0002593964750841854,189.228,0.004962774422088259,1.2100833380772572e-06
189.19,0.005426837459110573,-0.0002594068055945344,189.328,0.0049719866913058505,1.2145415082619384e-06
189.19,0.005426837459110573,-0.0002594068055945344,189.428,0.0049811989605763485,1.2190078564815226e-06
189.29,0.005440655770722298,-0.0002594171193364931,189.528,0.004990411229899566,1.2234823826333982e-06
189.49,0.005455111209928353,-0.0002582915551230923,189.628,0.004999623499275517,1.2279650866150496e-06
189.49,0.005455111209928353,-0.0002582915551230923,189.728,0.005008835768704309,1.232455968324007e-06
189.59,0.005474207192826104,-0.0002600069182710253,189.828,0.005018048038185773,1.2369550276576696e-06
189.79,0.005482747824403532,-0.0002583120908461665,189.928,0.00502726030772004,1.2414622645135849e-06
189.79,0.005482747824403532,-0.0002583120908461665,190.028,0.005036472577306989,1.2459776787891763e-06
189.89,0.005501843806543821,-0.00026002741884229225,190.128,0.005045684846946745,1.2505012703819901e-06
190.09,0.005515662120537512,-0.00026003764074871994,190.228,0.005054897116639219,1.2550330391894634e-06
190.09,0.005515662120537512,-0.00026003764074871994,190.328,0.005064109386384378,1.259572985109069e-06
190.19,0.0055294804311619246,-0.0002600478458561209,190.428,0.005073321656182235,1.2641211080383043e-06
190.39,0.005543298740441783,-0.0002600580309420377,190.528,0.005082533926032808,1.2686774078746665e-06
190.39,0.005543298740441783,-0.0002600580309420377,190.628,0.005091746195936019,1.2732418845156102e-06
190.49,0.005557131465843507,-0.0002600725909344407,190.728,0.0051009584658919084,1.2778145378586455e-06
190.49,0.005557131465843507,-0.0002600725909344407,190.828,0.005110170735900484,1.2823953678012763e-06
190.69,0.0055709353579703885,-0.0002600783476102072,190.928,0.005119383005961682,1.2869843742409586e-06
190.79,0.005584768080153556,-0.0002600928708850015,191.028,0.005128595276075537,1.2915815570752074e-06
190.79,0.005584768080153556,-0.0002600928708850015,191.128,0.005137807546242063,1.2961869162015277e-06
190.99,0.00559858638950452,-0.00026010298241457565,191.228,0.005147019816461182,1.3008004515173812e-06
191.09,0.005617010811109136,-0.000260116420714871,191.328,0.005156232086732916,1.305422162920275e-06
191.09,0.005617010811109136,-0.000260116420714871,191.428,0.005165444357057254,1.3100520503077079e-06
191.29,0.005630829123752133,-0.0002601264893468371,191.528,0.005174656627434236,1.314690113577201e-06
191.39,0.005655559584468162,-0.0002633260258519677,191.628,0.0051838688978637385,1.3193363526261985e-06
191.39,0.005655559584468162,-0.0002633260258519677,191.728,0.005193081168345893,1.3239907673522715e-06
191.59,0.005665413071276703,-0.0002613642624700765,191.828,0.005202293438880602,1.3286533576528743e-06
191.69,0.00568319620446462,-0.0002633460827302821,191.928,0.005211505709467855,1.333324123425512e-06
191.69,0.00568319620446462,-0.0002633460827302821,192.028,0.005220717980107716,1.3380030645677247e-06
191.89,0.005697014517243688,-0.0002633560827571722,192.128,0.005229930250800064,1.3426901809769623e-06
191.99,0.00571083282921674,-0.00026336606599688456,192.228,0.005239142521545004,1.3473854725507883e-06
191.99,0.00571083282921674,-0.00026336606599688456,192.328,0.0052483547923424575,1.3520889391866777e-06
192.19,0.00572466196067951,-0.00026337379614187786,192.428,0.005257567063192478,1.3568005807821643e-06
192.29,0.005738480274592947,-0.0002633837425272584,192.528,0.005266779334094928,1.3615203972347029e-06
192.29,0.005738480274592947,-0.0002633837425272584,192.628,0.005275991605049922,1.3662483884418635e-06
192.49,0.005752298587939687,-0.0002633936689871099,192.728,0.00528520387605742,1.3709845543011458e-06
192.59,0.005766518364356289,-0.00026371146905974615,192.828,0.005294416147117382,1.3757288947100438e-06
192.59,0.005766518364356289,-0.00026371146905974615,192.928,0.0053036284182298625,1.3804814095661085e-06
192.79,0.005780336678526642,-0.00026372135594469247,193.028,0.005312840689394745,1.3852420987668006e-06
192.99,0.005794827982998215,-0.0002632961434118795,193.128,0.005322052960612105,1.3900109622096855e-06
192.99,0.005794827982998215,-0.0002632961434118795,193.228,0.005331265231881964,1.394787999792295e-06
193.09,0.005808646290877763,-0.0002633059971016927,193.328,0.005340477503204223,1.3995732114121044e-06
193.29,0.005823823496303303,-0.0002632699921187921,193.428,0.005349689774578967,1.4043665969666831e-06
193.29,0.005823823496303303,-0.0002632699921187921,193.528,0.005358902046006144,1.4091681563535351e-06
193.39,0.005837641802959731,-0.0002632798047190851,193.628,0.0053681143174856985,1.41397788947016e-06
193.59,0.005854144614634015,-0.00026452828875760646,193.728,0.0053773265890177365,1.418795796214143e-06
193.59,0.005854144614634015,-0.00026452828875760646,193.828,0.005386538860602094,1.4236218764829292e-06
193.69,0.005867962926497304,-0.00026453806639253224,193.928,0.005395751132238897,1.4284561301741215e-06
193.89,0.005882390464346096,-0.00026363291557083646,194.028,0.00540496340392805,1.4332985571851994e-06
193.89,0.005882390464346096,-0.00026363291557083646,194.128,0.0054141756756695995,1.4381491574137222e-06
193.99,0.005896208773417829,-0.00026364265991952546,194.228,0.005423387947463479,1.4430079307571947e-06
193.99,0.005896208773417829,-0.00026364265991952546,194.328,0.005432600219309714,1.447874877113167e-06
194.19,0.005916174228931581,-0.0002629742416552285,194.428,0.005441812491208364,1.4527499963792086e-06
194.39,0.0059299925455817614,-0.0002629839461159009,194.528,0.005451024763159345,1.4576332884528214e-06
194.39,0.0059299925455817614,-0.0002629839461159009,194.628,0.005460237035162588,1.4625247532315084e-06
194.49,0.005944471236870366,-0.0002637087191643026,194.728,0.00546944930721822,1.4674243906128792e-06
194.69,0.005958289552387932,-0.0002637183866655204,194.828,0.005478661579326123,1.4723322004944159e-06
194.69,0.005958289552387932,-0.0002637183866655204,194.928,0.005487873851486313,1.4772481827736745e-06
194.79,0.005972107870106364,-0.0002637280373656869,195.028,0.005497086123698872,1.482172337348246e-06
194.99,0.005985926176840346,-0.0002637376681679183,195.128,0.005506298395963682,1.4871046641156152e-06
194.99,0.005985926176840346,-0.0002637376681679183,195.228,0.005515510668280755,1.4920451629733387e-06
195.09,0.005999744487564844,-0.00026374728206167365,195.328,0.005524722940650129,1.4969938338189898e-06
195.29,0.006014278933535959,-0.00026444797763113323,195.428,0.005533935213071732,1.50195067655008e-06
195.29,0.006014278933535959,-0.00026444797763113323,195.528,0.005543147485545602,1.5069156910641848e-06
195.39,0.006028905408002274,-0.00026499212631556947,195.628,0.005552359758071687,1.5118888772588288e-06
195.59,0.006042723722540519,-0.00026500168770912685,195.728,0.005561572030649999,1.5168702350315752e-06
195.59,0.006042723722540519,-0.00026500168770912685,195.828,0.0055707843032805305,1.5218597642799771e-06
195.69,0.006056542033084246,-0.0002650112323059282,195.928,0.00557999657596339,1.526857464901649e-06
195.69,0.006056542033084246,-0.0002650112323059282,196.028,0.005589208848698322,1.5318633367940139e-06
195.89,0.006070360346715362,-0.00026502075686266464,196.128,0.0055984211214855405,1.5368773798547486e-06
196.09,0.006089983043137614,-0.00026578665674866154,196.228,0.005607633394324868,1.5418995939813162e-06
196.09,0.006089983043137614,-0.00026578665674866154,196.328,0.0056168456672163755,1.5469299790713242e-06
196.19,0.006103801363638756,-0.00026579614020004645,196.428,0.005626057940160107,1.551968535022359e-06
196.39,0.00611761967801681,-0.00026580560368277964,196.528,0.005635270213155962,1.5570152617319346e-06
196.39,0.00611761967801681,-0.00026580560368277964,196.628,0.005644482486204031,1.5620701590976634e-06
196.49,0.006131437993374993,-0.00026581505033651716,196.728,0.005653694759304255,1.5671332270170899e-06
196.69,0.006146734715992103,-0.0002670535176638433,196.828,0.005662907032456535,1.5722044653877276e-06
196.69,0.006146734715992103,-0.0002670535176638433,196.928,0.005672119305661003,1.5772838741072156e-06
196.79,0.006160066395979592,-0.00026795193178372195,197.028,0.00568133157891759,1.5823714530730881e-06
196.79,0.006160066395979592,-0.00026795193178372195,197.128,0.005690543852226304,1.5874672021829268e-06
196.99,0.006174648302544239,-0.00026745572360185557,197.228,0.005699756125587065,1.5925711213342658e-06
197.09,0.006187703025724216,-0.00026797070143552893,197.328,0.005708968399000012,1.5976832104247509e-06
197.09,0.006187703025724216,-0.00026797070143552893,197.428,0.005718180672464973,1.6028034693518682e-06
197.29,0.006202284934800072,-0.00026747445288617915,197.528,0.005727392945982013,1.6079318980132315e-06
197.39,0.006216261866585351,-0.00026817815708101334,197.628,0.005736605219551122,1.6130684963064177e-06
197.39,0.006216261866585351,-0.00026817815708101334,197.728,0.005745817493172313,1.6182132641290148e-06
197.59,0.006234686282772944,-0.0002681905773355548,197.828,0.005755029766845542,1.6233662013785762e-06
197.69,0.006248504595442259,-0.0002681998719087861,197.928,0.005764242040570796,1.6285273079526827e-06
197.69,0.006248504595442259,-0.0002681998719087861,198.028,0.005773454314348137,1.633696583748953e-06
197.89,0.006262548178599621,-0.00026821743528581137,198.128,0.005782666588177508,1.6388740286649451e-06
197.99,0.0062763664922430296,-0.0002682266831942032,198.228,0.005791878862058844,1.6440596425982062e-06
197.99,0.0062763664922430296,-0.0002682266831942032,198.328,0.005801091135992128,1.6492534254463217e-06
198.19,0.00629019185437312,-0.0002682325961998665,198.428,0.005810303409977556,1.6544553771069926e-06
198.39,0.006290461173137348,-0.00026862114312804634,198.528,0.005819515684014927,1.6596654974776915e-06
198.39,0.006290461173137348,-0.00026862114312804634,198.628,0.005828727958104159,1.6648837864559707e-06
198.49,0.006317828489329162,-0.0002682509988020362,198.728,0.005837940232245494,1.6701102439395583e-06
198.69,0.006284919832803384,-0.0002695249746156324,198.828,0.005847152506438812,1.6753448698259845e-06
198.69,0.006284919832803384,-0.0002695249746156324,198.928,0.005856364780683955,1.6805876640127504e-06
198.79,0.00634546512799525,-0.00026826932781809587,199.028,0.005865577054981131,1.6858386263975777e-06
198.99,0.006312556468495155,-0.0002695429983718435,199.128,0.0058747893293301994,1.6910977568779847e-06
198.99,0.006312556468495155,-0.0002695429983718435,199.228,0.005884001603731201,1.6963650553515963e-06
199.09,0.006373101767231951,-0.00026828758339030403,199.328,0.005893213878184131,1.7016405217160085e-06
199.29,0.006340193104701694,-0.0002695609483026884,199.428,0.005902426152688913,1.7069241558687815e-06
199.29,0.006340193104701694,-0.0002695609483026884,199.528,0.00591163842724569,1.7122159577076059e-06
199.39,0.006353271099253084,-0.00026963377995047635,199.628,0.005920850701854328,1.7175159271300053e-06
199.59,0.006367829741293882,-0.0002695788248796324,199.728,0.005930062976514865,1.7228240640336072e-06
199.59,0.006367829741293882,-0.0002695788248796324,199.828,0.005939275251227247,1.7281403683159923e-06
199.69,0.006380907736648462,-0.00026965161742244963,199.928,0.005948487525991462,1.733464839874765e-06
199.89,0.006395466378888657,-0.0002695966279684538,200.028,0.005957699800807567,1.738797478607571e-06
199.89,0.006395466378888657,-0.0002695966279684538,200.128,0.005966912075675574,1.7441382844120198e-06
199.99,0.006408544364723801,-0.0002696693815882481,200.228,0.005976124350595417,1.7494872571856925e-06
199.99,0.006408544364723801,-0.0002696693815882481,200.328,0.005985336625567091,1.7548443968261998e-06
200.19,0.006423103004551331,-0.00026961435754332605,200.428,0.005994548900590527,1.760209703231116e-06
200.29,0.0064418494047437614,-0.0002675127183455108,200.528,0.006003761175665868,1.765583176298143e-06
200.29,0.0064418494047437614,-0.0002675127183455108,200.628,0.006012973450792952,1.7709648159248044e-06
200.49,0.006456408110089953,-0.0002674576840831099,200.728,0.006022185725971836,1.7763546220087564e-06
200.69,0.0064702264321447435,-0.00026746648010952907,200.828,0.006031398001202469,1.781752594447588e-06
200.69,0.0064702264321447435,-0.00026746648010952907,200.928,0.006040610276484942,1.7871587331389697e-06
200.79,0.0064840447472504755,-0.00026747525931553805,201.028,0.006049822551819217,1.7925730379805106e-06
200.99,0.006497863060418994,-0.0002674840185943373,201.128,0.006059034827205155,1.7979955088697506e-06
200.99,0.006497863060418994,-0.0002674840185943373,201.228,0.006068247102642881,1.8034261457043897e-06
201.09,0.006511681380262083,-0.0002674927610102183,201.328,0.006077459378132386,1.8088649483820509e-06
201.29,0.006525499701160327,-0.00026750148357710253,201.428,0.00608667165367371,1.8143119168003857e-06
201.29,0.006525499701160327,-0.00026750148357710253,201.528,0.00609588392926665,1.8197670508569013e-06
201.39,0.00653931802007187,-0.00026751018928832524,201.628,0.006105096204911352,1.8252303504493149e-06
201.39,0.00653931802007187,-0.00026751018928832524,201.728,0.006114308480607764,1.830701815475231e-06
201.59,0.0065577424453176335,-0.00026752176727029483,201.828,0.006123520756355847,1.8361814458322658e-06
201.69,0.0065708203783848345,-0.0002675942685291766,201.928,0.006132733032155651,1.8416692414180756e-06
201.69,0.0065708203783848345,-0.0002675942685291766,202.028,0.0061419453080071825,1.8471652021303068e-06
201.89,0.006585379085260005,-0.0002675390730593357,202.128,0.006151157583910332,1.8526693278665273e-06
202.09,0.006599197402396921,-0.0002675476976311116,202.228,0.0061603698598651745,1.858181618524423e-06
202.09,0.006599197402396921,-0.0002675476976311116,202.328,0.006169582135871682,1.863702074001617e-06
202.19,0.006613015723653328,-0.00026755630534045036,202.428,0.0061787944119298,1.869230694195719e-06
202.39,0.006626834042294213,-0.00026756489314761194,202.528,0.006188006688039555,1.8747674790043805e-06
202.39,0.006626834042294213,-0.00026756489314761194,202.628,0.0061972189642009986,1.8803124283252825e-06
202.49,0.006644649965560895,-0.0002681326573624795,202.728,0.006206431240414009,1.8858655420559975e-06
202.69,0.006658468285623398,-0.0002681412057866499,202.828,0.0062156435166786485,1.8914268200942107e-06
202.69,0.006658468285623398,-0.0002681412057866499,202.928,0.0062248557929948725,1.896996262337537e-06
202.79,0.006672286607456572,-0.0002681497372835108,203.028,0.006234068069362728,1.902573868683661e-06
202.99,0.006686104923616677,-0.0002681582489570177,203.128,0.006243280345782168,1.908159639030202e-06
202.99,0.006686104923616677,-0.0002681582489570177,203.228,0.006252492622253213,1.91375357327482e-06
203.09,0.0066999232427508845,-0.00026816674375416017,203.328,0.006261704898775784,1.9193556713151255e-06
203.29,0.006713741567097027,-0.00026817521865841207,203.428,0.006270917175349938,1.9249659330488054e-06
203.29,0.006713741567097027,-0.00026817521865841207,203.528,0.0062801294519756745,1.9305843583735144e-06
203.39,0.006727559887808367,-0.00026818367675714416,203.628,0.006289341728652849,1.936210947186819e-06
203.59,0.006741378212362044,-0.00026819211496958794,203.728,0.006298554005381636,1.9418456993864834e-06
203.59,0.006741378212362044,-0.00026819211496958794,203.828,0.006307766282162007,1.947488614870147e-06
203.69,0.006755196531986155,-0.00026820053626915946,203.928,0.0063169785589938425,1.9531396935354018e-06
203.89,0.00676901485848087,-0.0002682089377408228,204.028,0.006326190835877163,1.9587989352799302e-06
203.89,0.00676901485848087,-0.0002682089377408228,204.128,0.006335403112812018,1.964466340001402e-06
203.99,0.006782833179184326,-0.00026821732234144673,204.228,0.006344615389798398,1.970141907597493e-06
204.19,0.006796651501672335,-0.000268225687031635,204.328,0.0063538276668362705,1.9758256379658496e-06
204.19,0.006796651501672335,-0.000268225687031635,204.428,0.0063630399439255905,1.9815175310041096e-06
204.29,0.006810469827541643,-0.00026823403488266014,204.528,0.006372252221066394,1.9872175866099614e-06
204.49,0.006824288146838754,-0.0002682423628807006,204.628,0.0063814644982585645,1.992925804681001e-06
204.49,0.006824288146838754,-0.0002682423628807006,204.728,0.006390676775502231,1.998642185114979e-06
204.59,0.006838106469491696,-0.0002682506741567949,204.828,0.006399889052797341,2.0043667278095364e-06
204.79,0.006853335624049947,-0.00026869400365008895,204.928,0.006409101330143859,2.010099432662327e-06
204.79,0.006853335624049947,-0.00026869400365008895,205.028,0.006418313607541874,2.0158402995710777e-06
204.89,0.006867153950204994,-0.000268702276129498,205.128,0.006427525884991306,2.0215893284334163e-06
205.09,0.006881161453932628,-0.0002688702951441235,205.228,0.006436738162492088,2.0273465191469767e-06
205.09,0.006881161453932628,-0.0002688702951441235,205.328,0.006445950440044296,2.033111871609483e-06
205.19,0.006894979779304761,-0.0002688785303553559,205.428,0.0064551627176478365,2.038885385718559e-06
205.39,0.00690879810541707,-0.000268886745732244,205.528,0.006464374995302841,2.0446670613719647e-06
205.39,0.00690879810541707,-0.000268886745732244,205.628,0.006473587273009226,2.050456898467336e-06
205.49,0.006922809311423464,-0.00026778223954028956,205.728,0.006482799550766944,2.0562548969023196e-06
205.49,0.006922809311423464,-0.00026778223954028956,205.828,0.006492011828575966,2.0620610565745847e-06
205.69,0.006938341948600094,-0.00026978565491508,205.928,0.0065012241064364,2.0678753773818828e-06
205.89,0.006956959359395147,-0.0002686837791261002,206.028,0.006510436384348121,2.073697859221828e-06
205.89,0.006956959359395147,-0.0002686837791261002,206.128,0.006519648662311185,2.079528501992141e-06
205.99,0.006970777667621473,-0.00026869193332440837,206.228,0.006528860940325548,2.085367305590485e-06
206.19,0.006985669632654963,-0.0002686220685208537,206.328,0.006538073218391296,2.091214269914598e-06
206.19,0.006985669632654963,-0.0002686220685208537,206.428,0.006547285496508279,2.097069394862083e-06
206.29,0.006999487963322214,-0.0002686301649256832,206.528,0.006556497774676582,2.1029326803306895e-06
206.49,0.0070133062845455195,-0.00026863824139735694,206.628,0.006565710052896133,2.1088041262180597e-06
206.49,0.0070133062845455195,-0.00026863824139735694,206.728,0.006574922331166987,2.1146837324219365e-06
206.59,0.007027124610933759,-0.00026864630103769227,206.828,0.006584134609489072,2.120571498839966e-06
206.79,0.007040942928599097,-0.0002686543407919163,206.928,0.006593346887862473,2.1264674253698965e-06
206.79,0.007040942928599097,-0.0002686543407919163,207.028,0.006602559166287071,2.132371511909353e-06
206.89,0.007054761251408335,-0.0002686623637039926,207.128,0.006611771444763036,2.1382837583561495e-06
206.89,0.007054761251408335,-0.0002686623637039926,207.228,0.006620983723290087,2.1442041646078114e-06
207.09,0.00706857957420414,-0.00026867036674147826,207.328,0.006630196001868404,2.150132730562149e-06
207.19,0.007082397895726607,-0.0002686783529511221,207.428,0.00663940828049795,2.1560694561168496e-06
207.19,0.007082397895726607,-0.0002686783529511221,207.528,0.006648620559178768,2.1620143411696442e-06
207.39,0.0070962162252886036,-0.0002686863192662629,207.628,0.006657832837910653,2.167967385618107e-06
207.49,0.0071174892460720935,-0.0002706249800133072,207.728,0.006667045116693816,2.173928589360086e-06
207.49,0.0071174892460720935,-0.0002706249800133072,207.828,0.006676257395528096,2.1798979522931813e-06
207.69,0.007128458983002496,-0.00026870483845434424,207.928,0.006685469674413636,2.185875474315204e-06
207.79,0.007145125890796399,-0.00027064081468232453,208.028,0.0066946819533503,2.191861155323778e-06
207.79,0.007145125890796399,-0.00027064081468232453,208.128,0.006703894232338108,2.197854995216624e-06
207.99,0.007159925950438997,-0.0002708047211794756,208.228,0.0067131065113771125,2.203856993891494e-06
208.09,0.007176593299117275,-0.0002727410144393054,208.328,0.006722318790467217,2.209867151246048e-06
208.09,0.007176593299117275,-0.0002727410144393054,208.428,0.006731531069608416,2.2158854671779935e-06
208.29,0.007187562594615817,-0.0002708204418268679,208.528,0.006740743348800794,2.2219119415851052e-06
208.39,0.00720422994817676,-0.00027275670287347066,208.628,0.006749955628044273,2.2279465743650585e-06
208.39,0.00720422994817676,-0.00027275670287347066,208.728,0.006759167907338852,2.2339893654155675e-06
208.59,0.0072180482648530365,-0.0002727645188133345,208.828,0.006768380186684521,2.2400403146343524e-06
208.69,0.007231866593390107,-0.00027277231792513637,208.928,0.006777592466081249,2.2460994219191175e-06
208.69,0.007231866593390107,-0.00027277231792513637,209.028,0.006786804745529094,2.252166687167623e-06
208.89,0.0072456849224129816,-0.00027278009716698363,209.128,0.006796017025028001,2.2582421102775654e-06
208.99,0.007259503245758271,-0.0002727878595534404,209.228,0.00680522930457795,2.2643256911466512e-06
208.99,0.007259503245758271,-0.0002727878595534404,209.328,0.006814441584178974,2.2704174296726364e-06
209.19,0.007273784869929786,-0.0002727482632499566,209.428,0.006823653863831071,2.276517325753244e-06
209.29,0.007287603198505358,-0.00027275598242545984,209.528,0.006832866143534136,2.2826253792861424e-06
209.29,0.007287603198505358,-0.00027275598242545984,209.628,0.006842078423288296,2.288741590169148e-06
209.49,0.007301421524506168,-0.000272763681837759,209.728,0.0068512907030933955,2.294865958299887e-06
209.69,0.0073152398553460295,-0.0002727713629375377,209.828,0.0068605029829495335,2.3009984835761647e-06
209.69,0.0073152398553460295,-0.0002727713629375377,209.928,0.006869715262856683,2.3071391658956975e-06
209.79,0.007329058180883582,-0.0002727790272432464,210.028,0.006878927542814832,2.313288005156221e-06
209.99,0.007345233396472549,-0.0002735883320701716,210.128,0.006888139822824001,2.319445001255488e-06
209.99,0.007345233396472549,-0.0002735883320701716,210.228,0.0068973521028840475,2.3256101540911424e-06
210.09,0.007359051719643693,-0.000273595959232902,210.328,0.006906564382995098,2.3317834635610104e-06
210.29,0.007372870049511524,-0.0002736035665009775,210.428,0.006915776663157142,2.3379649295628285e-06
210.29,0.007372870049511524,-0.0002736035665009775,210.528,0.006924988943370092,2.3441545519942815e-06
210.39,0.007386688373274818,-0.00027361115694548584,210.628,0.006934201223633996,2.3503523307531496e-06
210.59,0.007401966931525383,-0.0002743079216167144,210.728,0.006943413503948833,2.3565582657371644e-06
210.59,0.007401966931525383,-0.0002743079216167144,210.828,0.006952625784314575,2.3627723568440524e-06
210.69,0.007415785258561336,-0.0002743154716290957,210.928,0.0069618380647312305,2.3689946039715715e-06
210.89,0.007429603584129316,-0.0002743230017467983,211.028,0.006971050345198752,2.3752250070174386e-06
210.89,0.007429603584129316,-0.0002743230017467983,211.128,0.006980262625717216,2.381463565879458e-06
210.99,0.007443116825869498,-0.0002744007153254001,211.228,0.0069894749062865994,2.387710280455366e-06
211.19,0.007459085087596526,-0.00027432113892017403,211.328,0.00699868718690685,2.3939651506428797e-06
211.19,0.007459085087596526,-0.00027432113892017403,211.428,0.00700789946757796,2.400228176339753e-06
211.29,0.007472598253260433,-0.0002743988177149098,211.528,0.007017111748299896,2.406499357443723e-06
211.49,0.00748641658454098,-0.00027440626711583985,211.628,0.007026324029072718,2.412778693852589e-06
211.49,0.00748641658454098,-0.00027440626711583985,211.728,0.007035536309896394,2.419066185464089e-06
211.59,0.007500234915095365,-0.0002744136996533433,211.828,0.007044748590770888,2.4253618321759496e-06
211.79,0.0075141456176329585,-0.0002747336362311773,211.928,0.007053960871696246,2.4316656338859767e-06
211.79,0.0075141456176329585,-0.0002747336362311773,212.028,0.007063173152672375,2.4379775904918657e-06
211.89,0.007527963948345294,-0.00027474102826705537,212.128,0.007072385433699337,2.4442977018914235e-06
211.89,0.007527963948345294,-0.00027474102826705537,212.228,0.007081597714777076,2.4506259679823814e-06
212.09,0.007541782277305763,-0.0002747484004480864,212.328,0.007090809995905567,2.4569623886624864e-06
212.19,0.007560206716050098,-0.0002747582039342643,212.428,0.007100022277084908,2.4633069638295745e-06
212.19,0.007560206716050098,-0.0002747582039342643,212.528,0.00710923455831501,2.469659693381354e-06
212.39,0.007574025044281824,-0.0002747655332737387,212.628,0.007118446839595841,2.4760205772155717e-06
212.59,0.0075878427705962335,-0.00027477178142225003,212.728,0.007127659120927506,2.482389615230077e-06
212.59,0.0075878427705962335,-0.00027477178142225003,212.828,0.0071368714023098126,2.4887668073225097e-06
212.69,0.007601661101706498,-0.0002747790755703899,212.928,0.007146083683742938,2.495152153390769e-06
212.89,0.007615479427645373,-0.0002747863497914853,213.028,0.007155295965226784,2.5015456533325595e-06
212.89,0.007615479427645373,-0.0002747863497914853,213.128,0.00716450824676135,2.5079473070456554e-06
212.99,0.007629297758048013,-0.0002747936072055445,213.228,0.007173720528346578,2.5143571144278017e-06
213.19,0.007643116090077878,-0.0002748008448135441,213.328,0.0071829328099826135,2.5207750753768784e-06
213.19,0.007643116090077878,-0.0002748008448135441,213.428,0.007192145091669324,2.5272011897905736e-06
213.29,0.0076569344169783345,-0.00027480806549146493,213.528,0.0072013573734067155,2.5336354575666794e-06
213.49,0.007670752745035811,-0.0002748152663937321,213.628,0.007210569655194747,2.5400778786029405e-06
213.49,0.007670752745035811,-0.0002748152663937321,213.728,0.0072197819370334705,2.546528452797184e-06
213.59,0.007684571076746647,-0.0002748224504358907,213.828,0.007228994218922856,2.5529871800471815e-06
213.79,0.007698389405554946,-0.0002748296146251507,213.928,0.0072382065008629,2.5594540602507082e-06
213.79,0.007698389405554946,-0.0002748296146251507,214.028,0.007247418782853574,2.565929093305532e-06
213.89,0.007712698231472566,-0.00027472790777699886,214.128,0.007256631064894894,2.5724122791094586e-06
213.89,0.007712698231472566,-0.00027472790777699886,214.228,0.007265843346986864,2.578903617560287e-06
214.09,0.007726485458815299,-0.00027390377594948726,214.328,0.007275055629129424,2.5854031085557613e-06
214.19,0.007740334894975056,-0.00027474215673870976,214.428,0.007284267911322582,2.5919107519936826e-06
214.19,0.007740334894975056,-0.00027474215673870976,214.528,0.007293480193566399,2.5984265477718916e-06
214.39,0.007758759333859539,-0.00027475161524833665,214.628,0.007302692475860713,2.604950495788065e-06
214.49,0.007768337403970127,-0.0002776061646685423,214.728,0.007311904758205716,2.611482595940142e-06
214.49,0.007768337403970127,-0.0002776061646685423,214.828,0.007321117040601269,2.618022848125821e-06
214.69,0.007786396001569917,-0.00027476574193546706,214.928,0.007330329323047362,2.6245712522428924e-06
214.89,0.007800214236192998,-0.0002747728097309104,215.028,0.0073395416055439915,2.631127808189158e-06
214.89,0.007800214236192998,-0.0002747728097309104,215.128,0.007348753888091255,2.637692515862494e-06
214.99,0.007814539125944734,-0.0002748638832802069,215.228,0.007357966170688997,2.644265375160589e-06
215.19,0.007828357462972894,-0.0002748708758328083,215.328,0.0073671784533373,2.650846385981303e-06
215.19,0.007828357462972894,-0.0002748708758328083,215.428,0.007376390736036128,2.657435548222425e-06
215.29,0.007842175793319568,-0.00027487785148373533,215.528,0.007385603018785411,2.6640328617817126e-06
215.29,0.007842175793319568,-0.00027487785148373533,215.628,0.007394815301585296,2.670638326557078e-06
215.49,0.007855994131360945,-0.00027488480731976473,215.728,0.007404027584435665,2.677251942446247e-06
215.59,0.007865572189078154,-0.0002777396421335828,215.828,0.007413239867336466,2.683873709346994e-06
215.59,0.007865572189078154,-0.0002777396421335828,215.928,0.007422452150287734,2.6905036271571577e-06
215.79,0.007883996633588165,-0.0002777489020265346,216.028,0.007431664433289466,2.697141695774551e-06
215.89,0.007897814963994275,-0.0002777558263456833,216.128,0.007440876716341726,2.70378791509703e-06
215.89,0.007897814963994275,-0.0002777558263456833,216.228,0.007450088999444458,2.7104422850223777e-06
216.09,0.007911633297339122,-0.00027776273077214335,216.328,0.007459301282597565,2.7171048054483385e-06
216.29,0.007929692000442136,-0.00027492156667718295,216.428,0.007468513565801124,2.7237754762727925e-06
216.29,0.007929692000442136,-0.00027492156667718295,216.528,0.007477725849055163,2.7304542973935714e-06
216.39,0.007939269967866756,-0.00027777648617521785,216.628,0.007486938132359574,2.7371412687084306e-06
216.59,0.007950616499273864,-0.00027590804527483336,216.728,0.00749615041571444,2.7438363901152485e-06
216.59,0.007950616499273864,-0.00027590804527483336,216.828,0.007505362699119689,2.7505396615117984e-06
216.69,0.007970791114028855,-0.0002789413742794848,216.928,0.0075145749825753835,2.7572510827959484e-06
216.89,0.007979887294250405,-0.00028123205302427217,217.028,0.0075237872660814265,2.763970653865457e-06
216.89,0.007979887294250405,-0.00028123205302427217,217.128,0.0075329995496378685,2.7706983746181975e-06
216.99,0.008000638304723806,-0.000280224992978744,217.228,0.007542211833244648,2.777434244951943e-06
217.19,0.008007523957287339,-0.00028124559119784004,217.328,0.007551424116901823,2.784178264764568e-06
217.19,0.008007523957287339,-0.00028124559119784004,217.428,0.007560636400609335,2.790930433953869e-06
217.29,0.008028308500699239,-0.0002801961675200732,217.528,0.007569848684367185,2.797690752417673e-06
217.49,0.008035194144520592,-0.0002812166913502747,217.628,0.0075790609681753805,2.804459220053827e-06
217.49,0.008035194144520592,-0.0002812166913502747,217.728,0.007588273252033872,2.8112358367601264e-06
217.59,0.008049012479418102,-0.00028122339697108826,217.828,0.007597485535942674,2.8180206024344207e-06
217.59,0.008049012479418102,-0.00028122339697108826,217.928,0.007606697819901875,2.8248135169746075e-06
217.79,0.008063844857852052,-0.00027924437226904084,218.028,0.00761591010391131,2.831614580278406e-06
217.89,0.008077663188851737,-0.00027925104504715156,218.128,0.007625122387971061,2.8384237922437216e-06
217.89,0.008077663188851737,-0.00027925104504715156,218.228,0.007634334672081113,2.8452411527683873e-06
218.09,0.008091652229952801,-0.00028377078601205755,218.328,0.0076435469562414204,2.852066661750213e-06
218.19,0.008107430911302957,-0.0002849047089400157,218.428,0.007652759240451975,2.858900319087035e-06
218.19,0.008107430911302957,-0.0002849047089400157,218.528,0.007661971524712767,2.8657421246766957e-06
218.39,0.008119288899949876,-0.0002837840390408657,218.628,0.007671183809023819,2.8725920784170507e-06
218.49,0.008135067575558944,-0.00028491793360264765,218.728,0.0076803960933851875,2.8794501802059965e-06
218.49,0.008135067575558944,-0.00028491793360264765,218.828,0.007689608377796705,2.886316429941258e-06
218.69,0.008148885910055663,-0.00028492451763046034,218.928,0.007698820662258433,2.893190827520732e-06
218.89,0.008163754605349417,-0.0002817764357218478,219.028,0.007708032946770459,2.9000733728423344e-06
218.89,0.008163754605349417,-0.0002817764357218478,219.128,0.0077172452313326815,2.9069640658038447e-06
218.99,0.008179533845043118,-0.00028291023392672574,219.228,0.007726457515945048,2.913862906303086e-06
218.99,0.008179533845043118,-0.00028291023392672574,219.328,0.007735669800607572,2.9207698942379196e-06
219.19,0.008193352180119483,-0.00028291677306647355,219.428,0.0077448820853202776,2.9276850295062154e-06
219.39,0.008211776626253935,-0.00028292546446362257,219.528,0.00775409437008322,2.9346083120058745e-06
219.39,0.008211776626253935,-0.00028292546446362257,219.628,0.007763306654896342,2.941539741634721e-06
219.49,0.008225594963385527,-0.00028293196241579554,219.728,0.007772518939759554,2.9484793182905437e-06
219.69,0.008239530852430586,-0.0002829371873864818,219.828,0.007781731224672889,2.955427041871234e-06
219.69,0.008239530852430586,-0.0002829371873864818,219.928,0.007790943509636413,2.9623829122747013e-06
219.79,0.00825334918941958,-0.00028294364653263913,220.028,0.007800155794650044,2.9693469293987556e-06
219.99,0.008268342471443684,-0.0002834746763595507,220.128,0.007809368079713849,2.97631909314131e-06
219.99,0.008268342471443684,-0.0002834746763595507,220.228,0.007818580364827618,2.9832994034000735e-06
220.09,0.008286241325869049,-0.00027978224356407924,220.328,0.007827792649991654,2.9902878600731455e-06
220.09,0.008286241325869049,-0.00027978224356407924,220.428,0.007837004935205708,2.9972844630582053e-06
220.29,0.008304665772086025,-0.0002797907764742457,220.528,0.007846217220469806,3.0042892122531502e-06
220.39,0.008318484110091203,-0.00027979715553011,220.628,0.007855429505784037,3.0113021075559196e-06
220.39,0.008318484110091203,-0.00027979715553011,220.728,0.007864641791148342,3.018323148864328e-06
220.59,0.008332501882118717,-0.0002803843889136411,220.828,0.007873854076562742,3.025352336076282e-06
220.69,0.008346882787257126,-0.0002806988806369163,220.928,0.007883066362027168,3.032389669089601e-06
220.69,0.008346882787257126,-0.0002806988806369163,221.028,0.007892278647541611,3.0394351478021573e-06
220.89,0.00836197280664756,-0.0002798028680207168,221.128,0.00790149093310607,3.0464887721118226e-06
221.09,0.008375791143631675,-0.00027980917815015007,221.228,0.007910703218720599,3.0535505419165235e-06
221.09,0.008375791143631675,-0.00027980917815015007,221.328,0.007919915504385144,3.060620457114103e-06
221.19,0.008389609480741847,-0.0002798154715626754,221.428,0.007929127790099718,3.0676985176024555e-06
221.39,0.008403427822896678,-0.00027982174505469814,221.528,0.007938340075864189,3.0747847232793565e-06
221.39,0.008403427822896678,-0.00027982174505469814,221.628,0.007947552361678805,3.081879074042891e-06
221.49,0.008417246164127644,-0.00027982800183045786,221.728,0.00795676464754331,3.088981569790738e-06
221.69,0.008431064504508926,-0.0002798342386781605,221.828,0.007965976933457792,3.0960922104208655e-06
221.69,0.008431064504508926,-0.0002798342386781605,221.928,0.007975189219422233,3.103210995831137e-06
221.79,0.008444882846831337,-0.0002798404587487135,222.028,0.007984401505436665,3.1103379259194737e-06
221.99,0.008458781000060832,-0.00027981905106399396,222.128,0.007993613791501075,3.1174730005837634e-06
221.99,0.008458781000060832,-0.00027981905106399396,222.228,0.008002826077615335,3.124616219721787e-06
222.09,0.008473121809257009,-0.0002799738220579129,222.328,0.008012038363779622,3.1317675832315903e-06
222.29,0.008486417674875658,-0.0002798313969661981,222.428,0.008021250649993714,3.1389270910108923e-06
222.29,0.008486417674875658,-0.0002798313969661981,222.528,0.008030462936257816,3.1460947429577364e-06
222.39,0.008500758486134182,-0.00027998613423758397,222.628,0.008039675222571747,3.1532705389698964e-06
222.39,0.008500758486134182,-0.00027998613423758397,222.728,0.008048887508935624,3.1604544789453518e-06
222.59,0.008519182937238546,-0.00027999430166830133,222.828,0.00805809979534941,3.1676465627819796e-06
222.69,0.00853300127930469,-0.0002800004066222706,222.928,0.008067312081813022,3.17484679037761e-06
222.69,0.00853300127930469,-0.0002800004066222706,223.028,0.008076524368326525,3.1820551616302076e-06
222.89,0.00854681961520119,-0.00028000649181922485,223.128,0.008085736654889902,3.189271676437653e-06
223.09,0.00856071780004235,-0.00027998495455905094,223.228,0.008094948941503153,3.196496334697868e-06
223.09,0.00856071780004235,-0.00027998495455905094,223.328,0.008104161228166222,3.203729136308699e-06
223.19,0.008574456290826513,-0.00028001860840589716,223.428,0.008113373514879089,3.210970081168048e-06
223.39,0.008588354474280009,-0.00027999703361881914,223.528,0.00812258580164184,3.21821916917389e-06
223.39,0.008588354474280009,-0.00027999703361881914,223.628,0.008131798088454418,3.2254764002240947e-06
223.49,0.008602092967740537,-0.0002800306518651931,223.728,0.008141010375316738,3.232741774216503e-06
223.69,0.008615991153729775,-0.00028000903937475076,223.828,0.008150222662228965,3.2400152910491626e-06
223.69,0.008615991153729775,-0.00028000903937475076,223.928,0.00815943494919095,3.2472969506198705e-06
223.79,0.008629729646830736,-0.0002800426220809758,224.028,0.008168647236202633,3.254586752826491e-06
223.99,0.008644063132472785,-0.00027877842501501524,224.128,0.008177859523264223,3.261884697567109e-06
223.99,0.008644063132472785,-0.00027877842501501524,224.228,0.0081870718103755,3.2691907847394674e-06
224.09,0.008657801589773891,-0.00027881205183491806,224.328,0.008196284097536507,3.2765050142415264e-06
224.29,0.00867169981250403,-0.0002787902953218736,224.428,0.008205496384747298,3.283827385971237e-06
224.29,0.00867169981250403,-0.0002787902953218736,224.528,0.008214708672007855,3.291157899826517e-06
224.39,0.008685518152352271,-0.0002787962038209697,224.628,0.008223920959318178,3.298496555705286e-06
224.59,0.008699336491502875,-0.00027880209240361127,224.728,0.00823313324667817,3.3058433535053896e-06
224.59,0.008699336491502875,-0.00027880209240361127,224.828,0.00824234553408788,3.3131982931248047e-06
224.69,0.008683043947080842,-0.0002949742828637689,224.928,0.008251557821547349,3.320561374461485e-06
224.69,0.008683043947080842,-0.0002949742828637689,225.028,0.00826077010905653,3.3279325974133202e-06
224.89,0.008726973171362569,-0.000278813816137948,225.128,0.008269982396615307,3.3353119618781425e-06
224.99,0.008716030046402066,-0.0002964760186247649,225.228,0.008279194684223872,3.3426994677540423e-06
224.99,0.008716030046402066,-0.0002964760186247649,225.328,0.008288406971882035,3.3500951149388032e-06
225.19,0.008729515879255419,-0.0002957245604124788,225.428,0.008297619259589967,3.3574989033304953e-06
225.29,0.008743666725856719,-0.0002964877200375404,225.528,0.008306831547347505,3.3649108328269207e-06
225.29,0.008743666725856719,-0.0002964877200375404,225.628,0.008316043835154599,3.3723309033259775e-06
225.49,0.008757563318975186,-0.0002964668516795359,225.728,0.008325256123011434,3.379759114725759e-06
225.69,0.008770560099629546,-0.0002950113442230247,225.828,0.0083344684109178,3.387195466924016e-06
225.69,0.008770560099629546,-0.0002950113442230247,225.928,0.008343680698873816,3.3946399598187906e-06
225.79,0.008785200000384432,-0.0002964784422040328,226.028,0.008352892986879506,3.4020925933080567e-06
225.99,0.008798757814083324,-0.000296007303692341,226.128,0.008362105274934726,3.409553367289622e-06
225.99,0.008798757814083324,-0.000296007303692341,226.228,0.008371317563039498,3.4170222816614594e-06
226.09,0.008813397767578238,-0.00029747446766368105,226.328,0.008380529851193943,3.4244993363216003e-06
226.29,0.008826599912120528,-0.0002963841561167787,226.428,0.008389742139398,3.4319845311679694e-06
226.29,0.008826599912120528,-0.0002963841561167787,226.528,0.008398954427651492,3.4394778660983433e-06
226.39,0.008841034454701024,-0.00029748591255522225,226.628,0.008408166715954693,3.446979341010885e-06
226.39,0.008841034454701024,-0.00029748591255522225,226.728,0.008417379004307451,3.4544889558034467e-06
226.59,0.008854852801878057,-0.0002974916066785961,226.828,0.008426591292709631,3.462006710373867e-06
226.69,0.008873198953549238,-0.00029752581418088356,226.928,0.008435803581161453,3.469532604620275e-06
226.69,0.008873198953549238,-0.00029752581418088356,227.028,0.008445015869662733,3.4770666384404737e-06
226.89,0.008887095596108615,-0.00029750482463789234,227.128,0.008454228158213556,3.4846088117324827e-06
226.99,0.008900913937331613,-0.0002975104594149376,227.228,0.008463440446813929,3.4921591243942754e-06
226.99,0.008900913937331613,-0.0002975104594149376,227.328,0.008472652735463746,3.49971757632371e-06
227.19,0.008914732284014536,-0.00029751607419310294,227.428,0.008481865024163104,3.5072841674188325e-06
227.39,0.008905146624372109,-0.000304875439662505,227.528,0.008491077312911884,3.5148588975775235e-06
227.39,0.008905146624372109,-0.000304875439662505,227.628,0.00850028960171016,3.5224417666977765e-06
227.49,0.008942368961258676,-0.00029752725054795143,227.728,0.008509501890557918,3.5300327746775664e-06
227.49,0.008942368961258676,-0.00029752725054795143,227.828,0.008518714179455133,3.537631921414816e-06
227.69,0.008932783306492238,-0.00030488634079696615,227.928,0.008527926468401774,3.5452392068074647e-06
227.79,0.008974611759577068,-0.0002975401978665042,228.028,0.008537138757397908,3.552854630753549e-06
227.79,0.008974611759577068,-0.0002975401978665042,228.128,0.008546351046443424,3.5604781931509345e-06
227.99,0.008989938373806669,-0.0002978006045636722,228.228,0.008555563335538398,3.568109893897663e-06
228.19,0.008980353014882328,-0.00030515994101855816,228.328,0.008564775624682861,3.575749732891736e-06
228.19,0.008980353014882328,-0.00030515994101855816,228.428,0.0085739879138766,3.5833977100309292e-06
228.29,0.008994171364081718,-0.0003051653011759366,228.528,0.008583200203119843,3.5910538252134217e-06
228.49,0.009007989711304535,-0.00030517064148141964,228.628,0.008592412492412408,3.598718078337028e-06
228.49,0.009007989711304535,-0.00030517064148141964,228.728,0.008601624781754446,3.6063904692998454e-06
228.59,0.009021808049007103,-0.0003051759649569915,228.828,0.008610837071145811,3.614070997999739e-06
228.79,0.00903872797291434,-0.00030638431529237526,228.928,0.008620049360586529,3.621759664334698e-06
228.79,0.00903872797291434,-0.00030638431529237526,229.028,0.008629261650076584,3.6294564682026922e-06
228.89,0.009052546317858307,-0.0003063896063178078,229.128,0.008638473939615997,3.637161409501737e-06
229.09,0.009066364658745225,-0.00030639487747137435,229.228,0.008647686229204744,3.6448744881297725e-06
229.09,0.009066364658745225,-0.00030639487747137435,229.328,0.008656898518842798,3.6525957039847725e-06
229.19,0.009080183002507647,-0.00030640013183743585,229.428,0.008666110808530195,3.660325056964735e-06
229.39,0.00909400134787414,-0.0003064053663751029,229.528,0.008675323098266987,3.6680625469676987e-06
229.39,0.00909400134787414,-0.0003064053663751029,229.628,0.008684535388052955,3.6758081738914695e-06
229.49,0.009107819690853633,-0.0003064105841567183,229.728,0.008693747677888258,3.683561937634167e-06
229.69,0.009121638033759748,-0.00030641578202440003,229.828,0.008702959967772836,3.6913238380937386e-06
229.69,0.009121638033759748,-0.00030641578202440003,229.928,0.008712172257706737,3.699093875168206e-06
229.79,0.009135456379287735,-0.00030642096319462807,230.028,0.008721384547689903,3.7068720487555156e-06
229.99,0.00914942235894843,-0.0003060951388676917,230.128,0.008730596837722336,3.7146583587536557e-06
229.99,0.00914942235894843,-0.0003060951388676917,230.228,0.008739809127803996,3.7224528050605973e-06
230.09,0.009164811523722666,-0.0003059390589356153,230.328,0.008749021417934924,3.730255387574364e-06
230.09,0.009164811523722666,-0.0003059390589356153,230.428,0.00875823370811507,3.738066106192913e-06
230.29,0.009177059043939317,-0.0003061054119360324,230.528,0.008767445998344494,3.7458849608142922e-06
230.39,0.009192448206327593,-0.0003059493047609471,230.628,0.008776658288623115,3.75371195133644e-06
230.39,0.009192448206327593,-0.0003059493047609471,230.728,0.008785870578950906,3.7615470776573335e-06
230.59,0.009210872656952458,-0.0003059560946209182,230.828,0.008795082869327927,3.769390339675022e-06
230.79,0.009225063800130303,-0.00030736666827732014,230.928,0.008804295159754064,3.777241737287411e-06
230.79,0.009225063800130303,-0.00030736666827732014,231.028,0.008813507450229427,3.785101270392592e-06
230.89,0.009238861400026747,-0.0003074718228589083,231.128,0.008822719740754038,3.7929689388886033e-06
230.89,0.009238861400026747,-0.0003074718228589083,231.228,0.00883193203132774,3.800844742673315e-06
231.09,0.009252700503424445,-0.00030737675976295306,231.328,0.008841144321950668,3.8087286816448426e-06
231.19,0.009271104224426821,-0.0003074835466399741,231.428,0.008850356612622665,3.816620755701079e-06
231.19,0.009271104224426821,-0.0003074835466399741,231.528,0.008859568903343894,3.8245209647401575e-06
231.39,0.009284922568090423,-0.0003074885395392998,231.628,0.008868781194114208,3.8324293086599724e-06
231.59,0.009298740918416759,-0.0003074935140657642,231.728,0.00887799348493365,3.8403457873585716e-06
231.59,0.009298740918416759,-0.0003074935140657642,231.828,0.00888720577580218,3.8482704007339425e-06
231.69,0.009312559266954259,-0.00030749847189294834,231.928,0.008896418066719865,3.85620314868416e-06
231.89,0.00932637760798122,-0.00030750340984539806,232.028,0.008905630357686704,3.864144031107227e-06
231.89,0.00932637760798122,-0.00030750340984539806,232.128,0.008914842648702586,3.8720930479010834e-06
231.99,0.009340195955947773,-0.00030750833109882263,232.228,0.008924054939767528,3.880050198963761e-06
231.99,0.009340195955947773,-0.00030750833109882263,232.328,0.008933267230881621,3.888015484193349e-06
232.19,0.009358620424201975,-0.00030751486320385426,232.428,0.008942479522044708,3.895988903487731e-06
232.29,0.009372438774162987,-0.0003075197417312553,232.528,0.008951691813256855,3.903970456744998e-06
232.29,0.009372438774162987,-0.0003075197417312553,232.628,0.008960904104518067,3.911960143863179e-06
232.49,0.00938625712510342,-0.0003075246003480034,232.728,0.008970116395828329,3.919957964740285e-06
232.49,0.00938625712510342,-0.0003075246003480034,232.828,0.008979328687187595,3.927963919274307e-06
232.69,0.00940007547280198,-0.0003075294406922161,232.928,0.008988540978595885,3.93597800736328e-06
232.79,0.009413893825015037,-0.00030753426435800146,233.028,0.008997753270053154,3.944000228905206e-06
232.79,0.009413893825015037,-0.00030753426435800146,233.128,0.009006965561559553,3.9520305837982524e-06
232.99,0.00943231829207081,-0.00030754066626230317,233.228,0.009016177853114836,3.960069071940231e-06
233.09,0.009446136641589315,-0.00030754544692134016,233.328,0.009025390144719168,3.968115693229327e-06
233.09,0.009446136641589315,-0.00030754544692134016,233.428,0.009034602436372411,3.976170447563434e-06
233.29,0.009459954992704954,-0.0003075502082587989,233.528,0.00904381472807469,3.984233334840719e-06
233.39,0.009473750969170884,-0.00030752005032549907,233.628,0.009053027019825882,3.9923043549591126e-06
233.39,0.009473750969170884,-0.00030752005032549907,233.728,0.009062239311626023,4.00038350781667e-06
233.59,0.009487569314987404,-0.00030752477474342566,233.828,0.009071451603475124,4.008470793311464e-06
233.79,0.009503594832020313,-0.0003054849255264488,233.928,0.009080663895373185,4.016566211341505e-06
233.79,0.009503594832020313,-0.0003054849255264488,234.028,0.009089876187320179,4.024669761804835e-06
233.89,0.00951741318829651,-0.000305489614279203,234.128,0.009099088479316059,4.032781444599454e-06
234.09,0.009531457999935277,-0.00030555297066829287,234.228,0.009108300771360841,4.040901259623421e-06
234.09,0.009531457999935277,-0.00030555297066829287,234.328,0.009117513063454536,4.049029206774786e-06
234.19,0.009543395782083956,-0.0003067346038703322,234.428,0.009126725355597125,4.057165285951584e-06
234.39,0.00955909469340631,-0.0003055622517064034,234.528,0.009135937647788663,4.065309497051914e-06
234.39,0.00955909469340631,-0.0003055622517064034,234.628,0.009145149940029027,4.073461839973716e-06
234.49,0.009571032477883804,-0.00030674385011069955,234.728,0.009154362232318265,4.08162231461508e-06
234.69,0.009586731391951191,-0.0003055714595818934,234.828,0.009163574524656394,4.089790920874093e-06
234.69,0.009586731391951191,-0.0003055714595818934,234.928,0.009172786817043383,4.097967658648757e-06
234.79,0.009598669178063547,-0.00030675302320835255,235.028,0.009181999109479123,4.106152527837052e-06
234.99,0.009612487529507817,-0.00030675758154784986,235.128,0.00919121140196379,4.114345528337178e-06
234.99,0.009612487529507817,-0.00030675758154784986,235.228,0.009200423694497202,4.122546660047036e-06
235.09,0.009626305875660197,-0.0003067621231562084,235.328,0.009209635987079528,4.130755922864831e-06
235.29,0.009640124220957383,-0.00030676664492326235,235.428,0.009218848279710585,4.138973316688467e-06
235.29,0.009640124220957383,-0.00030676664492326235,235.528,0.009228060572390446,4.147198841416072e-06
235.39,0.009653942578190296,-0.00030677114990476694,235.628,0.009237272865119222,4.155432496945802e-06
235.59,0.00966776092754444,-0.000306775635049591,235.728,0.009246485157896665,4.1636742831755e-06
235.59,0.00966776092754444,-0.000306775635049591,235.828,0.00925569745072287,4.171924200003325e-06
235.69,0.00968157927970554,-0.00030678010352147653,235.928,0.009264909743597876,4.180182247327377e-06
235.89,0.009696634370112556,-0.0003067833831284386,236.028,0.009274122036521618,4.1884484250456544e-06
235.89,0.009696634370112556,-0.0003067833831284386,236.128,0.009283334329494144,4.196722733056277e-06
235.99,0.009710431218774462,-0.00030685040465027987,236.228,0.009292546622515442,4.205005171257299e-06
236.19,0.00972514345816957,-0.000305185101222919,236.328,0.009301758915585361,4.2132957395466554e-06
236.19,0.00972514345816957,-0.000305185101222919,236.428,0.009310971208704128,4.22159443782264e-06
236.29,0.009738940207076763,-0.00030525229523212325,236.528,0.009320183501871585,4.229901265983177e-06
236.29,0.009738940207076763,-0.00030525229523212325,236.628,0.009329395795087656,4.238216223926266e-06
236.49,0.00975278016353354,-0.0003051938691912591,236.728,0.009338608088352575,4.246539311550204e-06
236.59,0.00976657690806606,-0.0003052610347913645,236.828,0.009347820381666054,4.254870528752812e-06
236.59,0.00976657690806606,-0.0003052610347913645,236.928,0.009357032675028291,4.263209875432341e-06
236.79,0.009785394905482341,-0.0003055691564118363,237.028,0.009366244968439161,4.271557351486767e-06
236.89,0.009804711647365816,-0.0003063499857476309,237.128,0.009375457261898663,4.279912956814164e-06
236.89,0.009804711647365816,-0.0003063499857476309,237.228,0.009384669555406887,4.288276691312689e-06
237.09,0.009813144713927597,-0.000305688554668313,237.328,0.009393881848963758,4.296648554880386e-06
237.19,0.009832698682049513,-0.000307152216177288,237.428,0.009403094142569225,4.305028547415264e-06
237.19,0.009832698682049513,-0.000307152216177288,237.528,0.009412306436223353,4.313416668815489e-06
237.39,0.009846517038983853,-0.00030715648279650834,237.628,0.009421518729926056,4.3218129189790645e-06
237.59,0.00985497130582683,-0.0003064321399060312,237.728,0.009430731023677346,4.330217297804091e-06
237.59,0.00985497130582683,-0.0003064321399060312,237.828,0.009439943317477353,4.3386298051887756e-06
237.69,0.009874153743907023,-0.000307164962648616,237.928,0.009449155611325857,4.347050441031023e-06
237.89,0.009887994432921592,-0.00030710653463580836,238.028,0.009458367905223024,4.35547920522906e-06
237.89,0.009887994432921592,-0.00030710653463580836,238.128,0.009467580199168728,4.36391609768088e-06
237.99,0.009901790448842809,-0.0003071733693118017,238.228,0.009476792493162984,4.372361118284585e-06
238.19,0.009915631141095818,-0.00030711489661893956,238.328,0.009486004787205838,4.3808142669383096e-06
238.19,0.009915631141095818,-0.00030711489661893956,238.428,0.009495217081297304,4.389275543540187e-06
238.29,0.009929449491228304,-0.0003071190508858337,238.528,0.009504429375437193,4.397744947988124e-06
238.29,0.009929449491228304,-0.0003071190508858337,238.628,0.009513641669625716,4.406222480180429e-06
238.49,0.009943267842697718,-0.0003071231853631424,238.728,0.009522853963862698,4.414708140015021e-06
238.59,0.009957086188609179,-0.00030712730315371267,238.828,0.00953206625814824,4.423201927390107e-06
238.59,0.009957086188609179,-0.00030712730315371267,238.928,0.009541278552482291,4.431703842203768e-06
238.79,0.009976096257470214,-0.00030672608969149165,239.028,0.009550490846864792,4.440213884354039e-06
238.99,0.009989329012167156,-0.0003071368374473087,239.128,0.009559703141295806,4.448732053739083e-06
238.99,0.009989329012167156,-0.0003071368374473087,239.228,0.009568915435775321,4.4572583502569995e-06
239.09,0.010003732968826631,-0.00030673422694112466,239.328,0.009578127730303313,4.46579277380587e-06
239.29,0.010018464216653507,-0.00030790997376948544,239.428,0.009587340024879753,4.474335324283782e-06
239.29,0.010018464216653507,-0.00030790997376948544,239.528,0.009596552319504742,4.482886001588947e-06
239.39,0.010032282572810377,-0.0003079139989051709,239.628,0.009605764614178086,4.491444805619306e-06
239.59,0.010046100926259838,-0.00030791800433619944,239.728,0.009614976908899836,4.500011736273029e-06
239.59,0.010046100926259838,-0.00030791800433619944,239.828,0.009624189203670051,4.508586793448271e-06
239.69,0.010061392158145057,-0.0003068908942378899,239.928,0.009633401498488736,4.517169977043135e-06
239.69,0.010061392158145057,-0.0003068908942378899,240.028,0.009642613793355802,4.525761286955676e-06
239.89,0.010077214054418476,-0.0003056041446333803,240.128,0.009651826088271335,4.53436072308409e-06
239.99,0.01009561560414563,-0.0003056723142139336,240.228,0.009661038383235216,4.54296828532639e-06
239.99,0.01009561560414563,-0.0003056723142139336,240.328,0.009670250678247538,4.551583973580789e-06
240.19,0.010109456878084786,-0.0003056133548300477,240.428,0.009679462973308147,4.560207787745268e-06
240.39,0.01012327523142325,-0.00030561727047178077,240.528,0.009688675268417261,4.568839727718146e-06
240.39,0.01012327523142325,-0.00030561727047178077,240.628,0.00969788756357467,4.577479793397361e-06
240.49,0.010137093583064432,-0.00030562116936021054,240.728,0.009707099858780403,4.586127984681079e-06
240.69,0.010150911936621928,-0.0003056250484511515,240.828,0.009716312154034554,4.594784301467504e-06
240.69,0.010150911936621928,-0.0003056250484511515,240.928,0.00972552444933702,4.603448743654671e-06
240.79,0.010164730293862495,-0.000305628910785703,241.028,0.009734736744687774,4.6121213111406915e-06
240.99,0.0101785486468929,-0.0003056327532938718,241.128,0.00974394904008689,4.6208020038237705e-06
240.99,0.0101785486468929,-0.0003056327532938718,241.228,0.009753161335534286,4.6294908216019465e-06
241.09,0.010192863109129788,-0.0003056682195537233,241.328,0.009762373631030033,4.638187764373438e-06
241.29,0.010208763810793236,-0.0003064077603762129,241.428,0.00977158592657405,4.64689283203629e-06
241.29,0.010208763810793236,-0.0003064077603762129,241.528,0.00978079822216633,4.655606024488663e-06
241.39,0.010222582164021247,-0.000306411537925126,241.628,0.009790010517806902,4.664327341628701e-06
241.59,0.010236400517042282,-0.00030641529563360704,241.728,0.009799222813495803,4.673056783354581e-06
241.59,0.010236400517042282,-0.00030641529563360704,241.828,0.009808435109232912,4.6817943495643335e-06
241.69,0.01024962995945706,-0.0003059019134869558,241.928,0.009817647405018328,4.690540040156199e-06
241.69,0.01024962995945706,-0.0003059019134869558,242.028,0.009826859700851943,4.699293855028213e-06
241.89,0.010264037225974895,-0.0003064227577639364,242.128,0.009836071996733793,4.708055794078554e-06
241.99,0.010282499190186898,-0.00030637957105741345,242.228,0.009845284292663946,4.716825857205454e-06
241.99,0.010282499190186898,-0.00030637957105741345,242.328,0.009854496588642256,4.7256040443068995e-06
242.19,0.010296317547294593,-0.0003063832529144278,242.428,0.00986370888466882,4.734390355281134e-06
242.39,0.010309509500678415,-0.0003059179196151733,242.528,0.009872921180743522,4.743184790026202e-06
242.39,0.010309509500678415,-0.0003059179196151733,242.628,0.00988213347686646,4.751987348440356e-06
242.49,0.010323954257178617,-0.00030639056335854907,242.728,0.00989134577303753,4.760798030421637e-06
242.69,0.010338191030279394,-0.0003077070385664765,242.828,0.009900558069256845,4.769616835868308e-06
242.69,0.010338191030279394,-0.0003077070385664765,242.928,0.009909770365524314,4.778443764678447e-06
242.79,0.010352009387050434,-0.00030771065180801185,243.028,0.009918982661839902,4.787278816750176e-06
242.99,0.010365827747302603,-0.00030771424527195656,243.128,0.009928194958203677,4.796121991981709e-06
242.99,0.010365827747302603,-0.00030771424527195656,243.228,0.00993740725461563,4.804973290271204e-06
243.09,0.010378842619279108,-0.000306974918478677,243.328,0.00994661955107564,4.8138327115167055e-06
243.29,0.010393464460105823,-0.0003077213789097926,243.428,0.009955831847583876,4.822700255616541e-06
243.29,0.010393464460105823,-0.0003077213789097926,243.528,0.009965044144140204,4.831575922468737e-06
243.39,0.010407779333909822,-0.00030817172259334767,243.628,0.00997425644074457,4.840459711971412e-06
243.59,0.010420415158758817,-0.0003071098465319773,243.728,0.00998346873739712,4.849351624022872e-06
243.59,0.010420415158758817,-0.0003071098465319773,243.828,0.009992681034097733,4.858251658521174e-06
243.69,0.010435533598333463,-0.00030830313074289514,243.928,0.010001893330846431,4.8671598153645e-06
243.69,0.010435533598333463,-0.00030830313074289514,244.028,0.010011105627643204,4.8760760944510074e-06
243.89,0.01044966085458027,-0.00030875926211508504,244.128,0.010020317924488051,4.8850004956788635e-06
243.99,0.010468090726551499,-0.0003087539973327518,244.228,0.010029530221380941,4.893933018946212e-06
243.99,0.010468090726551499,-0.0003087539973327518,244.328,0.010038742518321903,4.902873664151259e-06
244.19,0.010482311922946026,-0.0003093648671328542,244.428,0.01004795481531091,4.911822431192158e-06
244.29,0.01049613028133441,-0.0003093682880767419,244.528,0.010057167112347885,4.92077931996701e-06
244.29,0.01049613028133441,-0.0003093682880767419,244.628,0.010066379409432986,4.929744330374135e-06
244.49,0.010509948639268957,-0.00030937168923911366,244.728,0.010075591706566002,4.9387174623115115e-06
244.59,0.010523767000162849,-0.000309375073699601,244.828,0.010084804003747061,4.947698715677437e-06
244.59,0.010523767000162849,-0.000309375073699601,244.928,0.01009401630097617,4.956688090370112e-06
244.79,0.010537585355779514,-0.0003093784383378295,245.028,0.010103228598253196,4.965685586287579e-06
244.99,0.010551403708258982,-0.0003093817846799567,245.128,0.010112440895578263,4.974691203328153e-06
244.99,0.010551403708258982,-0.0003093817846799567,245.228,0.01012165319295122,4.9837049413898506e-06
245.09,0.010565222067553816,-0.0003093851142952087,245.328,0.01013086549037229,4.992726800371097e-06
245.29,0.01058364900845397,-0.0003103993183206068,245.428,0.010140077787841232,5.00175678016983e-06
245.29,0.01058364900845397,-0.0003103993183206068,245.528,0.010149290085358083,5.010794880684299e-06
245.39,0.010597467367042144,-0.0003104026041896409,245.628,0.010158502382922884,5.0198411018127126e-06
245.59,0.01061128572343326,-0.0003104058701814672,245.728,0.010167714680535626,5.028895443453249e-06
245.59,0.01061128572343326,-0.0003104058701814672,245.828,0.010176926978196346,5.037957905504161e-06
245.69,0.010625104075632613,-0.00031040911959488547,245.928,0.010186139275904987,5.047028487863564e-06
245.89,0.010639382802963107,-0.0003090968892161772,246.028,0.010195351573661476,5.056107190429581e-06
245.89,0.010639382802963107,-0.0003090968892161772,246.128,0.010204563871465911,5.065194013100518e-06
245.99,0.010653201166636397,-0.0003091001057206589,246.228,0.01021377616931816,5.074288955774431e-06
246.19,0.010667019524441745,-0.0003091033024689338,246.328,0.010222988467218324,5.083392018349617e-06
246.19,0.010667019524441745,-0.0003091033024689338,246.428,0.010232200765166366,5.092503200724253e-06
246.29,0.010681042806475046,-0.00030946365220504995,246.528,0.010241413063162265,5.101622502796509e-06
246.49,0.010694861163788469,-0.000309466813408867,246.628,0.01025062536120603,5.110749924464604e-06
246.49,0.010694861163788469,-0.000309466813408867,246.728,0.010259837659297645,5.119885465626708e-06
246.59,0.0107086795213283,-0.0003094699578729665,246.828,0.01026904995743704,5.129029126180984e-06
246.79,0.010722544887047773,-0.00030948102948785407,246.928,0.010278262255624306,5.1381809060257195e-06
246.79,0.010722544887047773,-0.00030948102948785407,247.028,0.010287474553859435,5.147340805059109e-06
246.89,0.010736363246161052,-0.0003094841374681408,247.128,0.010296686852142356,5.156508823179289e-06
246.89,0.010736363246161052,-0.0003094841374681408,247.228,0.010305899150473084,5.165684960284486e-06
247.09,0.01075018160837671,-0.00030948722567940095,247.328,0.010315111448851607,5.174869216272905e-06
247.19,0.010763999969202472,-0.0003094902970912044,247.428,0.0103243237472778,5.18406159104264e-06
247.19,0.010763999969202472,-0.0003094902970912044,247.528,0.010333536045751905,5.193262084492129e-06
247.39,0.010777818329212801,-0.00030949334872863027,247.628,0.010342748344273754,5.202470696519437e-06
247.49,0.010792027780417053,-0.00030868326761644737,247.728,0.010351960642843357,5.211687427022771e-06
247.49,0.010792027780417053,-0.00030868326761644737,247.828,0.01036117294146075,5.220912275900385e-06
247.69,0.010810452263427084,-0.000308687289083767,247.928,0.0103703852401258,5.230145243050393e-06
247.79,0.010824270622386237,-0.0003086902846220362,248.028,0.010379597538838674,5.239386328371149e-06
247.79,0.010824270622386237,-0.0003086902846220362,248.128,0.010388809837599263,5.248635531760785e-06
247.99,0.010838088986777173,-0.0003086932603637874,248.228,0.010398022136407514,5.257892853117479e-06
248.09,0.010851907346093065,-0.00030869621936066664,248.328,0.010407234435263481,5.267158292339503e-06
248.09,0.010851907346093065,-0.00030869621936066664,248.428,0.01041644673416721,5.276431849325104e-06
248.29,0.010865725706373012,-0.0003086991585958842,248.528,0.010425659033118602,5.28571352397244e-06
248.49,0.010880553344941228,-0.00030736767811575036,248.628,0.010434871332117642,5.2950033161797005e-06
248.49,0.010880553344941228,-0.00030736767811575036,248.728,0.010444083631164357,5.304301225845159e-06
248.59,0.010894371708872566,-0.0003073705858124186,248.828,0.010453295930258802,5.313607252867101e-06
248.79,0.010908190070312365,-0.00030737347366317774,248.928,0.010462508229400865,5.32292139714364e-06
248.79,0.010908190070312365,-0.00030737347366317774,249.028,0.01047172052859063,5.332243658573097e-06
248.89,0.010922008434603439,-0.00030737634483694296,249.128,0.01048093282782799,5.341574037053576e-06
249.09,0.010935826794567617,-0.00030737919620241427,249.228,0.010490145127112936,5.3509125324833306e-06
249.09,0.010935826794567617,-0.00030737919620241427,249.328,0.010499357426445565,5.3602591447606815e-06
249.19,0.010950204886000034,-0.00030771971026345225,249.428,0.010508569725825841,5.369613873783837e-06
249.19,0.010950204886000034,-0.00030771971026345225,249.528,0.010517782025253669,5.378976719450945e-06
249.39,0.010964023256522792,-0.00030772252253083665,249.628,0.010526994324729158,5.3883476816603446e-06
249.49,0.010982447742768447,-0.00030772624639205484,249.728,0.010536206624252144,5.397726760310113e-06
249.49,0.010982447742768447,-0.00030772624639205484,249.828,0.010545418923822795,5.407113955298668e-06
249.69,0.01099762103840543,-0.00030871879618302227,249.928,0.010554631223441066,5.416509266524204e-06
249.89,0.011011439397997211,-0.00030872154290629867,250.028,0.010563843523106785,5.4259126938848e-06
249.89,0.011011439397997211,-0.00030872154290629867,250.128,0.010573055822820131,5.435324237278871e-06
249.99,0.011025257759839435,-0.00030872427284977415,250.228,0.010582268122580996,5.444743896604573e-06
250.19,0.011039076122196163,-0.00030872698299673544,250.328,0.010591480422389409,5.454171671760172e-06
250.19,0.011039076122196163,-0.00030872698299673544,250.428,0.010600692722245376,5.4636075626439346e-06
250.29,0.011052894485277588,-0.00030872967644608084,250.528,0.010609905022148872,5.4730515691540754e-06
250.49,0.011066712850433782,-0.00030873235008397693,250.628,0.01061911732209988,5.482503691188849e-06
250.49,0.011066712850433782,-0.00030873235008397693,250.728,0.010628329622098366,5.491963928646456e-06
250.59,0.011080531207328735,-0.0003087350070150228,250.828,0.010637541922144323,5.50143228142514e-06
250.79,0.011094349570438769,-0.00030873764411167915,250.928,0.01064675422223782,5.510908749423245e-06
250.79,0.011094349570438769,-0.00030873764411167915,251.028,0.010655966522378784,5.5203933325389565e-06
250.89,0.011109143062614867,-0.00030777539346431114,251.128,0.010665178822567224,5.529886030670518e-06
250.89,0.011109143062614867,-0.00030777539346431114,251.228,0.010674391122803117,5.539386843716222e-06
251.09,0.01112756754650564,-0.00030777886530004975,251.328,0.01068360342308647,5.548895771574286e-06
251.29,0.011142416950481248,-0.0003070043153739183,251.428,0.010692815723417293,5.558412814142995e-06
251.29,0.011142416950481248,-0.0003070043153739183,251.528,0.010702028023795536,5.567937971320582e-06
251.39,0.011156804516472305,-0.00030618668834947596,251.628,0.010711240324221225,5.577471243005305e-06
251.59,0.011170622880203478,-0.00030618924030387685,251.728,0.010720452624694291,5.587012629095378e-06
251.59,0.011170622880203478,-0.00030618924030387685,251.828,0.010729664925214861,5.596562129489199e-06
251.69,0.011184386471989162,-0.0003062709417548652,251.928,0.010738877225782786,5.606119744084894e-06
251.89,0.01119825961280381,-0.0003061942909543199,252.028,0.01074808952639813,5.615685472780798e-06
251.89,0.01119825961280381,-0.0003061942909543199,252.128,0.01075730182706083,5.6252593154751e-06
251.99,0.011212023202720337,-0.00030627595556055517,252.228,0.010766514127770873,5.634841272066067e-06
252.19,0.011225841569980405,-0.0003062784343573688,252.328,0.010775726428528361,5.644431342452089e-06
252.19,0.011225841569980405,-0.0003062784343573688,252.428,0.010784938729333128,5.654029526531268e-06
252.29,0.01123965993213826,-0.000306280896389268,252.528,0.010794151030185328,5.6636358242020316e-06
252.29,0.01123965993213826,-0.000306280896389268,252.628,0.010803363331084798,5.6732502353624975e-06
252.49,0.011253478289653862,-0.0003062833386376453,252.728,0.010812575632031675,5.682872759911075e-06
252.59,0.011267296655658706,-0.0003062857641651884,252.828,0.010821787933025804,5.6925033977458986e-06
252.59,0.011267296655658706,-0.0003062857641651884,252.928,0.010831000234067375,5.7021421487654484e-06
252.79,0.011290151804567258,-0.00030678684057414016,253.028,0.01084021253515613,5.711789012867724e-06
252.89,0.011303970170888767,-0.00030678921939760167,253.128,0.010849424836292301,5.721443989951276e-06
252.89,0.011303970170888767,-0.00030678921939760167,253.228,0.010858637137475683,5.731107079914157e-06
253.09,0.011319383137666155,-0.0003077550034769997,253.328,0.01086784943870634,5.740778282654717e-06
253.19,0.011332614825254439,-0.00030706525010446587,253.428,0.010877061739984305,5.750457598071307e-06
253.19,0.011332614825254439,-0.00030706525010446587,253.528,0.010886274041309568,5.760145026062187e-06
253.39,0.011346433191248022,-0.0003070675799168498,253.628,0.010895486342682075,5.769840566525589e-06
253.59,0.011360838238904377,-0.0003077619764692603,253.728,0.010904698644101842,5.77954421935983e-06
253.59,0.011360838238904377,-0.0003077619764692603,253.828,0.01091391094556882,5.789255984463141e-06
253.69,0.011374069923593922,-0.0003070721863424707,253.928,0.010923123247083033,5.7989758617338595e-06
253.89,0.011388235709909753,-0.000306697819868185,254.028,0.010932335548644511,5.8087038510702974e-06
253.89,0.011388235709909753,-0.000306697819868185,254.128,0.010941547850253128,5.818439952370626e-06
253.99,0.011391486768392698,-0.000304205074299643,254.228,0.010950760151909038,5.828184165533308e-06
254.19,0.011416671953931937,-0.00030696613029985564,254.328,0.010959972453612098,5.8379364904564886e-06
254.19,0.011416671953931937,-0.00030696613029985564,254.428,0.010969184755362384,5.847696927038557e-06
254.29,0.011419922301081256,-0.0003044731929549556,254.528,0.01097839705715985,5.857465475177763e-06
254.49,0.01143374066747552,-0.0003044754068663642,254.628,0.01098760935900445,5.867242134772357e-06
254.49,0.01143374066747552,-0.0003044754068663642,254.728,0.01099682166089628,5.8770269057207466e-06
254.59,0.01144755903191141,-0.00030447760407043646,254.828,0.011006033962835185,5.886819787921078e-06
254.59,0.01144755903191141,-0.00030447760407043646,254.928,0.011015246264821369,5.896620781271881e-06
254.79,0.011461377404507594,-0.0003044797814737413,255.028,0.011024458566854585,5.906429885671196e-06
254.89,0.011480200397280312,-0.0003048900642840513,255.128,0.011033670868934923,5.916247101017432e-06
254.89,0.011480200397280312,-0.0003048900642840513,255.228,0.011042883171062504,5.926072427209025e-06
255.09,0.01149481849405395,-0.00030515613793969266,255.328,0.01105209547323714,5.935905864144088e-06
255.19,0.011507837120874036,-0.00030489432683517557,255.428,0.011061307775458891,5.945747411721e-06
255.19,0.011507837120874036,-0.00030489432683517557,255.528,0.011070520077727707,5.955597069838027e-06
255.39,0.011521655486834514,-0.00030489642993744006,255.628,0.011079732380043691,5.965454838393596e-06
255.39,0.011521655486834514,-0.00030489642993744006,255.728,0.011088944682406723,5.975320717285894e-06
255.49,0.011535473857099058,-0.0003048985163505419,255.828,0.011098156984816795,5.985194706413232e-06
255.79,0.011553898348820512,-0.0003049012673105036,255.928,0.011107369287273936,5.995076805673947e-06
255.79,0.011553898348820512,-0.0003049012673105036,256.028,0.011116581589778168,6.004967014966403e-06
255.89,0.0115677167154852,-0.00030490331115970914,256.128,0.011125793892329441,6.014865334188868e-06
256.09,0.011585275000267129,-0.0003055709882623868,256.228,0.011135006194927738,6.02477176323963e-06
256.09,0.011585275000267129,-0.0003055709882623868,256.328,0.011144218497573109,6.034686302017086e-06
256.19,0.01159909336327913,-0.0003055729897935044,256.428,0.011153430800265353,6.04460895041933e-06
256.39,0.011612911736057911,-0.00030557497161937087,256.528,0.011162643103004796,6.054539708345045e-06
256.39,0.011612911736057911,-0.00030557497161937087,256.628,0.01117185540579115,6.064478575692267e-06
256.49,0.011626730106651814,-0.00030557693669974777,256.728,0.011181067708624549,6.074425552359456e-06
256.49,0.011626730106651814,-0.00030557693669974777,256.828,0.011190280011504928,6.084380638244877e-06
256.69,0.011641061485660074,-0.00030564825808177324,256.928,0.0111994923144322,6.094343833246773e-06
256.79,0.011659485981054981,-0.00030565081998171407,257.028,0.01120870461740657,6.104315137263688e-06
256.79,0.011659485981054981,-0.00030565081998171407,257.128,0.011217916920427885,6.114294550193809e-06
256.99,0.01167330435584351,-0.00030565271813718406,257.228,0.011227129223496094,6.124282071935393e-06
257.09,0.011687122725630338,-0.0003056545995984167,257.328,0.011236341526611326,6.134277702386936e-06
257.09,0.011687122725630338,-0.0003056545995984167,257.428,0.011245553829773483,6.1442814414466766e-06
257.29,0.011700941093293836,-0.00030565646126753303,257.528,0.011254766132982546,6.1542932890129225e-06
257.39,0.011714759461393975,-0.00030565830624962065,257.628,0.01126397843623851,6.164313244984007e-06
257.39,0.011714759461393975,-0.00030565830624962065,257.728,0.011273190739541401,6.174341309258313e-06
257.59,0.011728577831900386,-0.00030566013150086133,257.828,0.011282403042891171,6.184377481734128e-06
257.79,0.01174239620459918,-0.00030566193848473994,257.928,0.011291615346287856,6.194421762309837e-06
257.79,0.01174239620459918,-0.00030566193848473994,258.028,0.011300827649731478,6.204474150883808e-06
257.89,0.011756214573859374,-0.00030566372872033003,258.128,0.011310039953221909,6.2145346473542575e-06
257.89,0.011756214573859374,-0.00030566372872033003,258.228,0.011319252256759246,6.224603251619628e-06
258.09,0.01177463906998293,-0.00030566608633071586,258.328,0.011328464560343456,6.234679963578236e-06
258.19,0.011788457442546089,-0.00030566783398239554,258.428,0.011337676863974487,6.244764783128381e-06
258.19,0.011788457442546089,-0.00030566783398239554,258.528,0.011346889167652452,6.2548577101685445e-06
258.39,0.011804349518656231,-0.00030485441146139324,258.628,0.011356101471377106,6.264958744596824e-06
258.49,0.011818167890174381,-0.00030485612975022624,258.728,0.011365313775148713,6.275067886311841e-06
